{
  "a45fea2f-f433-41ba-a62b-3b7bb6ff1c18": {
    "asset": 1708683652543,
    "meta": 1708683652552,
    "relativePath": "game.fire"
  },
  "abfac626-0edb-48ee-8008-8433bd5fe577": {
    "asset": 1708681538530,
    "meta": 1708681578288,
    "relativePath": "Script"
  },
  "7261ff7d-ae73-4d8b-9f6c-e568da914d39": {
    "asset": 1708681538528,
    "meta": 1708681578292,
    "relativePath": "Script\\Data"
  },
  "77e98da0-07c9-4c34-81e2-fb779629ab08": {
    "asset": 1708681538522,
    "meta": 1708681578291,
    "relativePath": "Script\\Controller"
  },
  "9836134e-b892-4283-b6b2-78b5acf3ed45": {
    "asset": 1678068564944,
    "meta": 1708576179363,
    "relativePath": "effects"
  },
  "abc2cb62-7852-4525-a90d-d474487b88f2": {
    "asset": 1678068564928,
    "meta": 1708576179504,
    "relativePath": "effects\\builtin-phong.effect"
  },
  "e2f00085-c597-422d-9759-52c360279106": {
    "asset": 1678068564943,
    "meta": 1708576179572,
    "relativePath": "effects\\builtin-toon.effect"
  },
  "430eccbf-bf2c-4e6e-8c0c-884bbb487f32": {
    "asset": 1678068564944,
    "meta": 1708576179586,
    "relativePath": "effects\\__builtin-editor-gizmo-line.effect"
  },
  "6c5cf6e1-b044-4eac-9431-835644d57381": {
    "asset": 1678068564944,
    "meta": 1708576179594,
    "relativePath": "effects\\__builtin-editor-gizmo-unlit.effect"
  },
  "115286d1-2e10-49ee-aab4-341583f607e8": {
    "asset": 1678068564944,
    "meta": 1708576179625,
    "relativePath": "effects\\__builtin-editor-gizmo.effect"
  },
  "f8e6b000-5643-4b86-9080-aa680ce1f599": {
    "asset": 1678068564978,
    "meta": 1708576179363,
    "relativePath": "image"
  },
  "d81ec8ad-247c-4e62-aa3c-d35c4193c7af": {
    "asset": 1678068564961,
    "meta": 1708576179654,
    "relativePath": "image\\default_panel.png"
  },
  "71561142-4c83-4933-afca-cb7a17f67053": {
    "asset": 1678068564944,
    "meta": 1708576179650,
    "relativePath": "image\\default_btn_disabled.png"
  },
  "edd215b9-2796-4a05-aaf5-81f96c9281ce": {
    "asset": 1678068564961,
    "meta": 1708576179648,
    "relativePath": "image\\default_editbox_bg.png"
  },
  "e851e89b-faa2-4484-bea6-5c01dd9f06e2": {
    "asset": 1678068564944,
    "meta": 1708576179647,
    "relativePath": "image\\default_btn_normal.png"
  },
  "b43ff3c2-02bb-4874-81f7-f2dea6970f18": {
    "asset": 1678068564944,
    "meta": 1708576179653,
    "relativePath": "image\\default_btn_pressed.png"
  },
  "600301aa-3357-4a10-b086-84f011fa32ba": {
    "asset": 1678068564944,
    "meta": 1708576179651,
    "relativePath": "image\\default-particle.png"
  },
  "99170b0b-d210-46f1-b213-7d9e3f23098a": {
    "asset": 1678068564961,
    "meta": 1708576179674,
    "relativePath": "image\\default_progressbar_bg.png"
  },
  "0291c134-b3da-4098-b7b5-e397edbe947f": {
    "asset": 1678068564961,
    "meta": 1708576179670,
    "relativePath": "image\\default_scrollbar.png"
  },
  "cfef78f1-c8df-49b7-8ed0-4c953ace2621": {
    "asset": 1678068564961,
    "meta": 1708576179669,
    "relativePath": "image\\default_progressbar.png"
  },
  "567dcd80-8bf4-4535-8a5a-313f1caf078a": {
    "asset": 1678068564961,
    "meta": 1708576179667,
    "relativePath": "image\\default_radio_button_off.png"
  },
  "9d60001f-b5f4-4726-a629-2659e3ded0b8": {
    "asset": 1678068564961,
    "meta": 1708576179671,
    "relativePath": "image\\default_radio_button_on.png"
  },
  "4bab67cb-18e6-4099-b840-355f0473f890": {
    "asset": 1678068564961,
    "meta": 1708576179676,
    "relativePath": "image\\default_scrollbar_bg.png"
  },
  "617323dd-11f4-4dd3-8eec-0caf6b3b45b9": {
    "asset": 1678068564978,
    "meta": 1708576179687,
    "relativePath": "image\\default_scrollbar_vertical_bg.png"
  },
  "5c3eedba-6c41-4c0c-9ba7-d91f813cbd1c": {
    "asset": 1678068564994,
    "meta": 1708576179364,
    "relativePath": "materials"
  },
  "73a0903d-d80e-4e3c-aa67-f999543c08f5": {
    "asset": 1678068564978,
    "meta": 1708576179693,
    "relativePath": "image\\default_toggle_checkmark.png"
  },
  "fc09f9bd-2cce-4605-b630-8145ef809ed6": {
    "asset": 1678068564994,
    "meta": 1708576179365,
    "relativePath": "misc"
  },
  "d6d3ca85-4681-47c1-b5dd-d036a9d39ea2": {
    "asset": 1678068564977,
    "meta": 1708576179686,
    "relativePath": "image\\default_scrollbar_vertical.png"
  },
  "db019bf7-f71c-4111-98cf-918ea180cb48": {
    "asset": 1678068565011,
    "meta": 1708576179366,
    "relativePath": "model"
  },
  "6e056173-d285-473c-b206-40a7fff5386e": {
    "asset": 1678068564978,
    "meta": 1708576179691,
    "relativePath": "image\\default_sprite.png"
  },
  "e39e96e6-6f6e-413f-bcf1-ac7679bb648a": {
    "asset": 1678068565011,
    "meta": 1708576179694,
    "relativePath": "model\\prefab"
  },
  "c25b9d50-c8fc-4d27-beeb-6e7c1f2e5c0f": {
    "asset": 1678068564978,
    "meta": 1708576179695,
    "relativePath": "image\\default_toggle_disabled.png"
  },
  "c4480a0a-6ac5-443f-8b40-361a14257fc8": {
    "asset": 1678068564994,
    "meta": 1708576180018,
    "relativePath": "materials\\builtin-phong.mtl"
  },
  "a87cc147-01b2-43f8-8e42-a7ca90b0c757": {
    "asset": 1678068564994,
    "meta": 1708576179769,
    "relativePath": "model\\prefab\\box.prefab"
  },
  "fe1417b6-fe6b-46a4-ae7c-9fd331f33a2a": {
    "asset": 1678068564994,
    "meta": 1708576179768,
    "relativePath": "model\\prefab\\capsule.prefab"
  },
  "0275e94c-56a7-410f-bd1a-fc7483f7d14a": {
    "asset": 1678068564978,
    "meta": 1708576179689,
    "relativePath": "image\\default_sprite_splash.png"
  },
  "b5fc2cf2-7942-483d-be1f-bbeadc4714ad": {
    "asset": 1678068564994,
    "meta": 1708576179771,
    "relativePath": "model\\prefab\\cone.prefab"
  },
  "1c5e4038-953a-44c2-b620-0bbfc6170477": {
    "asset": 1678068565011,
    "meta": 1708576179773,
    "relativePath": "model\\prefab\\cylinder.prefab"
  },
  "2be36297-9abb-4fee-8049-9ed5e271da8a": {
    "asset": 1678068564994,
    "meta": 1708576179711,
    "relativePath": "misc\\default_video.mp4"
  },
  "3f376125-a699-40ca-ad05-04d662eaa1f2": {
    "asset": 1678068565011,
    "meta": 1708576179775,
    "relativePath": "model\\prefab\\plane.prefab"
  },
  "6c9ef10d-b479-420b-bfe6-39cdda6a8ae0": {
    "asset": 1678068565011,
    "meta": 1708576179778,
    "relativePath": "model\\prefab\\quad.prefab"
  },
  "f6e6dd15-71d1-4ffe-ace7-24fd39942c05": {
    "asset": 1678068565028,
    "meta": 1708576179366,
    "relativePath": "obsolete"
  },
  "2d9a4b85-b0ab-4c46-84c5-18f393ab2058": {
    "asset": 1678068565011,
    "meta": 1708576179780,
    "relativePath": "model\\prefab\\sphere.prefab"
  },
  "f743d2b6-b7ea-4c14-a55b-547ed4d0a045": {
    "asset": 1678068565028,
    "meta": 1708576179368,
    "relativePath": "particle"
  },
  "de510076-056b-484f-b94c-83bef217d0e1": {
    "asset": 1678068565011,
    "meta": 1708576179783,
    "relativePath": "model\\prefab\\torus.prefab"
  },
  "ae6c6c98-11e4-452f-8758-75f5c6a56e83": {
    "asset": 1678068565102,
    "meta": 1708576179368,
    "relativePath": "prefab"
  },
  "b181c1e4-0a72-4a91-bfb0-ae6f36ca60bd": {
    "asset": 1678068564978,
    "meta": 1708576179715,
    "relativePath": "image\\default_toggle_pressed.png"
  },
  "897ef7a1-4860-4f64-968d-f5924b18668a": {
    "asset": 1678068565028,
    "meta": 1708576179717,
    "relativePath": "prefab\\2d-camera.prefab"
  },
  "70d7cdb0-04cd-41bb-9480-c06a4785f386": {
    "asset": 1678068565044,
    "meta": 1708576179721,
    "relativePath": "prefab\\3d-camera.prefab"
  },
  "d29077ba-1627-4a72-9579-7b56a235340c": {
    "asset": 1678068564978,
    "meta": 1708576179714,
    "relativePath": "image\\default_toggle_normal.png"
  },
  "70bbeb73-6dc2-4ee4-8faf-76b3a0e34ec4": {
    "asset": 1678068565044,
    "meta": 1708576179724,
    "relativePath": "prefab\\3d-particle.prefab"
  },
  "972b9a4d-47ee-4c74-b5c3-61d8a69bc29f": {
    "asset": 1678068565044,
    "meta": 1708576179728,
    "relativePath": "prefab\\button.prefab"
  },
  "ed88f13d-fcad-4848-aa35-65a2cb973584": {
    "asset": 1678068565044,
    "meta": 1708576179726,
    "relativePath": "prefab\\3d-stage.prefab"
  },
  "2c937608-2562-40ea-b264-7395df6f0cea": {
    "asset": 1678068565044,
    "meta": 1708576179730,
    "relativePath": "prefab\\canvas.prefab"
  },
  "61aeb05b-3b32-452b-8eed-2b76deeed554": {
    "asset": 1678068565044,
    "meta": 1708576179732,
    "relativePath": "prefab\\editbox.prefab"
  },
  "a3ee0214-b432-4865-9666-4a3211814282": {
    "asset": 1678068565061,
    "meta": 1708576179729,
    "relativePath": "prefab\\light"
  },
  "27756ebb-3d33-44b0-9b96-e858fadd4dd4": {
    "asset": 1678068565044,
    "meta": 1708576179734,
    "relativePath": "prefab\\label.prefab"
  },
  "785a442c-3ceb-45be-a46e-7317f625f3b9": {
    "asset": 1678068565044,
    "meta": 1708576179736,
    "relativePath": "prefab\\layout.prefab"
  },
  "ca8401fe-ad6e-41a8-bd46-8e3e4e9945be": {
    "asset": 1678068565061,
    "meta": 1708576179738,
    "relativePath": "prefab\\pageview.prefab"
  },
  "cd33edea-55f5-46c2-958d-357a01384a36": {
    "asset": 1678068565061,
    "meta": 1708576179739,
    "relativePath": "prefab\\particlesystem.prefab"
  },
  "5965ffac-69da-4b55-bcde-9225d0613c28": {
    "asset": 1678068565077,
    "meta": 1708576179743,
    "relativePath": "prefab\\progressBar.prefab"
  },
  "8a96b965-2dc0-4e03-aa90-3b79cb93b5b4": {
    "asset": 1678068565028,
    "meta": 1708576179718,
    "relativePath": "obsolete\\atom.png"
  },
  "4a37dd57-78cd-4cec-aad4-f11a73d12b63": {
    "asset": 1678068565078,
    "meta": 1708576179745,
    "relativePath": "prefab\\richtext.prefab"
  },
  "32044bd2-481f-4cf1-a656-e2b2fb1594eb": {
    "asset": 1678068565078,
    "meta": 1708576179746,
    "relativePath": "prefab\\scrollview.prefab"
  },
  "d0a82d39-bede-46c4-b698-c81ff0dedfff": {
    "asset": 1678068565028,
    "meta": 1708576179719,
    "relativePath": "particle\\atom.png"
  },
  "0004d1cf-a0ad-47d8-ab17-34d3db9d35a3": {
    "asset": 1678068565078,
    "meta": 1708576179749,
    "relativePath": "prefab\\slider.prefab"
  },
  "96083d03-c332-4a3f-9386-d03e2d19e8ee": {
    "asset": 1678068565078,
    "meta": 1708576179748,
    "relativePath": "prefab\\sprite.prefab"
  },
  "1f55e3be-b89b-4b79-88de-47fd31018044": {
    "asset": 1678068565078,
    "meta": 1708576179751,
    "relativePath": "prefab\\sprite_splash.prefab"
  },
  "7de03a80-4457-438d-95a7-3e7cdffd6086": {
    "asset": 1678068565078,
    "meta": 1708576179752,
    "relativePath": "prefab\\tiledmap.prefab"
  },
  "0e42ba95-1fa1-46aa-b2cf-143cd1bcee2c": {
    "asset": 1678068565078,
    "meta": 1708576179754,
    "relativePath": "prefab\\tiledtile.prefab"
  },
  "0d784963-d024-4ea6-a7db-03be0ad63010": {
    "asset": 1678068565093,
    "meta": 1708576179756,
    "relativePath": "prefab\\toggle.prefab"
  },
  "d1b8be49-b0a0-435c-83b7-552bed4bbe35": {
    "asset": 1678068565097,
    "meta": 1708576179763,
    "relativePath": "prefab\\toggleGroup.prefab"
  },
  "bf0a434c-84dd-4a8e-a08a-7a36f180cc75": {
    "asset": 1678068565095,
    "meta": 1708576179760,
    "relativePath": "prefab\\toggleContainer.prefab"
  },
  "232d2782-c4bd-4bb4-9e01-909f03d6d3b9": {
    "asset": 1678068565099,
    "meta": 1708576179765,
    "relativePath": "prefab\\videoplayer.prefab"
  },
  "8c5001fd-07ee-4a4b-a8a0-63e15195e94d": {
    "asset": 1678068565101,
    "meta": 1708576179766,
    "relativePath": "prefab\\webview.prefab"
  },
  "d8afc78c-4eac-4a9f-83dd-67bc70344d33": {
    "asset": 1678068565111,
    "meta": 1708576179369,
    "relativePath": "resources"
  },
  "294c1663-4adf-4a1e-a795-53808011a38a": {
    "asset": 1678068565111,
    "meta": 1708576179757,
    "relativePath": "resources\\effects"
  },
  "61906da3-7003-4bda-9abc-5769c76faee4": {
    "asset": 1678068565061,
    "meta": 1708576179808,
    "relativePath": "prefab\\light\\ambient.prefab"
  },
  "bbee2217-c261-49bd-a8ce-708d6bcc3500": {
    "asset": 1678068565145,
    "meta": 1708576179761,
    "relativePath": "resources\\materials"
  },
  "0cf30284-9073-46bc-9eba-e62b69dbbff3": {
    "asset": 1678068565061,
    "meta": 1708576179945,
    "relativePath": "prefab\\light\\point.prefab"
  },
  "30682f87-9f0d-4f17-8a44-72863791461b": {
    "asset": 1678068565106,
    "meta": 1708576179794,
    "relativePath": "resources\\effects\\builtin-2d-graphics.effect"
  },
  "ddb99b39-7004-47cd-9705-751905c43c46": {
    "asset": 1678068565061,
    "meta": 1708576179819,
    "relativePath": "prefab\\light\\directional.prefab"
  },
  "144c3297-af63-49e8-b8ef-1cfa29b3be28": {
    "asset": 1678068565107,
    "meta": 1708576179804,
    "relativePath": "resources\\effects\\builtin-2d-gray-sprite.effect"
  },
  "f18742d7-56d2-4eb5-ae49-2d9d710b37c8": {
    "asset": 1678068565110,
    "meta": 1708576179818,
    "relativePath": "resources\\effects\\builtin-2d-label.effect"
  },
  "0e93aeaa-0b53-4e40-b8e0-6268b4e07bd7": {
    "asset": 1678068565111,
    "meta": 1708576179830,
    "relativePath": "resources\\effects\\builtin-2d-spine.effect"
  },
  "2874f8dd-416c-4440-81b7-555975426e93": {
    "asset": 1678068565111,
    "meta": 1708576179838,
    "relativePath": "resources\\effects\\builtin-2d-sprite.effect"
  },
  "829a282c-b049-4019-bd38-5ace8d8a6417": {
    "asset": 1678068565111,
    "meta": 1708576179902,
    "relativePath": "resources\\effects\\builtin-3d-particle.effect"
  },
  "2a7c0036-e0b3-4fe1-8998-89a54b8a2bec": {
    "asset": 1678068565111,
    "meta": 1708576179920,
    "relativePath": "resources\\effects\\builtin-3d-trail.effect"
  },
  "b8223619-7e38-47c4-841f-9160c232495a": {
    "asset": 1678068565026,
    "meta": 1708576180041,
    "relativePath": "obsolete\\atom.plist"
  },
  "c0040c95-c57f-49cd-9cbc-12316b73d0d4": {
    "asset": 1678068565111,
    "meta": 1708576179930,
    "relativePath": "resources\\effects\\builtin-clear-stencil.effect"
  },
  "b2687ac4-099e-403c-a192-ff477686f4f5": {
    "asset": 1678068565028,
    "meta": 1708576180043,
    "relativePath": "particle\\atom.plist"
  },
  "6d91e591-4ce0-465c-809f-610ec95019c6": {
    "asset": 1678068565111,
    "meta": 1708576179943,
    "relativePath": "resources\\effects\\builtin-unlit.effect"
  },
  "f5331fd2-bf42-4ee3-a3fd-3e1657600eff": {
    "asset": 1678068565061,
    "meta": 1708576179947,
    "relativePath": "prefab\\light\\spot.prefab"
  },
  "6f801092-0c37-4f30-89ef-c8d960825b36": {
    "asset": 1678068565128,
    "meta": 1708576180046,
    "relativePath": "resources\\materials\\builtin-2d-base.mtl"
  },
  "3a7bb79f-32fd-422e-ada2-96f518fed422": {
    "asset": 1678068565128,
    "meta": 1708576180048,
    "relativePath": "resources\\materials\\builtin-2d-gray-sprite.mtl"
  },
  "a153945d-2511-4c14-be7b-05d242f47d57": {
    "asset": 1678068565128,
    "meta": 1708576180047,
    "relativePath": "resources\\materials\\builtin-2d-graphics.mtl"
  },
  "e02d87d4-e599-4d16-8001-e14891ac6506": {
    "asset": 1678068565128,
    "meta": 1708576180049,
    "relativePath": "resources\\materials\\builtin-2d-label.mtl"
  },
  "7afd064b-113f-480e-b793-8817d19f63c3": {
    "asset": 1678068565128,
    "meta": 1708576180049,
    "relativePath": "resources\\materials\\builtin-2d-spine.mtl"
  },
  "eca5d2f2-8ef6-41c2-bbe6-f9c79d09c432": {
    "asset": 1678068565128,
    "meta": 1708576180050,
    "relativePath": "resources\\materials\\builtin-2d-sprite.mtl"
  },
  "432fa09c-cf03-4cff-a186-982604408a07": {
    "asset": 1678068565128,
    "meta": 1708576180051,
    "relativePath": "resources\\materials\\builtin-3d-particle.mtl"
  },
  "466d4f9b-e5f4-4ea8-85d5-3c6e9a65658a": {
    "asset": 1678068565128,
    "meta": 1708576180051,
    "relativePath": "resources\\materials\\builtin-3d-trail.mtl"
  },
  "cf7e0bb8-a81c-44a9-ad79-d28d43991032": {
    "asset": 1678068565145,
    "meta": 1708576180052,
    "relativePath": "resources\\materials\\builtin-clear-stencil.mtl"
  },
  "2a296057-247c-4a1c-bbeb-0548b6c98650": {
    "asset": 1678068565145,
    "meta": 1708576180053,
    "relativePath": "resources\\materials\\builtin-unlit.mtl"
  },
  "954fec8b-cd16-4bb9-a3b7-7719660e7558": {
    "asset": 1678068565011,
    "meta": 1708576181901,
    "relativePath": "model\\primitives.fbx"
  },
  "3f19cb59-150e-47b7-bab1-89443411feaf": {
    "asset": 1708681538534,
    "meta": 1708681578292,
    "relativePath": "Script\\Plugin"
  },
  "53e20d24-add7-4b40-bba6-bd238bdd5a51": {
    "asset": 1708681538491,
    "meta": 1708681578287,
    "relativePath": "Animation"
  },
  "3a8b88e1-eaf8-4827-8bf3-dc6dd7b84fe4": {
    "asset": 1708681538561,
    "meta": 1708681578288,
    "relativePath": "Sound"
  },
  "e5467b50-7e47-49eb-adea-718c8d70581c": {
    "asset": 1708681538571,
    "meta": 1708681578289,
    "relativePath": "Spine"
  },
  "5731a6a8-0567-4f8e-8d75-33a14eacba6d": {
    "asset": 1708681538591,
    "meta": 1708681578290,
    "relativePath": "Sprites"
  },
  "ab8b790c-0009-4e09-b35a-2a83e6414a65": {
    "asset": 1708681538505,
    "meta": 1708681578287,
    "relativePath": "Particle"
  },
  "d26504ae-f083-4e02-8cba-4322d611a3bd": {
    "asset": 1704856900832,
    "meta": 1704856920956,
    "relativePath": "Particle\\Blink.png"
  },
  "ba23df47-4fad-42a2-8f01-be04615cdb0e": {
    "asset": 1704856903815,
    "meta": 1704856920962,
    "relativePath": "Particle\\Blink.plist"
  },
  "d5db9412-0470-475f-a06a-7370a797f0c6": {
    "asset": 1704835998000,
    "meta": 1704861216209,
    "relativePath": "Sprites\\hand.png"
  },
  "5f8593be-655f-4a24-a233-090d2c6853e7": {
    "asset": 1704861354298,
    "meta": 1704861375659,
    "relativePath": "Sound\\sfx_complete.mp3"
  },
  "306bb981-31c6-48b6-88eb-b137cb539771": {
    "asset": 1704878970219,
    "meta": 1704880040253,
    "relativePath": "Sound\\woaaaaa.mp3"
  },
  "47cb41c8-47a6-497e-8d6e-226e3a433004": {
    "asset": 1701936644797,
    "meta": 1704880039817,
    "relativePath": "Sprites\\PlayNow.png"
  },
  "728602c4-a441-4b4a-87d4-777858791118": {
    "asset": 1701936640439,
    "meta": 1704883894713,
    "relativePath": "Sprites\\NEWBIE.png"
  },
  "03f2c7ae-a6f0-447d-af69-bad987db5e53": {
    "asset": 1708576634451,
    "meta": 1708576637708,
    "relativePath": "Script\\Data\\Ultils.ts"
  },
  "d2131433-8d38-44c2-a129-bc03e7b99aac": {
    "asset": 1708681538674,
    "meta": 1708681578293,
    "relativePath": "Sprites\\Op9Op10"
  },
  "48f064dc-a169-44a6-9dea-6d9a07067455": {
    "asset": 1708681538672,
    "meta": 1708681578294,
    "relativePath": "Sprites\\Op9Op10\\Global"
  },
  "aff24ef2-059e-41f6-bc46-845b92c56c16": {
    "asset": 1708575094814,
    "meta": 1708576687172,
    "relativePath": "Sprites\\Op9Op10\\BG2DOC.jpg"
  },
  "9207985b-526c-4e45-830c-700bcd5339fb": {
    "asset": 1708574810310,
    "meta": 1708576687178,
    "relativePath": "Sprites\\Op9Op10\\BG2ngang.jpg"
  },
  "4cd5481c-4e31-462a-938f-41a02aa327de": {
    "asset": 1708574689625,
    "meta": 1708576687204,
    "relativePath": "Sprites\\Op9Op10\\BG1.jpg"
  },
  "62c0efe3-cbd3-424e-83c8-95a6c2dd12d7": {
    "asset": 1708574844580,
    "meta": 1708576687207,
    "relativePath": "Sprites\\Op9Op10\\bg3.jpg"
  },
  "bfedcd97-b7e1-4139-9a91-7c0e0edf2678": {
    "asset": 1708681538688,
    "meta": 1708681578294,
    "relativePath": "Sprites\\Op9Op10\\RU"
  },
  "8ad578b1-9346-462e-910d-de5a72de5e59": {
    "asset": 1708574990464,
    "meta": 1708576687230,
    "relativePath": "Sprites\\Op9Op10\\mouth_surprise.png"
  },
  "c64495af-4cdb-4774-93ad-0758997cee36": {
    "asset": 1708574989801,
    "meta": 1708576687232,
    "relativePath": "Sprites\\Op9Op10\\mouth_cry.png"
  },
  "bb0e638f-c76f-4958-ab35-91adaa2793c6": {
    "asset": 1708574970755,
    "meta": 1708576687274,
    "relativePath": "Sprites\\Op9Op10\\Global\\Dress.png"
  },
  "fbeffa2c-0556-437a-b47b-169530a3defa": {
    "asset": 1708575627538,
    "meta": 1708576687282,
    "relativePath": "Sprites\\Op9Op10\\Preview.jpg"
  },
  "bae42d08-43f1-4311-a12e-9b739ab48bfd": {
    "asset": 1708575040209,
    "meta": 1708576687285,
    "relativePath": "Sprites\\Op9Op10\\Global\\Revenge.png"
  },
  "c30e1965-4c47-44fe-a47f-048bfdfe5f83": {
    "asset": 1708574971417,
    "meta": 1708576687295,
    "relativePath": "Sprites\\Op9Op10\\Global\\Body.png"
  },
  "e384a544-f704-4323-99c7-8ba468eaed7e": {
    "asset": 1708575040796,
    "meta": 1708576687297,
    "relativePath": "Sprites\\Op9Op10\\Global\\Run Away.png"
  },
  "ca8dc825-a632-4950-8e3a-a0eab72f99bf": {
    "asset": 1708575005640,
    "meta": 1708576687303,
    "relativePath": "Sprites\\Op9Op10\\RU\\Dress1.png"
  },
  "fde935db-cb83-4f6d-a4ec-ea7e1da824e2": {
    "asset": 1708575006237,
    "meta": 1708576687317,
    "relativePath": "Sprites\\Op9Op10\\RU\\dress_2.png"
  },
  "83d4fb56-e40d-4631-9557-f5a2abab469c": {
    "asset": 1708575046974,
    "meta": 1708576687318,
    "relativePath": "Sprites\\Op9Op10\\RU\\Run Away copy.png"
  },
  "0f7bbeb0-3ded-4562-b600-1d04a771618b": {
    "asset": 1708575046480,
    "meta": 1708576687320,
    "relativePath": "Sprites\\Op9Op10\\RU\\Revenge copy.png"
  },
  "5f6ba671-d111-41ca-b523-d36bb4849cf4": {
    "asset": 1708575006910,
    "meta": 1708576687321,
    "relativePath": "Sprites\\Op9Op10\\RU\\shoe_2.3.1.png"
  },
  "6f0e5a7e-549b-49dc-955e-99fc89f42f08": {
    "asset": 1697699314845,
    "meta": 1708664849352,
    "relativePath": "Sprites\\NEXT.png"
  },
  "8c470f17-59d6-410a-ad6b-160854417ceb": {
    "asset": 1708665131000,
    "meta": 1708665274686,
    "relativePath": "Sprites\\Op9Op10\\default.png"
  },
  "dc172e62-2750-48ad-8726-d76086e44b6c": {
    "asset": 1708665131000,
    "meta": 1708665274687,
    "relativePath": "Sprites\\Op9Op10\\cuadong.png"
  },
  "c3ce7863-6e1a-44de-aca9-26ceebe8dc33": {
    "asset": 1708665131000,
    "meta": 1708665274689,
    "relativePath": "Sprites\\Op9Op10\\frame.png"
  },
  "2b92de42-bde8-497e-9894-a2100d0fd7db": {
    "asset": 1708665131000,
    "meta": 1708665274690,
    "relativePath": "Sprites\\Op9Op10\\cuamo.png"
  },
  "0602bbf0-489d-4450-b285-eeec86982a45": {
    "asset": 1708665131000,
    "meta": 1708665274691,
    "relativePath": "Sprites\\Op9Op10\\hand.png"
  },
  "b916da6b-1881-4c1b-8d93-3cd991bce1ae": {
    "asset": 1708665131000,
    "meta": 1708665274693,
    "relativePath": "Sprites\\Op9Op10\\fronthair.png"
  },
  "47aed087-096c-4f46-a686-1e8e6bf5bf62": {
    "asset": 1708665132000,
    "meta": 1708665274704,
    "relativePath": "Sprites\\Op9Op10\\shoe.png"
  },
  "d503a4f0-fddd-47ef-b992-357e5c3585df": {
    "asset": 1708665132000,
    "meta": 1708665274705,
    "relativePath": "Sprites\\Op9Op10\\sock.png"
  },
  "23419ce4-9619-4e0c-8256-11bdc9b3af9b": {
    "asset": 1708665131000,
    "meta": 1708665274706,
    "relativePath": "Sprites\\Op9Op10\\khungcua.png"
  },
  "2c45c116-3646-4b20-b50f-e54b4655eb3b": {
    "asset": 1708665132000,
    "meta": 1708665274715,
    "relativePath": "Sprites\\Op9Op10\\Kiss.png"
  },
  "cbfd3b82-5d28-4edb-84ea-683caee5690c": {
    "asset": 1708665132000,
    "meta": 1708665274717,
    "relativePath": "Sprites\\Op9Op10\\dress_2.png"
  },
  "dccdfcdc-2021-402f-a127-611d3aa0bca7": {
    "asset": 1708665132000,
    "meta": 1708665274718,
    "relativePath": "Sprites\\Op9Op10\\Body.png"
  },
  "1bab78c6-10b5-4caf-a47f-490ababe69b4": {
    "asset": 1708665132000,
    "meta": 1708665274730,
    "relativePath": "Sprites\\Op9Op10\\Revenge.png"
  },
  "e2080ea1-87cf-44c0-bd89-6321c4490283": {
    "asset": 1708665132000,
    "meta": 1708665274732,
    "relativePath": "Sprites\\Op9Op10\\Run Away.png"
  },
  "1ca12fff-42a3-46e4-8554-8138cd823668": {
    "asset": 1708665133000,
    "meta": 1708665274733,
    "relativePath": "Sprites\\Op9Op10\\Revenge copy.png"
  },
  "35429fb6-5c92-42b7-bd26-92acd16b4fde": {
    "asset": 1708665132000,
    "meta": 1708665274734,
    "relativePath": "Sprites\\Op9Op10\\Dress.png"
  },
  "66bd613a-62b8-4e09-a4df-d2b1a864a968": {
    "asset": 1708665133000,
    "meta": 1708665274736,
    "relativePath": "Sprites\\Op9Op10\\Dress1.png"
  },
  "4ffa34cd-f347-44f1-8da7-a20aa858c540": {
    "asset": 1708665133000,
    "meta": 1708665274737,
    "relativePath": "Sprites\\Op9Op10\\Run Away copy.png"
  },
  "4cb9fc25-fb2b-4642-88da-a1a1caa109bc": {
    "asset": 1708665133000,
    "meta": 1708665274746,
    "relativePath": "Sprites\\Op9Op10\\shoe_2.3.1.png"
  },
  "e0c4921a-0af2-4531-94dd-0080631d2c21": {
    "asset": 1708665523840,
    "meta": 1708665552433,
    "relativePath": "Sound\\knock.mp3"
  },
  "ce412a9c-02a7-4963-a2c9-65a0cf712532": {
    "asset": 1708665599741,
    "meta": 1708665619547,
    "relativePath": "Sound\\openDoor.mp3"
  },
  "1b0604aa-a1f1-4c25-b936-d2abd00cb3ac": {
    "asset": 1708666670351,
    "meta": 1708666670359,
    "relativePath": "Animation\\OpenDoor_Anim.anim"
  },
  "b2afc7c7-f789-4553-9786-7e8a76d4afdf": {
    "asset": 1681443594180,
    "meta": 1708670282298,
    "relativePath": "Sound\\screamGirl.mp3"
  },
  "b6dcc517-8436-4d97-bd07-b01c66269e32": {
    "asset": 1708670612581,
    "meta": 1708670612591,
    "relativePath": "Animation\\Camera_ShakeAnim.anim"
  },
  "49fd183b-a326-472d-88ee-bd6234020bbd": {
    "asset": 1708682783519,
    "meta": 1708682783525,
    "relativePath": "Animation\\Doll_InHouseAnim.anim"
  },
  "e7f4a758-c2b6-4fc2-924a-30e602508172": {
    "asset": 1704634546000,
    "meta": 1708671314645,
    "relativePath": "Sprites\\dauhoi.png"
  },
  "0d2ea4b6-c7d9-45a1-b9de-776f37b5eed6": {
    "asset": 1708680998666,
    "meta": 1708680998668,
    "relativePath": "Animation\\Camera_ZoomAnim.anim"
  },
  "316d5ea9-1776-49fb-b9d2-43c8e2e65f0d": {
    "asset": 1708679222637,
    "meta": 1708679222648,
    "relativePath": "Animation\\GamePlay_ShowAdultery.anim"
  },
  "1204bb98-833d-46dd-b61d-ff17937f8a32": {
    "asset": 1708673465296,
    "meta": 1708673465312,
    "relativePath": "Animation\\Camera_ZoomOutAnim.anim"
  },
  "ed9a93c0-385c-4512-933a-6f4c40a7c6d3": {
    "asset": 1683882407189,
    "meta": 1708672764304,
    "relativePath": "Spine\\Tears2.atlas.txt"
  },
  "8efa84ae-2e50-4767-9148-12f2f84a3c86": {
    "asset": 1683882407188,
    "meta": 1708672764327,
    "relativePath": "Spine\\Tears2.png"
  },
  "efa78e84-50b2-4a7b-b797-46c9fe27514c": {
    "asset": 1683882407150,
    "meta": 1708672764332,
    "relativePath": "Spine\\Tears2.json"
  },
  "e72ef7a7-e70c-474e-ac0e-4198ef3c10a1": {
    "asset": 1708672958214,
    "meta": 1708672994104,
    "relativePath": "Sound\\cry.mp3"
  },
  "2bafd0c2-186e-4c1b-b09c-9ff5b6e41a6a": {
    "asset": 1708673842805,
    "meta": 1708673842809,
    "relativePath": "Animation\\baseHand_Anim.anim"
  },
  "69738624-d4d3-4658-98f4-e64f6957c8aa": {
    "asset": 1708673884823,
    "meta": 1708673884831,
    "relativePath": "Animation\\UI_Anim.anim"
  },
  "c212aa77-8198-4207-b914-9610b6883c39": {
    "asset": 1708354460000,
    "meta": 1708675039295,
    "relativePath": "Particle\\particle_texture.png"
  },
  "29dc3726-a046-4728-9f99-6fddb2fde4a8": {
    "asset": 1708354460000,
    "meta": 1708675039302,
    "relativePath": "Particle\\particle_texture.plist"
  },
  "9f38f66f-95e6-47fc-8abe-015208bc4575": {
    "asset": 1708676989179,
    "meta": 1708676989190,
    "relativePath": "Animation\\GamePlay_ShowScene3.anim"
  },
  "529cb95a-e4ec-449a-88f5-ddd548fc7d6c": {
    "asset": 1699501610000,
    "meta": 1708678126520,
    "relativePath": "Sprites\\btn_play.png"
  },
  "8f08c6ac-5a91-4d18-b4db-6ec3ae6ddadc": {
    "asset": 1708678255171,
    "meta": 1708678255178,
    "relativePath": "Animation\\CTA_Anim.anim"
  },
  "459a67e4-9871-47e5-9fb9-fb3d4ee79481": {
    "asset": 1708678572699,
    "meta": 1708678603805,
    "relativePath": "Script\\Controller\\GameController.ts"
  },
  "0f48b082-b66d-4643-9bf4-eba8ea5ae5d7": {
    "asset": 1687554018000,
    "meta": 1708678642094,
    "relativePath": "Sound\\bg.mp3"
  },
  "eaccbffa-f456-43bb-aac2-e18991fae016": {
    "asset": 1708678876331,
    "meta": 1708678879835,
    "relativePath": "Script\\Data\\constants.ts"
  },
  "e2595497-f0e5-41e9-ab85-fbebb695331a": {
    "asset": 1687963856000,
    "meta": 1708678880356,
    "relativePath": "Sound\\click.mp3"
  },
  "d3aba5b0-1108-408b-961f-e3017d559c4d": {
    "asset": 1708680180194,
    "meta": 1708680181176,
    "relativePath": "Script\\Plugin\\Responsive.ts"
  },
  "a876adfe-6a7a-47aa-9d68-3fde738459b9": {
    "asset": 1708682726265,
    "meta": 1708682727155,
    "relativePath": "Script\\Controller\\NodesContainer.ts"
  },
  "b1d34b2b-3f5e-4936-8c6d-cce0ad434a19": {
    "asset": 1708684405329,
    "meta": 1708684566402,
    "relativePath": "Script\\Controller\\GamePlay.ts"
  },
  "857115f6-9480-463c-83e3-6895c5498684": {
    "asset": 1708684564413,
    "meta": 1708684566437,
    "relativePath": "Script\\Controller\\TouchAreaController.ts"
  },
  "4c7cff6b-0d22-4bdf-a709-b73d655337bf": {
    "asset": 1708684523173,
    "meta": 1708684566458,
    "relativePath": "Script\\Plugin\\AudioManager.ts"
  }
}