{
  "__type__": "cc.AnimationClip",
  "_name": "Doll_InHouseAnim",
  "_objFlags": 0,
  "_native": "",
  "_duration": 0.8333333333333334,
  "sample": 60,
  "speed": 1,
  "wrapMode": 1,
  "curveData": {
    "props": {
      "position": [
        {
          "frame": 0,
          "value": [
            -42,
            -5,
            0
          ]
        },
        {
          "frame": 0.25,
          "value": [
            -42,
            -20,
            0
          ]
        }
      ]
    },
    "paths": {
      "dauhoi": {
        "props": {
          "opacity": [
            {
              "frame": 0,
              "value": 0
            },
            {
              "frame": 0.25,
              "value": 255
            },
            {
              "frame": 0.5,
              "value": 255
            },
            {
              "frame": 0.8333333333333334,
              "value": 0
            }
          ]
        }
      }
    }
  },
  "events": []
}