{
  "__type__": "cc.TextureCube",
  "content": {
    "base": "2,2,0,0,2,0",
    "rgbe": false,
    "mipmaps": [
      {
        "front": "9a83c373-0fd4-44f3-948f-8b142752afce@b47c0@e9a6d",
        "back": "9a83c373-0fd4-44f3-948f-8b142752afce@b47c0@40c10",
        "left": "9a83c373-0fd4-44f3-948f-8b142752afce@b47c0@8fd34",
        "right": "9a83c373-0fd4-44f3-948f-8b142752afce@b47c0@74afd",
        "top": "9a83c373-0fd4-44f3-948f-8b142752afce@b47c0@bb97f",
        "bottom": "9a83c373-0fd4-44f3-948f-8b142752afce@b47c0@7d38f"
      }
    ]
  }
}