[
    1,
    0,
    0,
    [
        [
            "cc.Mesh",
            [
                "_native",
                "_hash",
                "_struct"
            ],
            1,
            11
        ]
    ],
    [
        [
            0,
            0,
            1,
            2,
            3
        ]
    ],
    [
        [
            0,
            ".bin",
            3760382069,
            [
                {
                    "primitives": [
                        {
                            "primitiveMode": 7,
                            "vertexBundelIndices": [
                                0
                            ],
                            "indexView": {
                                "offset": 4032,
                                "length": 480,
                                "count": 120,
                                "stride": 4
                            }
                        },
                        {
                            "primitiveMode": 7,
                            "vertexBundelIndices": [
                                1
                            ],
                            "indexView": {
                                "offset": 11616,
                                "length": 888,
                                "count": 222,
                                "stride": 4
                            }
                        }
                    ],
                    "vertexBundles": [
                        {
                            "view": {
                                "offset": 0,
                                "length": 4032,
                                "count": 84,
                                "stride": 48
                            },
                            "attributes": [
                                {
                                    "name": "a_position",
                                    "format": 32,
                                    "isNormalized": false
                                },
                                {
                                    "name": "a_normal",
                                    "format": 32,
                                    "isNormalized": false
                                },
                                {
                                    "name": "a_texCoord",
                                    "format": 21,
                                    "isNormalized": false
                                },
                                {
                                    "name": "a_tangent",
                                    "format": 44,
                                    "isNormalized": false
                                }
                            ]
                        },
                        {
                            "view": {
                                "offset": 4512,
                                "length": 7104,
                                "count": 148,
                                "stride": 48
                            },
                            "attributes": [
                                {
                                    "name": "a_position",
                                    "format": 32,
                                    "isNormalized": false
                                },
                                {
                                    "name": "a_normal",
                                    "format": 32,
                                    "isNormalized": false
                                },
                                {
                                    "name": "a_texCoord",
                                    "format": 21,
                                    "isNormalized": false
                                },
                                {
                                    "name": "a_tangent",
                                    "format": 44,
                                    "isNormalized": false
                                }
                            ]
                        }
                    ]
                },
                "minPosition",
                8,
                [
                    1,
                    -0.0982358381152153,
                    -0.004851451143622398,
                    0.07548447698354721
                ],
                "maxPosition",
                8,
                [
                    1,
                    -0.01611090824007988,
                    0.062079645693302155,
                    0.15229281783103943
                ]
            ]
        ],
        -1
    ],
    0,
    0,
    [],
    [],
    []
]
