{
  "version": "1.1.1",
  "windows": {
    "main": {
      "main": true,
      "url": "app://editor/index.html",
      "windowType": "dockable",
      "x": 244,
      "y": 0,
      "width": 1432,
      "height": 1040,
      "layout": {
        "type": "dock-h",
        "children": [
          {
            "width": 206.296875,
            "height": 922,
            "type": "dock-v",
            "children": [
              {
                "width": 206.296875,
                "height": 461,
                "type": "panel",
                "active": 0,
                "children": [
                  "hierarchy"
                ]
              },
              {
                "width": 206.296875,
                "height": 458,
                "type": "panel",
                "active": 0,
                "children": [
                  "assets"
                ]
              }
            ]
          },
          {
            "width": 872.234375,
            "height": 922,
            "type": "dock-v",
            "children": [
              {
                "width": 872.234375,
                "height": 461,
                "type": "panel",
                "active": 0,
                "children": [
                  "scene"
                ]
              },
              {
                "width": 872.234375,
                "height": 458,
                "type": "panel",
                "active": 0,
                "children": [
                  "timeline",
                  "game-window"
                ]
              }
            ]
          },
          {
            "width": 331.46875,
            "height": 922,
            "type": "panel",
            "active": 0,
            "children": [
              "inspector"
            ]
          }
        ]
      },
      "panels": [
        "hierarchy",
        "assets",
        "scene",
        "timeline",
        "game-window",
        "inspector"
      ]
    }
  },
  "panels": {
    "cocos-services": {
      "x": 702,
      "y": 140,
      "width": 516,
      "height": 739
    },
    "preferences": {
      "x": 672,
      "y": 240,
      "width": 600,
      "height": 565
    },
    "simulator-debugger": {
      "x": -8,
      "y": -8,
      "width": 1936,
      "height": 1056
    },
    "project-settings": {
      "x": 314,
      "y": 6,
      "width": 1076,
      "height": 978
    },
    "sprite-editor": {
      "x": 702,
      "y": 240,
      "width": 516,
      "height": 539
    },
    "curve-editor": {
      "x": 702,
      "y": 240,
      "width": 516,
      "height": 539
    },
    "builder": {
      "x": 702,
      "y": 140,
      "width": 516,
      "height": 739
    },
    "console": {
      "x": -8,
      "y": -8,
      "width": 1936,
      "height": 1056
    }
  },
  "panelLabelWidth": {}
}
