{
  "__type__": "cc.AnimationClip",
  "_name": "CTA_HandAnim",
  "_objFlags": 0,
  "_native": "",
  "_duration": 0.4166666666666667,
  "sample": 60,
  "speed": 1,
  "wrapMode": 22,
  "curveData": {
    "props": {
      "scale": [
        {
          "frame": 0,
          "value": {
            "__type__": "cc.Vec3",
            "x": 0.8,
            "y": 0.8,
            "z": 1
          }
        },
        {
          "frame": 0.4166666666666667,
          "value": {
            "__type__": "cc.Vec3",
            "x": 0.81,
            "y": 0.83,
            "z": 1
          }
        }
      ]
    }
  },
  "events": []
}