{
  "__type__": "sp.SkeletonData",
  "_name": "Angry",
  "_objFlags": 0,
  "_native": "",
  "_skeletonJson": {
    "skeleton": {
      "hash": "UH+uKZFw5as",
      "spine": "3.8-from-4.0.64",
      "x": -245.41,
      "y": -0.49,
      "width": 493.5,
      "height": 699,
      "images": "./images/",
      "audio": "C:/Users/Admin/Desktop/Toilet Boy/PA"
    },
    "bones": [
      {
        "name": "root"
      },
      {
        "name": "bone2",
        "parent": "root"
      },
      {
        "name": "bone",
        "parent": "bone2"
      },
      {
        "name": "bone3",
        "parent": "bone2",
        "scaleX": 1.5,
        "scaleY": 1.5
      }
    ],
    "slots": [
      {
        "name": "03",
        "bone": "bone3",
        "color": "18d7ffff",
        "attachment": "auraB_01",
        "blend": "additive"
      },
      {
        "name": "02",
        "bone": "bone",
        "color": "ffb760ff",
        "attachment": "auraB_01",
        "blend": "additive"
      }
    ],
    "skins": [
      {
        "name": "default",
        "attachments": {
          "02": {
            "auraB_01": {
              "x": 0.89,
              "y": 232.67,
              "width": 329,
              "height": 466
            },
            "auraB_02": {
              "x": 0.39,
              "y": 239.17,
              "width": 296,
              "height": 479
            },
            "auraB_03": {
              "x": -2.11,
              "y": 236.67,
              "width": 305,
              "height": 480
            }
          },
          "03": {
            "auraB_01": {
              "x": 0.89,
              "y": 232.67,
              "width": 329,
              "height": 466
            },
            "auraB_02": {
              "x": 0.39,
              "y": 239.17,
              "width": 296,
              "height": 479
            },
            "auraB_03": {
              "x": -2.11,
              "y": 236.67,
              "width": 305,
              "height": 480
            }
          }
        }
      }
    ],
    "animations": {
      "angry": {
        "slots": {
          "02": {
            "attachment": [
              {
                "time": 0.0667,
                "name": "auraB_02"
              },
              {
                "time": 0.1333,
                "name": "auraB_03"
              }
            ]
          },
          "03": {
            "attachment": [
              {
                "name": "auraB_03"
              },
              {
                "time": 0.0667,
                "name": "auraB_02"
              },
              {
                "time": 0.1333,
                "name": "auraB_01"
              }
            ]
          }
        },
        "bones": {
          "bone": {
            "scale": [
              {},
              {
                "time": 0.0667,
                "x": 1.114,
                "y": 0.889
              },
              {
                "time": 0.1333
              }
            ]
          },
          "bone3": {
            "scale": [
              {
                "x": 1.057,
                "y": 0.945
              },
              {
                "time": 0.0333
              },
              {
                "time": 0.1,
                "x": 1.114,
                "y": 0.889
              },
              {
                "time": 0.1333,
                "x": 1.057,
                "y": 0.945
              }
            ]
          }
        }
      }
    }
  },
  "_atlasText": "\r\nAngry.png\r\nsize: 512, 256\r\nformat: RGBA8888\r\nfilter: Linear, Linear\r\nrepeat: none\r\nauraB_01\r\n  rotate: false\r\n  xy: 2, 9\r\n  size: 165, 233\r\n  orig: 165, 233\r\n  offset: 0, 0\r\n  index: -1\r\nauraB_02\r\n  rotate: false\r\n  xy: 324, 2\r\n  size: 148, 240\r\n  orig: 148, 240\r\n  offset: 0, 0\r\n  index: -1\r\nauraB_03\r\n  rotate: false\r\n  xy: 169, 2\r\n  size: 153, 240\r\n  orig: 153, 240\r\n  offset: 0, 0\r\n  index: -1\r\n",
  "textures": [
    {
      "__uuid__": "f6d10bce-35a9-4825-a5c6-46697e7936a5"
    }
  ],
  "textureNames": [
    "Angry.png"
  ],
  "scale": 1
}