{
  "__type__": "sp.SkeletonData",
  "_name": "Poison",
  "_objFlags": 0,
  "_native": "",
  "_skeletonJson": {
    "skeleton": {
      "hash": "ZK+UP/zVH84",
      "spine": "3.8-from-4.0-from-4.1.04",
      "x": -85.27,
      "y": -2.14,
      "width": 107,
      "height": 206,
      "images": "",
      "audio": ""
    },
    "bones": [
      {
        "name": "root"
      },
      {
        "name": "bone",
        "parent": "root"
      }
    ],
    "slots": [
      {
        "name": "idle",
        "bone": "bone",
        "attachment": "idle01"
      },
      {
        "name": "atk",
        "bone": "bone",
        "attachment": "atk01"
      }
    ],
    "skins": [
      {
        "name": "default",
        "attachments": {
          "atk": {
            "atk01": {
              "x": -31.77,
              "y": 95.36,
              "width": 107,
              "height": 195
            },
            "atk03": {
              "x": -29.77,
              "y": 96.36,
              "width": 103,
              "height": 197
            },
            "atk05": {
              "x": -24.27,
              "y": 96.86,
              "width": 92,
              "height": 198
            },
            "atk07": {
              "x": -18.27,
              "y": 96.36,
              "width": 80,
              "height": 197
            },
            "atk09": {
              "x": -12.77,
              "y": 95.86,
              "width": 75,
              "height": 196
            },
            "atk11": {
              "x": -15.27,
              "y": 96.86,
              "width": 76,
              "height": 198
            },
            "atk13": {
              "x": -50.77,
              "y": 78.86,
              "width": 145,
              "height": 162
            },
            "atk15": {
              "x": -50.77,
              "y": 60.86,
              "width": 145,
              "height": 126
            },
            "atk17": {
              "x": -48.27,
              "y": 62.86,
              "width": 140,
              "height": 130
            },
            "atk19": {
              "x": -44.27,
              "y": 66.86,
              "width": 132,
              "height": 138
            },
            "atk21": {
              "x": -40.77,
              "y": 71.36,
              "width": 125,
              "height": 147
            },
            "atk23": {
              "x": -37.27,
              "y": 75.86,
              "width": 118,
              "height": 156
            },
            "atk25": {
              "x": -33.27,
              "y": 79.36,
              "width": 110,
              "height": 163
            },
            "atk27": {
              "x": -30.27,
              "y": 81.36,
              "width": 104,
              "height": 167
            },
            "atk29": {
              "x": -29.27,
              "y": 81.86,
              "width": 102,
              "height": 168
            },
            "atk31": {
              "x": -29.27,
              "y": 81.86,
              "width": 102,
              "height": 168
            }
          },
          "idle": {
            "idle01": {
              "x": -25.27,
              "y": 100.86,
              "width": 94,
              "height": 206
            },
            "idle03": {
              "x": -25.27,
              "y": 101.36,
              "width": 94,
              "height": 207
            },
            "idle05": {
              "x": -24.77,
              "y": 101.86,
              "width": 93,
              "height": 208
            },
            "idle07": {
              "x": -24.27,
              "y": 101.86,
              "width": 92,
              "height": 208
            },
            "idle09": {
              "x": -24.27,
              "y": 102.36,
              "width": 92,
              "height": 209
            },
            "idle11": {
              "x": -23.77,
              "y": 102.36,
              "width": 91,
              "height": 209
            },
            "idle13": {
              "x": -23.77,
              "y": 102.86,
              "width": 91,
              "height": 210
            },
            "idle15": {
              "x": -23.77,
              "y": 102.86,
              "width": 91,
              "height": 210
            },
            "idle17": {
              "x": -23.77,
              "y": 102.36,
              "width": 91,
              "height": 209
            },
            "idle19": {
              "x": -24.27,
              "y": 102.36,
              "width": 92,
              "height": 209
            },
            "idle21": {
              "x": -25.27,
              "y": 101.86,
              "width": 94,
              "height": 208
            },
            "idle23": {
              "x": -25.77,
              "y": 101.86,
              "width": 95,
              "height": 208
            },
            "idle25": {
              "x": -27.77,
              "y": 100.86,
              "width": 99,
              "height": 206
            },
            "idle27": {
              "x": -28.27,
              "y": 99.36,
              "width": 100,
              "height": 203
            },
            "idle29": {
              "x": -28.77,
              "y": 98.36,
              "width": 101,
              "height": 201
            },
            "idle31": {
              "x": -28.77,
              "y": 98.86,
              "width": 101,
              "height": 202
            },
            "idle33": {
              "x": -27.77,
              "y": 98.86,
              "width": 99,
              "height": 202
            },
            "idle35": {
              "x": -27.27,
              "y": 99.36,
              "width": 98,
              "height": 203
            },
            "idle37": {
              "x": -26.77,
              "y": 100.36,
              "width": 97,
              "height": 205
            },
            "idle39": {
              "x": -25.77,
              "y": 100.36,
              "width": 95,
              "height": 205
            },
            "idle41": {
              "x": -25.77,
              "y": 100.86,
              "width": 95,
              "height": 206
            }
          }
        }
      }
    ],
    "animations": {
      "atk": {
        "slots": {
          "atk": {
            "attachment": [
              {
                "time": 0.0667,
                "name": "atk03"
              },
              {
                "time": 0.1333,
                "name": "atk05"
              },
              {
                "time": 0.2,
                "name": "atk07"
              },
              {
                "time": 0.2667,
                "name": "atk09"
              },
              {
                "time": 0.3333,
                "name": "atk11"
              },
              {
                "time": 0.4,
                "name": "atk13"
              },
              {
                "time": 0.4667,
                "name": "atk15"
              },
              {
                "time": 0.5333,
                "name": "atk17"
              },
              {
                "time": 0.6,
                "name": "atk19"
              },
              {
                "time": 0.6667,
                "name": "atk21"
              },
              {
                "time": 0.7333,
                "name": "atk23"
              },
              {
                "time": 0.8,
                "name": "atk25"
              },
              {
                "time": 0.8667,
                "name": "atk27"
              },
              {
                "time": 0.9333,
                "name": "atk29"
              },
              {
                "time": 1,
                "name": "atk31"
              }
            ]
          },
          "idle": {
            "attachment": [
              {
                "name": null
              }
            ]
          }
        }
      },
      "idle": {
        "slots": {
          "atk": {
            "attachment": [
              {
                "name": null
              }
            ]
          },
          "idle": {
            "attachment": [
              {
                "time": 0.0667,
                "name": "idle03"
              },
              {
                "time": 0.1333,
                "name": "idle05"
              },
              {
                "time": 0.2,
                "name": "idle07"
              },
              {
                "time": 0.2667,
                "name": "idle09"
              },
              {
                "time": 0.3333,
                "name": "idle11"
              },
              {
                "time": 0.4,
                "name": "idle13"
              },
              {
                "time": 0.4667,
                "name": "idle15"
              },
              {
                "time": 0.5333,
                "name": "idle17"
              },
              {
                "time": 0.6,
                "name": "idle19"
              },
              {
                "time": 0.6667,
                "name": "idle21"
              },
              {
                "time": 0.7333,
                "name": "idle23"
              },
              {
                "time": 0.8,
                "name": "idle25"
              },
              {
                "time": 0.8667,
                "name": "idle27"
              },
              {
                "time": 0.9333,
                "name": "idle29"
              },
              {
                "time": 1,
                "name": "idle31"
              },
              {
                "time": 1.0667,
                "name": "idle33"
              },
              {
                "time": 1.1333,
                "name": "idle35"
              },
              {
                "time": 1.2,
                "name": "idle37"
              },
              {
                "time": 1.2667,
                "name": "idle39"
              },
              {
                "time": 1.3333,
                "name": "idle41"
              }
            ]
          }
        }
      }
    }
  },
  "_atlasText": "\nPoison.png\nsize: 512, 512\nformat: RGBA8888\nfilter: Linear, Linear\nrepeat: none\natk01\n  rotate: false\n  xy: 2, 151\n  size: 107, 195\n  orig: 107, 195\n  offset: 0, 0\n  index: -1\natk13\n  rotate: false\n  xy: 2, 348\n  size: 145, 162\n  orig: 145, 162\n  offset: 0, 0\n  index: -1\natk15\n  rotate: false\n  xy: 149, 384\n  size: 145, 126\n  orig: 145, 126\n  offset: 0, 0\n  index: -1\natk17\n  rotate: false\n  xy: 231, 252\n  size: 140, 130\n  orig: 140, 130\n  offset: 0, 0\n  index: -1\natk19\n  rotate: false\n  xy: 129, 50\n  size: 132, 138\n  orig: 132, 138\n  offset: 0, 0\n  index: -1\natk21\n  rotate: false\n  xy: 2, 2\n  size: 125, 147\n  orig: 125, 147\n  offset: 0, 0\n  index: -1\natk23\n  rotate: false\n  xy: 111, 190\n  size: 118, 156\n  orig: 118, 156\n  offset: 0, 0\n  index: -1\nidle25\n  rotate: false\n  xy: 366, 44\n  size: 99, 206\n  orig: 99, 206\n  offset: 0, 0\n  index: -1\nidle27\n  rotate: false\n  xy: 373, 307\n  size: 100, 203\n  orig: 100, 203\n  offset: 0, 0\n  index: -1\nidle31\n  rotate: false\n  xy: 263, 48\n  size: 101, 202\n  orig: 101, 202\n  offset: 0, 0\n  index: -1\n\nPoison_2.png\nsize: 512, 512\nformat: RGBA8888\nfilter: Linear, Linear\nrepeat: none\natk03\n  rotate: false\n  xy: 282, 127\n  size: 103, 197\n  orig: 103, 197\n  offset: 0, 0\n  index: -1\natk11\n  rotate: false\n  xy: 108, 79\n  size: 76, 198\n  orig: 76, 198\n  offset: 0, 0\n  index: -1\natk25\n  rotate: false\n  xy: 188, 326\n  size: 110, 163\n  orig: 110, 163\n  offset: 0, 0\n  index: -1\natk27\n  rotate: false\n  xy: 2, 110\n  size: 104, 167\n  orig: 104, 167\n  offset: 0, 0\n  index: -1\natk29\n  rotate: false\n  xy: 387, 321\n  size: 102, 168\n  orig: 102, 168\n  offset: 0, 0\n  index: -1\natk31\n  rotate: false\n  xy: 387, 151\n  size: 102, 168\n  orig: 102, 168\n  offset: 0, 0\n  index: -1\nidle09\n  rotate: false\n  xy: 188, 115\n  size: 92, 209\n  orig: 92, 209\n  offset: 0, 0\n  index: -1\nidle13\n  rotate: false\n  xy: 2, 279\n  size: 91, 210\n  orig: 91, 210\n  offset: 0, 0\n  index: -1\nidle15\n  rotate: false\n  xy: 95, 279\n  size: 91, 210\n  orig: 91, 210\n  offset: 0, 0\n  index: -1\n\nPoison_3.png\nsize: 512, 512\nformat: RGBA8888\nfilter: Linear, Linear\nrepeat: none\natk05\n  rotate: false\n  xy: 292, 279\n  size: 92, 198\n  orig: 92, 198\n  offset: 0, 0\n  index: -1\natk07\n  rotate: false\n  xy: 103, 69\n  size: 80, 197\n  orig: 80, 197\n  offset: 0, 0\n  index: -1\natk09\n  rotate: false\n  xy: 386, 281\n  size: 75, 196\n  orig: 75, 196\n  offset: 0, 0\n  index: -1\nidle11\n  rotate: false\n  xy: 96, 268\n  size: 91, 209\n  orig: 91, 209\n  offset: 0, 0\n  index: -1\nidle17\n  rotate: false\n  xy: 189, 65\n  size: 91, 209\n  orig: 91, 209\n  offset: 0, 0\n  index: -1\nidle19\n  rotate: false\n  xy: 2, 268\n  size: 92, 209\n  orig: 92, 209\n  offset: 0, 0\n  index: -1\nidle23\n  rotate: false\n  xy: 282, 66\n  size: 95, 208\n  orig: 95, 208\n  offset: 0, 0\n  index: -1\nidle29\n  rotate: false\n  xy: 189, 276\n  size: 101, 201\n  orig: 101, 201\n  offset: 0, 0\n  index: -1\nidle33\n  rotate: false\n  xy: 2, 64\n  size: 99, 202\n  orig: 99, 202\n  offset: 0, 0\n  index: -1\nidle35\n  rotate: false\n  xy: 379, 74\n  size: 98, 203\n  orig: 98, 203\n  offset: 0, 0\n  index: -1\n\nPoison_4.png\nsize: 512, 512\nformat: RGBA8888\nfilter: Linear, Linear\nrepeat: none\nidle01\n  rotate: false\n  xy: 194, 214\n  size: 94, 206\n  orig: 94, 206\n  offset: 0, 0\n  index: -1\nidle03\n  rotate: false\n  xy: 98, 213\n  size: 94, 207\n  orig: 94, 207\n  offset: 0, 0\n  index: -1\nidle05\n  rotate: false\n  xy: 2, 2\n  size: 93, 208\n  orig: 93, 208\n  offset: 0, 0\n  index: -1\nidle07\n  rotate: false\n  xy: 97, 2\n  size: 92, 208\n  orig: 92, 208\n  offset: 0, 0\n  index: -1\nidle21\n  rotate: false\n  xy: 2, 212\n  size: 94, 208\n  orig: 94, 208\n  offset: 0, 0\n  index: -1\nidle37\n  rotate: false\n  xy: 288, 7\n  size: 97, 205\n  orig: 97, 205\n  offset: 0, 0\n  index: -1\nidle39\n  rotate: false\n  xy: 290, 215\n  size: 95, 205\n  orig: 95, 205\n  offset: 0, 0\n  index: -1\nidle41\n  rotate: false\n  xy: 191, 5\n  size: 95, 206\n  orig: 95, 206\n  offset: 0, 0\n  index: -1\n",
  "textures": [
    {
      "__uuid__": "427b50bc-2466-4008-a457-2e70003ade67"
    },
    {
      "__uuid__": "3332c3d3-56d0-4398-aed4-1001a97072b7"
    },
    {
      "__uuid__": "2eeabd19-52a5-46ff-b992-64fd9228bc0f"
    },
    {
      "__uuid__": "03f05e55-32d3-4520-bb64-7f284b5bc108"
    }
  ],
  "textureNames": [
    "Poison.png",
    "Poison_2.png",
    "Poison_3.png",
    "Poison_4.png"
  ],
  "scale": 1
}