{
"skeleton": {
	"hash": "NiiAxIjrC9Y",
	"spine": "3.8-from-4.0-from-4.1-from-4.2.08",
	"y": -1080,
	"width": 1920,
	"height": 1080,
	"images": "D:/AAAAWORKKK/2024/IN HOUSE/Merger Craft Robo/3option intro/images/",
	"audio": "./audio"
},
"bones": [
	{ "name": "root" }
],
"slots": [
	{ "name": "Group", "bone": "root", "attachment": "1_00000" }
],
"skins": [
	{
		"name": "default",
		"attachments": {
			"Group": {
				"1_00000": { "x": 960, "y": -540, "width": 1920, "height": 1080 },
				"1_00001": { "x": 960, "y": -540, "width": 1920, "height": 1080 },
				"1_00002": { "x": 960, "y": -540, "width": 1920, "height": 1080 },
				"1_00003": { "x": 960, "y": -540, "width": 1920, "height": 1080 },
				"1_00004": { "x": 960, "y": -540, "width": 1920, "height": 1080 },
				"1_00005": { "x": 960, "y": -540, "width": 1920, "height": 1080 },
				"1_00006": { "x": 960, "y": -540, "width": 1920, "height": 1080 },
				"1_00007": { "x": 960, "y": -540, "width": 1920, "height": 1080 },
				"1_00008": { "x": 960, "y": -540, "width": 1920, "height": 1080 },
				"1_00009": { "x": 960, "y": -540, "width": 1920, "height": 1080 },
				"1_00010": { "x": 960, "y": -540, "width": 1920, "height": 1080 },
				"1_00011": { "x": 960, "y": -540, "width": 1920, "height": 1080 },
				"1_00012": { "x": 960, "y": -540, "width": 1920, "height": 1080 },
				"1_00013": { "x": 960, "y": -540, "width": 1920, "height": 1080 },
				"1_00014": { "x": 960, "y": -540, "width": 1920, "height": 1080 },
				"1_00015": { "x": 960, "y": -540, "width": 1920, "height": 1080 },
				"1_00016": { "x": 960, "y": -540, "width": 1920, "height": 1080 },
				"1_00017": { "x": 960, "y": -540, "width": 1920, "height": 1080 },
				"1_00018": { "x": 960, "y": -540, "width": 1920, "height": 1080 }
			}
		}
	}
],
"animations": {
	"animation": {
		"slots": {
			"Group": {
				"attachment": [
					{ "time": 0.0333, "name": "1_00001" },
					{ "time": 0.0667, "name": "1_00002" },
					{ "time": 0.1, "name": "1_00003" },
					{ "time": 0.1333, "name": "1_00004" },
					{ "time": 0.1667, "name": "1_00005" },
					{ "time": 0.2, "name": "1_00006" },
					{ "time": 0.2333, "name": "1_00007" },
					{ "time": 0.2667, "name": "1_00008" },
					{ "time": 0.3, "name": "1_00009" },
					{ "time": 0.3333, "name": "1_00010" },
					{ "time": 0.3667, "name": "1_00011" },
					{ "time": 0.4, "name": "1_00012" },
					{ "time": 0.4333, "name": "1_00013" },
					{ "time": 0.4667, "name": "1_00014" },
					{ "time": 0.5, "name": "1_00015" },
					{ "time": 0.5333, "name": "1_00016" },
					{ "time": 0.5667, "name": "1_00017" },
					{ "time": 0.6, "name": "1_00018" }
				]
			}
		}
	}
}
}