{
  "__type__": "cc.AnimationClip",
  "_name": "ChooseWeapon_Anim",
  "_objFlags": 0,
  "_native": "",
  "_duration": 1,
  "sample": 60,
  "speed": 1,
  "wrapMode": 1,
  "curveData": {
    "paths": {
      "Overlay": {
        "props": {
          "opacity": [
            {
              "frame": 0,
              "value": 0
            },
            {
              "frame": 0.5,
              "value": 100
            }
          ]
        }
      },
      "ButtonWeaponBox": {
        "props": {
          "opacity": [
            {
              "frame": 0.5,
              "value": 0
            },
            {
              "frame": 1,
              "value": 255
            }
          ]
        }
      },
      "ButtonWeaponBox1": {
        "props": {
          "opacity": [
            {
              "frame": 0.5,
              "value": 0
            },
            {
              "frame": 1,
              "value": 255
            }
          ]
        }
      },
      "ButtonWeaponBox2": {
        "props": {
          "opacity": [
            {
              "frame": 0.5,
              "value": 0
            },
            {
              "frame": 1,
              "value": 255
            }
          ]
        }
      }
    }
  },
  "events": []
}