{
  "__type__": "cc.Mesh",
  "_name": "",
  "_objFlags": 0,
  "_native": ".bin",
  "_struct": {
    "primitives": [
      {
        "primitiveMode": 7,
        "jointMapIndex": 0,
        "vertexBundelIndices": [
          0
        ],
        "indexView": {
          "offset": 130624,
          "length": 10128,
          "count": 2532,
          "stride": 4
        }
      }
    ],
    "vertexBundles": [
      {
        "view": {
          "offset": 0,
          "length": 130624,
          "count": 1256,
          "stride": 104
        },
        "attributes": [
          {
            "name": "a_position",
            "format": 32,
            "isNormalized": false
          },
          {
            "name": "a_normal",
            "format": 32,
            "isNormalized": false
          },
          {
            "name": "a_texCoord",
            "format": 21,
            "isNormalized": false
          },
          {
            "name": "a_tangent",
            "format": 44,
            "isNormalized": false
          },
          {
            "name": "a_joints",
            "format": 42,
            "isNormalized": false
          },
          {
            "name": "a_weights",
            "format": 44,
            "isNormalized": false
          },
          {
            "name": "a_color",
            "format": 44,
            "isNormalized": false
          }
        ]
      }
    ],
    "minPosition": {
      "__type__": "cc.Vec3",
      "x": 0.0004060144710820168,
      "y": -1.0011383011487851e-7,
      "z": -0.0045772455632686615
    },
    "maxPosition": {
      "__type__": "cc.Vec3",
      "x": 0.0054374877363443375,
      "y": 0.018699154257774353,
      "z": 0.004223116207867861
    },
    "jointMaps": [
      [
        0,
        1,
        2,
        3,
        4
      ]
    ]
  },
  "_hash": 1704323516
}