[
  {
    "__type__": "cc.Prefab",
    "_name": "",
    "_objFlags": 0,
    "_native": "",
    "data": {
      "__id__": 1
    },
    "optimizationPolicy": 0,
    "persistent": false
  },
  {
    "__type__": "cc.Node",
    "_name": "Robot_melee01_base",
    "_objFlags": 0,
    "_parent": null,
    "_children": [
      {
        "__id__": 2
      },
      {
        "__id__": 34
      }
    ],
    "_active": true,
    "_components": [
      {
        "__id__": 86
      }
    ],
    "_prefab": {
      "__id__": 88
    },
    "_lpos": {
      "__type__": "cc.Vec3",
      "x": 0,
      "y": 0,
      "z": 0
    },
    "_lrot": {
      "__type__": "cc.Quat",
      "x": 0,
      "y": 0,
      "z": 0,
      "w": 1
    },
    "_lscale": {
      "__type__": "cc.Vec3",
      "x": 1,
      "y": 1,
      "z": 1
    },
    "_layer": 1073741824,
    "_euler": {
      "__type__": "cc.Vec3",
      "x": 0,
      "y": 0,
      "z": 0
    },
    "_id": ""
  },
  {
    "__type__": "cc.Node",
    "_name": "melee_01",
    "_objFlags": 0,
    "_parent": {
      "__id__": 1
    },
    "_children": [
      {
        "__id__": 3
      },
      {
        "__id__": 8
      },
      {
        "__id__": 13
      },
      {
        "__id__": 18
      },
      {
        "__id__": 23
      },
      {
        "__id__": 28
      }
    ],
    "_active": true,
    "_components": [],
    "_prefab": {
      "__id__": 33
    },
    "_lpos": {
      "__type__": "cc.Vec3",
      "x": 0,
      "y": 0,
      "z": 0
    },
    "_lrot": {
      "__type__": "cc.Quat",
      "x": 0,
      "y": 0,
      "z": 0,
      "w": 1
    },
    "_lscale": {
      "__type__": "cc.Vec3",
      "x": 1,
      "y": 1,
      "z": 1
    },
    "_layer": 1073741824,
    "_euler": {
      "__type__": "cc.Vec3",
      "x": 0,
      "y": 0,
      "z": 0
    },
    "_id": ""
  },
  {
    "__type__": "cc.Node",
    "_name": "melee_01_body",
    "_objFlags": 0,
    "_parent": {
      "__id__": 2
    },
    "_children": [],
    "_active": true,
    "_components": [
      {
        "__id__": 4
      }
    ],
    "_prefab": {
      "__id__": 7
    },
    "_lpos": {
      "__type__": "cc.Vec3",
      "x": 0,
      "y": 0,
      "z": 0
    },
    "_lrot": {
      "__type__": "cc.Quat",
      "x": 0,
      "y": 0,
      "z": 0,
      "w": 1
    },
    "_lscale": {
      "__type__": "cc.Vec3",
      "x": 1,
      "y": 1,
      "z": 1
    },
    "_layer": 1073741824,
    "_euler": {
      "__type__": "cc.Vec3",
      "x": 0,
      "y": 0,
      "z": 0
    },
    "_id": ""
  },
  {
    "__type__": "cc.SkinnedMeshRenderer",
    "_name": "",
    "_objFlags": 0,
    "node": {
      "__id__": 3
    },
    "_enabled": true,
    "__prefab": {
      "__id__": 5
    },
    "_materials": [
      {
        "__uuid__": "776d38d6-64d9-44c5-90cd-3388d3cdf0d5@032b2",
        "__expectedType__": "cc.Material"
      }
    ],
    "_visFlags": 0,
    "lightmapSettings": {
      "__id__": 6
    },
    "_mesh": {
      "__uuid__": "776d38d6-64d9-44c5-90cd-3388d3cdf0d5@3fdfd",
      "__expectedType__": "cc.Mesh"
    },
    "_shadowCastingMode": 0,
    "_shadowReceivingMode": 1,
    "_enableMorph": true,
    "_skeleton": {
      "__uuid__": "776d38d6-64d9-44c5-90cd-3388d3cdf0d5@30732",
      "__expectedType__": "cc.Skeleton"
    },
    "_skinningRoot": {
      "__id__": 1
    },
    "_id": ""
  },
  {
    "__type__": "cc.CompPrefabInfo",
    "fileId": "69NOVuCZ1UtIzgd2xu+4Cy"
  },
  {
    "__type__": "cc.ModelLightmapSettings",
    "texture": null,
    "uvParam": {
      "__type__": "cc.Vec4",
      "x": 0,
      "y": 0,
      "z": 0,
      "w": 0
    },
    "_bakeable": false,
    "_castShadow": false,
    "_receiveShadow": false,
    "_recieveShadow": false,
    "_lightmapSize": 64
  },
  {
    "__type__": "cc.PrefabInfo",
    "root": {
      "__id__": 1
    },
    "asset": {
      "__id__": 0
    },
    "fileId": "58O4IbMkta8bhNPYsLdj9W"
  },
  {
    "__type__": "cc.Node",
    "_name": "melee_01_arm_L",
    "_objFlags": 0,
    "_parent": {
      "__id__": 2
    },
    "_children": [],
    "_active": true,
    "_components": [
      {
        "__id__": 9
      }
    ],
    "_prefab": {
      "__id__": 12
    },
    "_lpos": {
      "__type__": "cc.Vec3",
      "x": 0,
      "y": 0,
      "z": 0
    },
    "_lrot": {
      "__type__": "cc.Quat",
      "x": 0,
      "y": 0,
      "z": 0,
      "w": 1
    },
    "_lscale": {
      "__type__": "cc.Vec3",
      "x": 1,
      "y": 1,
      "z": 1
    },
    "_layer": 1073741824,
    "_euler": {
      "__type__": "cc.Vec3",
      "x": 0,
      "y": 0,
      "z": 0
    },
    "_id": ""
  },
  {
    "__type__": "cc.SkinnedMeshRenderer",
    "_name": "",
    "_objFlags": 0,
    "node": {
      "__id__": 8
    },
    "_enabled": true,
    "__prefab": {
      "__id__": 10
    },
    "_materials": [
      {
        "__uuid__": "776d38d6-64d9-44c5-90cd-3388d3cdf0d5@032b2",
        "__expectedType__": "cc.Material"
      }
    ],
    "_visFlags": 0,
    "lightmapSettings": {
      "__id__": 11
    },
    "_mesh": {
      "__uuid__": "776d38d6-64d9-44c5-90cd-3388d3cdf0d5@6e552",
      "__expectedType__": "cc.Mesh"
    },
    "_shadowCastingMode": 0,
    "_shadowReceivingMode": 1,
    "_enableMorph": true,
    "_skeleton": {
      "__uuid__": "776d38d6-64d9-44c5-90cd-3388d3cdf0d5@f1394",
      "__expectedType__": "cc.Skeleton"
    },
    "_skinningRoot": {
      "__id__": 1
    },
    "_id": ""
  },
  {
    "__type__": "cc.CompPrefabInfo",
    "fileId": "38fvnYpGJb1LR27dVy3xFR"
  },
  {
    "__type__": "cc.ModelLightmapSettings",
    "texture": null,
    "uvParam": {
      "__type__": "cc.Vec4",
      "x": 0,
      "y": 0,
      "z": 0,
      "w": 0
    },
    "_bakeable": false,
    "_castShadow": false,
    "_receiveShadow": false,
    "_recieveShadow": false,
    "_lightmapSize": 64
  },
  {
    "__type__": "cc.PrefabInfo",
    "root": {
      "__id__": 1
    },
    "asset": {
      "__id__": 0
    },
    "fileId": "a9Eiaz0cNVR658xKvQIntN"
  },
  {
    "__type__": "cc.Node",
    "_name": "melee_01_leg_L",
    "_objFlags": 0,
    "_parent": {
      "__id__": 2
    },
    "_children": [],
    "_active": true,
    "_components": [
      {
        "__id__": 14
      }
    ],
    "_prefab": {
      "__id__": 17
    },
    "_lpos": {
      "__type__": "cc.Vec3",
      "x": 0,
      "y": 0,
      "z": 0
    },
    "_lrot": {
      "__type__": "cc.Quat",
      "x": 0,
      "y": 0,
      "z": 0,
      "w": 1
    },
    "_lscale": {
      "__type__": "cc.Vec3",
      "x": 1,
      "y": 1,
      "z": 1
    },
    "_layer": 1073741824,
    "_euler": {
      "__type__": "cc.Vec3",
      "x": 0,
      "y": 0,
      "z": 0
    },
    "_id": ""
  },
  {
    "__type__": "cc.SkinnedMeshRenderer",
    "_name": "",
    "_objFlags": 0,
    "node": {
      "__id__": 13
    },
    "_enabled": true,
    "__prefab": {
      "__id__": 15
    },
    "_materials": [
      {
        "__uuid__": "776d38d6-64d9-44c5-90cd-3388d3cdf0d5@032b2",
        "__expectedType__": "cc.Material"
      }
    ],
    "_visFlags": 0,
    "lightmapSettings": {
      "__id__": 16
    },
    "_mesh": {
      "__uuid__": "776d38d6-64d9-44c5-90cd-3388d3cdf0d5@ee4e5",
      "__expectedType__": "cc.Mesh"
    },
    "_shadowCastingMode": 0,
    "_shadowReceivingMode": 1,
    "_enableMorph": true,
    "_skeleton": {
      "__uuid__": "776d38d6-64d9-44c5-90cd-3388d3cdf0d5@75ee4",
      "__expectedType__": "cc.Skeleton"
    },
    "_skinningRoot": {
      "__id__": 1
    },
    "_id": ""
  },
  {
    "__type__": "cc.CompPrefabInfo",
    "fileId": "cc9S8eRhFQubFUiWGBJ8NE"
  },
  {
    "__type__": "cc.ModelLightmapSettings",
    "texture": null,
    "uvParam": {
      "__type__": "cc.Vec4",
      "x": 0,
      "y": 0,
      "z": 0,
      "w": 0
    },
    "_bakeable": false,
    "_castShadow": false,
    "_receiveShadow": false,
    "_recieveShadow": false,
    "_lightmapSize": 64
  },
  {
    "__type__": "cc.PrefabInfo",
    "root": {
      "__id__": 1
    },
    "asset": {
      "__id__": 0
    },
    "fileId": "abl3PtelNUc7c6kaOfhpY/"
  },
  {
    "__type__": "cc.Node",
    "_name": "melee_01_head",
    "_objFlags": 0,
    "_parent": {
      "__id__": 2
    },
    "_children": [],
    "_active": true,
    "_components": [
      {
        "__id__": 19
      }
    ],
    "_prefab": {
      "__id__": 22
    },
    "_lpos": {
      "__type__": "cc.Vec3",
      "x": 0,
      "y": 0,
      "z": 0
    },
    "_lrot": {
      "__type__": "cc.Quat",
      "x": 0,
      "y": 0,
      "z": 0,
      "w": 1
    },
    "_lscale": {
      "__type__": "cc.Vec3",
      "x": 1,
      "y": 1,
      "z": 1
    },
    "_layer": 1073741824,
    "_euler": {
      "__type__": "cc.Vec3",
      "x": 0,
      "y": 0,
      "z": 0
    },
    "_id": ""
  },
  {
    "__type__": "cc.SkinnedMeshRenderer",
    "_name": "",
    "_objFlags": 0,
    "node": {
      "__id__": 18
    },
    "_enabled": true,
    "__prefab": {
      "__id__": 20
    },
    "_materials": [
      {
        "__uuid__": "776d38d6-64d9-44c5-90cd-3388d3cdf0d5@032b2",
        "__expectedType__": "cc.Material"
      }
    ],
    "_visFlags": 0,
    "lightmapSettings": {
      "__id__": 21
    },
    "_mesh": {
      "__uuid__": "776d38d6-64d9-44c5-90cd-3388d3cdf0d5@34659",
      "__expectedType__": "cc.Mesh"
    },
    "_shadowCastingMode": 0,
    "_shadowReceivingMode": 1,
    "_enableMorph": true,
    "_skeleton": {
      "__uuid__": "776d38d6-64d9-44c5-90cd-3388d3cdf0d5@a72ab",
      "__expectedType__": "cc.Skeleton"
    },
    "_skinningRoot": {
      "__id__": 1
    },
    "_id": ""
  },
  {
    "__type__": "cc.CompPrefabInfo",
    "fileId": "3dM505LvRQ8oj+fY7+WWRI"
  },
  {
    "__type__": "cc.ModelLightmapSettings",
    "texture": null,
    "uvParam": {
      "__type__": "cc.Vec4",
      "x": 0,
      "y": 0,
      "z": 0,
      "w": 0
    },
    "_bakeable": false,
    "_castShadow": false,
    "_receiveShadow": false,
    "_recieveShadow": false,
    "_lightmapSize": 64
  },
  {
    "__type__": "cc.PrefabInfo",
    "root": {
      "__id__": 1
    },
    "asset": {
      "__id__": 0
    },
    "fileId": "35nfNyUFdZsK/v8TGCUHN4"
  },
  {
    "__type__": "cc.Node",
    "_name": "melee_01_arm_R",
    "_objFlags": 0,
    "_parent": {
      "__id__": 2
    },
    "_children": [],
    "_active": true,
    "_components": [
      {
        "__id__": 24
      }
    ],
    "_prefab": {
      "__id__": 27
    },
    "_lpos": {
      "__type__": "cc.Vec3",
      "x": 0,
      "y": 0,
      "z": 0
    },
    "_lrot": {
      "__type__": "cc.Quat",
      "x": 0,
      "y": 0,
      "z": 0,
      "w": 1
    },
    "_lscale": {
      "__type__": "cc.Vec3",
      "x": 1,
      "y": 1,
      "z": 1
    },
    "_layer": 1073741824,
    "_euler": {
      "__type__": "cc.Vec3",
      "x": 0,
      "y": 0,
      "z": 0
    },
    "_id": ""
  },
  {
    "__type__": "cc.SkinnedMeshRenderer",
    "_name": "",
    "_objFlags": 0,
    "node": {
      "__id__": 23
    },
    "_enabled": true,
    "__prefab": {
      "__id__": 25
    },
    "_materials": [
      {
        "__uuid__": "776d38d6-64d9-44c5-90cd-3388d3cdf0d5@032b2",
        "__expectedType__": "cc.Material"
      }
    ],
    "_visFlags": 0,
    "lightmapSettings": {
      "__id__": 26
    },
    "_mesh": {
      "__uuid__": "776d38d6-64d9-44c5-90cd-3388d3cdf0d5@bd7cc",
      "__expectedType__": "cc.Mesh"
    },
    "_shadowCastingMode": 0,
    "_shadowReceivingMode": 1,
    "_enableMorph": true,
    "_skeleton": {
      "__uuid__": "776d38d6-64d9-44c5-90cd-3388d3cdf0d5@2224c",
      "__expectedType__": "cc.Skeleton"
    },
    "_skinningRoot": {
      "__id__": 1
    },
    "_id": ""
  },
  {
    "__type__": "cc.CompPrefabInfo",
    "fileId": "19YS/6HLNbhaDrg5QtASCd"
  },
  {
    "__type__": "cc.ModelLightmapSettings",
    "texture": null,
    "uvParam": {
      "__type__": "cc.Vec4",
      "x": 0,
      "y": 0,
      "z": 0,
      "w": 0
    },
    "_bakeable": false,
    "_castShadow": false,
    "_receiveShadow": false,
    "_recieveShadow": false,
    "_lightmapSize": 64
  },
  {
    "__type__": "cc.PrefabInfo",
    "root": {
      "__id__": 1
    },
    "asset": {
      "__id__": 0
    },
    "fileId": "2e0PVdrmFR+Z4wsh4svNWJ"
  },
  {
    "__type__": "cc.Node",
    "_name": "melee_01_leg_R",
    "_objFlags": 0,
    "_parent": {
      "__id__": 2
    },
    "_children": [],
    "_active": true,
    "_components": [
      {
        "__id__": 29
      }
    ],
    "_prefab": {
      "__id__": 32
    },
    "_lpos": {
      "__type__": "cc.Vec3",
      "x": 0,
      "y": 0,
      "z": 0
    },
    "_lrot": {
      "__type__": "cc.Quat",
      "x": 0,
      "y": 0,
      "z": 0,
      "w": 1
    },
    "_lscale": {
      "__type__": "cc.Vec3",
      "x": 1,
      "y": 1,
      "z": 1
    },
    "_layer": 1073741824,
    "_euler": {
      "__type__": "cc.Vec3",
      "x": 0,
      "y": 0,
      "z": 0
    },
    "_id": ""
  },
  {
    "__type__": "cc.SkinnedMeshRenderer",
    "_name": "",
    "_objFlags": 0,
    "node": {
      "__id__": 28
    },
    "_enabled": true,
    "__prefab": {
      "__id__": 30
    },
    "_materials": [
      {
        "__uuid__": "776d38d6-64d9-44c5-90cd-3388d3cdf0d5@032b2",
        "__expectedType__": "cc.Material"
      }
    ],
    "_visFlags": 0,
    "lightmapSettings": {
      "__id__": 31
    },
    "_mesh": {
      "__uuid__": "776d38d6-64d9-44c5-90cd-3388d3cdf0d5@8adfa",
      "__expectedType__": "cc.Mesh"
    },
    "_shadowCastingMode": 0,
    "_shadowReceivingMode": 1,
    "_enableMorph": true,
    "_skeleton": {
      "__uuid__": "776d38d6-64d9-44c5-90cd-3388d3cdf0d5@62756",
      "__expectedType__": "cc.Skeleton"
    },
    "_skinningRoot": {
      "__id__": 1
    },
    "_id": ""
  },
  {
    "__type__": "cc.CompPrefabInfo",
    "fileId": "a8KEKfSYxf6oD4aueqUaBL"
  },
  {
    "__type__": "cc.ModelLightmapSettings",
    "texture": null,
    "uvParam": {
      "__type__": "cc.Vec4",
      "x": 0,
      "y": 0,
      "z": 0,
      "w": 0
    },
    "_bakeable": false,
    "_castShadow": false,
    "_receiveShadow": false,
    "_recieveShadow": false,
    "_lightmapSize": 64
  },
  {
    "__type__": "cc.PrefabInfo",
    "root": {
      "__id__": 1
    },
    "asset": {
      "__id__": 0
    },
    "fileId": "1dqE2c1mlRG6JZvaI367Fy"
  },
  {
    "__type__": "cc.PrefabInfo",
    "root": {
      "__id__": 1
    },
    "asset": {
      "__id__": 0
    },
    "fileId": "e4SUU7B59dlKxZIYGB94rC"
  },
  {
    "__type__": "cc.Node",
    "_name": "Root_M",
    "_objFlags": 0,
    "_parent": {
      "__id__": 1
    },
    "_children": [
      {
        "__id__": 35
      },
      {
        "__id__": 65
      },
      {
        "__id__": 75
      }
    ],
    "_active": true,
    "_components": [],
    "_prefab": {
      "__id__": 85
    },
    "_lpos": {
      "__type__": "cc.Vec3",
      "x": 3.7055132352355554e-19,
      "y": 0.019516220316290855,
      "z": 0.00017755031876731664
    },
    "_lrot": {
      "__type__": "cc.Quat",
      "x": 0.507803838505377,
      "y": 0.49207241499519655,
      "z": 0.507803838505377,
      "w": 0.49207241499519655
    },
    "_lscale": {
      "__type__": "cc.Vec3",
      "x": 1,
      "y": 1,
      "z": 1
    },
    "_layer": 1073741824,
    "_euler": {
      "__type__": "cc.Vec3",
      "x": 180,
      "y": -90,
      "z": 88.1972372917958
    },
    "_id": ""
  },
  {
    "__type__": "cc.Node",
    "_name": "Spine1_M",
    "_objFlags": 0,
    "_parent": {
      "__id__": 34
    },
    "_children": [
      {
        "__id__": 36
      }
    ],
    "_active": true,
    "_components": [],
    "_prefab": {
      "__id__": 64
    },
    "_lpos": {
      "__type__": "cc.Vec3",
      "x": 0.005334464367479086,
      "y": -1.734723475976807e-18,
      "z": 4.299679912665751e-19
    },
    "_lrot": {
      "__type__": "cc.Quat",
      "x": 1.1409946588032754e-31,
      "y": -7.387287067052785e-18,
      "z": 0.014618982679226592,
      "w": 0.999893136962858
    },
    "_lscale": {
      "__type__": "cc.Vec3",
      "x": 1,
      "y": 1,
      "z": 1
    },
    "_layer": 1073741824,
    "_euler": {
      "__type__": "cc.Vec3",
      "x": 1.2380563880599332e-17,
      "y": -8.467922240252191e-16,
      "z": 1.6752716918878972
    },
    "_id": ""
  },
  {
    "__type__": "cc.Node",
    "_name": "Chest_M",
    "_objFlags": 0,
    "_parent": {
      "__id__": 35
    },
    "_children": [
      {
        "__id__": 37
      },
      {
        "__id__": 43
      },
      {
        "__id__": 53
      }
    ],
    "_active": true,
    "_components": [],
    "_prefab": {
      "__id__": 63
    },
    "_lpos": {
      "__type__": "cc.Vec3",
      "x": 0.0024785464629530907,
      "y": 4.302114253509706e-18,
      "z": -1.2831691984992892e-18
    },
    "_lrot": {
      "__type__": "cc.Quat",
      "x": 4.020827459628904e-32,
      "y": 7.54892463334064e-18,
      "z": -0.01493885351669035,
      "w": 0.9998884091015391
    },
    "_lscale": {
      "__type__": "cc.Vec3",
      "x": 1,
      "y": 1,
      "z": 1
    },
    "_layer": 1073741824,
    "_euler": {
      "__type__": "cc.Vec3",
      "x": 1.2928521800082716e-17,
      "y": 8.653327432571688e-16,
      "z": -1.711930193624262
    },
    "_id": ""
  },
  {
    "__type__": "cc.Node",
    "_name": "Neck_M",
    "_objFlags": 0,
    "_parent": {
      "__id__": 36
    },
    "_children": [
      {
        "__id__": 38
      }
    ],
    "_active": true,
    "_components": [],
    "_prefab": {
      "__id__": 42
    },
    "_lpos": {
      "__type__": "cc.Vec3",
      "x": 0.002714349888265133,
      "y": -9.714451300033997e-18,
      "z": 8.572243914273824e-18
    },
    "_lrot": {
      "__type__": "cc.Quat",
      "x": 1.766077108171062e-17,
      "y": -1.38878315356236e-17,
      "z": -0.18942549962218294,
      "w": 0.9818950962770342
    },
    "_lscale": {
      "__type__": "cc.Vec3",
      "x": 1,
      "y": 1,
      "z": 1
    },
    "_layer": 1073741824,
    "_euler": {
      "__type__": "cc.Vec3",
      "x": 1.816001547800892e-15,
      "y": -1.2704323215206767e-15,
      "z": -21.83851784031204
    },
    "_id": ""
  },
  {
    "__type__": "cc.Node",
    "_name": "Head_M",
    "_objFlags": 0,
    "_parent": {
      "__id__": 37
    },
    "_children": [
      {
        "__id__": 39
      }
    ],
    "_active": true,
    "_components": [],
    "_prefab": {
      "__id__": 41
    },
    "_lpos": {
      "__type__": "cc.Vec3",
      "x": 0.002050594659522176,
      "y": -1.1102230411687688e-17,
      "z": -1.1397885028539148e-18
    },
    "_lrot": {
      "__type__": "cc.Quat",
      "x": 6.884622971343766e-32,
      "y": -8.806263401345675e-17,
      "z": 0.17427049577586698,
      "w": 0.9846978187759095
    },
    "_lscale": {
      "__type__": "cc.Vec3",
      "x": 1,
      "y": 1,
      "z": 1
    },
    "_layer": 1073741824,
    "_euler": {
      "__type__": "cc.Vec3",
      "x": 1.8723305726627776e-15,
      "y": -1.0579414620474109e-14,
      "z": 20.07241655059164
    },
    "_id": ""
  },
  {
    "__type__": "cc.Node",
    "_name": "HeadEnd_M",
    "_objFlags": 0,
    "_parent": {
      "__id__": 38
    },
    "_children": [],
    "_active": true,
    "_components": [],
    "_prefab": {
      "__id__": 40
    },
    "_lpos": {
      "__type__": "cc.Vec3",
      "x": 0.002823290415108204,
      "y": 5.204170634725574e-19,
      "z": 2.8810669715948983e-19
    },
    "_lrot": {
      "__type__": "cc.Quat",
      "x": 0,
      "y": 0,
      "z": 0,
      "w": 1
    },
    "_lscale": {
      "__type__": "cc.Vec3",
      "x": 1,
      "y": 1,
      "z": 1
    },
    "_layer": 1073741824,
    "_euler": {
      "__type__": "cc.Vec3",
      "x": 0,
      "y": 0,
      "z": 0
    },
    "_id": ""
  },
  {
    "__type__": "cc.PrefabInfo",
    "root": {
      "__id__": 1
    },
    "asset": {
      "__id__": 0
    },
    "fileId": "b9WaHcakxataqyGeerDgjO"
  },
  {
    "__type__": "cc.PrefabInfo",
    "root": {
      "__id__": 1
    },
    "asset": {
      "__id__": 0
    },
    "fileId": "e51Tpn9J5TkIyfMtrRBbKT"
  },
  {
    "__type__": "cc.PrefabInfo",
    "root": {
      "__id__": 1
    },
    "asset": {
      "__id__": 0
    },
    "fileId": "42MCFvT5BQzp4u8fxSl2GX"
  },
  {
    "__type__": "cc.Node",
    "_name": "Scapula_R",
    "_objFlags": 0,
    "_parent": {
      "__id__": 36
    },
    "_children": [
      {
        "__id__": 44
      }
    ],
    "_active": true,
    "_components": [],
    "_prefab": {
      "__id__": 52
    },
    "_lpos": {
      "__type__": "cc.Vec3",
      "x": 0.0011061389232054353,
      "y": -0.0006425591418519616,
      "z": -0.0035222694277763367
    },
    "_lrot": {
      "__type__": "cc.Quat",
      "x": 0.011006418236851384,
      "y": 0.7112698310246427,
      "z": -0.010875604672522158,
      "w": 0.7027487513007612
    },
    "_lscale": {
      "__type__": "cc.Vec3",
      "x": 1,
      "y": 1,
      "z": 1
    },
    "_layer": 1073741824,
    "_euler": {
      "__type__": "cc.Vec3",
      "x": 1.7730415728863935,
      "y": 90.69020757969066,
      "z": 0.021281444783464887
    },
    "_id": ""
  },
  {
    "__type__": "cc.Node",
    "_name": "Shoulder_R",
    "_objFlags": 0,
    "_parent": {
      "__id__": 43
    },
    "_children": [
      {
        "__id__": 45
      }
    ],
    "_active": true,
    "_components": [],
    "_prefab": {
      "__id__": 51
    },
    "_lpos": {
      "__type__": "cc.Vec3",
      "x": 0.0047096810303628445,
      "y": 2.9599587517625207e-16,
      "z": 0
    },
    "_lrot": {
      "__type__": "cc.Quat",
      "x": -0.03676631640867874,
      "y": 0.6917510566042027,
      "z": -0.03827388922474663,
      "w": 0.7201831871602655
    },
    "_lscale": {
      "__type__": "cc.Vec3",
      "x": 1,
      "y": 1,
      "z": 1
    },
    "_layer": 1073741824,
    "_euler": {
      "__type__": "cc.Vec3",
      "x": -0.0002857532309027007,
      "y": 87.69276554611803,
      "z": -6.084478470121346
    },
    "_id": ""
  },
  {
    "__type__": "cc.Node",
    "_name": "Elbow_R",
    "_objFlags": 0,
    "_parent": {
      "__id__": 44
    },
    "_children": [
      {
        "__id__": 46
      }
    ],
    "_active": true,
    "_components": [],
    "_prefab": {
      "__id__": 50
    },
    "_lpos": {
      "__type__": "cc.Vec3",
      "x": 0.005175452213734388,
      "y": -5.828670614584276e-17,
      "z": -4.440891999238953e-18
    },
    "_lrot": {
      "__type__": "cc.Quat",
      "x": 2.850922052471488e-17,
      "y": 1.336932747068501e-16,
      "z": 0.12233098131469163,
      "w": 0.9924893606535964
    },
    "_lscale": {
      "__type__": "cc.Vec3",
      "x": 1,
      "y": 1,
      "z": 1
    },
    "_layer": 1073741824,
    "_euler": {
      "__type__": "cc.Vec3",
      "x": 1.4104689559013426e-15,
      "y": 1.5262205650755405e-14,
      "z": 14.053298599928233
    },
    "_id": ""
  },
  {
    "__type__": "cc.Node",
    "_name": "Wrist_R",
    "_objFlags": 0,
    "_parent": {
      "__id__": 45
    },
    "_children": [
      {
        "__id__": 47
      }
    ],
    "_active": true,
    "_components": [],
    "_prefab": {
      "__id__": 49
    },
    "_lpos": {
      "__type__": "cc.Vec3",
      "x": 0.005389300640672445,
      "y": -6.328271160954053e-17,
      "z": -8.881783998477905e-18
    },
    "_lrot": {
      "__type__": "cc.Quat",
      "x": -0.004768474014740153,
      "y": 0.012352902409124579,
      "z": 0.0011546335850644365,
      "w": 0.999911663237771
    },
    "_lscale": {
      "__type__": "cc.Vec3",
      "x": 1,
      "y": 1,
      "z": 1
    },
    "_layer": 1073741824,
    "_euler": {
      "__type__": "cc.Vec3",
      "x": -0.5480227017072393,
      "y": 1.4161918210299922,
      "z": 0.12554971732357223
    },
    "_id": ""
  },
  {
    "__type__": "cc.Node",
    "_name": "Cup_R",
    "_objFlags": 0,
    "_parent": {
      "__id__": 46
    },
    "_children": [],
    "_active": true,
    "_components": [],
    "_prefab": {
      "__id__": 48
    },
    "_lpos": {
      "__type__": "cc.Vec3",
      "x": 0.0033151672687381506,
      "y": 5.301314849940894e-17,
      "z": -2.2204459996194763e-18
    },
    "_lrot": {
      "__type__": "cc.Quat",
      "x": 0,
      "y": 0,
      "z": 0,
      "w": 1
    },
    "_lscale": {
      "__type__": "cc.Vec3",
      "x": 1,
      "y": 1,
      "z": 1
    },
    "_layer": 1073741824,
    "_euler": {
      "__type__": "cc.Vec3",
      "x": 0,
      "y": 0,
      "z": 0
    },
    "_id": ""
  },
  {
    "__type__": "cc.PrefabInfo",
    "root": {
      "__id__": 1
    },
    "asset": {
      "__id__": 0
    },
    "fileId": "53IYZ0+SFdh555fJrm+OTE"
  },
  {
    "__type__": "cc.PrefabInfo",
    "root": {
      "__id__": 1
    },
    "asset": {
      "__id__": 0
    },
    "fileId": "86CazW2PhZn4VGLi+MX4Kg"
  },
  {
    "__type__": "cc.PrefabInfo",
    "root": {
      "__id__": 1
    },
    "asset": {
      "__id__": 0
    },
    "fileId": "cbbYwmid5U6bnb6su0t7d0"
  },
  {
    "__type__": "cc.PrefabInfo",
    "root": {
      "__id__": 1
    },
    "asset": {
      "__id__": 0
    },
    "fileId": "19IbKkFAdetqSBDFZ9qL33"
  },
  {
    "__type__": "cc.PrefabInfo",
    "root": {
      "__id__": 1
    },
    "asset": {
      "__id__": 0
    },
    "fileId": "95EREV5ttU46V+mjLyPgFn"
  },
  {
    "__type__": "cc.Node",
    "_name": "Scapula_L",
    "_objFlags": 0,
    "_parent": {
      "__id__": 36
    },
    "_children": [
      {
        "__id__": 54
      }
    ],
    "_active": true,
    "_components": [],
    "_prefab": {
      "__id__": 62
    },
    "_lpos": {
      "__type__": "cc.Vec3",
      "x": 0.0011061389232054353,
      "y": -0.0006425591418519616,
      "z": 0.0035222694277763367
    },
    "_lrot": {
      "__type__": "cc.Quat",
      "x": 0.7112698310319335,
      "y": -0.011006417305641662,
      "z": -0.7027487513079647,
      "w": -0.010875604672633637
    },
    "_lscale": {
      "__type__": "cc.Vec3",
      "x": 1,
      "y": 1,
      "z": 1
    },
    "_layer": 1073741824,
    "_euler": {
      "__type__": "cc.Vec3",
      "x": -178.2269585021126,
      "y": 89.30979241912084,
      "z": -0.021281368875969202
    },
    "_id": ""
  },
  {
    "__type__": "cc.Node",
    "_name": "Shoulder_L",
    "_objFlags": 0,
    "_parent": {
      "__id__": 53
    },
    "_children": [
      {
        "__id__": 55
      }
    ],
    "_active": true,
    "_components": [],
    "_prefab": {
      "__id__": 61
    },
    "_lpos": {
      "__type__": "cc.Vec3",
      "x": -0.0047096810303628445,
      "y": -2.5044201975644217e-16,
      "z": -8.881783998477905e-18
    },
    "_lrot": {
      "__type__": "cc.Quat",
      "x": -0.03676631640867874,
      "y": 0.6917510566042027,
      "z": -0.03827388922474663,
      "w": 0.7201831871602655
    },
    "_lscale": {
      "__type__": "cc.Vec3",
      "x": 1,
      "y": 1,
      "z": 1
    },
    "_layer": 1073741824,
    "_euler": {
      "__type__": "cc.Vec3",
      "x": -0.0002857532309027007,
      "y": 87.69276554611803,
      "z": -6.084478470121346
    },
    "_id": ""
  },
  {
    "__type__": "cc.Node",
    "_name": "Elbow_L",
    "_objFlags": 0,
    "_parent": {
      "__id__": 54
    },
    "_children": [
      {
        "__id__": 56
      }
    ],
    "_active": true,
    "_components": [],
    "_prefab": {
      "__id__": 60
    },
    "_lpos": {
      "__type__": "cc.Vec3",
      "x": -0.005175452213734388,
      "y": 2.609024101251673e-17,
      "z": 0
    },
    "_lrot": {
      "__type__": "cc.Quat",
      "x": -5.91080184386076e-17,
      "y": 1.0108895088210743e-17,
      "z": 0.12233098131469163,
      "w": 0.9924893606535964
    },
    "_lscale": {
      "__type__": "cc.Vec3",
      "x": 1,
      "y": 1,
      "z": 1
    },
    "_layer": 1073741824,
    "_euler": {
      "__type__": "cc.Vec3",
      "x": -7.075895499609676e-15,
      "y": 2.0393118239621052e-15,
      "z": 14.053298599928233
    },
    "_id": ""
  },
  {
    "__type__": "cc.Node",
    "_name": "Wrist_L",
    "_objFlags": 0,
    "_parent": {
      "__id__": 55
    },
    "_children": [
      {
        "__id__": 57
      }
    ],
    "_active": true,
    "_components": [],
    "_prefab": {
      "__id__": 59
    },
    "_lpos": {
      "__type__": "cc.Vec3",
      "x": -0.005389300640672445,
      "y": 5.107026005919949e-17,
      "z": 1.776356799695581e-17
    },
    "_lrot": {
      "__type__": "cc.Quat",
      "x": -0.004768474014740153,
      "y": 0.012352902409124579,
      "z": 0.0011546335850644365,
      "w": 0.999911663237771
    },
    "_lscale": {
      "__type__": "cc.Vec3",
      "x": 1,
      "y": 1,
      "z": 1
    },
    "_layer": 1073741824,
    "_euler": {
      "__type__": "cc.Vec3",
      "x": -0.5480227017072393,
      "y": 1.4161918210299922,
      "z": 0.12554971732357223
    },
    "_id": ""
  },
  {
    "__type__": "cc.Node",
    "_name": "Cup_L",
    "_objFlags": 0,
    "_parent": {
      "__id__": 56
    },
    "_children": [],
    "_active": true,
    "_components": [],
    "_prefab": {
      "__id__": 58
    },
    "_lpos": {
      "__type__": "cc.Vec3",
      "x": -0.0033151672687381506,
      "y": -1.415534329927295e-16,
      "z": 0
    },
    "_lrot": {
      "__type__": "cc.Quat",
      "x": 0,
      "y": 0,
      "z": 0,
      "w": 1
    },
    "_lscale": {
      "__type__": "cc.Vec3",
      "x": 1,
      "y": 1,
      "z": 1
    },
    "_layer": 1073741824,
    "_euler": {
      "__type__": "cc.Vec3",
      "x": 0,
      "y": 0,
      "z": 0
    },
    "_id": ""
  },
  {
    "__type__": "cc.PrefabInfo",
    "root": {
      "__id__": 1
    },
    "asset": {
      "__id__": 0
    },
    "fileId": "f53HZnU3xeCLBedZ23Q2dN"
  },
  {
    "__type__": "cc.PrefabInfo",
    "root": {
      "__id__": 1
    },
    "asset": {
      "__id__": 0
    },
    "fileId": "3aFQmiKF1RW7bYWM8EJaYx"
  },
  {
    "__type__": "cc.PrefabInfo",
    "root": {
      "__id__": 1
    },
    "asset": {
      "__id__": 0
    },
    "fileId": "06Mvm/dwxd27621epI8bBi"
  },
  {
    "__type__": "cc.PrefabInfo",
    "root": {
      "__id__": 1
    },
    "asset": {
      "__id__": 0
    },
    "fileId": "cfqZ9wkddYgqVC14PY/bup"
  },
  {
    "__type__": "cc.PrefabInfo",
    "root": {
      "__id__": 1
    },
    "asset": {
      "__id__": 0
    },
    "fileId": "cbe5MB1z9e9qNt3TEZR3jm"
  },
  {
    "__type__": "cc.PrefabInfo",
    "root": {
      "__id__": 1
    },
    "asset": {
      "__id__": 0
    },
    "fileId": "cdFtoeyJ1W8rNorJ9ixHnr"
  },
  {
    "__type__": "cc.PrefabInfo",
    "root": {
      "__id__": 1
    },
    "asset": {
      "__id__": 0
    },
    "fileId": "49VouKq9dWHo7HZyQmQK38"
  },
  {
    "__type__": "cc.Node",
    "_name": "Hip_R",
    "_objFlags": 0,
    "_parent": {
      "__id__": 34
    },
    "_children": [
      {
        "__id__": 66
      }
    ],
    "_active": true,
    "_components": [],
    "_prefab": {
      "__id__": 74
    },
    "_lpos": {
      "__type__": "cc.Vec3",
      "x": -0.0005149218486621976,
      "y": -0.000035732064134208485,
      "z": -0.0025951904244720936
    },
    "_lrot": {
      "__type__": "cc.Quat",
      "x": -0.0013684586941045457,
      "y": 0.9999846538917857,
      "z": -0.00017622552207276294,
      "w": 0.0053654679472844545
    },
    "_lscale": {
      "__type__": "cc.Vec3",
      "x": 1,
      "y": 1,
      "z": 1
    },
    "_layer": 1073741824,
    "_euler": {
      "__type__": "cc.Vec3",
      "x": 0.019352340864127352,
      "y": 179.38518562853085,
      "z": -0.1569199549416445
    },
    "_id": ""
  },
  {
    "__type__": "cc.Node",
    "_name": "Knee_R",
    "_objFlags": 0,
    "_parent": {
      "__id__": 65
    },
    "_children": [
      {
        "__id__": 67
      }
    ],
    "_active": true,
    "_components": [],
    "_prefab": {
      "__id__": 73
    },
    "_lpos": {
      "__type__": "cc.Vec3",
      "x": 0.008524451404809952,
      "y": 1.2628998541375225e-11,
      "z": -5.551114999048691e-19
    },
    "_lrot": {
      "__type__": "cc.Quat",
      "x": -4.744012233962164e-17,
      "y": 2.0152111847500663e-17,
      "z": -0.03350002364301262,
      "w": 0.9994387166884808
    },
    "_lscale": {
      "__type__": "cc.Vec3",
      "x": 1,
      "y": 1,
      "z": 1
    },
    "_layer": 1073741824,
    "_euler": {
      "__type__": "cc.Vec3",
      "x": -5.3678741917621246e-15,
      "y": 2.130633891184074e-15,
      "z": -3.839538319810826
    },
    "_id": ""
  },
  {
    "__type__": "cc.Node",
    "_name": "Ankle_R",
    "_objFlags": 0,
    "_parent": {
      "__id__": 66
    },
    "_children": [
      {
        "__id__": 68
      }
    ],
    "_active": true,
    "_components": [],
    "_prefab": {
      "__id__": 72
    },
    "_lpos": {
      "__type__": "cc.Vec3",
      "x": 0.007810377050191164,
      "y": 1.1571134675425476e-11,
      "z": -8.311129630106558e-15
    },
    "_lrot": {
      "__type__": "cc.Quat",
      "x": 0.0005231972268350271,
      "y": 0.005401740730554813,
      "z": 0.05058017697477186,
      "w": 0.998705258401568
    },
    "_lscale": {
      "__type__": "cc.Vec3",
      "x": 1,
      "y": 1,
      "z": 1
    },
    "_layer": 1073741824,
    "_euler": {
      "__type__": "cc.Vec3",
      "x": 0.028714477331547906,
      "y": 0.6183360190684839,
      "z": 5.79877519893503
    },
    "_id": ""
  },
  {
    "__type__": "cc.Node",
    "_name": "Toes_R",
    "_objFlags": 0,
    "_parent": {
      "__id__": 67
    },
    "_children": [
      {
        "__id__": 69
      }
    ],
    "_active": true,
    "_components": [],
    "_prefab": {
      "__id__": 71
    },
    "_lpos": {
      "__type__": "cc.Vec3",
      "x": 0.002095116302371025,
      "y": 0.002573760924860835,
      "z": -1.1551194029069123e-11
    },
    "_lrot": {
      "__type__": "cc.Quat",
      "x": -0.0005855765799607817,
      "y": 0.0005394552157793537,
      "z": 0.6775491861260131,
      "w": 0.7354770332703235
    },
    "_lscale": {
      "__type__": "cc.Vec3",
      "x": 1,
      "y": 1,
      "z": 1
    },
    "_layer": 1073741824,
    "_euler": {
      "__type__": "cc.Vec3",
      "x": -1.1144865141882583,
      "y": 1.1107462304259765,
      "z": 85.3039958375585
    },
    "_id": ""
  },
  {
    "__type__": "cc.Node",
    "_name": "ToesEnd_R",
    "_objFlags": 0,
    "_parent": {
      "__id__": 68
    },
    "_children": [],
    "_active": true,
    "_components": [],
    "_prefab": {
      "__id__": 70
    },
    "_lpos": {
      "__type__": "cc.Vec3",
      "x": 0.0019366915803402662,
      "y": -1.9900747928164168e-16,
      "z": 3.063116871260263e-9
    },
    "_lrot": {
      "__type__": "cc.Quat",
      "x": 0,
      "y": 0,
      "z": 0,
      "w": 1
    },
    "_lscale": {
      "__type__": "cc.Vec3",
      "x": 1,
      "y": 1,
      "z": 1
    },
    "_layer": 1073741824,
    "_euler": {
      "__type__": "cc.Vec3",
      "x": 0,
      "y": 0,
      "z": 0
    },
    "_id": ""
  },
  {
    "__type__": "cc.PrefabInfo",
    "root": {
      "__id__": 1
    },
    "asset": {
      "__id__": 0
    },
    "fileId": "e4+y3TGrFf06S5yA4/g6Mp"
  },
  {
    "__type__": "cc.PrefabInfo",
    "root": {
      "__id__": 1
    },
    "asset": {
      "__id__": 0
    },
    "fileId": "5cAxh+Yixd87jLwdrqURSm"
  },
  {
    "__type__": "cc.PrefabInfo",
    "root": {
      "__id__": 1
    },
    "asset": {
      "__id__": 0
    },
    "fileId": "facFr29Y1dUbQ1DW0u4KM+"
  },
  {
    "__type__": "cc.PrefabInfo",
    "root": {
      "__id__": 1
    },
    "asset": {
      "__id__": 0
    },
    "fileId": "a6mZE+F7BQBIn85WRVC6pB"
  },
  {
    "__type__": "cc.PrefabInfo",
    "root": {
      "__id__": 1
    },
    "asset": {
      "__id__": 0
    },
    "fileId": "70RmV+c6hc5rkhkfHpJfTr"
  },
  {
    "__type__": "cc.Node",
    "_name": "Hip_L",
    "_objFlags": 0,
    "_parent": {
      "__id__": 34
    },
    "_children": [
      {
        "__id__": 76
      }
    ],
    "_active": true,
    "_components": [],
    "_prefab": {
      "__id__": 84
    },
    "_lpos": {
      "__type__": "cc.Vec3",
      "x": -0.0005149218486621976,
      "y": -0.000035732064134208485,
      "z": 0.0025951904244720936
    },
    "_lrot": {
      "__type__": "cc.Quat",
      "x": 0.9999846538908325,
      "y": 0.0013684593925951528,
      "z": -0.00536546794727934,
      "w": -0.00017622550752068012
    },
    "_lscale": {
      "__type__": "cc.Vec3",
      "x": 1,
      "y": 1,
      "z": 1
    },
    "_layer": 1073741824,
    "_euler": {
      "__type__": "cc.Vec3",
      "x": -179.9806476612328,
      "y": 0.6148143714585114,
      "z": 0.15692003497274723
    },
    "_id": ""
  },
  {
    "__type__": "cc.Node",
    "_name": "Knee_L",
    "_objFlags": 0,
    "_parent": {
      "__id__": 75
    },
    "_children": [
      {
        "__id__": 77
      }
    ],
    "_active": true,
    "_components": [],
    "_prefab": {
      "__id__": 83
    },
    "_lpos": {
      "__type__": "cc.Vec3",
      "x": -0.008524451404809952,
      "y": -1.2628998541375225e-11,
      "z": 4.630740134067574e-15
    },
    "_lrot": {
      "__type__": "cc.Quat",
      "x": -7.333235817325523e-18,
      "y": 3.304773204159373e-17,
      "z": -0.03350002364301262,
      "w": 0.9994387166884808
    },
    "_lscale": {
      "__type__": "cc.Vec3",
      "x": 1,
      "y": 1,
      "z": 1
    },
    "_layer": 1073741824,
    "_euler": {
      "__type__": "cc.Vec3",
      "x": -7.145948813869672e-16,
      "y": 3.7651655160728e-15,
      "z": -3.839538319810826
    },
    "_id": ""
  },
  {
    "__type__": "cc.Node",
    "_name": "Ankle_L",
    "_objFlags": 0,
    "_parent": {
      "__id__": 76
    },
    "_children": [
      {
        "__id__": 78
      }
    ],
    "_active": true,
    "_components": [],
    "_prefab": {
      "__id__": 82
    },
    "_lpos": {
      "__type__": "cc.Vec3",
      "x": -0.007810377050191164,
      "y": -1.1571218809514061e-11,
      "z": 1.2549961172006723e-14
    },
    "_lrot": {
      "__type__": "cc.Quat",
      "x": 0.0005231972268350271,
      "y": 0.005401740730554813,
      "z": 0.05058017697477186,
      "w": 0.998705258401568
    },
    "_lscale": {
      "__type__": "cc.Vec3",
      "x": 1,
      "y": 1,
      "z": 1
    },
    "_layer": 1073741824,
    "_euler": {
      "__type__": "cc.Vec3",
      "x": 0.028714477331547906,
      "y": 0.6183360190684839,
      "z": 5.79877519893503
    },
    "_id": ""
  },
  {
    "__type__": "cc.Node",
    "_name": "Toes_L",
    "_objFlags": 0,
    "_parent": {
      "__id__": 77
    },
    "_children": [
      {
        "__id__": 79
      }
    ],
    "_active": true,
    "_components": [],
    "_prefab": {
      "__id__": 81
    },
    "_lpos": {
      "__type__": "cc.Vec3",
      "x": -0.002095116302371025,
      "y": -0.002573760924860835,
      "z": 8.51770910748062e-12
    },
    "_lrot": {
      "__type__": "cc.Quat",
      "x": -0.0005849927574888355,
      "y": 0.0005389178429919117,
      "z": 0.6775491865538494,
      "w": 0.7354770337347383
    },
    "_lscale": {
      "__type__": "cc.Vec3",
      "x": 1,
      "y": 1,
      "z": 1
    },
    "_layer": 1073741824,
    "_euler": {
      "__type__": "cc.Vec3",
      "x": -1.1133760861696482,
      "y": 1.1096395693191319,
      "z": 85.30399759925989
    },
    "_id": ""
  },
  {
    "__type__": "cc.Node",
    "_name": "ToesEnd_L",
    "_objFlags": 0,
    "_parent": {
      "__id__": 78
    },
    "_children": [],
    "_active": true,
    "_components": [],
    "_prefab": {
      "__id__": 80
    },
    "_lpos": {
      "__type__": "cc.Vec3",
      "x": -0.0019366915803402662,
      "y": 4.163336249286518e-19,
      "z": 1.6754419032705137e-11
    },
    "_lrot": {
      "__type__": "cc.Quat",
      "x": 0,
      "y": 0,
      "z": 0,
      "w": 1
    },
    "_lscale": {
      "__type__": "cc.Vec3",
      "x": 1,
      "y": 1,
      "z": 1
    },
    "_layer": 1073741824,
    "_euler": {
      "__type__": "cc.Vec3",
      "x": 0,
      "y": 0,
      "z": 0
    },
    "_id": ""
  },
  {
    "__type__": "cc.PrefabInfo",
    "root": {
      "__id__": 1
    },
    "asset": {
      "__id__": 0
    },
    "fileId": "16lf7+8JhZc6BosfkCUxZS"
  },
  {
    "__type__": "cc.PrefabInfo",
    "root": {
      "__id__": 1
    },
    "asset": {
      "__id__": 0
    },
    "fileId": "68SeXCrbpVMpgdddOkPZi0"
  },
  {
    "__type__": "cc.PrefabInfo",
    "root": {
      "__id__": 1
    },
    "asset": {
      "__id__": 0
    },
    "fileId": "30wD5TYCJbH5a646Y1iOzn"
  },
  {
    "__type__": "cc.PrefabInfo",
    "root": {
      "__id__": 1
    },
    "asset": {
      "__id__": 0
    },
    "fileId": "44fHJ88zZXLrr3VkeAk1rm"
  },
  {
    "__type__": "cc.PrefabInfo",
    "root": {
      "__id__": 1
    },
    "asset": {
      "__id__": 0
    },
    "fileId": "9cCdP+dItYko4JzRCw6CDT"
  },
  {
    "__type__": "cc.PrefabInfo",
    "root": {
      "__id__": 1
    },
    "asset": {
      "__id__": 0
    },
    "fileId": "7eMYP0H/BRx72hP7djrw32"
  },
  {
    "__type__": "cc.SkeletalAnimation",
    "_name": "",
    "_objFlags": 0,
    "node": {
      "__id__": 1
    },
    "_enabled": true,
    "__prefab": {
      "__id__": 87
    },
    "playOnLoad": false,
    "_clips": [],
    "_defaultClip": null,
    "_useBakedAnimation": true,
    "_sockets": [],
    "_id": ""
  },
  {
    "__type__": "cc.CompPrefabInfo",
    "fileId": "6beusS5XhRk6C3UMCGhlyQ"
  },
  {
    "__type__": "cc.PrefabInfo",
    "root": {
      "__id__": 1
    },
    "asset": {
      "__id__": 0
    },
    "fileId": "31V15glnZWYpbSAGP6nFTR"
  }
]