{
  "__type__": "cc.Mesh",
  "_name": "",
  "_objFlags": 0,
  "_native": ".bin",
  "_struct": {
    "primitives": [
      {
        "primitiveMode": 7,
        "jointMapIndex": 0,
        "vertexBundelIndices": [
          0
        ],
        "indexView": {
          "offset": 177528,
          "length": 15720,
          "count": 3930,
          "stride": 4
        }
      }
    ],
    "vertexBundles": [
      {
        "view": {
          "offset": 0,
          "length": 177528,
          "count": 1707,
          "stride": 104
        },
        "attributes": [
          {
            "name": "a_position",
            "format": 32,
            "isNormalized": false
          },
          {
            "name": "a_normal",
            "format": 32,
            "isNormalized": false
          },
          {
            "name": "a_texCoord",
            "format": 21,
            "isNormalized": false
          },
          {
            "name": "a_tangent",
            "format": 44,
            "isNormalized": false
          },
          {
            "name": "a_joints",
            "format": 42,
            "isNormalized": false
          },
          {
            "name": "a_weights",
            "format": 44,
            "isNormalized": false
          },
          {
            "name": "a_color",
            "format": 44,
            "isNormalized": false
          }
        ]
      }
    ],
    "minPosition": {
      "__type__": "cc.Vec3",
      "x": 0.0052187382243573666,
      "y": 0.013759857043623924,
      "z": -0.0026513622142374516
    },
    "maxPosition": {
      "__type__": "cc.Vec3",
      "x": 0.012421954423189163,
      "y": 0.031045904383063316,
      "z": 0.002567094285041094
    },
    "jointMaps": [
      [
        0,
        2,
        3,
        4,
        5
      ]
    ]
  },
  "_hash": 1990312257
}