{
  "__type__": "cc.Mesh",
  "_name": "",
  "_objFlags": 0,
  "_native": ".bin",
  "_struct": {
    "primitives": [
      {
        "primitiveMode": 7,
        "jointMapIndex": 0,
        "vertexBundelIndices": [
          0
        ],
        "indexView": {
          "offset": 134992,
          "length": 11484,
          "count": 2871,
          "stride": 4
        }
      }
    ],
    "vertexBundles": [
      {
        "view": {
          "offset": 0,
          "length": 134992,
          "count": 1298,
          "stride": 104
        },
        "attributes": [
          {
            "name": "a_position",
            "format": 32,
            "isNormalized": false
          },
          {
            "name": "a_normal",
            "format": 32,
            "isNormalized": false
          },
          {
            "name": "a_texCoord",
            "format": 21,
            "isNormalized": false
          },
          {
            "name": "a_tangent",
            "format": 44,
            "isNormalized": false
          },
          {
            "name": "a_joints",
            "format": 42,
            "isNormalized": false
          },
          {
            "name": "a_weights",
            "format": 44,
            "isNormalized": false
          },
          {
            "name": "a_color",
            "format": 44,
            "isNormalized": false
          }
        ]
      }
    ],
    "minPosition": {
      "__type__": "cc.Vec3",
      "x": -0.0022972968872636557,
      "y": 0.02978137694299221,
      "z": -0.002426315099000931
    },
    "maxPosition": {
      "__type__": "cc.Vec3",
      "x": 0.0022972968872636557,
      "y": 0.03558448702096939,
      "z": 0.0018108341610059142
    },
    "jointMaps": [
      [
        0,
        1,
        2,
        3,
        4,
        5
      ]
    ]
  },
  "_hash": 828392662
}