{
  "__type__": "cc.TextAsset",
  "_name": "Direction Boom.atlas",
  "_objFlags": 0,
  "_native": "",
  "text": "\nDirection Boom.png\nsize: 1164, 568\nformat: RGBA8888\nfilter: Linear, Linear\nrepeat: none\n01/Bomb\n  rotate: true\n  xy: 121, 6\n  size: 94, 123\n  orig: 94, 123\n  offset: 0, 0\n  index: -1\n01/Boom_part01\n  rotate: false\n  xy: 753, 38\n  size: 72, 76\n  orig: 72, 76\n  offset: 0, 0\n  index: -1\n01/Boom_part02\n  rotate: false\n  xy: 6, 17\n  size: 82, 80\n  orig: 82, 80\n  offset: 0, 0\n  index: -1\n01/striper\n  rotate: false\n  xy: 1011, 160\n  size: 70, 70\n  orig: 70, 70\n  offset: 0, 0\n  index: -1\n02/Bomb\n  rotate: true\n  xy: 250, 6\n  size: 94, 123\n  orig: 94, 123\n  offset: 0, 0\n  index: -1\n02/Boom_part01\n  rotate: false\n  xy: 831, 38\n  size: 72, 76\n  orig: 72, 76\n  offset: 0, 0\n  index: -1\n02/Boom_part02\n  rotate: false\n  xy: 1045, 335\n  size: 82, 80\n  orig: 82, 80\n  offset: 0, 0\n  index: -1\n02/striper\n  rotate: false\n  xy: 1087, 181\n  size: 70, 70\n  orig: 70, 70\n  offset: 0, 0\n  index: -1\n03/Bomb\n  rotate: false\n  xy: 379, 13\n  size: 94, 123\n  orig: 94, 123\n  offset: 0, 0\n  index: -1\n03/Boom_part01\n  rotate: false\n  xy: 909, 38\n  size: 72, 76\n  orig: 72, 76\n  offset: 0, 0\n  index: -1\n03/Boom_part02\n  rotate: false\n  xy: 757, 206\n  size: 82, 80\n  orig: 82, 80\n  offset: 0, 0\n  index: -1\n03/striper\n  rotate: false\n  xy: 1087, 105\n  size: 70, 70\n  orig: 70, 70\n  offset: 0, 0\n  index: -1\n04/Bomb\n  rotate: true\n  xy: 624, 38\n  size: 94, 123\n  orig: 94, 123\n  offset: 0, 0\n  index: -1\n04/Boom_part01\n  rotate: true\n  xy: 938, 236\n  size: 72, 76\n  orig: 72, 76\n  offset: 0, 0\n  index: -1\n04/Boom_part02\n  rotate: false\n  xy: 845, 206\n  size: 82, 80\n  orig: 82, 80\n  offset: 0, 0\n  index: -1\n04/striper\n  rotate: false\n  xy: 1011, 84\n  size: 70, 70\n  orig: 70, 70\n  offset: 0, 0\n  index: -1\n05/Bomb\n  rotate: false\n  xy: 738, 292\n  size: 94, 123\n  orig: 94, 123\n  offset: 0, 0\n  index: -1\n05/Boom_part01\n  rotate: false\n  xy: 933, 154\n  size: 72, 76\n  orig: 72, 76\n  offset: 0, 0\n  index: -1\n05/Boom_part02\n  rotate: false\n  xy: 757, 120\n  size: 82, 80\n  orig: 82, 80\n  offset: 0, 0\n  index: -1\n05/striper\n  rotate: false\n  xy: 987, 8\n  size: 70, 70\n  orig: 70, 70\n  offset: 0, 0\n  index: -1\n06/Bomb\n  rotate: false\n  xy: 838, 292\n  size: 94, 123\n  orig: 94, 123\n  offset: 0, 0\n  index: -1\n06/Boom_part01\n  rotate: true\n  xy: 1045, 257\n  size: 72, 76\n  orig: 72, 76\n  offset: 0, 0\n  index: -1\n06/Boom_part02\n  rotate: false\n  xy: 845, 120\n  size: 82, 80\n  orig: 82, 80\n  offset: 0, 0\n  index: -1\n06/striper\n  rotate: false\n  xy: 1063, 8\n  size: 70, 70\n  orig: 70, 70\n  offset: 0, 0\n  index: -1\narrow\n  rotate: false\n  xy: 293, 142\n  size: 184, 109\n  orig: 184, 109\n  offset: 0, 0\n  index: -1\nborder\n  rotate: false\n  xy: 618, 272\n  size: 114, 136\n  orig: 114, 136\n  offset: 0, 0\n  index: -1\nele_01\n  rotate: true\n  xy: 632, 425\n  size: 137, 168\n  orig: 137, 168\n  offset: 0, 0\n  index: -1\nele_03\n  rotate: true\n  xy: 121, 106\n  size: 138, 162\n  orig: 138, 162\n  offset: 0, 0\n  index: -1\nele_05\n  rotate: false\n  xy: 121, 409\n  size: 166, 153\n  orig: 166, 153\n  offset: 0, 0\n  index: -1\nele_06\n  rotate: false\n  xy: 121, 250\n  size: 166, 153\n  orig: 166, 153\n  offset: 0, 0\n  index: -1\nele_08\n  rotate: false\n  xy: 293, 415\n  size: 166, 147\n  orig: 166, 147\n  offset: 0, 0\n  index: -1\nele_10\n  rotate: false\n  xy: 806, 421\n  size: 158, 141\n  orig: 158, 141\n  offset: 0, 0\n  index: -1\nele_11\n  rotate: false\n  xy: 970, 421\n  size: 158, 141\n  orig: 158, 141\n  offset: 0, 0\n  index: -1\nele_13\n  rotate: false\n  xy: 465, 414\n  size: 161, 148\n  orig: 161, 148\n  offset: 0, 0\n  index: -1\nele_17\n  rotate: false\n  xy: 293, 257\n  size: 161, 152\n  orig: 161, 152\n  offset: 0, 0\n  index: -1\nele_19\n  rotate: true\n  xy: 460, 264\n  size: 144, 152\n  orig: 144, 152\n  offset: 0, 0\n  index: -1\nglow\n  rotate: false\n  xy: 623, 138\n  size: 128, 128\n  orig: 128, 128\n  offset: 0, 0\n  index: -1\nimpact\n  rotate: false\n  xy: 938, 314\n  size: 101, 101\n  orig: 101, 101\n  offset: 0, 0\n  index: -1\nmuzzle\n  rotate: true\n  xy: 479, 26\n  size: 92, 139\n  orig: 92, 139\n  offset: 0, 0\n  index: -1\nradial\n  rotate: false\n  xy: 483, 124\n  size: 134, 134\n  orig: 134, 134\n  offset: 0, 0\n  index: -1\ntrail01\n  rotate: false\n  xy: 6, 103\n  size: 109, 459\n  orig: 109, 459\n  offset: 0, 0\n  index: -1\n"
}