{
  "__type__": "cc.Material",
  "_name": "",
  "_objFlags": 0,
  "_native": "",
  "_effectAsset": {
    "__uuid__": "d1346436-ac96-4271-b863-1f4fdead95b0",
    "__expectedType__": "cc.EffectAsset"
  },
  "_techIdx": "1",
  "_defines": [
    {}
  ],
  "_states": [
    {
      "rasterizerState": {},
      "depthStencilState": {},
      "blendState": {
        "targets": [
          {}
        ]
      }
    }
  ],
  "_props": [
    {
      "mainTexture": {
        "__uuid__": "a6384a7d-7bca-4c73-bbac-7e68d7e04593@6c48a",
        "__expectedType__": "cc.Texture2D"
      },
      "tintColor": {
        "__type__": "cc.Color",
        "r": 255,
        "g": 255,
        "b": 255,
        "a": 127
      }
    }
  ]
}