{
  "__type__": "cc.Mesh",
  "_name": "",
  "_objFlags": 0,
  "_native": ".bin",
  "_struct": {
    "primitives": [
      {
        "primitiveMode": 7,
        "jointMapIndex": 0,
        "vertexBundelIndices": [
          0
        ],
        "indexView": {
          "offset": 86976,
          "length": 10536,
          "count": 2634,
          "stride": 4
        }
      }
    ],
    "vertexBundles": [
      {
        "view": {
          "offset": 0,
          "length": 86976,
          "count": 1208,
          "stride": 72
        },
        "attributes": [
          {
            "name": "a_position",
            "format": 32,
            "isNormalized": false
          },
          {
            "name": "a_normal",
            "format": 32,
            "isNormalized": false
          },
          {
            "name": "a_texCoord",
            "format": 21,
            "isNormalized": false
          },
          {
            "name": "a_tangent",
            "format": 44,
            "isNormalized": false
          },
          {
            "name": "a_joints",
            "format": 42,
            "isNormalized": false
          },
          {
            "name": "a_weights",
            "format": 44,
            "isNormalized": false
          }
        ]
      }
    ],
    "minPosition": {
      "__type__": "cc.Vec3",
      "x": 0.0009535561548545957,
      "y": -7.370608123835609e-9,
      "z": -0.003799456637352705
    },
    "maxPosition": {
      "__type__": "cc.Vec3",
      "x": 0.005842541344463825,
      "y": 0.01962107978761196,
      "z": 0.0028437741566449404
    },
    "jointMaps": [
      [
        0,
        1,
        2,
        3,
        20
      ]
    ]
  },
  "_hash": 1802743759
}