[
  {
    "__type__": "cc.Prefab",
    "_name": "",
    "_objFlags": 0,
    "_native": "",
    "data": {
      "__id__": 1
    },
    "optimizationPolicy": 0,
    "persistent": false
  },
  {
    "__type__": "cc.Node",
    "_name": "Robot_melee10_base",
    "_objFlags": 0,
    "_parent": null,
    "_children": [
      {
        "__id__": 2
      },
      {
        "__id__": 54
      }
    ],
    "_active": true,
    "_components": [
      {
        "__id__": 96
      }
    ],
    "_prefab": {
      "__id__": 98
    },
    "_lpos": {
      "__type__": "cc.Vec3",
      "x": 0,
      "y": 0,
      "z": 0
    },
    "_lrot": {
      "__type__": "cc.Quat",
      "x": 0,
      "y": 0,
      "z": 0,
      "w": 1
    },
    "_lscale": {
      "__type__": "cc.Vec3",
      "x": 1,
      "y": 1,
      "z": 1
    },
    "_layer": 1073741824,
    "_euler": {
      "__type__": "cc.Vec3",
      "x": 0,
      "y": 0,
      "z": 0
    },
    "_id": ""
  },
  {
    "__type__": "cc.Node",
    "_name": "Root_M",
    "_objFlags": 0,
    "_parent": {
      "__id__": 1
    },
    "_children": [
      {
        "__id__": 3
      },
      {
        "__id__": 33
      },
      {
        "__id__": 43
      }
    ],
    "_active": true,
    "_components": [],
    "_prefab": {
      "__id__": 53
    },
    "_lpos": {
      "__type__": "cc.Vec3",
      "x": 3.7055132352355554e-19,
      "y": 0.019516220316290855,
      "z": 0.00017755031876731664
    },
    "_lrot": {
      "__type__": "cc.Quat",
      "x": 0.507803838505377,
      "y": 0.49207241499519655,
      "z": 0.507803838505377,
      "w": 0.49207241499519655
    },
    "_lscale": {
      "__type__": "cc.Vec3",
      "x": 1,
      "y": 1,
      "z": 1
    },
    "_layer": 1073741824,
    "_euler": {
      "__type__": "cc.Vec3",
      "x": 180,
      "y": -90,
      "z": 88.1972372917958
    },
    "_id": ""
  },
  {
    "__type__": "cc.Node",
    "_name": "Spine1_M",
    "_objFlags": 0,
    "_parent": {
      "__id__": 2
    },
    "_children": [
      {
        "__id__": 4
      }
    ],
    "_active": true,
    "_components": [],
    "_prefab": {
      "__id__": 32
    },
    "_lpos": {
      "__type__": "cc.Vec3",
      "x": 0.005334464367479086,
      "y": -1.734723475976807e-18,
      "z": 4.299679912665751e-19
    },
    "_lrot": {
      "__type__": "cc.Quat",
      "x": 2.1271160548415487e-31,
      "y": -7.387287067052785e-18,
      "z": 0.014618982679226592,
      "w": 0.999893136962858
    },
    "_lscale": {
      "__type__": "cc.Vec3",
      "x": 1,
      "y": 1,
      "z": 1
    },
    "_layer": 1073741824,
    "_euler": {
      "__type__": "cc.Vec3",
      "x": 1.2380563880610636e-17,
      "y": -8.467922240252193e-16,
      "z": 1.6752716918878972
    },
    "_id": ""
  },
  {
    "__type__": "cc.Node",
    "_name": "Chest_M",
    "_objFlags": 0,
    "_parent": {
      "__id__": 3
    },
    "_children": [
      {
        "__id__": 5
      },
      {
        "__id__": 11
      },
      {
        "__id__": 21
      }
    ],
    "_active": true,
    "_components": [],
    "_prefab": {
      "__id__": 31
    },
    "_lpos": {
      "__type__": "cc.Vec3",
      "x": 0.0024785464629530907,
      "y": 4.5796701585585055e-18,
      "z": -1.2831691984992892e-18
    },
    "_lrot": {
      "__type__": "cc.Quat",
      "x": -9.49830208270153e-33,
      "y": 7.54892463334064e-18,
      "z": -0.01493885351669035,
      "w": 0.9998884091015391
    },
    "_lscale": {
      "__type__": "cc.Vec3",
      "x": 1,
      "y": 1,
      "z": 1
    },
    "_layer": 1073741824,
    "_euler": {
      "__type__": "cc.Vec3",
      "x": 1.2928521800077017e-17,
      "y": 8.653327432571688e-16,
      "z": -1.711930193624262
    },
    "_id": ""
  },
  {
    "__type__": "cc.Node",
    "_name": "Neck_M",
    "_objFlags": 0,
    "_parent": {
      "__id__": 4
    },
    "_children": [
      {
        "__id__": 6
      }
    ],
    "_active": true,
    "_components": [],
    "_prefab": {
      "__id__": 10
    },
    "_lpos": {
      "__type__": "cc.Vec3",
      "x": 0.002714349888265133,
      "y": -9.57567355430475e-18,
      "z": 8.572243914273824e-18
    },
    "_lrot": {
      "__type__": "cc.Quat",
      "x": 2.334849548498401e-33,
      "y": 1.210279147626834e-32,
      "z": -0.18942549962218294,
      "w": 0.9818950962770342
    },
    "_lscale": {
      "__type__": "cc.Vec3",
      "x": 1,
      "y": 1,
      "z": 1
    },
    "_layer": 1073741824,
    "_euler": {
      "__type__": "cc.Vec3",
      "x": 5.66041439480744e-31,
      "y": 1.5216497485115417e-30,
      "z": -21.83851784031204
    },
    "_id": ""
  },
  {
    "__type__": "cc.Node",
    "_name": "Head_M",
    "_objFlags": 0,
    "_parent": {
      "__id__": 5
    },
    "_children": [
      {
        "__id__": 7
      }
    ],
    "_active": true,
    "_components": [],
    "_prefab": {
      "__id__": 9
    },
    "_lpos": {
      "__type__": "cc.Vec3",
      "x": 0.002050594659522176,
      "y": -1.1102230411687688e-17,
      "z": -1.1397885028539148e-18
    },
    "_lrot": {
      "__type__": "cc.Quat",
      "x": 1.3712628330747433e-33,
      "y": -7.748182116840672e-33,
      "z": 0.17427049577586698,
      "w": 0.9846978187759095
    },
    "_lscale": {
      "__type__": "cc.Vec3",
      "x": 1,
      "y": 1,
      "z": 1
    },
    "_layer": 1073741824,
    "_euler": {
      "__type__": "cc.Vec3",
      "x": 3.2947363714137558e-31,
      "y": -9.59983646203496e-31,
      "z": 20.07241655059164
    },
    "_id": ""
  },
  {
    "__type__": "cc.Node",
    "_name": "HeadEnd_M",
    "_objFlags": 0,
    "_parent": {
      "__id__": 6
    },
    "_children": [],
    "_active": true,
    "_components": [],
    "_prefab": {
      "__id__": 8
    },
    "_lpos": {
      "__type__": "cc.Vec3",
      "x": 0.002823290415108204,
      "y": 5.377642816887133e-19,
      "z": 2.8810669715948983e-19
    },
    "_lrot": {
      "__type__": "cc.Quat",
      "x": 0,
      "y": 0,
      "z": 0,
      "w": 1
    },
    "_lscale": {
      "__type__": "cc.Vec3",
      "x": 1,
      "y": 1,
      "z": 1
    },
    "_layer": 1073741824,
    "_euler": {
      "__type__": "cc.Vec3",
      "x": 0,
      "y": 0,
      "z": 0
    },
    "_id": ""
  },
  {
    "__type__": "cc.PrefabInfo",
    "root": {
      "__id__": 1
    },
    "asset": {
      "__id__": 0
    },
    "fileId": "22NkfXYSFYJYRQZ2zn50xT"
  },
  {
    "__type__": "cc.PrefabInfo",
    "root": {
      "__id__": 1
    },
    "asset": {
      "__id__": 0
    },
    "fileId": "e390r2GN9SN4uWjPiBhrUI"
  },
  {
    "__type__": "cc.PrefabInfo",
    "root": {
      "__id__": 1
    },
    "asset": {
      "__id__": 0
    },
    "fileId": "86bbi+I6FVTLRbfDOoPW3U"
  },
  {
    "__type__": "cc.Node",
    "_name": "Scapula_R",
    "_objFlags": 0,
    "_parent": {
      "__id__": 4
    },
    "_children": [
      {
        "__id__": 12
      }
    ],
    "_active": true,
    "_components": [],
    "_prefab": {
      "__id__": 20
    },
    "_lpos": {
      "__type__": "cc.Vec3",
      "x": 0.0011061389232054353,
      "y": -0.0006425591418519616,
      "z": -0.003000000026077032
    },
    "_lrot": {
      "__type__": "cc.Quat",
      "x": 0.011006418236851384,
      "y": 0.7112698310246427,
      "z": -0.010875604672522158,
      "w": 0.7027487513007612
    },
    "_lscale": {
      "__type__": "cc.Vec3",
      "x": 1,
      "y": 1,
      "z": 1
    },
    "_layer": 1073741824,
    "_euler": {
      "__type__": "cc.Vec3",
      "x": 1.7730415728863935,
      "y": 90.69020757969066,
      "z": 0.021281444783464887
    },
    "_id": ""
  },
  {
    "__type__": "cc.Node",
    "_name": "Shoulder_R",
    "_objFlags": 0,
    "_parent": {
      "__id__": 11
    },
    "_children": [
      {
        "__id__": 13
      }
    ],
    "_active": true,
    "_components": [],
    "_prefab": {
      "__id__": 19
    },
    "_lpos": {
      "__type__": "cc.Vec3",
      "x": 0.002950000111013651,
      "y": 2.9599587517625207e-16,
      "z": 4.440891999238953e-18
    },
    "_lrot": {
      "__type__": "cc.Quat",
      "x": -0.036766301506691725,
      "y": 0.6917510565886625,
      "z": -0.038273904125047865,
      "w": 0.7201831871440867
    },
    "_lscale": {
      "__type__": "cc.Vec3",
      "x": 1,
      "y": 1,
      "z": 1
    },
    "_layer": 1073741824,
    "_euler": {
      "__type__": "cc.Vec3",
      "x": -0.0002833286279134703,
      "y": 87.69276567497838,
      "z": -6.0844785186711885
    },
    "_id": ""
  },
  {
    "__type__": "cc.Node",
    "_name": "Elbow_R",
    "_objFlags": 0,
    "_parent": {
      "__id__": 12
    },
    "_children": [
      {
        "__id__": 14
      }
    ],
    "_active": true,
    "_components": [],
    "_prefab": {
      "__id__": 18
    },
    "_lpos": {
      "__type__": "cc.Vec3",
      "x": 0.005175452213734388,
      "y": -5.828670614584276e-17,
      "z": -2.2204459996194763e-18
    },
    "_lrot": {
      "__type__": "cc.Quat",
      "x": -7.709045863072825e-19,
      "y": 8.488711171147105e-19,
      "z": 0.12233098131469163,
      "w": 0.9924893606535964
    },
    "_lscale": {
      "__type__": "cc.Vec3",
      "x": 1,
      "y": 1,
      "z": 1
    },
    "_layer": 1073741824,
    "_euler": {
      "__type__": "cc.Vec3",
      "x": -1.0264744435556117e-16,
      "y": 1.1066156643491841e-16,
      "z": 14.053298599928233
    },
    "_id": ""
  },
  {
    "__type__": "cc.Node",
    "_name": "Wrist_R",
    "_objFlags": 0,
    "_parent": {
      "__id__": 13
    },
    "_children": [
      {
        "__id__": 15
      }
    ],
    "_active": true,
    "_components": [],
    "_prefab": {
      "__id__": 17
    },
    "_lpos": {
      "__type__": "cc.Vec3",
      "x": 0.005389300640672445,
      "y": -6.272760062662355e-17,
      "z": -7.77156120546332e-18
    },
    "_lrot": {
      "__type__": "cc.Quat",
      "x": -0.004768474014740153,
      "y": 0.012352902409124579,
      "z": 0.0011546335850644365,
      "w": 0.999911663237771
    },
    "_lscale": {
      "__type__": "cc.Vec3",
      "x": 1,
      "y": 1,
      "z": 1
    },
    "_layer": 1073741824,
    "_euler": {
      "__type__": "cc.Vec3",
      "x": -0.5480227017072393,
      "y": 1.4161918210299922,
      "z": 0.12554971732357223
    },
    "_id": ""
  },
  {
    "__type__": "cc.Node",
    "_name": "Cup_R",
    "_objFlags": 0,
    "_parent": {
      "__id__": 14
    },
    "_children": [],
    "_active": true,
    "_components": [],
    "_prefab": {
      "__id__": 16
    },
    "_lpos": {
      "__type__": "cc.Vec3",
      "x": 0.0033151672687381506,
      "y": 5.218048202503346e-17,
      "z": -2.2204459996194763e-18
    },
    "_lrot": {
      "__type__": "cc.Quat",
      "x": 0,
      "y": 0,
      "z": 0,
      "w": 1
    },
    "_lscale": {
      "__type__": "cc.Vec3",
      "x": 1,
      "y": 1,
      "z": 1
    },
    "_layer": 1073741824,
    "_euler": {
      "__type__": "cc.Vec3",
      "x": 0,
      "y": 0,
      "z": 0
    },
    "_id": ""
  },
  {
    "__type__": "cc.PrefabInfo",
    "root": {
      "__id__": 1
    },
    "asset": {
      "__id__": 0
    },
    "fileId": "c0rxMJQf9appdCMa/CS6Z/"
  },
  {
    "__type__": "cc.PrefabInfo",
    "root": {
      "__id__": 1
    },
    "asset": {
      "__id__": 0
    },
    "fileId": "e7S0SaOR5fBJgBZzuwzmn8"
  },
  {
    "__type__": "cc.PrefabInfo",
    "root": {
      "__id__": 1
    },
    "asset": {
      "__id__": 0
    },
    "fileId": "6dVJQt1OVSuLPFyM3cOypU"
  },
  {
    "__type__": "cc.PrefabInfo",
    "root": {
      "__id__": 1
    },
    "asset": {
      "__id__": 0
    },
    "fileId": "daVbzDq6JdMYGzr4ZqVnMv"
  },
  {
    "__type__": "cc.PrefabInfo",
    "root": {
      "__id__": 1
    },
    "asset": {
      "__id__": 0
    },
    "fileId": "fcWUBjQodSKbZz0AIwKivo"
  },
  {
    "__type__": "cc.Node",
    "_name": "Scapula_L",
    "_objFlags": 0,
    "_parent": {
      "__id__": 4
    },
    "_children": [
      {
        "__id__": 22
      }
    ],
    "_active": true,
    "_components": [],
    "_prefab": {
      "__id__": 30
    },
    "_lpos": {
      "__type__": "cc.Vec3",
      "x": 0.0011061389232054353,
      "y": -0.0006425591418519616,
      "z": 0.003000000026077032
    },
    "_lrot": {
      "__type__": "cc.Quat",
      "x": 0.7112698310319335,
      "y": -0.011006417305641662,
      "z": -0.7027487513079647,
      "w": -0.010875604672633637
    },
    "_lscale": {
      "__type__": "cc.Vec3",
      "x": 1,
      "y": 1,
      "z": 1
    },
    "_layer": 1073741824,
    "_euler": {
      "__type__": "cc.Vec3",
      "x": -178.2269585021126,
      "y": 89.30979241912084,
      "z": -0.021281368875969202
    },
    "_id": ""
  },
  {
    "__type__": "cc.Node",
    "_name": "Shoulder_L",
    "_objFlags": 0,
    "_parent": {
      "__id__": 21
    },
    "_children": [
      {
        "__id__": 23
      }
    ],
    "_active": true,
    "_components": [],
    "_prefab": {
      "__id__": 29
    },
    "_lpos": {
      "__type__": "cc.Vec3",
      "x": -0.0029548665042966604,
      "y": 2.608999682962576e-9,
      "z": 4.440891999238953e-18
    },
    "_lrot": {
      "__type__": "cc.Quat",
      "x": -0.03676631640867874,
      "y": 0.6917510566042027,
      "z": -0.03827388922474663,
      "w": 0.7201831871602655
    },
    "_lscale": {
      "__type__": "cc.Vec3",
      "x": 1,
      "y": 1,
      "z": 1
    },
    "_layer": 1073741824,
    "_euler": {
      "__type__": "cc.Vec3",
      "x": -0.0002857532309027007,
      "y": 87.69276554611803,
      "z": -6.084478470121346
    },
    "_id": ""
  },
  {
    "__type__": "cc.Node",
    "_name": "Elbow_L",
    "_objFlags": 0,
    "_parent": {
      "__id__": 22
    },
    "_children": [
      {
        "__id__": 24
      }
    ],
    "_active": true,
    "_components": [],
    "_prefab": {
      "__id__": 28
    },
    "_lpos": {
      "__type__": "cc.Vec3",
      "x": -0.005175452213734388,
      "y": 2.609024101251673e-17,
      "z": 0
    },
    "_lrot": {
      "__type__": "cc.Quat",
      "x": -7.639352792941652e-19,
      "y": -7.668803008362496e-19,
      "z": 0.12233098131469163,
      "w": 0.9924893606535964
    },
    "_lscale": {
      "__type__": "cc.Vec3",
      "x": 1,
      "y": 1,
      "z": 1
    },
    "_layer": 1073741824,
    "_euler": {
      "__type__": "cc.Vec3",
      "x": -7.848178543085077e-17,
      "y": -7.886961667845593e-17,
      "z": 14.053298599928233
    },
    "_id": ""
  },
  {
    "__type__": "cc.Node",
    "_name": "Wrist_L",
    "_objFlags": 0,
    "_parent": {
      "__id__": 23
    },
    "_children": [
      {
        "__id__": 25
      }
    ],
    "_active": true,
    "_components": [],
    "_prefab": {
      "__id__": 27
    },
    "_lpos": {
      "__type__": "cc.Vec3",
      "x": -0.005389300640672445,
      "y": 5.107026005919949e-17,
      "z": 1.6653346031121838e-17
    },
    "_lrot": {
      "__type__": "cc.Quat",
      "x": -0.004768474014740153,
      "y": 0.012352902409124579,
      "z": 0.0011546335850644365,
      "w": 0.999911663237771
    },
    "_lscale": {
      "__type__": "cc.Vec3",
      "x": 1,
      "y": 1,
      "z": 1
    },
    "_layer": 1073741824,
    "_euler": {
      "__type__": "cc.Vec3",
      "x": -0.5480227017072393,
      "y": 1.4161918210299922,
      "z": 0.12554971732357223
    },
    "_id": ""
  },
  {
    "__type__": "cc.Node",
    "_name": "Cup_L",
    "_objFlags": 0,
    "_parent": {
      "__id__": 24
    },
    "_children": [],
    "_active": true,
    "_components": [],
    "_prefab": {
      "__id__": 26
    },
    "_lpos": {
      "__type__": "cc.Vec3",
      "x": -0.0033151672687381506,
      "y": -1.4099832200981251e-16,
      "z": 1.1102229998097382e-18
    },
    "_lrot": {
      "__type__": "cc.Quat",
      "x": 0,
      "y": 0,
      "z": 0,
      "w": 1
    },
    "_lscale": {
      "__type__": "cc.Vec3",
      "x": 1,
      "y": 1,
      "z": 1
    },
    "_layer": 1073741824,
    "_euler": {
      "__type__": "cc.Vec3",
      "x": 0,
      "y": 0,
      "z": 0
    },
    "_id": ""
  },
  {
    "__type__": "cc.PrefabInfo",
    "root": {
      "__id__": 1
    },
    "asset": {
      "__id__": 0
    },
    "fileId": "65SFf9fAlTZqEpwibNyqgX"
  },
  {
    "__type__": "cc.PrefabInfo",
    "root": {
      "__id__": 1
    },
    "asset": {
      "__id__": 0
    },
    "fileId": "9b+Q4g5pFWGJ8tDd9FKTnm"
  },
  {
    "__type__": "cc.PrefabInfo",
    "root": {
      "__id__": 1
    },
    "asset": {
      "__id__": 0
    },
    "fileId": "b7JuKtMBtZfJ4AvGzmA39G"
  },
  {
    "__type__": "cc.PrefabInfo",
    "root": {
      "__id__": 1
    },
    "asset": {
      "__id__": 0
    },
    "fileId": "29b9ynMdtZwo7vesgzLN1d"
  },
  {
    "__type__": "cc.PrefabInfo",
    "root": {
      "__id__": 1
    },
    "asset": {
      "__id__": 0
    },
    "fileId": "acZAK84INakIPVo+a1K2Di"
  },
  {
    "__type__": "cc.PrefabInfo",
    "root": {
      "__id__": 1
    },
    "asset": {
      "__id__": 0
    },
    "fileId": "2eogv7Zkdc55QMdSAobLA+"
  },
  {
    "__type__": "cc.PrefabInfo",
    "root": {
      "__id__": 1
    },
    "asset": {
      "__id__": 0
    },
    "fileId": "589xX4MMtc7Zi9GWbvoIkE"
  },
  {
    "__type__": "cc.Node",
    "_name": "Hip_R",
    "_objFlags": 0,
    "_parent": {
      "__id__": 2
    },
    "_children": [
      {
        "__id__": 34
      }
    ],
    "_active": true,
    "_components": [],
    "_prefab": {
      "__id__": 42
    },
    "_lpos": {
      "__type__": "cc.Vec3",
      "x": -0.0005149218486621976,
      "y": -0.000035732064134208485,
      "z": -0.0025951904244720936
    },
    "_lrot": {
      "__type__": "cc.Quat",
      "x": -0.0013684586941045457,
      "y": 0.9999846538917857,
      "z": -0.00017622552207276294,
      "w": 0.0053654679472844545
    },
    "_lscale": {
      "__type__": "cc.Vec3",
      "x": 1,
      "y": 1,
      "z": 1
    },
    "_layer": 1073741824,
    "_euler": {
      "__type__": "cc.Vec3",
      "x": 0.019352340864127352,
      "y": 179.38518562853085,
      "z": -0.1569199549416445
    },
    "_id": ""
  },
  {
    "__type__": "cc.Node",
    "_name": "Knee_R",
    "_objFlags": 0,
    "_parent": {
      "__id__": 33
    },
    "_children": [
      {
        "__id__": 35
      }
    ],
    "_active": true,
    "_components": [],
    "_prefab": {
      "__id__": 41
    },
    "_lpos": {
      "__type__": "cc.Vec3",
      "x": 0.008524451404809952,
      "y": 1.2628998541375225e-11,
      "z": -1.1102229998097382e-18
    },
    "_lrot": {
      "__type__": "cc.Quat",
      "x": 3.403632747743931e-20,
      "y": -9.107188358042246e-19,
      "z": -0.03350002364301262,
      "w": 0.9994387166884808
    },
    "_lscale": {
      "__type__": "cc.Vec3",
      "x": 1,
      "y": 1,
      "z": 1
    },
    "_layer": 1073741824,
    "_euler": {
      "__type__": "cc.Vec3",
      "x": 4.029053682243933e-19,
      "y": -1.0440579512036528e-16,
      "z": -3.839538319810826
    },
    "_id": ""
  },
  {
    "__type__": "cc.Node",
    "_name": "Ankle_R",
    "_objFlags": 0,
    "_parent": {
      "__id__": 34
    },
    "_children": [
      {
        "__id__": 36
      }
    ],
    "_active": true,
    "_components": [],
    "_prefab": {
      "__id__": 40
    },
    "_lpos": {
      "__type__": "cc.Vec3",
      "x": 0.007810377050191164,
      "y": 1.1571134675425476e-11,
      "z": -8.311684436687009e-15
    },
    "_lrot": {
      "__type__": "cc.Quat",
      "x": 0.0005231972268350271,
      "y": 0.005401740730554813,
      "z": 0.05058017697477186,
      "w": 0.998705258401568
    },
    "_lscale": {
      "__type__": "cc.Vec3",
      "x": 1,
      "y": 1,
      "z": 1
    },
    "_layer": 1073741824,
    "_euler": {
      "__type__": "cc.Vec3",
      "x": 0.028714477331547906,
      "y": 0.6183360190684839,
      "z": 5.79877519893503
    },
    "_id": ""
  },
  {
    "__type__": "cc.Node",
    "_name": "Toes_R",
    "_objFlags": 0,
    "_parent": {
      "__id__": 35
    },
    "_children": [
      {
        "__id__": 37
      }
    ],
    "_active": true,
    "_components": [],
    "_prefab": {
      "__id__": 39
    },
    "_lpos": {
      "__type__": "cc.Vec3",
      "x": 0.002095116302371025,
      "y": 0.002573760924860835,
      "z": -1.1551194029069123e-11
    },
    "_lrot": {
      "__type__": "cc.Quat",
      "x": -0.0005855765799607817,
      "y": 0.0005394552157793537,
      "z": 0.6775491861260131,
      "w": 0.7354770332703235
    },
    "_lscale": {
      "__type__": "cc.Vec3",
      "x": 1,
      "y": 1,
      "z": 1
    },
    "_layer": 1073741824,
    "_euler": {
      "__type__": "cc.Vec3",
      "x": -1.1144865141882583,
      "y": 1.1107462304259765,
      "z": 85.3039958375585
    },
    "_id": ""
  },
  {
    "__type__": "cc.Node",
    "_name": "ToesEnd_R",
    "_objFlags": 0,
    "_parent": {
      "__id__": 36
    },
    "_children": [],
    "_active": true,
    "_components": [],
    "_prefab": {
      "__id__": 38
    },
    "_lpos": {
      "__type__": "cc.Vec3",
      "x": 0.0019366915803402662,
      "y": -1.9886869822718998e-16,
      "z": 3.063116871260263e-9
    },
    "_lrot": {
      "__type__": "cc.Quat",
      "x": 0,
      "y": 0,
      "z": 0,
      "w": 1
    },
    "_lscale": {
      "__type__": "cc.Vec3",
      "x": 1,
      "y": 1,
      "z": 1
    },
    "_layer": 1073741824,
    "_euler": {
      "__type__": "cc.Vec3",
      "x": 0,
      "y": 0,
      "z": 0
    },
    "_id": ""
  },
  {
    "__type__": "cc.PrefabInfo",
    "root": {
      "__id__": 1
    },
    "asset": {
      "__id__": 0
    },
    "fileId": "4fj85hxbFWG6167W6K3I3Y"
  },
  {
    "__type__": "cc.PrefabInfo",
    "root": {
      "__id__": 1
    },
    "asset": {
      "__id__": 0
    },
    "fileId": "5ebHxmkaFXp4w53MIGoMsI"
  },
  {
    "__type__": "cc.PrefabInfo",
    "root": {
      "__id__": 1
    },
    "asset": {
      "__id__": 0
    },
    "fileId": "e57+v7lrdVKoGIS7mAAdEe"
  },
  {
    "__type__": "cc.PrefabInfo",
    "root": {
      "__id__": 1
    },
    "asset": {
      "__id__": 0
    },
    "fileId": "2c7FcrJ3lQdKvR2Q0i/tTi"
  },
  {
    "__type__": "cc.PrefabInfo",
    "root": {
      "__id__": 1
    },
    "asset": {
      "__id__": 0
    },
    "fileId": "27BWKFhMlagbAvRWXu/v8l"
  },
  {
    "__type__": "cc.Node",
    "_name": "Hip_L",
    "_objFlags": 0,
    "_parent": {
      "__id__": 2
    },
    "_children": [
      {
        "__id__": 44
      }
    ],
    "_active": true,
    "_components": [],
    "_prefab": {
      "__id__": 52
    },
    "_lpos": {
      "__type__": "cc.Vec3",
      "x": -0.0005149218486621976,
      "y": -0.000035732064134208485,
      "z": 0.0025951904244720936
    },
    "_lrot": {
      "__type__": "cc.Quat",
      "x": 0.9999846538908325,
      "y": 0.0013684593925951528,
      "z": -0.00536546794727934,
      "w": -0.00017622550752068012
    },
    "_lscale": {
      "__type__": "cc.Vec3",
      "x": 1,
      "y": 1,
      "z": 1
    },
    "_layer": 1073741824,
    "_euler": {
      "__type__": "cc.Vec3",
      "x": -179.9806476612328,
      "y": 0.6148143714585114,
      "z": 0.15692003497274723
    },
    "_id": ""
  },
  {
    "__type__": "cc.Node",
    "_name": "Knee_L",
    "_objFlags": 0,
    "_parent": {
      "__id__": 43
    },
    "_children": [
      {
        "__id__": 45
      }
    ],
    "_active": true,
    "_components": [],
    "_prefab": {
      "__id__": 51
    },
    "_lpos": {
      "__type__": "cc.Vec3",
      "x": -0.008524451404809952,
      "y": -1.2628998541375225e-11,
      "z": 4.6312953641644995e-15
    },
    "_lrot": {
      "__type__": "cc.Quat",
      "x": 4.9250421584690475e-20,
      "y": 1.2367185778725194e-18,
      "z": -0.03350002364301262,
      "w": 0.9994387166884808
    },
    "_lscale": {
      "__type__": "cc.Vec3",
      "x": 1,
      "y": 1,
      "z": 1
    },
    "_layer": 1073741824,
    "_euler": {
      "__type__": "cc.Vec3",
      "x": 1.0411423292578889e-17,
      "y": 1.42146077062345e-16,
      "z": -3.839538319810826
    },
    "_id": ""
  },
  {
    "__type__": "cc.Node",
    "_name": "Ankle_L",
    "_objFlags": 0,
    "_parent": {
      "__id__": 44
    },
    "_children": [
      {
        "__id__": 46
      }
    ],
    "_active": true,
    "_components": [],
    "_prefab": {
      "__id__": 50
    },
    "_lpos": {
      "__type__": "cc.Vec3",
      "x": -0.007810377050191164,
      "y": -1.1571218809514061e-11,
      "z": 1.2550515978587175e-14
    },
    "_lrot": {
      "__type__": "cc.Quat",
      "x": 0.0005231972268350271,
      "y": 0.005401740730554813,
      "z": 0.05058017697477186,
      "w": 0.998705258401568
    },
    "_lscale": {
      "__type__": "cc.Vec3",
      "x": 1,
      "y": 1,
      "z": 1
    },
    "_layer": 1073741824,
    "_euler": {
      "__type__": "cc.Vec3",
      "x": 0.028714477331547906,
      "y": 0.6183360190684839,
      "z": 5.79877519893503
    },
    "_id": ""
  },
  {
    "__type__": "cc.Node",
    "_name": "Toes_L",
    "_objFlags": 0,
    "_parent": {
      "__id__": 45
    },
    "_children": [
      {
        "__id__": 47
      }
    ],
    "_active": true,
    "_components": [],
    "_prefab": {
      "__id__": 49
    },
    "_lpos": {
      "__type__": "cc.Vec3",
      "x": -0.002095116302371025,
      "y": -0.002573760924860835,
      "z": 8.517709974842358e-12
    },
    "_lrot": {
      "__type__": "cc.Quat",
      "x": -0.0005849927574888355,
      "y": 0.0005389178429919117,
      "z": 0.6775491865538494,
      "w": 0.7354770337347383
    },
    "_lscale": {
      "__type__": "cc.Vec3",
      "x": 1,
      "y": 1,
      "z": 1
    },
    "_layer": 1073741824,
    "_euler": {
      "__type__": "cc.Vec3",
      "x": -1.1133760861696482,
      "y": 1.1096395693191319,
      "z": 85.30399759925989
    },
    "_id": ""
  },
  {
    "__type__": "cc.Node",
    "_name": "ToesEnd_L",
    "_objFlags": 0,
    "_parent": {
      "__id__": 46
    },
    "_children": [],
    "_active": true,
    "_components": [],
    "_prefab": {
      "__id__": 48
    },
    "_lpos": {
      "__type__": "cc.Vec3",
      "x": -0.0019366915803402662,
      "y": 2.7755574995243454e-19,
      "z": 1.6754419032705137e-11
    },
    "_lrot": {
      "__type__": "cc.Quat",
      "x": 0,
      "y": 0,
      "z": 0,
      "w": 1
    },
    "_lscale": {
      "__type__": "cc.Vec3",
      "x": 1,
      "y": 1,
      "z": 1
    },
    "_layer": 1073741824,
    "_euler": {
      "__type__": "cc.Vec3",
      "x": 0,
      "y": 0,
      "z": 0
    },
    "_id": ""
  },
  {
    "__type__": "cc.PrefabInfo",
    "root": {
      "__id__": 1
    },
    "asset": {
      "__id__": 0
    },
    "fileId": "bfA0DZTplcdbnWmYGRtLF0"
  },
  {
    "__type__": "cc.PrefabInfo",
    "root": {
      "__id__": 1
    },
    "asset": {
      "__id__": 0
    },
    "fileId": "85c5jMHlNY/pmxX5wy4DYI"
  },
  {
    "__type__": "cc.PrefabInfo",
    "root": {
      "__id__": 1
    },
    "asset": {
      "__id__": 0
    },
    "fileId": "40g0BmYZ9T/rFSHAxcn9av"
  },
  {
    "__type__": "cc.PrefabInfo",
    "root": {
      "__id__": 1
    },
    "asset": {
      "__id__": 0
    },
    "fileId": "78G7+bgPhUho82uZOyd9jP"
  },
  {
    "__type__": "cc.PrefabInfo",
    "root": {
      "__id__": 1
    },
    "asset": {
      "__id__": 0
    },
    "fileId": "8cMSDjqZhcnpiwn8pmTK8w"
  },
  {
    "__type__": "cc.PrefabInfo",
    "root": {
      "__id__": 1
    },
    "asset": {
      "__id__": 0
    },
    "fileId": "08Hzlm2cBesJYCwELvrznl"
  },
  {
    "__type__": "cc.Node",
    "_name": "melee_10",
    "_objFlags": 0,
    "_parent": {
      "__id__": 1
    },
    "_children": [
      {
        "__id__": 55
      },
      {
        "__id__": 60
      },
      {
        "__id__": 65
      },
      {
        "__id__": 70
      },
      {
        "__id__": 75
      },
      {
        "__id__": 80
      },
      {
        "__id__": 85
      },
      {
        "__id__": 90
      }
    ],
    "_active": true,
    "_components": [],
    "_prefab": {
      "__id__": 95
    },
    "_lpos": {
      "__type__": "cc.Vec3",
      "x": 0,
      "y": 0,
      "z": 0
    },
    "_lrot": {
      "__type__": "cc.Quat",
      "x": 0,
      "y": 0,
      "z": 0,
      "w": 1
    },
    "_lscale": {
      "__type__": "cc.Vec3",
      "x": 1,
      "y": 1,
      "z": 1
    },
    "_layer": 1073741824,
    "_euler": {
      "__type__": "cc.Vec3",
      "x": 0,
      "y": 0,
      "z": 0
    },
    "_id": ""
  },
  {
    "__type__": "cc.Node",
    "_name": "melee_10_body",
    "_objFlags": 0,
    "_parent": {
      "__id__": 54
    },
    "_children": [],
    "_active": true,
    "_components": [
      {
        "__id__": 56
      }
    ],
    "_prefab": {
      "__id__": 59
    },
    "_lpos": {
      "__type__": "cc.Vec3",
      "x": 0,
      "y": 0,
      "z": 0
    },
    "_lrot": {
      "__type__": "cc.Quat",
      "x": 0,
      "y": 0,
      "z": 0,
      "w": 1
    },
    "_lscale": {
      "__type__": "cc.Vec3",
      "x": 1,
      "y": 1,
      "z": 1
    },
    "_layer": 1073741824,
    "_euler": {
      "__type__": "cc.Vec3",
      "x": 0,
      "y": 0,
      "z": 0
    },
    "_id": ""
  },
  {
    "__type__": "cc.SkinnedMeshRenderer",
    "_name": "",
    "_objFlags": 0,
    "node": {
      "__id__": 55
    },
    "_enabled": true,
    "__prefab": {
      "__id__": 57
    },
    "_materials": [
      {
        "__uuid__": "20e284a8-ad3a-40e5-8767-2465e25bacd7@953b3",
        "__expectedType__": "cc.Material"
      }
    ],
    "_visFlags": 0,
    "lightmapSettings": {
      "__id__": 58
    },
    "_mesh": {
      "__uuid__": "20e284a8-ad3a-40e5-8767-2465e25bacd7@9fd92",
      "__expectedType__": "cc.Mesh"
    },
    "_shadowCastingMode": 0,
    "_shadowReceivingMode": 1,
    "_enableMorph": true,
    "_skeleton": {
      "__uuid__": "20e284a8-ad3a-40e5-8767-2465e25bacd7@30732",
      "__expectedType__": "cc.Skeleton"
    },
    "_skinningRoot": {
      "__id__": 1
    },
    "_id": ""
  },
  {
    "__type__": "cc.CompPrefabInfo",
    "fileId": "b5XfMQKuJed4wyzlXeivV0"
  },
  {
    "__type__": "cc.ModelLightmapSettings",
    "texture": null,
    "uvParam": {
      "__type__": "cc.Vec4",
      "x": 0,
      "y": 0,
      "z": 0,
      "w": 0
    },
    "_bakeable": false,
    "_castShadow": false,
    "_receiveShadow": false,
    "_recieveShadow": false,
    "_lightmapSize": 64
  },
  {
    "__type__": "cc.PrefabInfo",
    "root": {
      "__id__": 1
    },
    "asset": {
      "__id__": 0
    },
    "fileId": "abwPf+TOJc24befvzV4121"
  },
  {
    "__type__": "cc.Node",
    "_name": "melee_10_head",
    "_objFlags": 0,
    "_parent": {
      "__id__": 54
    },
    "_children": [],
    "_active": true,
    "_components": [
      {
        "__id__": 61
      }
    ],
    "_prefab": {
      "__id__": 64
    },
    "_lpos": {
      "__type__": "cc.Vec3",
      "x": 0,
      "y": 0,
      "z": 0
    },
    "_lrot": {
      "__type__": "cc.Quat",
      "x": 0,
      "y": 0,
      "z": 0,
      "w": 1
    },
    "_lscale": {
      "__type__": "cc.Vec3",
      "x": 1,
      "y": 1,
      "z": 1
    },
    "_layer": 1073741824,
    "_euler": {
      "__type__": "cc.Vec3",
      "x": 0,
      "y": 0,
      "z": 0
    },
    "_id": ""
  },
  {
    "__type__": "cc.SkinnedMeshRenderer",
    "_name": "",
    "_objFlags": 0,
    "node": {
      "__id__": 60
    },
    "_enabled": true,
    "__prefab": {
      "__id__": 62
    },
    "_materials": [
      {
        "__uuid__": "20e284a8-ad3a-40e5-8767-2465e25bacd7@953b3",
        "__expectedType__": "cc.Material"
      }
    ],
    "_visFlags": 0,
    "lightmapSettings": {
      "__id__": 63
    },
    "_mesh": {
      "__uuid__": "20e284a8-ad3a-40e5-8767-2465e25bacd7@b22e3",
      "__expectedType__": "cc.Mesh"
    },
    "_shadowCastingMode": 0,
    "_shadowReceivingMode": 1,
    "_enableMorph": true,
    "_skeleton": {
      "__uuid__": "20e284a8-ad3a-40e5-8767-2465e25bacd7@f1394",
      "__expectedType__": "cc.Skeleton"
    },
    "_skinningRoot": {
      "__id__": 1
    },
    "_id": ""
  },
  {
    "__type__": "cc.CompPrefabInfo",
    "fileId": "ecT77ClNxe5rcmUMna4yE5"
  },
  {
    "__type__": "cc.ModelLightmapSettings",
    "texture": null,
    "uvParam": {
      "__type__": "cc.Vec4",
      "x": 0,
      "y": 0,
      "z": 0,
      "w": 0
    },
    "_bakeable": false,
    "_castShadow": false,
    "_receiveShadow": false,
    "_recieveShadow": false,
    "_lightmapSize": 64
  },
  {
    "__type__": "cc.PrefabInfo",
    "root": {
      "__id__": 1
    },
    "asset": {
      "__id__": 0
    },
    "fileId": "69DZ8oXCdWYZPyLOxdAFNW"
  },
  {
    "__type__": "cc.Node",
    "_name": "melee_10_leg_L",
    "_objFlags": 0,
    "_parent": {
      "__id__": 54
    },
    "_children": [],
    "_active": true,
    "_components": [
      {
        "__id__": 66
      }
    ],
    "_prefab": {
      "__id__": 69
    },
    "_lpos": {
      "__type__": "cc.Vec3",
      "x": 0,
      "y": 0,
      "z": 0
    },
    "_lrot": {
      "__type__": "cc.Quat",
      "x": 0,
      "y": 0,
      "z": 0,
      "w": 1
    },
    "_lscale": {
      "__type__": "cc.Vec3",
      "x": 1,
      "y": 1,
      "z": 1
    },
    "_layer": 1073741824,
    "_euler": {
      "__type__": "cc.Vec3",
      "x": 0,
      "y": 0,
      "z": 0
    },
    "_id": ""
  },
  {
    "__type__": "cc.SkinnedMeshRenderer",
    "_name": "",
    "_objFlags": 0,
    "node": {
      "__id__": 65
    },
    "_enabled": true,
    "__prefab": {
      "__id__": 67
    },
    "_materials": [
      {
        "__uuid__": "20e284a8-ad3a-40e5-8767-2465e25bacd7@953b3",
        "__expectedType__": "cc.Material"
      }
    ],
    "_visFlags": 0,
    "lightmapSettings": {
      "__id__": 68
    },
    "_mesh": {
      "__uuid__": "20e284a8-ad3a-40e5-8767-2465e25bacd7@8dd90",
      "__expectedType__": "cc.Mesh"
    },
    "_shadowCastingMode": 0,
    "_shadowReceivingMode": 1,
    "_enableMorph": true,
    "_skeleton": {
      "__uuid__": "20e284a8-ad3a-40e5-8767-2465e25bacd7@75ee4",
      "__expectedType__": "cc.Skeleton"
    },
    "_skinningRoot": {
      "__id__": 1
    },
    "_id": ""
  },
  {
    "__type__": "cc.CompPrefabInfo",
    "fileId": "23SA+R0NleLKnMKkViz0yt"
  },
  {
    "__type__": "cc.ModelLightmapSettings",
    "texture": null,
    "uvParam": {
      "__type__": "cc.Vec4",
      "x": 0,
      "y": 0,
      "z": 0,
      "w": 0
    },
    "_bakeable": false,
    "_castShadow": false,
    "_receiveShadow": false,
    "_recieveShadow": false,
    "_lightmapSize": 64
  },
  {
    "__type__": "cc.PrefabInfo",
    "root": {
      "__id__": 1
    },
    "asset": {
      "__id__": 0
    },
    "fileId": "7cXQPB89pZEplqkPSkvLsX"
  },
  {
    "__type__": "cc.Node",
    "_name": "melee_10_leg_R",
    "_objFlags": 0,
    "_parent": {
      "__id__": 54
    },
    "_children": [],
    "_active": true,
    "_components": [
      {
        "__id__": 71
      }
    ],
    "_prefab": {
      "__id__": 74
    },
    "_lpos": {
      "__type__": "cc.Vec3",
      "x": 0,
      "y": 0,
      "z": 0
    },
    "_lrot": {
      "__type__": "cc.Quat",
      "x": 0,
      "y": 0,
      "z": 0,
      "w": 1
    },
    "_lscale": {
      "__type__": "cc.Vec3",
      "x": 1,
      "y": 1,
      "z": 1
    },
    "_layer": 1073741824,
    "_euler": {
      "__type__": "cc.Vec3",
      "x": 0,
      "y": 0,
      "z": 0
    },
    "_id": ""
  },
  {
    "__type__": "cc.SkinnedMeshRenderer",
    "_name": "",
    "_objFlags": 0,
    "node": {
      "__id__": 70
    },
    "_enabled": true,
    "__prefab": {
      "__id__": 72
    },
    "_materials": [
      {
        "__uuid__": "20e284a8-ad3a-40e5-8767-2465e25bacd7@953b3",
        "__expectedType__": "cc.Material"
      }
    ],
    "_visFlags": 0,
    "lightmapSettings": {
      "__id__": 73
    },
    "_mesh": {
      "__uuid__": "20e284a8-ad3a-40e5-8767-2465e25bacd7@999bc",
      "__expectedType__": "cc.Mesh"
    },
    "_shadowCastingMode": 0,
    "_shadowReceivingMode": 1,
    "_enableMorph": true,
    "_skeleton": {
      "__uuid__": "20e284a8-ad3a-40e5-8767-2465e25bacd7@a72ab",
      "__expectedType__": "cc.Skeleton"
    },
    "_skinningRoot": {
      "__id__": 1
    },
    "_id": ""
  },
  {
    "__type__": "cc.CompPrefabInfo",
    "fileId": "72HW1RAfBc07jlb+whNwEj"
  },
  {
    "__type__": "cc.ModelLightmapSettings",
    "texture": null,
    "uvParam": {
      "__type__": "cc.Vec4",
      "x": 0,
      "y": 0,
      "z": 0,
      "w": 0
    },
    "_bakeable": false,
    "_castShadow": false,
    "_receiveShadow": false,
    "_recieveShadow": false,
    "_lightmapSize": 64
  },
  {
    "__type__": "cc.PrefabInfo",
    "root": {
      "__id__": 1
    },
    "asset": {
      "__id__": 0
    },
    "fileId": "184v4+ml1adoQ+fm4jRf2o"
  },
  {
    "__type__": "cc.Node",
    "_name": "melee_10_arm_L",
    "_objFlags": 0,
    "_parent": {
      "__id__": 54
    },
    "_children": [],
    "_active": true,
    "_components": [
      {
        "__id__": 76
      }
    ],
    "_prefab": {
      "__id__": 79
    },
    "_lpos": {
      "__type__": "cc.Vec3",
      "x": 0,
      "y": 0,
      "z": 0
    },
    "_lrot": {
      "__type__": "cc.Quat",
      "x": 0,
      "y": 0,
      "z": 0,
      "w": 1
    },
    "_lscale": {
      "__type__": "cc.Vec3",
      "x": 1,
      "y": 1,
      "z": 1
    },
    "_layer": 1073741824,
    "_euler": {
      "__type__": "cc.Vec3",
      "x": 0,
      "y": 0,
      "z": 0
    },
    "_id": ""
  },
  {
    "__type__": "cc.SkinnedMeshRenderer",
    "_name": "",
    "_objFlags": 0,
    "node": {
      "__id__": 75
    },
    "_enabled": true,
    "__prefab": {
      "__id__": 77
    },
    "_materials": [
      {
        "__uuid__": "20e284a8-ad3a-40e5-8767-2465e25bacd7@953b3",
        "__expectedType__": "cc.Material"
      }
    ],
    "_visFlags": 0,
    "lightmapSettings": {
      "__id__": 78
    },
    "_mesh": {
      "__uuid__": "20e284a8-ad3a-40e5-8767-2465e25bacd7@6d452",
      "__expectedType__": "cc.Mesh"
    },
    "_shadowCastingMode": 0,
    "_shadowReceivingMode": 1,
    "_enableMorph": true,
    "_skeleton": {
      "__uuid__": "20e284a8-ad3a-40e5-8767-2465e25bacd7@2224c",
      "__expectedType__": "cc.Skeleton"
    },
    "_skinningRoot": {
      "__id__": 1
    },
    "_id": ""
  },
  {
    "__type__": "cc.CompPrefabInfo",
    "fileId": "56BVhpTsBVUpvyjC/0piDP"
  },
  {
    "__type__": "cc.ModelLightmapSettings",
    "texture": null,
    "uvParam": {
      "__type__": "cc.Vec4",
      "x": 0,
      "y": 0,
      "z": 0,
      "w": 0
    },
    "_bakeable": false,
    "_castShadow": false,
    "_receiveShadow": false,
    "_recieveShadow": false,
    "_lightmapSize": 64
  },
  {
    "__type__": "cc.PrefabInfo",
    "root": {
      "__id__": 1
    },
    "asset": {
      "__id__": 0
    },
    "fileId": "abudomH2lSXrbA1gMHADDD"
  },
  {
    "__type__": "cc.Node",
    "_name": "melee_10_arm_R",
    "_objFlags": 0,
    "_parent": {
      "__id__": 54
    },
    "_children": [],
    "_active": true,
    "_components": [
      {
        "__id__": 81
      }
    ],
    "_prefab": {
      "__id__": 84
    },
    "_lpos": {
      "__type__": "cc.Vec3",
      "x": 0,
      "y": 0,
      "z": 0
    },
    "_lrot": {
      "__type__": "cc.Quat",
      "x": 0,
      "y": 0,
      "z": 0,
      "w": 1
    },
    "_lscale": {
      "__type__": "cc.Vec3",
      "x": 1,
      "y": 1,
      "z": 1
    },
    "_layer": 1073741824,
    "_euler": {
      "__type__": "cc.Vec3",
      "x": 0,
      "y": 0,
      "z": 0
    },
    "_id": ""
  },
  {
    "__type__": "cc.SkinnedMeshRenderer",
    "_name": "",
    "_objFlags": 0,
    "node": {
      "__id__": 80
    },
    "_enabled": true,
    "__prefab": {
      "__id__": 82
    },
    "_materials": [
      {
        "__uuid__": "20e284a8-ad3a-40e5-8767-2465e25bacd7@953b3",
        "__expectedType__": "cc.Material"
      }
    ],
    "_visFlags": 0,
    "lightmapSettings": {
      "__id__": 83
    },
    "_mesh": {
      "__uuid__": "20e284a8-ad3a-40e5-8767-2465e25bacd7@9c565",
      "__expectedType__": "cc.Mesh"
    },
    "_shadowCastingMode": 0,
    "_shadowReceivingMode": 1,
    "_enableMorph": true,
    "_skeleton": {
      "__uuid__": "20e284a8-ad3a-40e5-8767-2465e25bacd7@62756",
      "__expectedType__": "cc.Skeleton"
    },
    "_skinningRoot": {
      "__id__": 1
    },
    "_id": ""
  },
  {
    "__type__": "cc.CompPrefabInfo",
    "fileId": "6evlqW+shVOrzTgDLyUsn9"
  },
  {
    "__type__": "cc.ModelLightmapSettings",
    "texture": null,
    "uvParam": {
      "__type__": "cc.Vec4",
      "x": 0,
      "y": 0,
      "z": 0,
      "w": 0
    },
    "_bakeable": false,
    "_castShadow": false,
    "_receiveShadow": false,
    "_recieveShadow": false,
    "_lightmapSize": 64
  },
  {
    "__type__": "cc.PrefabInfo",
    "root": {
      "__id__": 1
    },
    "asset": {
      "__id__": 0
    },
    "fileId": "74GZSpr5Rfy6RXrg1oLWKg"
  },
  {
    "__type__": "cc.Node",
    "_name": "melee_10_blade_L",
    "_objFlags": 0,
    "_parent": {
      "__id__": 54
    },
    "_children": [],
    "_active": true,
    "_components": [
      {
        "__id__": 86
      }
    ],
    "_prefab": {
      "__id__": 89
    },
    "_lpos": {
      "__type__": "cc.Vec3",
      "x": 0,
      "y": 0,
      "z": 0
    },
    "_lrot": {
      "__type__": "cc.Quat",
      "x": 0,
      "y": 0,
      "z": 0,
      "w": 1
    },
    "_lscale": {
      "__type__": "cc.Vec3",
      "x": 1,
      "y": 1,
      "z": 1
    },
    "_layer": 1073741824,
    "_euler": {
      "__type__": "cc.Vec3",
      "x": 0,
      "y": 0,
      "z": 0
    },
    "_id": ""
  },
  {
    "__type__": "cc.SkinnedMeshRenderer",
    "_name": "",
    "_objFlags": 0,
    "node": {
      "__id__": 85
    },
    "_enabled": true,
    "__prefab": {
      "__id__": 87
    },
    "_materials": [
      {
        "__uuid__": "20e284a8-ad3a-40e5-8767-2465e25bacd7@953b3",
        "__expectedType__": "cc.Material"
      }
    ],
    "_visFlags": 0,
    "lightmapSettings": {
      "__id__": 88
    },
    "_mesh": {
      "__uuid__": "20e284a8-ad3a-40e5-8767-2465e25bacd7@65061",
      "__expectedType__": "cc.Mesh"
    },
    "_shadowCastingMode": 0,
    "_shadowReceivingMode": 1,
    "_enableMorph": true,
    "_skeleton": {
      "__uuid__": "20e284a8-ad3a-40e5-8767-2465e25bacd7@7d08b",
      "__expectedType__": "cc.Skeleton"
    },
    "_skinningRoot": {
      "__id__": 1
    },
    "_id": ""
  },
  {
    "__type__": "cc.CompPrefabInfo",
    "fileId": "f6+ZZfATRUtrHB1iFXkpla"
  },
  {
    "__type__": "cc.ModelLightmapSettings",
    "texture": null,
    "uvParam": {
      "__type__": "cc.Vec4",
      "x": 0,
      "y": 0,
      "z": 0,
      "w": 0
    },
    "_bakeable": false,
    "_castShadow": false,
    "_receiveShadow": false,
    "_recieveShadow": false,
    "_lightmapSize": 64
  },
  {
    "__type__": "cc.PrefabInfo",
    "root": {
      "__id__": 1
    },
    "asset": {
      "__id__": 0
    },
    "fileId": "389GdMtXpR+qq4VkSYvMD1"
  },
  {
    "__type__": "cc.Node",
    "_name": "melee_10_blade_R",
    "_objFlags": 0,
    "_parent": {
      "__id__": 54
    },
    "_children": [],
    "_active": true,
    "_components": [
      {
        "__id__": 91
      }
    ],
    "_prefab": {
      "__id__": 94
    },
    "_lpos": {
      "__type__": "cc.Vec3",
      "x": 0,
      "y": 0,
      "z": 0
    },
    "_lrot": {
      "__type__": "cc.Quat",
      "x": 0,
      "y": 0,
      "z": 0,
      "w": 1
    },
    "_lscale": {
      "__type__": "cc.Vec3",
      "x": 1,
      "y": 1,
      "z": 1
    },
    "_layer": 1073741824,
    "_euler": {
      "__type__": "cc.Vec3",
      "x": 0,
      "y": 0,
      "z": 0
    },
    "_id": ""
  },
  {
    "__type__": "cc.SkinnedMeshRenderer",
    "_name": "",
    "_objFlags": 0,
    "node": {
      "__id__": 90
    },
    "_enabled": true,
    "__prefab": {
      "__id__": 92
    },
    "_materials": [
      {
        "__uuid__": "20e284a8-ad3a-40e5-8767-2465e25bacd7@953b3",
        "__expectedType__": "cc.Material"
      }
    ],
    "_visFlags": 0,
    "lightmapSettings": {
      "__id__": 93
    },
    "_mesh": {
      "__uuid__": "20e284a8-ad3a-40e5-8767-2465e25bacd7@2796d",
      "__expectedType__": "cc.Mesh"
    },
    "_shadowCastingMode": 0,
    "_shadowReceivingMode": 1,
    "_enableMorph": true,
    "_skeleton": {
      "__uuid__": "20e284a8-ad3a-40e5-8767-2465e25bacd7@b5902",
      "__expectedType__": "cc.Skeleton"
    },
    "_skinningRoot": {
      "__id__": 1
    },
    "_id": ""
  },
  {
    "__type__": "cc.CompPrefabInfo",
    "fileId": "fb5OOumlpdJLlhNfutYzZD"
  },
  {
    "__type__": "cc.ModelLightmapSettings",
    "texture": null,
    "uvParam": {
      "__type__": "cc.Vec4",
      "x": 0,
      "y": 0,
      "z": 0,
      "w": 0
    },
    "_bakeable": false,
    "_castShadow": false,
    "_receiveShadow": false,
    "_recieveShadow": false,
    "_lightmapSize": 64
  },
  {
    "__type__": "cc.PrefabInfo",
    "root": {
      "__id__": 1
    },
    "asset": {
      "__id__": 0
    },
    "fileId": "d6sIT+n65Yvq7APOR+Kuax"
  },
  {
    "__type__": "cc.PrefabInfo",
    "root": {
      "__id__": 1
    },
    "asset": {
      "__id__": 0
    },
    "fileId": "f8fMwui7lbSqvZBGer6Nv9"
  },
  {
    "__type__": "cc.SkeletalAnimation",
    "_name": "",
    "_objFlags": 0,
    "node": {
      "__id__": 1
    },
    "_enabled": true,
    "__prefab": {
      "__id__": 97
    },
    "playOnLoad": false,
    "_clips": [],
    "_defaultClip": null,
    "_useBakedAnimation": true,
    "_sockets": [],
    "_id": ""
  },
  {
    "__type__": "cc.CompPrefabInfo",
    "fileId": "77rpheVLZXzJU10f76CVAm"
  },
  {
    "__type__": "cc.PrefabInfo",
    "root": {
      "__id__": 1
    },
    "asset": {
      "__id__": 0
    },
    "fileId": "17Arjai+1Si42uUSHbsl/x"
  }
]