{
  "__type__": "cc.Mesh",
  "_name": "",
  "_objFlags": 0,
  "_native": ".bin",
  "_struct": {
    "primitives": [
      {
        "primitiveMode": 7,
        "jointMapIndex": 0,
        "vertexBundelIndices": [
          0
        ],
        "indexView": {
          "offset": 85248,
          "length": 10392,
          "count": 2598,
          "stride": 4
        }
      }
    ],
    "vertexBundles": [
      {
        "view": {
          "offset": 0,
          "length": 85248,
          "count": 1184,
          "stride": 72
        },
        "attributes": [
          {
            "name": "a_position",
            "format": 32,
            "isNormalized": false
          },
          {
            "name": "a_normal",
            "format": 32,
            "isNormalized": false
          },
          {
            "name": "a_texCoord",
            "format": 21,
            "isNormalized": false
          },
          {
            "name": "a_tangent",
            "format": 44,
            "isNormalized": false
          },
          {
            "name": "a_joints",
            "format": 42,
            "isNormalized": false
          },
          {
            "name": "a_weights",
            "format": 44,
            "isNormalized": false
          }
        ]
      }
    ],
    "minPosition": {
      "__type__": "cc.Vec3",
      "x": -0.00583844818174839,
      "y": 1.8676191149147314e-10,
      "z": -0.003799456637352705
    },
    "maxPosition": {
      "__type__": "cc.Vec3",
      "x": -0.0009591798298060894,
      "y": 0.019621947780251503,
      "z": 0.0028437667060643435
    },
    "jointMaps": [
      [
        0,
        4,
        5,
        6,
        7,
        20
      ]
    ]
  },
  "_hash": 1285690163
}