{
  "__type__": "sp.SkeletonData",
  "_name": "Tears2",
  "_objFlags": 0,
  "_native": "",
  "_skeletonJson": {
    "skeleton": {
      "hash": "Fw9kPxDbDo87o7gDv74GGTTdrvw",
      "spine": "3.8.99",
      "x": -238.95,
      "y": -128.47,
      "width": 240,
      "height": 141,
      "images": "./images/",
      "audio": "C:/Users/Admin/Desktop/tears"
    },
    "bones": [
      {
        "name": "root"
      },
      {
        "name": "bone",
        "parent": "root"
      },
      {
        "name": "bone2",
        "parent": "bone",
        "x": -209.92,
        "y": -97.62
      },
      {
        "name": "bone3",
        "parent": "bone",
        "x": -205.44,
        "y": -25.16
      }
    ],
    "slots": [
      {
        "name": "Tears2",
        "bone": "bone2",
        "attachment": "Tears2"
      },
      {
        "name": "Tears01",
        "bone": "bone",
        "attachment": "Tears01"
      }
    ],
    "skins": [
      {
        "name": "default",
        "attachments": {
          "Tears01": {
            "Tears01": {
              "type": "mesh",
              "uvs": [
                0.1704,
                0,
                1,
                0.05067,
                1,
                0.14405,
                0.87574,
                0.38645,
                0.5295,
                0.37948,
                0.24248,
                0.5055,
                0.2558,
                1,
                0.12168,
                1,
                0,
                0.95187,
                0,
                0.61068,
                0.02486,
                0.1918,
                0.0905,
                0
              ],
              "triangles": [
                4,
                0,
                1,
                1,
                3,
                4,
                2,
                3,
                1,
                5,
                0,
                4,
                10,
                11,
                0,
                5,
                10,
                0,
                9,
                10,
                5,
                7,
                8,
                9,
                5,
                7,
                9,
                7,
                5,
                6
              ],
              "vertices": [
                -198.05,
                12.53,
                1.05,
                5.39,
                1.05,
                -7.78,
                -28.77,
                -41.96,
                -111.87,
                -40.97,
                -180.75,
                -58.74,
                -177.56,
                -128.47,
                -209.75,
                -128.47,
                -238.95,
                -121.68,
                -238.95,
                -73.57,
                -232.98,
                -14.51,
                -217.23,
                12.53
              ],
              "hull": 12,
              "edges": [
                0,
                22,
                0,
                2,
                2,
                4,
                4,
                6,
                6,
                8,
                8,
                10,
                10,
                12,
                12,
                14,
                14,
                16,
                16,
                18,
                18,
                20,
                20,
                22
              ],
              "width": 240,
              "height": 141
            }
          },
          "Tears2": {
            "Tears2": {
              "x": 0.98,
              "y": 24.16,
              "width": 60,
              "height": 110
            }
          }
        }
      }
    ],
    "animations": {
      "animation": {
        "bones": {
          "bone2": {
            "translate": [
              {
                "time": 0.5
              },
              {
                "time": 0.5333,
                "y": -173.35
              },
              {
                "time": 0.8333,
                "y": -585.86
              }
            ]
          }
        },
        "deform": {
          "default": {
            "Tears01": {
              "Tears01": [
                {},
                {
                  "time": 0.5,
                  "offset": 9,
                  "vertices": [
                    -36.34799,
                    0,
                    -50.32803,
                    -0.00001,
                    -130.01393,
                    -0.00001,
                    -130.01393,
                    -0.00001,
                    -130.01393,
                    -0.00001,
                    -73.78796
                  ]
                },
                {
                  "time": 0.6667,
                  "offset": 9,
                  "vertices": [
                    6.168,
                    0,
                    11.30801,
                    0,
                    17.47597,
                    0,
                    13.36398,
                    0,
                    11.30801
                  ]
                },
                {
                  "time": 0.8333
                }
              ]
            }
          }
        }
      }
    }
  },
  "_atlasText": "\nTears2.png\nsize: 256,256\nformat: RGBA8888\nfilter: Linear,Linear\nrepeat: none\nTears01\n  rotate: false\n  xy: 2, 83\n  size: 120, 71\n  orig: 120, 71\n  offset: 0, 0\n  index: -1\nTears2\n  rotate: false\n  xy: 124, 99\n  size: 30, 55\n  orig: 30, 55\n  offset: 0, 0\n  index: -1\n",
  "textures": [
    {
      "__uuid__": "8efa84ae-2e50-4767-9148-12f2f84a3c86"
    }
  ],
  "textureNames": [
    "Tears2.png"
  ],
  "scale": 1
}