[1,["ecpdLyjvZBwrvm+cedCcQy","58pDDXpFVLLa7xjG9MBwOV","54K1xnyz9MeJ9d6jvWVUnW","c86ORU2wxGg7URbd8kFFIA","92RdO3kSFPgoUUVm3CJz8m","f9MowCB0dGo4RKBLYr9bGP","9awcqKk/VAFa1ciFCEYsRe","7dbMFSoh5Dco3lJVFxx/L3","87Z3DKT6pITIQOPsVUSAn5","26wCdJkaVEb6qL0tU1wnJA","a9ZUZKi7NOcIkbNIwFdXsT","dfv4gK3JZIfqc4zIhJMNOY","c2UXYoOkBNPrcZcEIBJnpb","c5jkgTmEhKNpKAAlnAkz5D","faFPrPiTdLzbwSv/4KaJu+","48Q/ZeIpBFTaxsGhmg1IcD","d2GSKKUBVMHasahi3SosUb","f1pwEI+xpP1p8AxeBgE31s","13HIieF+lMy6nCEvNySj3b","36iQU++/NJN5pgVg/682fD","e17kfw1txDI7NMvrZbJXKq","d5ENuK6C5PAZcW+Mk/9DaQ","f0k0btJZ5Ki7dKDTWKs2w4","29aqKMxA5OkK4RaPlj+B9m","1bKdYEnZVC9p7Y5var3WYM","bf//31DvxAu4UI1q/qsQ7z","52/LiKcydGlLrgZW5A5Yji","16POxeKKlPurJjYj9xWugl","d8HVcMT0dKd6KaksZ8QetU","b6koEJruRC7a+egKrqHq9H","1fPQDjHhlJ8rlRCQLNeM3j","e8+AhtQDhJOrG3a8i/FoUv","2atpaJbrxLVI4/ja1ZGfw4","21ocKuQ69LKoaQdcBsCqUj","67DWrRgyFK1ocNgtsgeFRK","5cFeyedr9FA7WTEeWMjq0J","18P0MwBIFJ3q2MPWHanSrT"],["node","_spriteFrame","_textureSetter","_defaultClip","_parent","word","emptyNode","hand2","hand","tweezers3","tweezers2","tweezers","circle2","circle","acne3","acne2","acne1","background","scene","bgAudio"],["cc.SpriteFrame",["cc.Node",["_name","_active","_id","_contentSize","_trs","_components","_parent","_children","_eulerAngles"],0,5,7,9,1,2,5],["cc.AnimationClip",["_name","_duration","curveData","wrapMode","speed"],-2],["cc.Sprite",["_srcBlendFactor","node","_materials","_spriteFrame"],2,1,3,6],["cc.Widget",["_alignFlags","_bottom","_originalWidth","_originalHeight","node"],-1,1],["cc.AnimationClip",["_name","_duration","wrapMode","curveData"],0,11],["cc.SceneAsset",["_name","asyncLoadAssets"],1],["e504dIrhHNHKI8zOPblZdkO",["node","background","character","acne1","acne2","acne3","circle","circle2","tweezers","tweezers2","tweezers3","hand","hand2","emptyNode","word","bgAudio"],3,1,1,1,1,1,1,1,1,1,1,1,1,1,1,1,6],["7978aMDhV5NjI90I4SBsbi4",["node"],3,1],["cc.Canvas",["node","_designResolution"],3,1,5],["31277H8UKdLAYeOFy3wbfqt",["node"],3,1],["cc.Animation",["playOnLoad","node","_clips","_defaultClip"],2,1,3,6],["cc.Scene",["_name","_children","_anchorPoint","_trs"],2,2,5,7],["cc.Camera",["_clearFlags","_depth","node","_backgroundColor"],1,1,5],["cc.AudioClip",["_name","_native","duration"],0]],[[3,1,2,3,1],[1,0,6,5,3,4,2],[11,0,1,2,3,2],[3,0,1,2,3,2],[2,0,1,3,2,5],[2,0,1,2,4],[5,0,1,2,3,4],[1,0,1,6,5,3,4,8,3],[2,0,1,4,3,2,6],[6,0,1,3],[1,0,7,5,3,4,2],[1,0,7,5,3,2],[1,0,2,7,5,3,4,3],[1,0,1,6,7,4,8,3],[1,0,6,5,3,2],[1,0,1,5,3,4,3],[1,0,6,7,4,2],[1,0,1,6,5,3,4,3],[1,0,6,7,5,3,4,2],[1,0,6,5,3,4,8,2],[1,0,6,3,4,2],[4,0,1,4,3],[4,0,2,3,4,4],[7,0,1,2,3,4,5,6,7,8,9,10,11,12,13,14,15,1],[8,0,1],[9,0,1,1],[10,0,1],[12,0,1,2,3,2],[13,0,1,2,3,3],[14,0,1,2,4]],[[[{"name":"doll_base","rect":[13,7,883,1194],"offset":[1.5,-3.5],"originalSize":[906,1201],"capInsets":[0,0,0,0]}],[0],0,[0],[2],[12]],[[{"name":"tweezer_02","rect":[14,30,1049,75],"offset":[-1.5,0],"originalSize":[1080,135],"capInsets":[0,0,0,0]}],[0],0,[0],[2],[13]],[[[4,"hand",1.3333333333333333,22,{"props":{"position":[{"frame":0,"value":[224,-243,0]},{"frame":0.6666666666666666,"value":[224,-189.194,0]},{"frame":1.3333333333333333,"value":[224,-243,0]}]}}]],0,0,[],[],[]],[[{"name":"acne_01","rect":[8,5,212,190],"offset":[0.5,2],"originalSize":[227,204],"capInsets":[0,0,0,0]}],[0],0,[0],[2],[14]],[[{"name":"BG FINAL","rect":[0,0,1042,677],"offset":[0,0],"originalSize":[1042,677],"capInsets":[0,0,0,0]}],[0],0,[0],[2],[15]],[[{"name":"tweezer_01","rect":[13,21,1056,91],"offset":[1,1],"originalSize":[1080,135],"capInsets":[0,0,0,0]}],[0],0,[0],[2],[16]],[[[5,"Tweezers",1.1666666666666667,{"props":{"position":[{"frame":0,"value":[0,100,0]},{"frame":0.5,"value":[20,140,0]}],"opacity":[{"frame":0.6666666666666666,"value":255},{"frame":1.1666666666666667,"value":0}]}}]],0,0,[],[],[]],[[[8,"eye",0.5,0.5,22,{"props":{"y":[{"frame":0,"value":53.37},{"frame":0.5,"value":55.961}]}}]],0,0,[],[],[]],[[[5,"worm",1.3333333333333333,{"props":{"position":[{"frame":0,"value":[-530,53,0]},{"frame":0.5,"value":[-510,83,0]},{"frame":0.9166666666666666,"value":[-530,-140,0]},{"frame":1.3333333333333333,"value":[-530,-180,0]}],"opacity":[{"frame":0.9166666666666666,"value":255},{"frame":1.3333333333333333,"value":0}]}}]],0,0,[],[],[]],[[{"name":"hand","rect":[42,8,118,216],"offset":[-1,0],"originalSize":[204,232],"capInsets":[0,0,0,0]}],[0],0,[0],[2],[17]],[[{"name":"circle","rect":[5,5,225,226],"offset":[1,0],"originalSize":[233,236],"capInsets":[0,0,0,0]}],[0],0,[0],[2],[18]],[[[6,"circle",1,22,[{},"props",11,[{},"scale",12,[[[{"frame":0},"value",8,[1,0.3,0.3,1]],[{"frame":0.5},"value",8,[1,0.35,0.35,1]],[{"frame":1},"value",8,[1,0.3,0.3,1]]],11,11,11]]]]],0,0,[],[],[]],[[[9,"game",null],[10,"dollBase",[-3,-4,-5,-6,-7,-8,-9,-10,-11],[[0,-1,[48],49],[21,4,-0.1629999999999896,-2]],[5,883,1194],[0,-49.12299999999999,0,0,0,0,1,0.32,0.32,0.3]],[11,"Game",[-27,1,-28,-29,-30],[[23,-25,-24,1,-23,-22,-21,-20,-19,-18,-17,-16,-15,-14,-13,-12,54],[24,-26]],[5,320,480]],[12,"New Canvas","edLw0ChSdLCa2m3yNYX8WJ",[-33,2],[[25,-31,[5,320,480]],[22,45,320,480,-32]],[5,320,480],[160,240,0,0,0,0,1,1,1,1]],[13,"tweezers_2",false,1,[-34,-35,-36],[284.65625,-102.075,0,0,0,0.043619387365336,0.9990482215818578,0.3125,0.3125,0.3125],[1,0,0,5]],[14,"BG",2,[[0,-37,[0],1],[26,-38]],[5,1042,677]],[15,"circle2",false,[[0,-39,[10],11],[2,true,-40,[13],12]],[5,225,226],[-156.006,-430.46,0,0,0,0,1,0.5,0.5,1]],[16,"acne_node",1,[-41,-42,-43],[117.738,-133.387,0,0,0,0,1,1,1,1]],[1,"circle",7,[[0,-44,[22],23],[2,true,-45,[25],24]],[5,225,226],[0,21.602,0,0,0,0,1,0.3,0.3,1]],[7,"acne_core",false,4,[[0,-46,[30],31],[2,true,-47,[33],32]],[5,76,105],[-516.61909,49.71791,0,0,0,-0.043619387365336,0.9990482215818578,1.28,1.28,1.28],[1,0,0,-5]],[1,"hand",1,[[0,-48,[38],39],[2,true,-49,[41],40]],[5,118,216],[213.55937,-247.41563,0,0,0,0,1,0.78125,0.78125,0.78125]],[17,"hand2",false,1,[[0,-50,[44],45],[2,true,-51,[47],46]],[5,118,216],[-263.55,-247.41563,0,0,0,0,1,0.78125,0.78125,0.78125]],[1,"EYE_LEFT",1,[[0,-52,[2],3],[2,true,-53,[5],4]],[5,111,115],[-151.844,53.574,0,0,0,0,1,1,1,1]],[1,"EYE_RIGHT",1,[[0,-54,[6],7],[2,true,-55,[9],8]],[5,111,115],[141.542,53.068,0,0,0,0,1,1,1,1]],[18,"acnes",1,[6],[[0,-56,[14],15]],[5,776,1059],[-13.282,57.196,0,0,0,0,1,0.5,0.5,1]],[1,"acne_scar",7,[[3,1,-57,[18],19]],[5,212,190],[0,25.923,0,0,0,0,1,0.4,0.4,1]],[1,"acne_01",7,[[3,1,-58,[20],21]],[5,212,190],[0,25.923,0,0,0,0,1,0.4,0.4,1]],[1,"tweezer_02",4,[[0,-59,[26],27],[2,true,-60,[29],28]],[5,1049,75],[0,100,0,0,0,0,1,1,0.7,1]],[1,"tweezer_01",4,[[0,-61,[34],35],[2,true,-62,[37],36]],[5,1056,91],[0,100,0,0,0,0,1,1,1,1]],[7,"TWEEZERS_3",false,1,[[3,1,-63,[42],43]],[5,514,184],[-313.49062,-114.83125,0,0,0,-0.17364817766693033,0.984807753012208,-0.625,0.625,-0.625],[1,0,0,-20]],[1,"WORD",2,[[0,-64,[50],51]],[5,463,398],[-60.29,179.844,0,0,0,0,1,0.2,0.2,1]],[19,"TWEEZERS",2,[[3,1,-65,[52],53]],[5,514,184],[105.837,-72.265,0,0,0,0.08715574274765817,0.9961946980917455,0.2,0.2,0.2],[1,0,0,10]],[27,"New Node",[3],[0,0,0],[0,0,0,0,0,0,1,1,1,1]],[1,"Main Camera",3,[[28,7,-1,-66,[4,4294967295]]],[5,320,480],[0,0,365.46272039703314,0,0,0,1,1,1,1]],[1,"SPIDER WEB",1,[[0,-67,[16],17]],[5,727,541],[0,316.892,0,0,0,0,1,1,1,1]],[20,"impactZone",2,[5,20,20],[38.929,-84.053,0,0,0,0,1,1,1,1]]],0,[0,0,1,0,0,1,0,-1,12,0,-2,13,0,-3,14,0,-4,24,0,-5,7,0,-6,4,0,-7,10,0,-8,19,0,-9,11,0,5,20,0,6,25,0,7,11,0,8,10,0,9,19,0,10,4,0,11,21,0,12,6,0,13,8,0,14,9,0,15,15,0,16,16,0,17,5,0,0,2,0,0,2,0,-1,5,0,-3,20,0,-4,25,0,-5,21,0,0,3,0,0,3,0,-1,23,0,-1,17,0,-2,9,0,-3,18,0,0,5,0,0,5,0,0,6,0,0,6,0,-1,15,0,-2,16,0,-3,8,0,0,8,0,0,8,0,0,9,0,0,9,0,0,10,0,0,10,0,0,11,0,0,11,0,0,12,0,0,12,0,0,13,0,0,13,0,0,14,0,0,15,0,0,16,0,0,17,0,0,17,0,0,18,0,0,18,0,0,19,0,0,20,0,0,21,0,0,23,0,0,24,0,18,22,1,4,2,2,4,3,3,4,22,6,4,14,67],[0,0,0,0,0,0,0,0,0,0,0,0,0,0,0,0,0,0,0,0,0,0,0,0,0,0,0,0,0,0,0,0,0,0,0,0,0,0,0,0,0,0,0,0,0,0,0,0,0,0,0,0,0,0,0],[-1,1,-1,1,3,-1,-1,1,3,-1,-1,1,3,-1,-1,1,-1,1,-1,1,-1,1,-1,1,3,-1,-1,1,3,-1,-1,1,3,-1,-1,1,3,-1,-1,1,3,-1,-1,1,-1,1,3,-1,-1,1,-1,1,-1,1,19],[0,19,0,3,1,1,0,3,1,1,0,4,5,5,0,20,0,21,0,22,0,23,0,4,6,6,0,24,2,2,0,25,7,7,0,26,2,2,0,8,9,9,0,10,0,8,11,11,0,27,0,28,0,10,29]],[[{"name":"TWEEZERS","rect":[0,0,514,184],"offset":[0,0],"originalSize":[514,184],"capInsets":[0,0,0,0]}],[0],0,[0],[2],[30]],[[[29,"bg",".mp3",80.064],-1],0,0,[],[],[]],[[{"name":"acne_core","rect":[10,5,76,105],"offset":[-1,0],"originalSize":[98,115],"capInsets":[0,0,0,0]}],[0],0,[0],[2],[31]],[[{"name":"eye","rect":[1,2,111,115],"offset":[-0.5,0],"originalSize":[114,119],"capInsets":[0,0,0,0]}],[0],0,[0],[2],[32]],[[{"name":"SPIDER WEB","rect":[0,0,727,541],"offset":[0,0],"originalSize":[727,541],"capInsets":[0,0,0,0]}],[0],0,[0],[2],[33]],[[{"name":"WORD","rect":[3,6,463,398],"offset":[-0.5,-1],"originalSize":[470,408],"capInsets":[0,0,0,0]}],[0],0,[0],[2],[34]],[[[4,"hand2",1,22,{"props":{"position":[{"frame":0,"value":[-300,-290,0]},{"frame":0.5,"value":[-300,-320,0]},{"frame":1,"value":[-300,-290,0]}]}}]],0,0,[],[],[]],[[{"name":"acnes","rect":[16,20,776,1059],"offset":[-0.5,-3],"originalSize":[809,1093],"capInsets":[0,0,0,0]}],[0],0,[0],[2],[35]],[[{"name":"acne_scar","rect":[7,3,212,190],"offset":[1,3.5],"originalSize":[224,203],"capInsets":[0,0,0,0]}],[0],0,[0],[2],[36]],[[[6,"circle2",1,22,[{},"props",11,[{},"scale",12,[[[{"frame":0},"value",8,[1,0.5,0.5,1]],[{"frame":0.5},"value",8,[1,0.55,0.55,1]],[{"frame":1},"value",8,[1,0.5,0.5,1]]],11,11,11]]]]],0,0,[],[],[]]]]