{
  "__type__": "cc.Material",
  "_name": "map_mid",
  "_objFlags": 0,
  "_native": "",
  "_effectAsset": {
    "__uuid__": "1baf0fc9-befa-459c-8bdd-af1a450a0319",
    "__expectedType__": "cc.EffectAsset"
  },
  "_techIdx": 0,
  "_defines": [
    {}
  ],
  "_states": [
    {
      "rasterizerState": {},
      "blendState": {
        "targets": [
          {}
        ]
      },
      "depthStencilState": {}
    }
  ],
  "_props": [
    {
      "albedoScale": {
        "__type__": "cc.Vec3",
        "x": 0.1822267770767212,
        "y": 0.38387829065322876,
        "z": 0.6132075786590576
      }
    }
  ]
}