{
  "__type__": "cc.Material",
  "_name": "map_bottom",
  "_objFlags": 0,
  "_native": "",
  "_effectAsset": {
    "__uuid__": "1baf0fc9-befa-459c-8bdd-af1a450a0319",
    "__expectedType__": "cc.EffectAsset"
  },
  "_techIdx": 0,
  "_defines": [
    {}
  ],
  "_states": [
    {
      "rasterizerState": {},
      "blendState": {
        "targets": [
          {}
        ]
      },
      "depthStencilState": {}
    }
  ],
  "_props": [
    {
      "albedoScale": {
        "__type__": "cc.Vec3",
        "x": 0.14901961386203766,
        "y": 0.4078431725502014,
        "z": 0.7137255072593689
      }
    }
  ]
}