{
  "__type__": "cc.Material",
  "_name": "ToonSoldiers_weapons",
  "_objFlags": 0,
  "_native": "",
  "_effectAsset": {
    "__uuid__": "1baf0fc9-befa-459c-8bdd-af1a450a0319",
    "__expectedType__": "cc.EffectAsset"
  },
  "_techIdx": 0,
  "_defines": [
    {
      "HAS_SECOND_UV": true,
      "USE_ALBEDO_MAP": true
    }
  ],
  "_states": [
    {
      "rasterizerState": {},
      "blendState": {
        "targets": [
          {}
        ]
      },
      "depthStencilState": {}
    }
  ],
  "_props": [
    {
      "mainTexture": {
        "__uuid__": "71977687-16eb-4d18-af1a-3a02377255c7@16491",
        "__expectedType__": "cc.Texture2D"
      },
      "metallic": 0.4000000059604645,
      "roughness": 0.7071067690849304
    }
  ]
}