{
  "__type__": "cc.Material",
  "_name": "",
  "_objFlags": 0,
  "_native": "",
  "_effectAsset": {
    "__uuid__": "1baf0fc9-befa-459c-8bdd-af1a450a0319",
    "__expectedType__": "cc.EffectAsset"
  },
  "_techIdx": 0,
  "_defines": [
    {
      "USE_LIGHTMAP": true
    },
    {},
    {}
  ],
  "_states": [
    {
      "rasterizerState": {},
      "depthStencilState": {},
      "blendState": {
        "targets": [
          {}
        ]
      }
    },
    {},
    {}
  ],
  "_props": [
    {
      "mainColor": {
        "__type__": "cc.Color",
        "r": 176,
        "g": 154,
        "b": 124,
        "a": 255
      }
    },
    {},
    {}
  ]
}