{
  "__type__": "cc.TextAsset",
  "_name": "Zombie.atlas",
  "_objFlags": 0,
  "_native": "",
  "text": "\nZombie.png\nsize: 512, 512\nformat: RGBA8888\nfilter: Linear, Linear\nrepeat: none\natk07\n  rotate: false\n  xy: 235, 14\n  size: 112, 159\n  orig: 112, 159\n  offset: 0, 0\n  index: -1\natk09\n  rotate: false\n  xy: 122, 330\n  size: 124, 148\n  orig: 124, 148\n  offset: 0, 0\n  index: -1\natk11\n  rotate: false\n  xy: 2, 174\n  size: 132, 141\n  orig: 132, 141\n  offset: 0, 0\n  index: -1\natk15\n  rotate: false\n  xy: 248, 359\n  size: 145, 119\n  orig: 145, 119\n  offset: 0, 0\n  index: -1\nwalk13\n  rotate: false\n  xy: 254, 197\n  size: 111, 160\n  orig: 111, 160\n  offset: 0, 0\n  index: -1\nwalk15\n  rotate: false\n  xy: 349, 32\n  size: 107, 163\n  orig: 107, 163\n  offset: 0, 0\n  index: -1\nwalk27\n  rotate: false\n  xy: 367, 200\n  size: 111, 157\n  orig: 111, 157\n  offset: 0, 0\n  index: -1\nwalk29\n  rotate: false\n  xy: 136, 175\n  size: 116, 153\n  orig: 116, 153\n  offset: 0, 0\n  index: -1\nwalk31\n  rotate: false\n  xy: 115, 21\n  size: 118, 151\n  orig: 118, 151\n  offset: 0, 0\n  index: -1\nwalk33\n  rotate: false\n  xy: 2, 317\n  size: 118, 161\n  orig: 118, 161\n  offset: 0, 0\n  index: -1\nwalk35\n  rotate: false\n  xy: 2, 9\n  size: 111, 163\n  orig: 111, 163\n  offset: 0, 0\n  index: -1\n\nZombie_2.png\nsize: 512, 512\nformat: RGBA8888\nfilter: Linear, Linear\nrepeat: none\natk17\n  rotate: false\n  xy: 273, 262\n  size: 147, 104\n  orig: 147, 104\n  offset: 0, 0\n  index: -1\natk19\n  rotate: false\n  xy: 342, 408\n  size: 141, 102\n  orig: 141, 102\n  offset: 0, 0\n  index: -1\natk21\n  rotate: false\n  xy: 134, 245\n  size: 137, 114\n  orig: 137, 114\n  offset: 0, 0\n  index: -1\natk23\n  rotate: false\n  xy: 2, 232\n  size: 130, 127\n  orig: 130, 127\n  offset: 0, 0\n  index: -1\natk25\n  rotate: false\n  xy: 227, 368\n  size: 113, 142\n  orig: 113, 142\n  offset: 0, 0\n  index: -1\natk29\n  rotate: false\n  xy: 422, 250\n  size: 83, 156\n  orig: 83, 156\n  offset: 0, 0\n  index: -1\nwalk07\n  rotate: false\n  xy: 310, 106\n  size: 104, 154\n  orig: 104, 154\n  offset: 0, 0\n  index: -1\nwalk09\n  rotate: false\n  xy: 115, 361\n  size: 110, 149\n  orig: 110, 149\n  offset: 0, 0\n  index: -1\nwalk11\n  rotate: false\n  xy: 2, 361\n  size: 111, 149\n  orig: 111, 149\n  offset: 0, 0\n  index: -1\nwalk17\n  rotate: false\n  xy: 209, 80\n  size: 99, 163\n  orig: 99, 163\n  offset: 0, 0\n  index: -1\nwalk23\n  rotate: false\n  xy: 416, 85\n  size: 94, 163\n  orig: 94, 163\n  offset: 0, 0\n  index: -1\nwalk25\n  rotate: false\n  xy: 105, 70\n  size: 102, 160\n  orig: 102, 160\n  offset: 0, 0\n  index: -1\nwalk37\n  rotate: false\n  xy: 2, 68\n  size: 101, 162\n  orig: 101, 162\n  offset: 0, 0\n  index: -1\n\nZombie_3.png\nsize: 512, 512\nformat: RGBA8888\nfilter: Linear, Linear\nrepeat: none\natk01\n  rotate: false\n  xy: 170, 27\n  size: 92, 162\n  orig: 92, 162\n  offset: 0, 0\n  index: -1\natk05\n  rotate: false\n  xy: 355, 351\n  size: 98, 159\n  orig: 98, 159\n  offset: 0, 0\n  index: -1\natk27\n  rotate: false\n  xy: 2, 358\n  size: 93, 152\n  orig: 93, 152\n  offset: 0, 0\n  index: -1\natk31\n  rotate: false\n  xy: 97, 354\n  size: 80, 156\n  orig: 80, 156\n  offset: 0, 0\n  index: -1\natk33\n  rotate: false\n  xy: 179, 353\n  size: 76, 157\n  orig: 76, 157\n  offset: 0, 0\n  index: -1\natk35\n  rotate: false\n  xy: 2, 196\n  size: 77, 160\n  orig: 77, 160\n  offset: 0, 0\n  index: -1\natk37\n  rotate: false\n  xy: 430, 183\n  size: 75, 163\n  orig: 75, 163\n  offset: 0, 0\n  index: -1\natk43\n  rotate: false\n  xy: 372, 187\n  size: 56, 162\n  orig: 56, 162\n  offset: 0, 0\n  index: -1\natk45\n  rotate: false\n  xy: 455, 348\n  size: 55, 162\n  orig: 55, 162\n  offset: 0, 0\n  index: -1\nidle01\n  rotate: false\n  xy: 2, 31\n  size: 68, 163\n  orig: 68, 163\n  offset: 0, 0\n  index: -1\nidle05\n  rotate: false\n  xy: 264, 25\n  size: 69, 163\n  orig: 69, 163\n  offset: 0, 0\n  index: -1\nidle09\n  rotate: false\n  xy: 335, 22\n  size: 71, 163\n  orig: 71, 163\n  offset: 0, 0\n  index: -1\nidle13\n  rotate: false\n  xy: 408, 18\n  size: 73, 163\n  orig: 73, 163\n  offset: 0, 0\n  index: -1\nwalk01\n  rotate: false\n  xy: 81, 193\n  size: 95, 159\n  orig: 95, 159\n  offset: 0, 0\n  index: -1\nwalk03\n  rotate: false\n  xy: 178, 191\n  size: 95, 159\n  orig: 95, 159\n  offset: 0, 0\n  index: -1\nwalk05\n  rotate: false\n  xy: 257, 352\n  size: 96, 158\n  orig: 96, 158\n  offset: 0, 0\n  index: -1\nwalk39\n  rotate: false\n  xy: 72, 30\n  size: 96, 161\n  orig: 96, 161\n  offset: 0, 0\n  index: -1\nwalk41\n  rotate: false\n  xy: 275, 190\n  size: 95, 159\n  orig: 95, 159\n  offset: 0, 0\n  index: -1\n\nZombie_4.png\nsize: 512, 512\nformat: RGBA8888\nfilter: Linear, Linear\nrepeat: none\natk03\n  rotate: false\n  xy: 438, 2\n  size: 58, 165\n  orig: 58, 165\n  offset: 0, 0\n  index: -1\natk39\n  rotate: false\n  xy: 327, 335\n  size: 71, 164\n  orig: 71, 164\n  offset: 0, 0\n  index: -1\nidle15\n  rotate: false\n  xy: 252, 336\n  size: 73, 163\n  orig: 73, 163\n  offset: 0, 0\n  index: -1\nidle19\n  rotate: false\n  xy: 176, 336\n  size: 74, 163\n  orig: 74, 163\n  offset: 0, 0\n  index: -1\nidle23\n  rotate: false\n  xy: 99, 336\n  size: 75, 163\n  orig: 75, 163\n  offset: 0, 0\n  index: -1\nidle27\n  rotate: false\n  xy: 2, 6\n  size: 75, 163\n  orig: 75, 163\n  offset: 0, 0\n  index: -1\nidle29\n  rotate: false\n  xy: 99, 171\n  size: 75, 163\n  orig: 75, 163\n  offset: 0, 0\n  index: -1\nidle33\n  rotate: false\n  xy: 79, 6\n  size: 74, 163\n  orig: 74, 163\n  offset: 0, 0\n  index: -1\nidle37\n  rotate: false\n  xy: 176, 171\n  size: 74, 163\n  orig: 74, 163\n  offset: 0, 0\n  index: -1\nidle41\n  rotate: false\n  xy: 155, 6\n  size: 72, 163\n  orig: 72, 163\n  offset: 0, 0\n  index: -1\nidle43\n  rotate: false\n  xy: 252, 170\n  size: 72, 164\n  orig: 72, 164\n  offset: 0, 0\n  index: -1\nidle47\n  rotate: false\n  xy: 400, 335\n  size: 70, 164\n  orig: 70, 164\n  offset: 0, 0\n  index: -1\nidle51\n  rotate: false\n  xy: 326, 169\n  size: 69, 164\n  orig: 69, 164\n  offset: 0, 0\n  index: -1\nidle55\n  rotate: false\n  xy: 397, 169\n  size: 68, 164\n  orig: 68, 164\n  offset: 0, 0\n  index: -1\nidle57\n  rotate: false\n  xy: 229, 4\n  size: 68, 164\n  orig: 68, 164\n  offset: 0, 0\n  index: -1\nidle61\n  rotate: false\n  xy: 369, 3\n  size: 67, 164\n  orig: 67, 164\n  offset: 0, 0\n  index: -1\nidle79\n  rotate: false\n  xy: 299, 4\n  size: 68, 163\n  orig: 68, 163\n  offset: 0, 0\n  index: -1\nwalk19\n  rotate: false\n  xy: 2, 336\n  size: 95, 163\n  orig: 95, 163\n  offset: 0, 0\n  index: -1\nwalk21\n  rotate: false\n  xy: 2, 171\n  size: 95, 163\n  orig: 95, 163\n  offset: 0, 0\n  index: -1\n\nZombie_5.png\nsize: 512, 512\nformat: RGBA8888\nfilter: Linear, Linear\nrepeat: none\natk13\n  rotate: false\n  xy: 341, 233\n  size: 58, 166\n  orig: 58, 166\n  offset: 0, 0\n  index: -1\natk41\n  rotate: false\n  xy: 208, 235\n  size: 62, 164\n  orig: 62, 164\n  offset: 0, 0\n  index: -1\nidle65\n  rotate: false\n  xy: 272, 235\n  size: 67, 164\n  orig: 67, 164\n  offset: 0, 0\n  index: -1\nidle69\n  rotate: false\n  xy: 2, 236\n  size: 66, 163\n  orig: 66, 163\n  offset: 0, 0\n  index: -1\nidle71\n  rotate: false\n  xy: 70, 236\n  size: 67, 163\n  orig: 67, 163\n  offset: 0, 0\n  index: -1\nidle75\n  rotate: false\n  xy: 139, 236\n  size: 67, 163\n  orig: 67, 163\n  offset: 0, 0\n  index: -1\n"
}