{
  "__type__": "cc.Skeleton",
  "_name": "Skin-0",
  "_objFlags": 0,
  "_native": "",
  "_joints": [
    "Rex/root",
    "Rex/root/spine0",
    "Rex/root/spine0/spine1",
    "Rex/root/spine0/spine1/spine2",
    "Rex/root/spine0/spine1/spine2/spine3",
    "Rex/root/spine0/spine1/spine2/spine3/neck0",
    "Rex/root/spine0/spine1/spine2/spine3/neck0/neck1",
    "Rex/root/spine0/spine1/spine2/spine3/neck0/neck1/neck2",
    "Rex/root/spine0/spine1/spine2/spine3/neck0/neck1/neck2/head",
    "Rex/root/spine0/spine1/spine2/spine3/neck0/neck1/neck2/head/jaw0",
    "Rex/root/spine0/spine1/spine2/spine3/neck0/neck1/neck2/head/jaw0/jaw1",
    "Rex/root/spine0/spine1/spine2/spine3/neck0/neck1/neck2/head/jaw0/jaw1/jaw1_end",
    "Rex/root/spine0/spine1/spine2/spine3/neck0/neck1/neck2/head/jaw0/tongue0",
    "Rex/root/spine0/spine1/spine2/spine3/neck0/neck1/neck2/head/jaw0/tongue0/tongue1",
    "Rex/root/spine0/spine1/spine2/spine3/neck0/neck1/neck2/head/jaw0/tongue0/tongue1/tongue2",
    "Rex/root/spine0/spine1/spine2/spine3/neck0/neck1/neck2/head/jaw0/tongue0/tongue1/tongue2/tongue3",
    "Rex/root/spine0/spine1/spine2/spine3/neck0/neck1/neck2/head/jaw0/tongue0/tongue1/tongue2/tongue3/tongue3_end",
    "Rex/root/spine0/spine1/spine2/spine3/neck0/neck1/neck2/head/eyes",
    "Rex/root/spine0/spine1/spine2/spine3/neck0/neck1/neck2/head/eyes/left eye",
    "Rex/root/spine0/spine1/spine2/spine3/neck0/neck1/neck2/head/eyes/left eye/left eye_end",
    "Rex/root/spine0/spine1/spine2/spine3/neck0/neck1/neck2/head/eyes/right eye",
    "Rex/root/spine0/spine1/spine2/spine3/neck0/neck1/neck2/head/eyes/right eye/right eye_end",
    "Rex/root/spine0/spine1/spine2/spine3/neck0/neck1/neck2/head/gums0",
    "Rex/root/spine0/spine1/spine2/spine3/neck0/neck1/neck2/head/gums0/gums1",
    "Rex/root/spine0/spine1/spine2/spine3/neck0/neck1/neck2/head/gums0/gums1/gums1_end",
    "Rex/root/spine0/spine1/spine2/spine3/left arm0",
    "Rex/root/spine0/spine1/spine2/spine3/left arm0/left arm1",
    "Rex/root/spine0/spine1/spine2/spine3/left arm0/left arm1/left arm2",
    "Rex/root/spine0/spine1/spine2/spine3/left arm0/left arm1/left arm2/left hand",
    "Rex/root/spine0/spine1/spine2/spine3/left arm0/left arm1/left arm2/left hand/left hand_end",
    "Rex/root/spine0/spine1/spine2/spine3/right arm0",
    "Rex/root/spine0/spine1/spine2/spine3/right arm0/right arm1",
    "Rex/root/spine0/spine1/spine2/spine3/right arm0/right arm1/right arm2",
    "Rex/root/spine0/spine1/spine2/spine3/right arm0/right arm1/right arm2/right hand",
    "Rex/root/spine0/spine1/spine2/spine3/right arm0/right arm1/right arm2/right hand/right hand_end",
    "Rex/root/tail0",
    "Rex/root/tail0/tail1",
    "Rex/root/tail0/tail1/tail2",
    "Rex/root/tail0/tail1/tail2/tail3",
    "Rex/root/tail0/tail1/tail2/tail3/tail4",
    "Rex/root/tail0/tail1/tail2/tail3/tail4/tail5",
    "Rex/root/tail0/tail1/tail2/tail3/tail4/tail5/tail6",
    "Rex/root/tail0/tail1/tail2/tail3/tail4/tail5/tail6/tail7",
    "Rex/root/tail0/tail1/tail2/tail3/tail4/tail5/tail6/tail7/tail8",
    "Rex/root/tail0/tail1/tail2/tail3/tail4/tail5/tail6/tail7/tail8/tail8_end",
    "Rex/root/tail0/tail1/right hips",
    "Rex/root/tail0/tail1/right hips/right leg",
    "Rex/root/tail0/tail1/right hips/right leg/right foot0",
    "Rex/root/tail0/tail1/right hips/right leg/right foot0/right foot1",
    "Rex/root/tail0/tail1/right hips/right leg/right foot0/right foot1/right toe4",
    "Rex/root/tail0/tail1/right hips/right leg/right foot0/right foot1/right toe4/right toe5",
    "Rex/root/tail0/tail1/right hips/right leg/right foot0/right foot1/right toe4/right toe5/right toe5_end",
    "Rex/root/tail0/tail1/right hips/right leg/right foot0/right foot1/right toe0",
    "Rex/root/tail0/tail1/right hips/right leg/right foot0/right foot1/right toe0/right toe1",
    "Rex/root/tail0/tail1/right hips/right leg/right foot0/right foot1/right toe0/right toe1/right toe1_end",
    "Rex/root/tail0/tail1/right hips/right leg/right foot0/right foot1/right toe2",
    "Rex/root/tail0/tail1/right hips/right leg/right foot0/right foot1/right toe2/right toe3",
    "Rex/root/tail0/tail1/right hips/right leg/right foot0/right foot1/right toe2/right toe3/right toe3_end",
    "Rex/root/tail0/tail1/left hips",
    "Rex/root/tail0/tail1/left hips/left leg",
    "Rex/root/tail0/tail1/left hips/left leg/left foot0",
    "Rex/root/tail0/tail1/left hips/left leg/left foot0/left foot1",
    "Rex/root/tail0/tail1/left hips/left leg/left foot0/left foot1/left toe2",
    "Rex/root/tail0/tail1/left hips/left leg/left foot0/left foot1/left toe2/left toe3",
    "Rex/root/tail0/tail1/left hips/left leg/left foot0/left foot1/left toe2/left toe3/left toe3_end",
    "Rex/root/tail0/tail1/left hips/left leg/left foot0/left foot1/left toe4",
    "Rex/root/tail0/tail1/left hips/left leg/left foot0/left foot1/left toe4/left toe5",
    "Rex/root/tail0/tail1/left hips/left leg/left foot0/left foot1/left toe4/left toe5/left toe5_end",
    "Rex/root/tail0/tail1/left hips/left leg/left foot0/left foot1/left toe0",
    "Rex/root/tail0/tail1/left hips/left leg/left foot0/left foot1/left toe0/left toe1",
    "Rex/root/tail0/tail1/left hips/left leg/left foot0/left foot1/left toe0/left toe1/left toe1_end"
  ],
  "_bindposes": [
    {
      "__type__": "cc.Mat4",
      "m00": 0.033333323895931244,
      "m01": 2.480302629948028e-9,
      "m02": -1.0841751071358617e-16,
      "m03": 0,
      "m04": -2.480302629948028e-9,
      "m05": 0.033333323895931244,
      "m06": -2.3684751152992507e-16,
      "m07": 0,
      "m08": 1.0841749747869637e-16,
      "m09": 2.3684751152992507e-16,
      "m10": 0.033333323895931244,
      "m11": 0,
      "m12": -0.00016164299449883401,
      "m13": 0.04317420348525047,
      "m14": 0.4284820854663849,
      "m15": 1
    },
    {
      "__type__": "cc.Mat4",
      "m00": 0.033333323895931244,
      "m01": 2.485017525089006e-9,
      "m02": -1.0862359780012008e-16,
      "m03": 0,
      "m04": -2.485017525089006e-9,
      "m05": 0.033333323895931244,
      "m06": -2.3684751152992507e-16,
      "m07": 0,
      "m08": 1.0862358456523028e-16,
      "m09": 2.3684751152992507e-16,
      "m10": 0.033333323895931244,
      "m11": 0,
      "m12": -0.00016164658882189542,
      "m13": -0.03559775650501251,
      "m14": 0.44222700595855713,
      "m15": 1
    },
    {
      "__type__": "cc.Mat4",
      "m00": 0.033333323895931244,
      "m01": 2.489964456842131e-9,
      "m02": -1.0883984928202104e-16,
      "m03": 0,
      "m04": -2.489964456842131e-9,
      "m05": 0.033333323895931244,
      "m06": -2.3684751152992507e-16,
      "m07": 0,
      "m08": 1.0883982942968634e-16,
      "m09": 2.3684751152992507e-16,
      "m10": 0.033333323895931244,
      "m11": 0,
      "m12": -0.00016164829139597714,
      "m13": -0.09693480283021927,
      "m14": 0.44039615988731384,
      "m15": 1
    },
    {
      "__type__": "cc.Mat4",
      "m00": 0.033333323895931244,
      "m01": 2.484057626261915e-9,
      "m02": -1.0858164981689629e-16,
      "m03": 0,
      "m04": -2.484057626261915e-9,
      "m05": 0.033333323895931244,
      "m06": -2.3684751152992507e-16,
      "m07": 0,
      "m08": 1.0858162996456159e-16,
      "m09": 2.3684751152992507e-16,
      "m10": 0.033333323895931244,
      "m11": 0,
      "m12": -0.000161648727953434,
      "m13": -0.1518634855747223,
      "m14": 0.4294103980064392,
      "m15": 1
    },
    {
      "__type__": "cc.Mat4",
      "m00": 0.033333323895931244,
      "m01": 2.4882800264691696e-9,
      "m02": -1.0876621035516912e-16,
      "m03": 0,
      "m04": -2.4882795823799597e-9,
      "m05": 0.03333332762122154,
      "m06": -4.588920635153972e-16,
      "m07": 0,
      "m08": 1.0876617726794462e-16,
      "m09": 4.588921164549564e-16,
      "m10": 0.033333323895931244,
      "m11": 0,
      "m12": -0.00016164884436875582,
      "m13": -0.19214454293251038,
      "m14": 0.4202556312084198,
      "m15": 1
    },
    {
      "__type__": "cc.Mat4",
      "m00": 0.033333323895931244,
      "m01": 2.4897908179610795e-9,
      "m02": -1.0883225245527536e-16,
      "m03": 0,
      "m04": -2.4897905959164746e-9,
      "m05": 0.03333332762122154,
      "m06": -4.588920635153972e-16,
      "m07": 0,
      "m08": 1.0883221936805086e-16,
      "m09": 4.588921164549564e-16,
      "m10": 0.033333323895931244,
      "m11": 0,
      "m12": -0.00016165013948921114,
      "m13": -0.2342565506696701,
      "m14": 0.4202556312084198,
      "m15": 1
    },
    {
      "__type__": "cc.Mat4",
      "m00": 0.033333323895931244,
      "m01": 2.478193872335055e-9,
      "m02": -1.0832533632356816e-16,
      "m03": 0,
      "m04": -2.47819365029045e-9,
      "m05": 0.03333332762122154,
      "m06": -4.588920635153972e-16,
      "m07": 0,
      "m08": 1.0832530323634366e-16,
      "m09": 4.588921164549564e-16,
      "m10": 0.033333323895931244,
      "m11": 0,
      "m12": -0.0001616533554624766,
      "m13": -0.2754530906677246,
      "m14": 0.43581876158714294,
      "m15": 1
    },
    {
      "__type__": "cc.Mat4",
      "m00": 0.033333323895931244,
      "m01": 2.484227046295473e-9,
      "m02": -1.0858904812029497e-16,
      "m03": 0,
      "m04": -2.484226602206263e-9,
      "m05": 0.03333332762122154,
      "m06": -4.588920635153972e-16,
      "m07": 0,
      "m08": 1.0858901503307046e-16,
      "m09": 4.588921164549564e-16,
      "m10": 0.033333323895931244,
      "m11": 0,
      "m12": -0.00016165694978553802,
      "m13": -0.3131858706474304,
      "m14": 0.45698079466819763,
      "m15": 1
    },
    {
      "__type__": "cc.Mat4",
      "m00": 0.033333323895931244,
      "m01": 2.4873649806522735e-9,
      "m02": -1.0872621451819096e-16,
      "m03": 0,
      "m04": -2.4873647586076686e-9,
      "m05": 0.03333332762122154,
      "m06": -4.588920635153972e-16,
      "m07": 0,
      "m08": 1.0872618143096646e-16,
      "m09": 4.588921164549564e-16,
      "m10": 0.033333323895931244,
      "m11": 0,
      "m12": -0.0001616607332834974,
      "m13": -0.3475164771080017,
      "m14": 0.4799630343914032,
      "m15": 1
    },
    {
      "__type__": "cc.Mat4",
      "m00": 0.033333323895931244,
      "m01": 2.4853654689849236e-9,
      "m02": -1.0863881130594616e-16,
      "m03": 0,
      "m04": -2.4853650248957138e-9,
      "m05": 0.03333332762122154,
      "m06": -4.588920635153972e-16,
      "m07": 0,
      "m08": 1.0863877821872165e-16,
      "m09": 4.588921164549564e-16,
      "m10": 0.033333323895931244,
      "m11": 0,
      "m12": -0.00016165342822205275,
      "m13": -0.37143614888191223,
      "m14": 0.4123653173446655,
      "m15": 1
    },
    {
      "__type__": "cc.Mat4",
      "m00": 0.033333323895931244,
      "m01": 2.485364580806504e-9,
      "m02": -1.0863877821872165e-16,
      "m03": 0,
      "m04": -2.485364358761899e-9,
      "m05": 0.03333332762122154,
      "m06": -4.588920635153972e-16,
      "m07": 0,
      "m08": 1.0863874513149715e-16,
      "m09": 4.588921164549564e-16,
      "m10": 0.033333323895931244,
      "m11": 0,
      "m12": -0.00016165054694283754,
      "m13": -0.5083661079406738,
      "m14": 0.35424885153770447,
      "m15": 1
    },
    {
      "__type__": "cc.Mat4",
      "m00": 0.033333323895931244,
      "m01": 2.485364580806504e-9,
      "m02": -1.0863877821872165e-16,
      "m03": 0,
      "m04": -2.485364358761899e-9,
      "m05": 0.03333332762122154,
      "m06": -4.588920635153972e-16,
      "m07": 0,
      "m08": 1.0863874513149715e-16,
      "m09": 4.588921164549564e-16,
      "m10": 0.033333323895931244,
      "m11": 0,
      "m12": -0.00016166301793418825,
      "m13": -0.6025660634040833,
      "m14": 0.35424885153770447,
      "m15": 1
    },
    {
      "__type__": "cc.Mat4",
      "m00": 0.033333323895931244,
      "m01": 2.4706745538338737e-9,
      "m02": -1.0799665445280899e-16,
      "m03": 0,
      "m04": -2.4706743317892688e-9,
      "m05": 0.03333332762122154,
      "m06": -4.588920635153972e-16,
      "m07": 0,
      "m08": 1.0799662136558449e-16,
      "m09": 4.588921164549564e-16,
      "m10": 0.033333323895931244,
      "m11": 0,
      "m12": -4.341822190667699e-8,
      "m13": -0.406871497631073,
      "m14": 0.394582599401474,
      "m15": 1
    },
    {
      "__type__": "cc.Mat4",
      "m00": 0.033333323895931244,
      "m01": 2.4849602375809354e-9,
      "m02": -1.0862109640594772e-16,
      "m03": 0,
      "m04": -2.4849597934917256e-9,
      "m05": 0.03333332762122154,
      "m06": -4.588920635153972e-16,
      "m07": 0,
      "m08": 1.0862106331872322e-16,
      "m09": 4.588921164549564e-16,
      "m10": 0.033333323895931244,
      "m11": 0,
      "m12": -4.41181882138153e-8,
      "m13": -0.44861865043640137,
      "m14": 0.3912619650363922,
      "m15": 1
    },
    {
      "__type__": "cc.Mat4",
      "m00": 0.033333323895931244,
      "m01": 2.4849571289564665e-9,
      "m02": -1.0862096405704971e-16,
      "m03": 0,
      "m04": -2.4849569069118616e-9,
      "m05": 0.03333332762122154,
      "m06": -4.588920635153972e-16,
      "m07": 0,
      "m08": 1.0862093096982521e-16,
      "m09": 4.588921164549564e-16,
      "m10": 0.033333323895931244,
      "m11": 0,
      "m12": -4.3208743250033876e-8,
      "m13": -0.4728791117668152,
      "m14": 0.37831467390060425,
      "m15": 1
    },
    {
      "__type__": "cc.Mat4",
      "m00": 0.033333323895931244,
      "m01": 2.4849535762427877e-9,
      "m02": -1.08620811855817e-16,
      "m03": 0,
      "m04": -2.4849533541981828e-9,
      "m05": 0.03333332762122154,
      "m06": -4.588920635153972e-16,
      "m07": 0,
      "m08": 1.086207787685925e-16,
      "m09": 4.588921164549564e-16,
      "m10": 0.033333323895931244,
      "m11": 0,
      "m12": -4.4046348790516276e-8,
      "m13": -0.48885658383369446,
      "m14": 0.3777938485145569,
      "m15": 1
    },
    {
      "__type__": "cc.Mat4",
      "m00": 0.033333323895931244,
      "m01": 2.4849533541981828e-9,
      "m02": -1.086207986209272e-16,
      "m03": 0,
      "m04": -2.484953132153578e-9,
      "m05": 0.03333332762122154,
      "m06": -4.588920635153972e-16,
      "m07": 0,
      "m08": 1.086207655337027e-16,
      "m09": 4.588921164549564e-16,
      "m10": 0.033333323895931244,
      "m11": 0,
      "m12": -4.6157840216665136e-8,
      "m13": -0.5048425793647766,
      "m14": 0.3777938783168793,
      "m15": 1
    },
    {
      "__type__": "cc.Mat4",
      "m00": -0.033333323895931244,
      "m01": -8.374010818101851e-9,
      "m02": -3.6603978244178874e-16,
      "m03": 0,
      "m04": 8.374009929923432e-9,
      "m05": -0.03333332762122154,
      "m06": -4.481711675019995e-16,
      "m07": 0,
      "m08": -3.6603965009289073e-16,
      "m09": -4.481713263206771e-16,
      "m10": 0.033333323895931244,
      "m11": 0,
      "m12": 0.0001557466312078759,
      "m13": 0.4250625967979431,
      "m14": 0.4640948176383972,
      "m15": 1
    },
    {
      "__type__": "cc.Mat4",
      "m00": 5.319812146353797e-9,
      "m01": -0.03333332762122154,
      "m02": 3.0220885793852403e-9,
      "m03": 0,
      "m04": -3.979460094782894e-10,
      "m05": 3.0220885793852403e-9,
      "m06": 0.03333332762122154,
      "m07": 0,
      "m08": -0.033333323895931244,
      "m09": -5.319813034532217e-9,
      "m10": -3.9794556538907955e-10,
      "m11": 0,
      "m12": -0.46410563588142395,
      "m13": 0.04114333540201187,
      "m14": -0.42507076263427734,
      "m15": 1
    },
    {
      "__type__": "cc.Mat4",
      "m00": 5.3202615646341656e-9,
      "m01": -0.03333332762122154,
      "m02": 3.9689442843382494e-9,
      "m03": 0,
      "m04": 1.4570449291539944e-9,
      "m05": 3.968944728427459e-9,
      "m06": 0.03333332762122154,
      "m07": 0,
      "m08": -0.033333323895931244,
      "m09": -5.320262008723375e-9,
      "m10": 1.4570457063101117e-9,
      "m11": 0,
      "m12": -0.4641057252883911,
      "m13": -3.424052152922741e-8,
      "m14": -0.42507076263427734,
      "m15": 1
    },
    {
      "__type__": "cc.Mat4",
      "m00": 2.911661134419319e-9,
      "m01": -0.033333323895931244,
      "m02": -5.430239813364324e-9,
      "m03": 0,
      "m04": 0.03333332762122154,
      "m05": 2.9116613564639238e-9,
      "m06": -5.033193417602888e-9,
      "m07": 0,
      "m08": 5.033194749870518e-9,
      "m09": -5.430239369275114e-9,
      "m10": 0.033333323895931244,
      "m11": 0,
      "m12": -0.4250706434249878,
      "m13": -0.041143398731946945,
      "m14": 0.46410563588142395,
      "m15": 1
    },
    {
      "__type__": "cc.Mat4",
      "m00": 3.858518393684562e-9,
      "m01": -0.033333323895931244,
      "m02": -5.430688343466272e-9,
      "m03": 0,
      "m04": 0.03333332762122154,
      "m05": 3.858518393684562e-9,
      "m06": -5.0331920853352585e-9,
      "m07": 0,
      "m08": 5.033193417602888e-9,
      "m09": -5.4306878993770624e-9,
      "m10": 0.033333323895931244,
      "m11": 0,
      "m12": -0.4250706434249878,
      "m13": -0.0822867751121521,
      "m14": 0.4641057252883911,
      "m15": 1
    },
    {
      "__type__": "cc.Mat4",
      "m00": 0.033333323895931244,
      "m01": 2.484544348035911e-9,
      "m02": -1.0860292490225116e-16,
      "m03": 0,
      "m04": -2.484543903946701e-9,
      "m05": 0.03333332762122154,
      "m06": -4.588920635153972e-16,
      "m07": 0,
      "m08": 1.0860288519758175e-16,
      "m09": 4.588921164549564e-16,
      "m10": 0.033333323895931244,
      "m11": 0,
      "m12": -0.00016546339611522853,
      "m13": -0.4403172433376312,
      "m14": 0.42262622714042664,
      "m15": 1
    },
    {
      "__type__": "cc.Mat4",
      "m00": 0.033333323895931244,
      "m01": 2.4846069646144997e-9,
      "m02": -1.0860565790699503e-16,
      "m03": 0,
      "m04": -2.48460652052529e-9,
      "m05": 0.03333332762122154,
      "m06": -4.588920635153972e-16,
      "m07": 0,
      "m08": 1.0860562481977053e-16,
      "m09": 4.588921164549564e-16,
      "m10": 0.033333323895931244,
      "m11": 0,
      "m12": -0.0001654639490880072,
      "m13": -0.5390945672988892,
      "m14": 0.4191979467868805,
      "m15": 1
    },
    {
      "__type__": "cc.Mat4",
      "m00": 0.033333323895931244,
      "m01": 2.4846069646144997e-9,
      "m02": -1.0860565790699503e-16,
      "m03": 0,
      "m04": -2.48460652052529e-9,
      "m05": 0.03333332762122154,
      "m06": -4.588920635153972e-16,
      "m07": 0,
      "m08": 1.0860562481977053e-16,
      "m09": 4.588921164549564e-16,
      "m10": 0.033333323895931244,
      "m11": 0,
      "m12": -0.00016547695850022137,
      "m13": -0.6379313468933105,
      "m14": 0.41919803619384766,
      "m15": 1
    },
    {
      "__type__": "cc.Mat4",
      "m00": -1.062906651583262e-9,
      "m01": -0.033333323895931244,
      "m02": -6.023036736024778e-9,
      "m03": 0,
      "m04": 0.03333332762122154,
      "m05": -1.0629056523825398e-9,
      "m06": -5.033192973513678e-9,
      "m07": 0,
      "m08": 5.033193417602888e-9,
      "m09": -6.023036736024778e-9,
      "m10": 0.033333323895931244,
      "m11": 0,
      "m12": -0.1928120106458664,
      "m13": 0.05728321895003319,
      "m14": 0.32155555486679077,
      "m15": 1
    },
    {
      "__type__": "cc.Mat4",
      "m00": 1.389238057925013e-9,
      "m01": -0.033333323895931244,
      "m02": -6.023036736024778e-9,
      "m03": 0,
      "m04": 0.03333332762122154,
      "m05": 1.3892388350811302e-9,
      "m06": -5.033193861692098e-9,
      "m07": 0,
      "m08": 5.033194749870518e-9,
      "m09": -6.0230362919355684e-9,
      "m10": 0.033333323895931244,
      "m11": 0,
      "m12": -0.20019303262233734,
      "m13": 0.06177392601966858,
      "m14": 0.26571139693260193,
      "m15": 1
    },
    {
      "__type__": "cc.Mat4",
      "m00": 1.389237835880408e-9,
      "m01": -0.033333323895931244,
      "m02": -3.526406944232008e-9,
      "m03": 0,
      "m04": 0.03333332762122154,
      "m05": 1.3892381689473154e-9,
      "m06": -5.033193417602888e-9,
      "m07": 0,
      "m08": 5.033194305781308e-9,
      "m09": -3.526406722187403e-9,
      "m10": 0.033333323895931244,
      "m11": 0,
      "m12": -0.22010472416877747,
      "m13": 0.07611674070358276,
      "m14": 0.24454094469547272,
      "m15": 1
    },
    {
      "__type__": "cc.Mat4",
      "m00": 5.398876457007873e-9,
      "m01": -0.03333332762122154,
      "m02": 1.3892391681480376e-9,
      "m03": 0,
      "m04": -3.974967022202236e-10,
      "m05": 1.3892390571257351e-9,
      "m06": 0.03333332762122154,
      "m07": 0,
      "m08": -0.033333323895931244,
      "m09": -5.398877345186293e-9,
      "m10": -3.974965356867699e-10,
      "m11": 0,
      "m12": -0.25137731432914734,
      "m13": 0.0759626254439354,
      "m14": -0.25119367241859436,
      "m15": 1
    },
    {
      "__type__": "cc.Mat4",
      "m00": 5.4306878993770624e-9,
      "m01": -0.03333332762122154,
      "m02": 1.6471987107635755e-9,
      "m03": 0,
      "m04": 1.4570438189309698e-9,
      "m05": 1.6471989328081804e-9,
      "m06": 0.03333332762122154,
      "m07": 0,
      "m08": -0.033333323895931244,
      "m09": -5.430688787555482e-9,
      "m10": 1.4570442630201796e-9,
      "m11": 0,
      "m12": -0.2513773441314697,
      "m13": 0.044130533933639526,
      "m14": -0.251193642616272,
      "m15": 1
    },
    {
      "__type__": "cc.Mat4",
      "m00": 6.884378844773664e-9,
      "m01": -0.033333323895931244,
      "m02": -6.02303140695426e-9,
      "m03": 0,
      "m04": 0.03333332762122154,
      "m05": 6.884378844773664e-9,
      "m06": -5.033192973513678e-9,
      "m07": 0,
      "m08": 5.033194749870518e-9,
      "m09": -6.02303051877584e-9,
      "m10": 0.033333323895931244,
      "m11": 0,
      "m12": -0.1928120106458664,
      "m13": -0.057293739169836044,
      "m14": 0.32155564427375793,
      "m15": 1
    },
    {
      "__type__": "cc.Mat4",
      "m00": 3.819200511401277e-9,
      "m01": -0.033333323895931244,
      "m02": -6.02303140695426e-9,
      "m03": 0,
      "m04": 0.03333332762122154,
      "m05": 3.819200955490487e-9,
      "m06": -5.033193417602888e-9,
      "m07": 0,
      "m08": 5.033194749870518e-9,
      "m09": -6.02303096286505e-9,
      "m10": 0.033333323895931244,
      "m11": 0,
      "m12": -0.20019306242465973,
      "m13": -0.06178443133831024,
      "m14": 0.26571136713027954,
      "m15": 1
    },
    {
      "__type__": "cc.Mat4",
      "m00": 3.819200511401277e-9,
      "m01": -0.033333323895931244,
      "m02": -6.02303140695426e-9,
      "m03": 0,
      "m04": 0.03333332762122154,
      "m05": 3.819200955490487e-9,
      "m06": -5.033193417602888e-9,
      "m07": 0,
      "m08": 5.033194749870518e-9,
      "m09": -6.02303096286505e-9,
      "m10": 0.033333323895931244,
      "m11": 0,
      "m12": -0.22010475397109985,
      "m13": -0.07612723112106323,
      "m14": 0.24454088509082794,
      "m15": 1
    },
    {
      "__type__": "cc.Mat4",
      "m00": 3.819200511401277e-9,
      "m01": -0.033333323895931244,
      "m02": -5.398875568829453e-9,
      "m03": 0,
      "m04": 0.03333332762122154,
      "m05": 3.819200955490487e-9,
      "m06": -5.033192973513678e-9,
      "m07": 0,
      "m08": 5.033194305781308e-9,
      "m09": -5.3988746806510335e-9,
      "m10": 0.033333323895931244,
      "m11": 0,
      "m12": -0.25119367241859436,
      "m13": -0.07597312331199646,
      "m14": 0.2513773739337921,
      "m15": 1
    },
    {
      "__type__": "cc.Mat4",
      "m00": 3.96894339615983e-9,
      "m01": -0.033333323895931244,
      "m02": -5.4306878993770624e-9,
      "m03": 0,
      "m04": 0.03333332762122154,
      "m05": 3.96894339615983e-9,
      "m06": -5.033192973513678e-9,
      "m07": 0,
      "m08": 5.033194305781308e-9,
      "m09": -5.4306874552878526e-9,
      "m10": 0.033333323895931244,
      "m11": 0,
      "m12": -0.25119367241859436,
      "m13": -0.10780522227287292,
      "m14": 0.2513773739337921,
      "m15": 1
    },
    {
      "__type__": "cc.Mat4",
      "m00": 0.033333323895931244,
      "m01": 2.484769501265305e-9,
      "m02": -1.0861276504281809e-16,
      "m03": 0,
      "m04": -2.484769501265305e-9,
      "m05": 0.033333323895931244,
      "m06": -2.3684751152992507e-16,
      "m07": 0,
      "m08": 1.0861275180792829e-16,
      "m09": 2.3684751152992507e-16,
      "m10": 0.033333323895931244,
      "m11": 0,
      "m12": -0.00016163841064553708,
      "m13": 0.08652326464653015,
      "m14": 0.405289888381958,
      "m15": 1
    },
    {
      "__type__": "cc.Mat4",
      "m00": 0.033333323895931244,
      "m01": 2.4833637368715245e-9,
      "m02": -1.0855131544947275e-16,
      "m03": 0,
      "m04": -2.4833637368715245e-9,
      "m05": 0.033333323895931244,
      "m06": -2.3684751152992507e-16,
      "m07": 0,
      "m08": 1.0855129559713805e-16,
      "m09": 2.3684751152992507e-16,
      "m10": 0.033333323895931244,
      "m11": 0,
      "m12": -0.00016163414693437517,
      "m13": 0.14572422206401825,
      "m14": 0.38484427332878113,
      "m15": 1
    },
    {
      "__type__": "cc.Mat4",
      "m00": 0.033333323895931244,
      "m01": -4.313658319432534e-9,
      "m02": -1.2208202226915432e-9,
      "m03": 0,
      "m04": 4.483084570239271e-9,
      "m05": 0.032073576003313065,
      "m06": 0.009077232331037521,
      "m07": 0,
      "m08": -2.8120003600251196e-16,
      "m09": -0.009077232331037521,
      "m10": 0.032073576003313065,
      "m11": 0,
      "m12": -0.00016161741223186255,
      "m13": 0.01801634021103382,
      "m14": 0.3661743402481079,
      "m15": 1
    },
    {
      "__type__": "cc.Mat4",
      "m00": 0.033333323895931244,
      "m01": 8.17689860266313e-10,
      "m02": 5.4876457544761337e-11,
      "m03": 0,
      "m04": -8.195291112400582e-10,
      "m05": 0.03325850889086723,
      "m06": 0.0022320325952023268,
      "m07": 0,
      "m08": 3.850576044015587e-17,
      "m09": -0.0022320325952023268,
      "m10": 0.03325850889086723,
      "m11": 0,
      "m12": -0.00016163648979272693,
      "m13": 0.14941318333148956,
      "m14": 0.35027825832366943,
      "m15": 1
    },
    {
      "__type__": "cc.Mat4",
      "m00": 0.033333323895931244,
      "m01": -7.811585156503043e-9,
      "m02": -1.2471960963988948e-10,
      "m03": 0,
      "m04": 7.812579916333107e-9,
      "m05": 0.033329077064991,
      "m06": 0.0005321328062564135,
      "m07": 0,
      "m08": -3.345446622431505e-16,
      "m09": -0.0005321328062564135,
      "m10": 0.033329077064991,
      "m11": 0,
      "m12": -0.00016157145728357136,
      "m13": 0.23450355231761932,
      "m14": 0.34087032079696655,
      "m15": 1
    },
    {
      "__type__": "cc.Mat4",
      "m00": 0.033333323895931244,
      "m01": -2.2908823726908167e-9,
      "m02": -3.6096625688486483e-11,
      "m03": 0,
      "m04": 2.2911668118297257e-9,
      "m05": 0.03332918882369995,
      "m06": 0.0005251576658338308,
      "m07": 0,
      "m08": -9.816094095651656e-17,
      "m09": -0.0005251576658338308,
      "m10": 0.03332918509840965,
      "m11": 0,
      "m12": -0.00016159955703187734,
      "m13": 0.3071669936180115,
      "m14": 0.33934107422828674,
      "m15": 1
    },
    {
      "__type__": "cc.Mat4",
      "m00": 0.033333323895931244,
      "m01": 2.4841542156650576e-9,
      "m02": -1.07965618636226e-16,
      "m03": 0,
      "m04": -2.4841542156650576e-9,
      "m05": 0.033333323895931244,
      "m06": 8.322325467657876e-12,
      "m07": 0,
      "m08": 1.0858583865951826e-16,
      "m09": -8.322325467657876e-12,
      "m10": 0.033333320170640945,
      "m11": 0,
      "m12": -0.0001616429362911731,
      "m13": 0.3663313686847687,
      "m14": 0.3398728668689728,
      "m15": 1
    },
    {
      "__type__": "cc.Mat4",
      "m00": 0.033333323895931244,
      "m01": -1.293227480658743e-8,
      "m02": -2.1532500782406316e-10,
      "m03": 0,
      "m04": 1.2934065374281545e-8,
      "m05": 0.03332870081067085,
      "m06": 0.000554931175429374,
      "m07": 0,
      "m08": -5.871444454931638e-16,
      "m09": -0.000554931175429374,
      "m10": 0.03332870081067085,
      "m11": 0,
      "m12": -0.00016143513494171202,
      "m13": 0.4358961582183838,
      "m14": 0.3412432372570038,
      "m15": 1
    },
    {
      "__type__": "cc.Mat4",
      "m00": 0.033333323895931244,
      "m01": 2.7244528855163708e-9,
      "m02": 1.1417094353260993e-10,
      "m03": 0,
      "m04": -2.7268436397775986e-9,
      "m05": 0.03330409526824951,
      "m06": 0.0013956432230770588,
      "m07": 0,
      "m08": 1.2304007209260867e-16,
      "m09": -0.0013956434559077024,
      "m10": 0.03330409526824951,
      "m11": 0,
      "m12": -0.00016164086991921067,
      "m13": 0.48958319425582886,
      "m14": 0.34827977418899536,
      "m15": 1
    },
    {
      "__type__": "cc.Mat4",
      "m00": 0.033333323895931244,
      "m01": -1.2378860603234898e-8,
      "m02": -2.0611072570897448e-10,
      "m03": 0,
      "m04": 1.238057478758492e-8,
      "m05": 0.03332870081067085,
      "m06": 0.0005549316410906613,
      "m07": 0,
      "m08": -5.627872719410375e-16,
      "m09": -0.0005549316410906613,
      "m10": 0.03332870081067085,
      "m11": 0,
      "m12": -0.00016144812980201095,
      "m13": 0.43583518266677856,
      "m14": 0.3373910188674927,
      "m15": 1
    },
    {
      "__type__": "cc.Mat4",
      "m00": 2.9156970171584362e-9,
      "m01": -0.033333323895931244,
      "m02": -5.523157931008882e-9,
      "m03": 0,
      "m04": 0.033333323895931244,
      "m05": 2.915697905336856e-9,
      "m06": -5.033192529424468e-9,
      "m07": 0,
      "m08": 5.033192973513678e-9,
      "m09": -5.523157486919672e-9,
      "m10": 0.033333323895931244,
      "m11": 0,
      "m12": 0.09011320024728775,
      "m13": -0.07255298644304276,
      "m14": 0.3774973154067993,
      "m15": 1
    },
    {
      "__type__": "cc.Mat4",
      "m00": 1.8211713248561523e-9,
      "m01": -0.033333323895931244,
      "m02": -5.523157931008882e-9,
      "m03": 0,
      "m04": 0.033333323895931244,
      "m05": 1.821172213034572e-9,
      "m06": -5.033191197156839e-9,
      "m07": 0,
      "m08": 5.033191641246049e-9,
      "m09": -5.523157486919672e-9,
      "m10": 0.033333323895931244,
      "m11": 0,
      "m12": 0.011402532458305359,
      "m13": -0.09528148919343948,
      "m14": 0.22350415587425232,
      "m15": 1
    },
    {
      "__type__": "cc.Mat4",
      "m00": -1.888727174659266e-9,
      "m01": -0.033333323895931244,
      "m02": -5.523157931008882e-9,
      "m03": 0,
      "m04": 0.033333323895931244,
      "m05": -1.8887262864808463e-9,
      "m06": -5.033191197156839e-9,
      "m07": 0,
      "m08": 5.033190753067629e-9,
      "m09": -5.523157931008882e-9,
      "m10": 0.033333323895931244,
      "m11": 0,
      "m12": 0.09972560405731201,
      "m13": -0.10041382163763046,
      "m14": 0.10834702849388123,
      "m15": 1
    },
    {
      "__type__": "cc.Mat4",
      "m00": 3.456798736145572e-10,
      "m01": -0.03333332762122154,
      "m02": -5.523157931008882e-9,
      "m03": 0,
      "m04": 0.033333323895931244,
      "m05": 3.456807617929769e-10,
      "m06": -5.0331920853352585e-9,
      "m07": 0,
      "m08": 5.0331920853352585e-9,
      "m09": -5.523158375098092e-9,
      "m10": 0.033333323895931244,
      "m11": 0,
      "m12": 0.06732991337776184,
      "m13": -0.10114700347185135,
      "m14": 0.02902303636074066,
      "m15": 1
    },
    {
      "__type__": "cc.Mat4",
      "m00": 3.3250813213925312e-9,
      "m01": -0.03333332762122154,
      "m02": -6.9812475800290485e-9,
      "m03": 0,
      "m04": -3.9749606384198444e-10,
      "m05": -6.981248468207468e-9,
      "m06": 0.033333323895931244,
      "m07": 0,
      "m08": -0.033333323895931244,
      "m09": -3.325081765481741e-9,
      "m10": -3.9749678548695044e-10,
      "m11": 0,
      "m12": -0.016697196289896965,
      "m13": -0.13297221064567566,
      "m14": 0.047025166451931,
      "m15": 1
    },
    {
      "__type__": "cc.Mat4",
      "m00": 3.9647560790001535e-9,
      "m01": -0.03333332762122154,
      "m02": -4.050475954642252e-9,
      "m03": 0,
      "m04": 1.4570461503993215e-9,
      "m05": -4.050476398731462e-9,
      "m06": 0.033333323895931244,
      "m07": 0,
      "m08": -0.033333323895931244,
      "m09": -3.964756967178573e-9,
      "m10": 1.4570457063101117e-9,
      "m11": 0,
      "m12": -0.01671072281897068,
      "m13": -0.1485200673341751,
      "m14": -0.004931772593408823,
      "m15": 1
    },
    {
      "__type__": "cc.Mat4",
      "m00": 3.9653040850851085e-9,
      "m01": -0.03333332762122154,
      "m02": -4.360855232476979e-9,
      "m03": 0,
      "m04": 1.457046261421624e-9,
      "m05": -4.360855676566189e-9,
      "m06": 0.033333323895931244,
      "m07": 0,
      "m08": -0.033333323895931244,
      "m09": -3.965304529174318e-9,
      "m10": 1.4570457063101117e-9,
      "m11": 0,
      "m12": -0.01671072281897068,
      "m13": -0.202753484249115,
      "m14": -0.0049317823722958565,
      "m15": 1
    },
    {
      "__type__": "cc.Mat4",
      "m00": 4.801931297038209e-9,
      "m01": -0.03333332762122154,
      "m02": -6.866594848276009e-9,
      "m03": 0,
      "m04": -3.9749697977597975e-10,
      "m05": -6.866595736454428e-9,
      "m06": 0.033333323895931244,
      "m07": 0,
      "m08": -0.033333323895931244,
      "m09": -4.8019321852166286e-9,
      "m10": -3.974979789767019e-10,
      "m11": 0,
      "m12": -0.016729263588786125,
      "m13": -0.07252659648656845,
      "m14": 0.04612816870212555,
      "m15": 1
    },
    {
      "__type__": "cc.Mat4",
      "m00": 3.987733254717796e-9,
      "m01": -0.03333332762122154,
      "m02": -9.75150360460475e-9,
      "m03": 0,
      "m04": 1.4570464834662289e-9,
      "m05": -9.75150538096159e-9,
      "m06": 0.033333323895931244,
      "m07": 0,
      "m08": -0.033333323895931244,
      "m09": -3.9877341428962154e-9,
      "m10": 1.4570453732432043e-9,
      "m11": 0,
      "m12": -0.016697198152542114,
      "m13": -0.05831163749098778,
      "m14": -0.007102004252374172,
      "m15": 1
    },
    {
      "__type__": "cc.Mat4",
      "m00": 3.988232855078877e-9,
      "m01": -0.03333332762122154,
      "m02": -7.159779435994551e-9,
      "m03": 0,
      "m04": 1.4570461503993215e-9,
      "m05": -7.159780324172971e-9,
      "m06": 0.033333323895931244,
      "m07": 0,
      "m08": -0.033333323895931244,
      "m09": -3.988233743257297e-9,
      "m10": 1.4570452622209018e-9,
      "m11": 0,
      "m12": -0.016697200015187263,
      "m13": -0.1134071797132492,
      "m14": -0.007102002389729023,
      "m15": 1
    },
    {
      "__type__": "cc.Mat4",
      "m00": 2.8877251700976103e-9,
      "m01": -0.03333332762122154,
      "m02": -4.252135532567536e-9,
      "m03": 0,
      "m04": 0.033333323895931244,
      "m05": 2.887726280320635e-9,
      "m06": -5.033191641246049e-9,
      "m07": 0,
      "m08": 5.0331920853352585e-9,
      "m09": -4.252135532567536e-9,
      "m10": 0.033333323895931244,
      "m11": 0,
      "m12": 0.04079709202051163,
      "m13": -0.1005169004201889,
      "m14": 0.01658293791115284,
      "m15": 1
    },
    {
      "__type__": "cc.Mat4",
      "m00": 0.03333332762122154,
      "m01": -3.101218726264676e-10,
      "m02": 1.354421481809326e-17,
      "m03": 0,
      "m04": 3.1012190038204324e-10,
      "m05": 0.033333323895931244,
      "m06": 1.2516576317067596e-12,
      "m07": 0,
      "m08": -1.3555861521118007e-17,
      "m09": -1.2516576317067596e-12,
      "m10": 0.033333323895931244,
      "m11": 0,
      "m12": 0.10401155799627304,
      "m13": -0.021631760522723198,
      "m14": 0.016683386638760567,
      "m15": 1
    },
    {
      "__type__": "cc.Mat4",
      "m00": 0.03333332762122154,
      "m01": -3.110349755530706e-10,
      "m02": 1.3595774640034915e-17,
      "m03": 0,
      "m04": 3.110350310642218e-10,
      "m05": 0.033333323895931244,
      "m06": -1.5097752485230748e-25,
      "m07": 0,
      "m08": -1.3595777121576753e-17,
      "m09": -1.5097752485230748e-25,
      "m10": 0.033333323895931244,
      "m11": 0,
      "m12": 0.10401155054569244,
      "m13": -0.08415842056274414,
      "m14": 0.016683388501405716,
      "m15": 1
    },
    {
      "__type__": "cc.Mat4",
      "m00": 2.9156970171584362e-9,
      "m01": -0.033333323895931244,
      "m02": -5.409258374555748e-9,
      "m03": 0,
      "m04": 0.033333323895931244,
      "m05": 2.915697905336856e-9,
      "m06": -5.033191641246049e-9,
      "m07": 0,
      "m08": 5.0331920853352585e-9,
      "m09": -5.409257930466538e-9,
      "m10": 0.033333323895931244,
      "m11": 0,
      "m12": 0.0901130735874176,
      "m13": 0.0725424513220787,
      "m14": 0.3774973154067993,
      "m15": 1
    },
    {
      "__type__": "cc.Mat4",
      "m00": 4.010223708661442e-9,
      "m01": -0.033333323895931244,
      "m02": -5.409258374555748e-9,
      "m03": 0,
      "m04": 0.033333323895931244,
      "m05": 4.010224596839862e-9,
      "m06": -5.033191197156839e-9,
      "m07": 0,
      "m08": 5.033191641246049e-9,
      "m09": -5.409257930466538e-9,
      "m10": 0.033333323895931244,
      "m11": 0,
      "m12": 0.01140247005969286,
      "m13": 0.09527091681957245,
      "m14": 0.22350433468818665,
      "m15": 1
    },
    {
      "__type__": "cc.Mat4",
      "m00": 3.003257642575363e-10,
      "m01": -0.033333323895931244,
      "m02": -5.409258374555748e-9,
      "m03": 0,
      "m04": 0.033333323895931244,
      "m05": 3.0032656916922917e-10,
      "m06": -5.033191641246049e-9,
      "m07": 0,
      "m08": 5.033191641246049e-9,
      "m09": -5.409258374555748e-9,
      "m10": 0.033333323895931244,
      "m11": 0,
      "m12": 0.09972555190324783,
      "m13": 0.10040313750505447,
      "m14": 0.10834727436304092,
      "m15": 1
    },
    {
      "__type__": "cc.Mat4",
      "m00": 3.003249871014191e-10,
      "m01": -0.03333332762122154,
      "m02": -5.409258374555748e-9,
      "m03": 0,
      "m04": 0.033333323895931244,
      "m05": 3.0032584752426317e-10,
      "m06": -5.0331920853352585e-9,
      "m07": 0,
      "m08": 5.0331920853352585e-9,
      "m09": -5.4092588186449575e-9,
      "m10": 0.033333323895931244,
      "m11": 0,
      "m12": 0.06732984632253647,
      "m13": 0.10113637894392014,
      "m14": 0.029023244976997375,
      "m15": 1
    },
    {
      "__type__": "cc.Mat4",
      "m00": 0.03333332762122154,
      "m01": 2.2659940590585848e-9,
      "m02": -9.786641833633338e-17,
      "m03": 0,
      "m04": -2.2659940590585848e-9,
      "m05": 0.03333332762122154,
      "m06": 1.7407188537821305e-11,
      "m07": 0,
      "m08": 9.904976968576194e-17,
      "m09": -1.7407192007268257e-11,
      "m10": 0.033333323895931244,
      "m11": 0,
      "m12": -0.1005062609910965,
      "m13": 0.041224174201488495,
      "m14": 0.016583116725087166,
      "m15": 1
    },
    {
      "__type__": "cc.Mat4",
      "m00": 0.03333332762122154,
      "m01": 2.109353358648036e-9,
      "m02": -9.234965966364162e-17,
      "m03": 0,
      "m04": -2.109353358648036e-9,
      "m05": 0.03333332762122154,
      "m06": -2.321253649364974e-12,
      "m07": 0,
      "m08": 9.22027854740767e-17,
      "m09": 2.3212538662054083e-12,
      "m10": 0.033333323895931244,
      "m11": 0,
      "m12": -0.10396330058574677,
      "m13": -0.021622024476528168,
      "m14": 0.016688009724020958,
      "m15": 1
    },
    {
      "__type__": "cc.Mat4",
      "m00": 0.03333332762122154,
      "m01": 2.1868487021237115e-9,
      "m02": -9.559019596159976e-17,
      "m03": 0,
      "m04": -2.1868487021237115e-9,
      "m05": 0.03333333134651184,
      "m06": -1.0362078960306467e-16,
      "m07": 0,
      "m08": 9.559020257904466e-17,
      "m09": 1.0362080945539937e-16,
      "m10": 0.033333323895931244,
      "m11": 0,
      "m12": -0.10396328568458557,
      "m13": -0.08456333726644516,
      "m14": 0.016688011586666107,
      "m15": 1
    },
    {
      "__type__": "cc.Mat4",
      "m00": 3.952508542681699e-9,
      "m01": -0.03333332762122154,
      "m02": -6.9834307225846715e-9,
      "m03": 0,
      "m04": -3.974968965092529e-10,
      "m05": -6.983431610763091e-9,
      "m06": 0.033333323895931244,
      "m07": 0,
      "m08": -0.033333323895931244,
      "m09": -3.9525089867709085e-9,
      "m10": -3.974977291765214e-10,
      "m11": 0,
      "m12": -0.016688019037246704,
      "m13": 0.1321132779121399,
      "m14": 0.04702858254313469,
      "m15": 1
    },
    {
      "__type__": "cc.Mat4",
      "m00": 3.973936735235384e-9,
      "m01": -0.03333332762122154,
      "m02": -6.983429390317042e-9,
      "m03": 0,
      "m04": 1.4570459283547166e-9,
      "m05": -6.983430278495462e-9,
      "m06": 0.033333323895931244,
      "m07": 0,
      "m08": -0.033333323895931244,
      "m09": -3.9739376234138035e-9,
      "m10": 1.4570450401762969e-9,
      "m11": 0,
      "m12": -0.016688020899891853,
      "m13": 0.14867481589317322,
      "m14": -0.004951657727360725,
      "m15": 1
    },
    {
      "__type__": "cc.Mat4",
      "m00": 3.973936291146174e-9,
      "m01": -0.03333332762122154,
      "m02": -7.2419834573622666e-9,
      "m03": 0,
      "m04": 1.4570461503993215e-9,
      "m05": -7.241984345540686e-9,
      "m06": 0.033333323895931244,
      "m07": 0,
      "m08": -0.033333323895931244,
      "m09": -3.973937179324594e-9,
      "m10": 1.4570452622209018e-9,
      "m11": 0,
      "m12": -0.016688024625182152,
      "m13": 0.09411996603012085,
      "m14": -0.00495166378095746,
      "m15": 1
    },
    {
      "__type__": "cc.Mat4",
      "m00": 3.979370610807109e-9,
      "m01": -0.03333332762122154,
      "m02": -8.279011254330726e-9,
      "m03": 0,
      "m04": -3.9749606384198444e-10,
      "m05": -8.279013030687565e-9,
      "m06": 0.033333323895931244,
      "m07": 0,
      "m08": -0.033333323895931244,
      "m09": -3.979371054896319e-9,
      "m10": -3.97497035287131e-10,
      "m11": 0,
      "m12": -0.016688022762537003,
      "m13": 0.07441543787717819,
      "m14": 0.04612430930137634,
      "m15": 1
    },
    {
      "__type__": "cc.Mat4",
      "m00": 4.000798803360794e-9,
      "m01": -0.03333332762122154,
      "m02": -8.279011254330726e-9,
      "m03": 0,
      "m04": 1.4570467055108338e-9,
      "m05": -8.279012142509146e-9,
      "m06": 0.033333323895931244,
      "m07": 0,
      "m08": -0.033333323895931244,
      "m09": -4.000799691539214e-9,
      "m10": 1.4570457063101117e-9,
      "m11": 0,
      "m12": -0.016688019037246704,
      "m13": 0.058364950120449066,
      "m14": -0.007087374571710825,
      "m15": 1
    },
    {
      "__type__": "cc.Mat4",
      "m00": 4.000798803360794e-9,
      "m01": -0.03333332762122154,
      "m02": -7.087526121551946e-9,
      "m03": 0,
      "m04": 1.4570463724439264e-9,
      "m05": -7.0875270097303655e-9,
      "m06": 0.033333323895931244,
      "m07": 0,
      "m08": -0.033333323895931244,
      "m09": -4.000799691539214e-9,
      "m10": 1.4570455952878092e-9,
      "m11": 0,
      "m12": -0.016688017174601555,
      "m13": 0.002785255666822195,
      "m14": -0.007087380159646273,
      "m15": 1
    }
  ],
  "_hash": 2977473662
}