{
  "__type__": "cc.Mesh",
  "_name": "",
  "_objFlags": 0,
  "_native": ".bin",
  "_struct": {
    "primitives": [
      {
        "primitiveMode": 7,
        "jointMapIndex": 0,
        "vertexBundelIndices": [
          0
        ],
        "indexView": {
          "offset": 45432,
          "length": 2778,
          "count": 1389,
          "stride": 2
        }
      },
      {
        "primitiveMode": 7,
        "jointMapIndex": 1,
        "vertexBundelIndices": [
          1
        ],
        "indexView": {
          "offset": 84714,
          "length": 1752,
          "count": 876,
          "stride": 2
        }
      },
      {
        "primitiveMode": 7,
        "jointMapIndex": 2,
        "vertexBundelIndices": [
          2
        ],
        "indexView": {
          "offset": 106266,
          "length": 774,
          "count": 387,
          "stride": 2
        }
      },
      {
        "primitiveMode": 7,
        "jointMapIndex": 3,
        "vertexBundelIndices": [
          3
        ],
        "indexView": {
          "offset": 114312,
          "length": 234,
          "count": 117,
          "stride": 2
        }
      },
      {
        "primitiveMode": 7,
        "jointMapIndex": 4,
        "vertexBundelIndices": [
          4
        ],
        "indexView": {
          "offset": 144930,
          "length": 1656,
          "count": 828,
          "stride": 2
        }
      },
      {
        "primitiveMode": 7,
        "jointMapIndex": 4,
        "vertexBundelIndices": [
          5
        ],
        "indexView": {
          "offset": 148316,
          "length": 384,
          "count": 96,
          "stride": 4
        }
      }
    ],
    "vertexBundles": [
      {
        "view": {
          "offset": 0,
          "length": 45432,
          "count": 631,
          "stride": 72
        },
        "attributes": [
          {
            "name": "a_position",
            "format": 32,
            "isNormalized": false
          },
          {
            "name": "a_normal",
            "format": 32,
            "isNormalized": false
          },
          {
            "name": "a_texCoord",
            "format": 21,
            "isNormalized": false
          },
          {
            "name": "a_tangent",
            "format": 44,
            "isNormalized": false
          },
          {
            "name": "a_joints",
            "format": 42,
            "isNormalized": false
          },
          {
            "name": "a_weights",
            "format": 44,
            "isNormalized": false
          }
        ]
      },
      {
        "view": {
          "offset": 48210,
          "length": 36504,
          "count": 507,
          "stride": 72
        },
        "attributes": [
          {
            "name": "a_position",
            "format": 32,
            "isNormalized": false
          },
          {
            "name": "a_normal",
            "format": 32,
            "isNormalized": false
          },
          {
            "name": "a_texCoord",
            "format": 21,
            "isNormalized": false
          },
          {
            "name": "a_tangent",
            "format": 44,
            "isNormalized": false
          },
          {
            "name": "a_joints",
            "format": 42,
            "isNormalized": false
          },
          {
            "name": "a_weights",
            "format": 44,
            "isNormalized": false
          }
        ]
      },
      {
        "view": {
          "offset": 86466,
          "length": 19800,
          "count": 275,
          "stride": 72
        },
        "attributes": [
          {
            "name": "a_position",
            "format": 32,
            "isNormalized": false
          },
          {
            "name": "a_normal",
            "format": 32,
            "isNormalized": false
          },
          {
            "name": "a_texCoord",
            "format": 21,
            "isNormalized": false
          },
          {
            "name": "a_tangent",
            "format": 44,
            "isNormalized": false
          },
          {
            "name": "a_joints",
            "format": 42,
            "isNormalized": false
          },
          {
            "name": "a_weights",
            "format": 44,
            "isNormalized": false
          }
        ]
      },
      {
        "view": {
          "offset": 107040,
          "length": 7272,
          "count": 101,
          "stride": 72
        },
        "attributes": [
          {
            "name": "a_position",
            "format": 32,
            "isNormalized": false
          },
          {
            "name": "a_normal",
            "format": 32,
            "isNormalized": false
          },
          {
            "name": "a_texCoord",
            "format": 21,
            "isNormalized": false
          },
          {
            "name": "a_tangent",
            "format": 44,
            "isNormalized": false
          },
          {
            "name": "a_joints",
            "format": 42,
            "isNormalized": false
          },
          {
            "name": "a_weights",
            "format": 44,
            "isNormalized": false
          }
        ]
      },
      {
        "view": {
          "offset": 114546,
          "length": 30384,
          "count": 422,
          "stride": 72
        },
        "attributes": [
          {
            "name": "a_position",
            "format": 32,
            "isNormalized": false
          },
          {
            "name": "a_normal",
            "format": 32,
            "isNormalized": false
          },
          {
            "name": "a_texCoord",
            "format": 21,
            "isNormalized": false
          },
          {
            "name": "a_tangent",
            "format": 44,
            "isNormalized": false
          },
          {
            "name": "a_joints",
            "format": 42,
            "isNormalized": false
          },
          {
            "name": "a_weights",
            "format": 44,
            "isNormalized": false
          }
        ]
      },
      {
        "view": {
          "offset": 146586,
          "length": 1728,
          "count": 24,
          "stride": 72
        },
        "attributes": [
          {
            "name": "a_position",
            "format": 32,
            "isNormalized": false
          },
          {
            "name": "a_normal",
            "format": 32,
            "isNormalized": false
          },
          {
            "name": "a_texCoord",
            "format": 21,
            "isNormalized": false
          },
          {
            "name": "a_tangent",
            "format": 44,
            "isNormalized": false
          },
          {
            "name": "a_joints",
            "format": 42,
            "isNormalized": false
          },
          {
            "name": "a_weights",
            "format": 44,
            "isNormalized": false
          }
        ]
      }
    ],
    "minPosition": {
      "__type__": "cc.Vec3",
      "x": -4.758838653564453,
      "y": -15.821130752563477,
      "z": -15.441506385803223
    },
    "maxPosition": {
      "__type__": "cc.Vec3",
      "x": 4.758838653564453,
      "y": 16.186349868774414,
      "z": 0.15424422919750214
    },
    "jointMaps": [
      [
        0,
        1,
        2,
        3,
        4,
        5,
        6,
        7,
        8,
        9,
        22,
        25,
        26,
        27,
        35,
        36,
        37,
        38,
        39,
        40,
        41,
        42,
        43,
        58,
        59,
        60,
        61,
        62,
        65,
        68
      ],
      [
        0,
        1,
        2,
        3,
        4,
        5,
        6,
        7,
        8,
        9,
        22,
        30,
        31,
        32,
        35,
        36,
        37,
        38,
        39,
        40,
        41,
        42,
        43,
        45,
        46,
        47,
        48,
        49,
        52,
        55
      ],
      [
        0,
        1,
        2,
        3,
        4,
        5,
        6,
        7,
        8,
        9,
        22,
        30,
        31,
        32,
        35,
        36,
        37,
        38,
        39,
        45,
        46,
        47,
        48,
        49,
        52,
        55,
        58
      ],
      [
        0,
        1,
        2,
        3,
        4,
        5,
        6,
        7,
        8,
        9,
        30,
        31,
        32,
        35,
        36,
        37,
        38,
        39,
        40,
        41,
        42,
        43,
        45,
        46,
        47,
        49,
        55,
        58
      ],
      [
        0,
        1,
        2,
        3,
        5,
        8,
        9,
        12,
        13,
        14,
        15,
        18,
        20,
        25,
        26,
        30,
        31,
        36,
        45,
        46,
        47,
        49,
        58,
        59,
        60,
        65
      ]
    ]
  },
  "_hash": 420170756
}