[
  {
    "__type__": "cc.Prefab",
    "_name": "",
    "_objFlags": 0,
    "_native": "",
    "data": {
      "__id__": 1
    },
    "optimizationPolicy": 0,
    "persistent": false
  },
  {
    "__type__": "cc.Node",
    "_name": "Rex",
    "_objFlags": 0,
    "_parent": null,
    "_children": [
      {
        "__id__": 2
      },
      {
        "__id__": 146
      }
    ],
    "_active": true,
    "_components": [
      {
        "__id__": 151
      }
    ],
    "_prefab": {
      "__id__": 153
    },
    "_lpos": {
      "__type__": "cc.Vec3",
      "x": 0,
      "y": 0,
      "z": 0
    },
    "_lrot": {
      "__type__": "cc.Quat",
      "x": 0,
      "y": 0,
      "z": 0,
      "w": 1
    },
    "_lscale": {
      "__type__": "cc.Vec3",
      "x": 1,
      "y": 1,
      "z": 1
    },
    "_layer": 1073741824,
    "_euler": {
      "__type__": "cc.Vec3",
      "x": 0,
      "y": 0,
      "z": 0
    },
    "_id": ""
  },
  {
    "__type__": "cc.Node",
    "_name": "Rex",
    "_objFlags": 0,
    "_parent": {
      "__id__": 1
    },
    "_children": [
      {
        "__id__": 3
      }
    ],
    "_active": true,
    "_components": [],
    "_prefab": {
      "__id__": 145
    },
    "_lpos": {
      "__type__": "cc.Vec3",
      "x": 0,
      "y": 0,
      "z": 0
    },
    "_lrot": {
      "__type__": "cc.Quat",
      "x": -0.7071068407911907,
      "y": 1.54543154254125e-8,
      "z": -1.545431009634189e-8,
      "w": 0.707106721581899
    },
    "_lscale": {
      "__type__": "cc.Vec3",
      "x": 30.000001907348633,
      "y": 30.000001907348633,
      "z": 30.000001907348633
    },
    "_layer": 1073741824,
    "_euler": {
      "__type__": "cc.Vec3",
      "x": -90.00000965934633,
      "y": 2.2069466650210085e-13,
      "z": -0.000002504478588050316
    },
    "_id": ""
  },
  {
    "__type__": "cc.Node",
    "_name": "root",
    "_objFlags": 0,
    "_parent": {
      "__id__": 2
    },
    "_children": [
      {
        "__id__": 4
      },
      {
        "__id__": 72
      }
    ],
    "_active": true,
    "_components": [],
    "_prefab": {
      "__id__": 144
    },
    "_lpos": {
      "__type__": "cc.Vec3",
      "x": -0.03473689407110214,
      "y": -0.003911865409463644,
      "z": 0.41789576411247253
    },
    "_lrot": {
      "__type__": "cc.Quat",
      "x": 0.7491487950379349,
      "y": 0.6621912201060578,
      "z": -0.012512746416842725,
      "w": -0.011059027297590325
    },
    "_lscale": {
      "__type__": "cc.Vec3",
      "x": 0.9999998211860657,
      "y": 0.9999997615814209,
      "z": 1
    },
    "_layer": 1073741824,
    "_euler": {
      "__type__": "cc.Vec3",
      "x": 179.99909096422752,
      "y": 1.9146046408329145,
      "z": 82.94852695490565
    },
    "_id": ""
  },
  {
    "__type__": "cc.Node",
    "_name": "spine0",
    "_objFlags": 0,
    "_parent": {
      "__id__": 3
    },
    "_children": [
      {
        "__id__": 5
      }
    ],
    "_active": true,
    "_components": [],
    "_prefab": {
      "__id__": 71
    },
    "_lpos": {
      "__type__": "cc.Vec3",
      "x": -6.854534273514901e-9,
      "y": 0.07877195626497269,
      "z": -0.013744966126978397
    },
    "_lrot": {
      "__type__": "cc.Quat",
      "x": 2.026558085787785e-7,
      "y": -2.158951912699821e-8,
      "z": -0.015860354249784204,
      "w": 0.9998742166707919
    },
    "_lscale": {
      "__type__": "cc.Vec3",
      "x": 0.9999995231628418,
      "y": 0.9999997019767761,
      "z": 1
    },
    "_layer": 1073741824,
    "_euler": {
      "__type__": "cc.Vec3",
      "x": 0.00002319215389442785,
      "y": -0.000002106405829544599,
      "z": -1.8175389261952233
    },
    "_id": ""
  },
  {
    "__type__": "cc.Node",
    "_name": "spine1",
    "_objFlags": 0,
    "_parent": {
      "__id__": 4
    },
    "_children": [
      {
        "__id__": 6
      }
    ],
    "_active": true,
    "_components": [],
    "_prefab": {
      "__id__": 70
    },
    "_lpos": {
      "__type__": "cc.Vec3",
      "x": -4.76837147544984e-9,
      "y": 0.061337050050497055,
      "z": 0.0018308778526261449
    },
    "_lrot": {
      "__type__": "cc.Quat",
      "x": -0.012480432381501448,
      "y": 0.0012796535375935835,
      "z": 0.0001905299464757343,
      "w": 0.9999212793979004
    },
    "_lscale": {
      "__type__": "cc.Vec3",
      "x": 1,
      "y": 0.9999998807907104,
      "z": 1
    },
    "_layer": 1073741824,
    "_euler": {
      "__type__": "cc.Vec3",
      "x": -1.4302161708867016,
      "y": 0.14689860720516074,
      "z": 0.02000130597038661
    },
    "_id": ""
  },
  {
    "__type__": "cc.Node",
    "_name": "spine2",
    "_objFlags": 0,
    "_parent": {
      "__id__": 5
    },
    "_children": [
      {
        "__id__": 7
      }
    ],
    "_active": true,
    "_components": [],
    "_prefab": {
      "__id__": 69
    },
    "_lpos": {
      "__type__": "cc.Vec3",
      "x": -2.179294744664162e-9,
      "y": 0.05492871627211571,
      "z": 0.01098576094955206
    },
    "_lrot": {
      "__type__": "cc.Quat",
      "x": -0.012532318150449001,
      "y": 0.00048085139668369747,
      "z": 0.00019388940051920267,
      "w": 0.999921333001057
    },
    "_lscale": {
      "__type__": "cc.Vec3",
      "x": 1,
      "y": 1.0000003576278687,
      "z": 1
    },
    "_layer": 1073741824,
    "_euler": {
      "__type__": "cc.Vec3",
      "x": -1.4361460649805409,
      "y": 0.05537563322055659,
      "z": 0.021525791691167126
    },
    "_id": ""
  },
  {
    "__type__": "cc.Node",
    "_name": "spine3",
    "_objFlags": 0,
    "_parent": {
      "__id__": 6
    },
    "_children": [
      {
        "__id__": 8
      },
      {
        "__id__": 48
      },
      {
        "__id__": 58
      }
    ],
    "_active": true,
    "_components": [],
    "_prefab": {
      "__id__": 68
    },
    "_lpos": {
      "__type__": "cc.Vec3",
      "x": -1.0319054055685228e-8,
      "y": 0.0402810201048851,
      "z": 0.009154882282018661
    },
    "_lrot": {
      "__type__": "cc.Quat",
      "x": -0.012542071814331757,
      "y": 0.00015105800486901283,
      "z": -0.01585906006795257,
      "w": 0.9997955610172734
    },
    "_lscale": {
      "__type__": "cc.Vec3",
      "x": 1,
      "y": 0.9999997019767761,
      "z": 1.0000001192092896
    },
    "_layer": 1073741824,
    "_euler": {
      "__type__": "cc.Vec3",
      "x": -1.4375211150689016,
      "y": -0.005489215906791151,
      "z": -1.8174647660886483
    },
    "_id": ""
  },
  {
    "__type__": "cc.Node",
    "_name": "neck0",
    "_objFlags": 0,
    "_parent": {
      "__id__": 7
    },
    "_children": [
      {
        "__id__": 9
      }
    ],
    "_active": true,
    "_components": [],
    "_prefab": {
      "__id__": 47
    },
    "_lpos": {
      "__type__": "cc.Vec3",
      "x": -7.078051478259795e-9,
      "y": 0.04211192950606346,
      "z": 1.0315329035393006e-7
    },
    "_lrot": {
      "__type__": "cc.Quat",
      "x": -0.0005883895722116908,
      "y": -0.00005161291421731661,
      "z": -0.0127104118817957,
      "w": 0.9999190450049511
    },
    "_lscale": {
      "__type__": "cc.Vec3",
      "x": 1.0000003576278687,
      "y": 0.9999999403953552,
      "z": 1.0000001192092896
    },
    "_layer": 1073741824,
    "_euler": {
      "__type__": "cc.Vec3",
      "x": -0.06751602511397936,
      "y": -0.006773106854063248,
      "z": -1.456541398518078
    },
    "_id": ""
  },
  {
    "__type__": "cc.Node",
    "_name": "neck1",
    "_objFlags": 0,
    "_parent": {
      "__id__": 8
    },
    "_children": [
      {
        "__id__": 10
      }
    ],
    "_active": true,
    "_components": [],
    "_prefab": {
      "__id__": 46
    },
    "_lpos": {
      "__type__": "cc.Vec3",
      "x": 2.60770322002557e-10,
      "y": 0.0411965511739254,
      "z": -0.015563108026981354
    },
    "_lrot": {
      "__type__": "cc.Quat",
      "x": -0.009696724695162563,
      "y": -0.0005131170550781441,
      "z": -0.012714672663948705,
      "w": 0.9998720154800426
    },
    "_lscale": {
      "__type__": "cc.Vec3",
      "x": 0.9999999403953552,
      "y": 0.9999995827674866,
      "z": 0.9999999403953552
    },
    "_layer": 1073741824,
    "_euler": {
      "__type__": "cc.Vec3",
      "x": -1.1121973072308242,
      "y": -0.07294301261217552,
      "z": -1.4563943628046192
    },
    "_id": ""
  },
  {
    "__type__": "cc.Node",
    "_name": "neck2",
    "_objFlags": 0,
    "_parent": {
      "__id__": 9
    },
    "_children": [
      {
        "__id__": 11
      }
    ],
    "_active": true,
    "_components": [],
    "_prefab": {
      "__id__": 45
    },
    "_lpos": {
      "__type__": "cc.Vec3",
      "x": 6.854534273514901e-9,
      "y": 0.037732791155576706,
      "z": -0.02116204984486103
    },
    "_lrot": {
      "__type__": "cc.Quat",
      "x": -0.0009035277414265922,
      "y": -0.000028915307505489253,
      "z": 0.022024719614710385,
      "w": 0.999757017743521
    },
    "_lscale": {
      "__type__": "cc.Vec3",
      "x": 0.9999998807907104,
      "y": 1,
      "z": 1
    },
    "_layer": 1073741824,
    "_euler": {
      "__type__": "cc.Vec3",
      "x": -0.10353902472119537,
      "y": -0.0010332817830915923,
      "z": 2.52405301461983
    },
    "_id": ""
  },
  {
    "__type__": "cc.Node",
    "_name": "head",
    "_objFlags": 0,
    "_parent": {
      "__id__": 10
    },
    "_children": [
      {
        "__id__": 12
      },
      {
        "__id__": 28
      },
      {
        "__id__": 38
      }
    ],
    "_active": true,
    "_components": [],
    "_prefab": {
      "__id__": 44
    },
    "_lpos": {
      "__type__": "cc.Vec3",
      "x": -3.7252903539730653e-10,
      "y": 0.0343305841088295,
      "z": -0.02298218570649624
    },
    "_lrot": {
      "__type__": "cc.Quat",
      "x": -0.0009039105140619953,
      "y": 0.000010903371092083856,
      "z": 0.022024768020272614,
      "w": 0.9997570166898315
    },
    "_lscale": {
      "__type__": "cc.Vec3",
      "x": 1,
      "y": 1,
      "z": 1
    },
    "_layer": 1073741824,
    "_euler": {
      "__type__": "cc.Vec3",
      "x": -0.10368351330753188,
      "y": 0.003533896029767253,
      "z": 2.5240544356892762
    },
    "_id": ""
  },
  {
    "__type__": "cc.Node",
    "_name": "jaw0",
    "_objFlags": 0,
    "_parent": {
      "__id__": 11
    },
    "_children": [
      {
        "__id__": 13
      },
      {
        "__id__": 17
      }
    ],
    "_active": true,
    "_components": [],
    "_prefab": {
      "__id__": 27
    },
    "_lpos": {
      "__type__": "cc.Vec3",
      "x": -2.1904707381281696e-8,
      "y": 0.023919666185975075,
      "z": 0.06759779900312424
    },
    "_lrot": {
      "__type__": "cc.Quat",
      "x": -0.13416003923138714,
      "y": 0.0022769704954932702,
      "z": -1.3634769140442505e-7,
      "w": 0.990957062278067
    },
    "_lscale": {
      "__type__": "cc.Vec3",
      "x": 1,
      "y": 1,
      "z": 0.9999998807907104
    },
    "_layer": 1073741824,
    "_euler": {
      "__type__": "cc.Vec3",
      "x": -15.420064883618556,
      "y": 0.25856093089872145,
      "z": -0.03502073713507826
    },
    "_id": ""
  },
  {
    "__type__": "cc.Node",
    "_name": "jaw1",
    "_objFlags": 0,
    "_parent": {
      "__id__": 12
    },
    "_children": [
      {
        "__id__": 14
      }
    ],
    "_active": true,
    "_components": [],
    "_prefab": {
      "__id__": 16
    },
    "_lpos": {
      "__type__": "cc.Vec3",
      "x": -2.8908253568715736e-8,
      "y": 0.13693000376224518,
      "z": 0.058116521686315536
    },
    "_lrot": {
      "__type__": "cc.Quat",
      "x": 0,
      "y": 0,
      "z": 0,
      "w": 1
    },
    "_lscale": {
      "__type__": "cc.Vec3",
      "x": 1,
      "y": 1.0000001192092896,
      "z": 1.0000001192092896
    },
    "_layer": 1073741824,
    "_euler": {
      "__type__": "cc.Vec3",
      "x": 0,
      "y": 0,
      "z": 0
    },
    "_id": ""
  },
  {
    "__type__": "cc.Node",
    "_name": "jaw1_end",
    "_objFlags": 0,
    "_parent": {
      "__id__": 13
    },
    "_children": [],
    "_active": true,
    "_components": [],
    "_prefab": {
      "__id__": 15
    },
    "_lpos": {
      "__type__": "cc.Vec3",
      "x": -6.556510889765832e-9,
      "y": 0.09419991821050644,
      "z": -1.4305114426349519e-8
    },
    "_lrot": {
      "__type__": "cc.Quat",
      "x": 0,
      "y": 0,
      "z": 0,
      "w": 1
    },
    "_lscale": {
      "__type__": "cc.Vec3",
      "x": 1,
      "y": 1,
      "z": 1
    },
    "_layer": 1073741824,
    "_euler": {
      "__type__": "cc.Vec3",
      "x": 0,
      "y": 0,
      "z": 0
    },
    "_id": ""
  },
  {
    "__type__": "cc.PrefabInfo",
    "root": {
      "__id__": 1
    },
    "asset": {
      "__id__": 0
    },
    "fileId": "28vKI4ZhhQD5EFUwR2SvYH"
  },
  {
    "__type__": "cc.PrefabInfo",
    "root": {
      "__id__": 1
    },
    "asset": {
      "__id__": 0
    },
    "fileId": "5eMwt9PmFZhotATetQ9XSX"
  },
  {
    "__type__": "cc.Node",
    "_name": "tongue0",
    "_objFlags": 0,
    "_parent": {
      "__id__": 12
    },
    "_children": [
      {
        "__id__": 18
      }
    ],
    "_active": true,
    "_components": [],
    "_prefab": {
      "__id__": 26
    },
    "_lpos": {
      "__type__": "cc.Vec3",
      "x": -0.00016162573592737317,
      "y": 0.03543540835380554,
      "z": 0.01778269372880459
    },
    "_lrot": {
      "__type__": "cc.Quat",
      "x": 0,
      "y": 0,
      "z": 0,
      "w": 1
    },
    "_lscale": {
      "__type__": "cc.Vec3",
      "x": 1,
      "y": 1.0000001192092896,
      "z": 1.0000001192092896
    },
    "_layer": 1073741824,
    "_euler": {
      "__type__": "cc.Vec3",
      "x": 0,
      "y": 0,
      "z": 0
    },
    "_id": ""
  },
  {
    "__type__": "cc.Node",
    "_name": "tongue1",
    "_objFlags": 0,
    "_parent": {
      "__id__": 17
    },
    "_children": [
      {
        "__id__": 19
      }
    ],
    "_active": true,
    "_components": [],
    "_prefab": {
      "__id__": 25
    },
    "_lpos": {
      "__type__": "cc.Vec3",
      "x": -2.4437904144747336e-8,
      "y": 0.04174715653061867,
      "z": 0.0033206080552190542
    },
    "_lrot": {
      "__type__": "cc.Quat",
      "x": 0,
      "y": 0,
      "z": 0,
      "w": 1
    },
    "_lscale": {
      "__type__": "cc.Vec3",
      "x": 1,
      "y": 1.0000001192092896,
      "z": 1.0000001192092896
    },
    "_layer": 1073741824,
    "_euler": {
      "__type__": "cc.Vec3",
      "x": 0,
      "y": 0,
      "z": 0
    },
    "_id": ""
  },
  {
    "__type__": "cc.Node",
    "_name": "tongue2",
    "_objFlags": 0,
    "_parent": {
      "__id__": 18
    },
    "_children": [
      {
        "__id__": 20
      }
    ],
    "_active": true,
    "_components": [],
    "_prefab": {
      "__id__": 24
    },
    "_lpos": {
      "__type__": "cc.Vec3",
      "x": -8.940697071579962e-9,
      "y": 0.02426048368215561,
      "z": 0.012947525829076767
    },
    "_lrot": {
      "__type__": "cc.Quat",
      "x": 0,
      "y": 0,
      "z": 0,
      "w": 1
    },
    "_lscale": {
      "__type__": "cc.Vec3",
      "x": 1,
      "y": 1.0000001192092896,
      "z": 1.0000001192092896
    },
    "_layer": 1073741824,
    "_euler": {
      "__type__": "cc.Vec3",
      "x": 0,
      "y": 0,
      "z": 0
    },
    "_id": ""
  },
  {
    "__type__": "cc.Node",
    "_name": "tongue3",
    "_objFlags": 0,
    "_parent": {
      "__id__": 19
    },
    "_children": [
      {
        "__id__": 21
      }
    ],
    "_active": true,
    "_components": [],
    "_prefab": {
      "__id__": 23
    },
    "_lpos": {
      "__type__": "cc.Vec3",
      "x": -3.278255444882916e-9,
      "y": 0.015977483242750168,
      "z": 0.0005208633374422789
    },
    "_lrot": {
      "__type__": "cc.Quat",
      "x": 0,
      "y": 0,
      "z": 0,
      "w": 1
    },
    "_lscale": {
      "__type__": "cc.Vec3",
      "x": 1,
      "y": 1.000000238418579,
      "z": 1.000000238418579
    },
    "_layer": 1073741824,
    "_euler": {
      "__type__": "cc.Vec3",
      "x": 0,
      "y": 0,
      "z": 0
    },
    "_id": ""
  },
  {
    "__type__": "cc.Node",
    "_name": "tongue3_end",
    "_objFlags": 0,
    "_parent": {
      "__id__": 20
    },
    "_children": [],
    "_active": true,
    "_components": [],
    "_prefab": {
      "__id__": 22
    },
    "_lpos": {
      "__type__": "cc.Vec3",
      "x": -4.172325152040912e-9,
      "y": 0.015985950827598572,
      "z": 3.203749798785793e-8
    },
    "_lrot": {
      "__type__": "cc.Quat",
      "x": 0,
      "y": 0,
      "z": 0,
      "w": 1
    },
    "_lscale": {
      "__type__": "cc.Vec3",
      "x": 0.9999999403953552,
      "y": 1,
      "z": 1
    },
    "_layer": 1073741824,
    "_euler": {
      "__type__": "cc.Vec3",
      "x": 0,
      "y": 0,
      "z": 0
    },
    "_id": ""
  },
  {
    "__type__": "cc.PrefabInfo",
    "root": {
      "__id__": 1
    },
    "asset": {
      "__id__": 0
    },
    "fileId": "f05tTK/f5e4YbBRM3TILi6"
  },
  {
    "__type__": "cc.PrefabInfo",
    "root": {
      "__id__": 1
    },
    "asset": {
      "__id__": 0
    },
    "fileId": "bdXR/rv6Za+5OOwcPZ2elD"
  },
  {
    "__type__": "cc.PrefabInfo",
    "root": {
      "__id__": 1
    },
    "asset": {
      "__id__": 0
    },
    "fileId": "ddjgYj6V1SJJcvawn+6EIJ"
  },
  {
    "__type__": "cc.PrefabInfo",
    "root": {
      "__id__": 1
    },
    "asset": {
      "__id__": 0
    },
    "fileId": "3b/ed7sypZHYO24JiwZBAG"
  },
  {
    "__type__": "cc.PrefabInfo",
    "root": {
      "__id__": 1
    },
    "asset": {
      "__id__": 0
    },
    "fileId": "56K15aRc5f9KA4i/utXclr"
  },
  {
    "__type__": "cc.PrefabInfo",
    "root": {
      "__id__": 1
    },
    "asset": {
      "__id__": 0
    },
    "fileId": "abQPcl7UhTA5AD/K/P8qU2"
  },
  {
    "__type__": "cc.Node",
    "_name": "eyes",
    "_objFlags": 0,
    "_parent": {
      "__id__": 11
    },
    "_children": [
      {
        "__id__": 29
      },
      {
        "__id__": 33
      }
    ],
    "_active": true,
    "_components": [],
    "_prefab": {
      "__id__": 37
    },
    "_lpos": {
      "__type__": "cc.Vec3",
      "x": -0.000005867257641511969,
      "y": 0.07754618674516678,
      "z": 0.015868283808231354
    },
    "_lrot": {
      "__type__": "cc.Quat",
      "x": -1.9324941646913496e-8,
      "y": -2.85537623767583e-7,
      "z": 0.9999999999999563,
      "w": -7.549790836946737e-8
    },
    "_lscale": {
      "__type__": "cc.Vec3",
      "x": 1.0000001192092896,
      "y": 1.0000003576278687,
      "z": 1.0000001192092896
    },
    "_layer": 1073741824,
    "_euler": {
      "__type__": "cc.Vec3",
      "x": 179.99996727979837,
      "y": 179.99999778552234,
      "z": -0.00000865142239095546
    },
    "_id": ""
  },
  {
    "__type__": "cc.Node",
    "_name": "left eye",
    "_objFlags": 0,
    "_parent": {
      "__id__": 28
    },
    "_children": [
      {
        "__id__": 30
      }
    ],
    "_active": true,
    "_components": [],
    "_prefab": {
      "__id__": 32
    },
    "_lpos": {
      "__type__": "cc.Vec3",
      "x": -0.04098759964108467,
      "y": -0.000008142390470311511,
      "z": -0.000010864635441976134
    },
    "_lrot": {
      "__type__": "cc.Quat",
      "x": 0.5000000670552244,
      "y": 0.49999994784593305,
      "z": -0.5000000074505787,
      "w": 0.4999999776482559
    },
    "_lscale": {
      "__type__": "cc.Vec3",
      "x": 0.9999999403953552,
      "y": 0.9999999403953552,
      "z": 1
    },
    "_layer": 1073741824,
    "_euler": {
      "__type__": "cc.Vec3",
      "x": 90.00000853773666,
      "y": 89.9999948773579,
      "z": 0.0000017075469362810637
    },
    "_id": ""
  },
  {
    "__type__": "cc.Node",
    "_name": "left eye_end",
    "_objFlags": 0,
    "_parent": {
      "__id__": 29
    },
    "_children": [],
    "_active": true,
    "_components": [],
    "_prefab": {
      "__id__": 31
    },
    "_lpos": {
      "__type__": "cc.Vec3",
      "x": -4.64543710165799e-8,
      "y": 0.04114336892962456,
      "z": 4.1127204752910984e-8
    },
    "_lrot": {
      "__type__": "cc.Quat",
      "x": 0,
      "y": 0,
      "z": 0,
      "w": 1
    },
    "_lscale": {
      "__type__": "cc.Vec3",
      "x": 1,
      "y": 1,
      "z": 1
    },
    "_layer": 1073741824,
    "_euler": {
      "__type__": "cc.Vec3",
      "x": 0,
      "y": 0,
      "z": 0
    },
    "_id": ""
  },
  {
    "__type__": "cc.PrefabInfo",
    "root": {
      "__id__": 1
    },
    "asset": {
      "__id__": 0
    },
    "fileId": "5eFK5QfgVahL0By2elBPkh"
  },
  {
    "__type__": "cc.PrefabInfo",
    "root": {
      "__id__": 1
    },
    "asset": {
      "__id__": 0
    },
    "fileId": "dc90AQDTBcCKDS1k4RDskN"
  },
  {
    "__type__": "cc.Node",
    "_name": "right eye",
    "_objFlags": 0,
    "_parent": {
      "__id__": 28
    },
    "_children": [
      {
        "__id__": 34
      }
    ],
    "_active": true,
    "_components": [],
    "_prefab": {
      "__id__": 36
    },
    "_lpos": {
      "__type__": "cc.Vec3",
      "x": 0.041299138218164444,
      "y": -0.000008175969014700968,
      "z": -0.000010865889635169879
    },
    "_lrot": {
      "__type__": "cc.Quat",
      "x": -2.6669002751840063e-7,
      "y": -1.3127678013940832e-7,
      "z": -0.7071068407911596,
      "w": 0.7071067215818679
    },
    "_lscale": {
      "__type__": "cc.Vec3",
      "x": 0.9999999403953552,
      "y": 0.9999999403953552,
      "z": 0.9999999403953552
    },
    "_layer": 1073741824,
    "_euler": {
      "__type__": "cc.Vec3",
      "x": 0,
      "y": 0.00004321897260670373,
      "z": -90
    },
    "_id": ""
  },
  {
    "__type__": "cc.Node",
    "_name": "right eye_end",
    "_objFlags": 0,
    "_parent": {
      "__id__": 33
    },
    "_children": [],
    "_active": true,
    "_components": [],
    "_prefab": {
      "__id__": 35
    },
    "_lpos": {
      "__type__": "cc.Vec3",
      "x": 2.3841859597695247e-9,
      "y": 0.04114336892962456,
      "z": -6.631016447045113e-8
    },
    "_lrot": {
      "__type__": "cc.Quat",
      "x": 0,
      "y": 0,
      "z": 0,
      "w": 1
    },
    "_lscale": {
      "__type__": "cc.Vec3",
      "x": 1,
      "y": 1,
      "z": 1
    },
    "_layer": 1073741824,
    "_euler": {
      "__type__": "cc.Vec3",
      "x": 0,
      "y": 0,
      "z": 0
    },
    "_id": ""
  },
  {
    "__type__": "cc.PrefabInfo",
    "root": {
      "__id__": 1
    },
    "asset": {
      "__id__": 0
    },
    "fileId": "b4DeQV3u5eGLVPD76W3QSX"
  },
  {
    "__type__": "cc.PrefabInfo",
    "root": {
      "__id__": 1
    },
    "asset": {
      "__id__": 0
    },
    "fileId": "edDVIuoVdTK75O4XhUL1+s"
  },
  {
    "__type__": "cc.PrefabInfo",
    "root": {
      "__id__": 1
    },
    "asset": {
      "__id__": 0
    },
    "fileId": "812CXxGzJSZb7Clmyt/9Ie"
  },
  {
    "__type__": "cc.Node",
    "_name": "gums0",
    "_objFlags": 0,
    "_parent": {
      "__id__": 11
    },
    "_children": [
      {
        "__id__": 39
      }
    ],
    "_active": true,
    "_components": [],
    "_prefab": {
      "__id__": 43
    },
    "_lpos": {
      "__type__": "cc.Vec3",
      "x": 0.0000037754327877337346,
      "y": 0.09280084818601608,
      "z": 0.05733678862452507
    },
    "_lrot": {
      "__type__": "cc.Quat",
      "x": 0,
      "y": 0,
      "z": 0,
      "w": 1
    },
    "_lscale": {
      "__type__": "cc.Vec3",
      "x": 1,
      "y": 1,
      "z": 1
    },
    "_layer": 1073741824,
    "_euler": {
      "__type__": "cc.Vec3",
      "x": 0,
      "y": 0,
      "z": 0
    },
    "_id": ""
  },
  {
    "__type__": "cc.Node",
    "_name": "gums1",
    "_objFlags": 0,
    "_parent": {
      "__id__": 38
    },
    "_children": [
      {
        "__id__": 40
      }
    ],
    "_active": true,
    "_components": [],
    "_prefab": {
      "__id__": 42
    },
    "_lpos": {
      "__type__": "cc.Vec3",
      "x": -3.434717754657868e-8,
      "y": 0.09877724945545197,
      "z": 0.0034282682463526726
    },
    "_lrot": {
      "__type__": "cc.Quat",
      "x": 0,
      "y": 0,
      "z": 0,
      "w": 1
    },
    "_lscale": {
      "__type__": "cc.Vec3",
      "x": 1,
      "y": 1,
      "z": 1
    },
    "_layer": 1073741824,
    "_euler": {
      "__type__": "cc.Vec3",
      "x": 0,
      "y": 0,
      "z": 0
    },
    "_id": ""
  },
  {
    "__type__": "cc.Node",
    "_name": "gums1_end",
    "_objFlags": 0,
    "_parent": {
      "__id__": 39
    },
    "_children": [],
    "_active": true,
    "_components": [],
    "_prefab": {
      "__id__": 41
    },
    "_lpos": {
      "__type__": "cc.Vec3",
      "x": -7.525086331838793e-9,
      "y": 0.0988367572426796,
      "z": 1.3392418729551991e-8
    },
    "_lrot": {
      "__type__": "cc.Quat",
      "x": 0,
      "y": 0,
      "z": 0,
      "w": 1
    },
    "_lscale": {
      "__type__": "cc.Vec3",
      "x": 1,
      "y": 1,
      "z": 1
    },
    "_layer": 1073741824,
    "_euler": {
      "__type__": "cc.Vec3",
      "x": 0,
      "y": 0,
      "z": 0
    },
    "_id": ""
  },
  {
    "__type__": "cc.PrefabInfo",
    "root": {
      "__id__": 1
    },
    "asset": {
      "__id__": 0
    },
    "fileId": "40h541KXRaXbkWk7xUS2BM"
  },
  {
    "__type__": "cc.PrefabInfo",
    "root": {
      "__id__": 1
    },
    "asset": {
      "__id__": 0
    },
    "fileId": "49Uv1Ri21RdZp/6hkr0NKy"
  },
  {
    "__type__": "cc.PrefabInfo",
    "root": {
      "__id__": 1
    },
    "asset": {
      "__id__": 0
    },
    "fileId": "3cLCMrigpZ6rdD5kxFoWcI"
  },
  {
    "__type__": "cc.PrefabInfo",
    "root": {
      "__id__": 1
    },
    "asset": {
      "__id__": 0
    },
    "fileId": "60KhZffPlZyZlIzofVzFqY"
  },
  {
    "__type__": "cc.PrefabInfo",
    "root": {
      "__id__": 1
    },
    "asset": {
      "__id__": 0
    },
    "fileId": "46RVJ2XzxdnLmMwg9b0spk"
  },
  {
    "__type__": "cc.PrefabInfo",
    "root": {
      "__id__": 1
    },
    "asset": {
      "__id__": 0
    },
    "fileId": "83OzYjDq1eUI3AOjR2BXZF"
  },
  {
    "__type__": "cc.PrefabInfo",
    "root": {
      "__id__": 1
    },
    "asset": {
      "__id__": 0
    },
    "fileId": "ee/WznT0deLLu81r1h+1nB"
  },
  {
    "__type__": "cc.Node",
    "_name": "left arm0",
    "_objFlags": 0,
    "_parent": {
      "__id__": 7
    },
    "_children": [
      {
        "__id__": 49
      }
    ],
    "_active": true,
    "_components": [],
    "_prefab": {
      "__id__": 57
    },
    "_lpos": {
      "__type__": "cc.Vec3",
      "x": 0.057121630758047104,
      "y": 0.0006674621836282313,
      "z": 0.09870003908872604
    },
    "_lrot": {
      "__type__": "cc.Quat",
      "x": 1.2836479121731573e-7,
      "y": -2.675903420234358e-7,
      "z": 0.7071068407911597,
      "w": 0.7071067215818682
    },
    "_lscale": {
      "__type__": "cc.Vec3",
      "x": 1,
      "y": 1.000000238418579,
      "z": 1
    },
    "_layer": 1073741824,
    "_euler": {
      "__type__": "cc.Vec3",
      "x": 0,
      "y": 0.000020802406625061505,
      "z": 90
    },
    "_id": ""
  },
  {
    "__type__": "cc.Node",
    "_name": "left arm1",
    "_objFlags": 0,
    "_parent": {
      "__id__": 48
    },
    "_children": [
      {
        "__id__": 50
      }
    ],
    "_active": true,
    "_components": [],
    "_prefab": {
      "__id__": 56
    },
    "_lpos": {
      "__type__": "cc.Vec3",
      "x": 0.00738108716905117,
      "y": -0.004490721970796585,
      "z": 0.055844224989414215
    },
    "_lrot": {
      "__type__": "cc.Quat",
      "x": 0,
      "y": 0,
      "z": 0,
      "w": 1
    },
    "_lscale": {
      "__type__": "cc.Vec3",
      "x": 1,
      "y": 1,
      "z": 1.0000001192092896
    },
    "_layer": 1073741824,
    "_euler": {
      "__type__": "cc.Vec3",
      "x": 0,
      "y": 0,
      "z": 0
    },
    "_id": ""
  },
  {
    "__type__": "cc.Node",
    "_name": "left arm2",
    "_objFlags": 0,
    "_parent": {
      "__id__": 49
    },
    "_children": [
      {
        "__id__": 51
      }
    ],
    "_active": true,
    "_components": [],
    "_prefab": {
      "__id__": 55
    },
    "_lpos": {
      "__type__": "cc.Vec3",
      "x": 0.019911641255021095,
      "y": -0.014342796057462692,
      "z": 0.02117042988538742
    },
    "_lrot": {
      "__type__": "cc.Quat",
      "x": 0,
      "y": 0,
      "z": 0,
      "w": 1
    },
    "_lscale": {
      "__type__": "cc.Vec3",
      "x": 1,
      "y": 1,
      "z": 1
    },
    "_layer": 1073741824,
    "_euler": {
      "__type__": "cc.Vec3",
      "x": 0,
      "y": 0,
      "z": 0
    },
    "_id": ""
  },
  {
    "__type__": "cc.Node",
    "_name": "left hand",
    "_objFlags": 0,
    "_parent": {
      "__id__": 50
    },
    "_children": [
      {
        "__id__": 52
      }
    ],
    "_active": true,
    "_components": [],
    "_prefab": {
      "__id__": 54
    },
    "_lpos": {
      "__type__": "cc.Vec3",
      "x": 0.03108891285955906,
      "y": 0.00015409791376441717,
      "z": -0.006836477667093277
    },
    "_lrot": {
      "__type__": "cc.Quat",
      "x": 1.223189126493137e-9,
      "y": 0.7071066023725875,
      "z": -1.2231884603593109e-9,
      "w": 0.7071069600004624
    },
    "_lscale": {
      "__type__": "cc.Vec3",
      "x": 1,
      "y": 1.0000001192092896,
      "z": 0.9999998807907104
    },
    "_layer": 1073741824,
    "_euler": {
      "__type__": "cc.Vec3",
      "x": 1.982262291231949e-7,
      "y": 89.99997102196103,
      "z": 3.8481377509200026e-15
    },
    "_id": ""
  },
  {
    "__type__": "cc.Node",
    "_name": "left hand_end",
    "_objFlags": 0,
    "_parent": {
      "__id__": 51
    },
    "_children": [],
    "_active": true,
    "_components": [],
    "_prefab": {
      "__id__": 53
    },
    "_lpos": {
      "__type__": "cc.Vec3",
      "x": -1.116888626029322e-8,
      "y": 0.03183209151029587,
      "z": 2.9802322831784522e-9
    },
    "_lrot": {
      "__type__": "cc.Quat",
      "x": 0,
      "y": 0,
      "z": 0,
      "w": 1
    },
    "_lscale": {
      "__type__": "cc.Vec3",
      "x": 1,
      "y": 1,
      "z": 1
    },
    "_layer": 1073741824,
    "_euler": {
      "__type__": "cc.Vec3",
      "x": 0,
      "y": 0,
      "z": 0
    },
    "_id": ""
  },
  {
    "__type__": "cc.PrefabInfo",
    "root": {
      "__id__": 1
    },
    "asset": {
      "__id__": 0
    },
    "fileId": "c5rGL0RBRcbYz/ywhOFtHY"
  },
  {
    "__type__": "cc.PrefabInfo",
    "root": {
      "__id__": 1
    },
    "asset": {
      "__id__": 0
    },
    "fileId": "2831rMHptfU7T3LIHYZxlk"
  },
  {
    "__type__": "cc.PrefabInfo",
    "root": {
      "__id__": 1
    },
    "asset": {
      "__id__": 0
    },
    "fileId": "d22S8i4xRdfbFENwUZAMTu"
  },
  {
    "__type__": "cc.PrefabInfo",
    "root": {
      "__id__": 1
    },
    "asset": {
      "__id__": 0
    },
    "fileId": "742PTCgsBaraVg7RNwFe9a"
  },
  {
    "__type__": "cc.PrefabInfo",
    "root": {
      "__id__": 1
    },
    "asset": {
      "__id__": 0
    },
    "fileId": "2dc3hSBoFZn4FDcQM/z6cU"
  },
  {
    "__type__": "cc.Node",
    "_name": "right arm0",
    "_objFlags": 0,
    "_parent": {
      "__id__": 7
    },
    "_children": [
      {
        "__id__": 59
      }
    ],
    "_active": true,
    "_components": [],
    "_prefab": {
      "__id__": 67
    },
    "_lpos": {
      "__type__": "cc.Vec3",
      "x": -0.057455312460660934,
      "y": 0.0006674248143099248,
      "z": 0.09870008379220963
    },
    "_lrot": {
      "__type__": "cc.Quat",
      "x": 1.270682496543303e-7,
      "y": -2.6728162541031934e-7,
      "z": 0.7071068407911599,
      "w": 0.7071067215818683
    },
    "_lscale": {
      "__type__": "cc.Vec3",
      "x": 1,
      "y": 1,
      "z": 1
    },
    "_layer": 1073741824,
    "_euler": {
      "__type__": "cc.Vec3",
      "x": 0,
      "y": 0.000020592293053078554,
      "z": 90
    },
    "_id": ""
  },
  {
    "__type__": "cc.Node",
    "_name": "right arm1",
    "_objFlags": 0,
    "_parent": {
      "__id__": 58
    },
    "_children": [
      {
        "__id__": 60
      }
    ],
    "_active": true,
    "_components": [],
    "_prefab": {
      "__id__": 66
    },
    "_lpos": {
      "__type__": "cc.Vec3",
      "x": 0.007381103001534939,
      "y": 0.00449072290211916,
      "z": 0.055844176560640335
    },
    "_lrot": {
      "__type__": "cc.Quat",
      "x": 0,
      "y": 0,
      "z": 0,
      "w": 1
    },
    "_lscale": {
      "__type__": "cc.Vec3",
      "x": 1,
      "y": 1,
      "z": 1
    },
    "_layer": 1073741824,
    "_euler": {
      "__type__": "cc.Vec3",
      "x": 0,
      "y": 0,
      "z": 0
    },
    "_id": ""
  },
  {
    "__type__": "cc.Node",
    "_name": "right arm2",
    "_objFlags": 0,
    "_parent": {
      "__id__": 59
    },
    "_children": [
      {
        "__id__": 61
      }
    ],
    "_active": true,
    "_components": [],
    "_prefab": {
      "__id__": 65
    },
    "_lpos": {
      "__type__": "cc.Vec3",
      "x": 0.019911693409085274,
      "y": 0.014342772774398327,
      "z": 0.02117045223712921
    },
    "_lrot": {
      "__type__": "cc.Quat",
      "x": 0,
      "y": 0,
      "z": 0,
      "w": 1
    },
    "_lscale": {
      "__type__": "cc.Vec3",
      "x": 1,
      "y": 1,
      "z": 1
    },
    "_layer": 1073741824,
    "_euler": {
      "__type__": "cc.Vec3",
      "x": 0,
      "y": 0,
      "z": 0
    },
    "_id": ""
  },
  {
    "__type__": "cc.Node",
    "_name": "right hand",
    "_objFlags": 0,
    "_parent": {
      "__id__": 60
    },
    "_children": [
      {
        "__id__": 62
      }
    ],
    "_active": true,
    "_components": [],
    "_prefab": {
      "__id__": 64
    },
    "_lpos": {
      "__type__": "cc.Vec3",
      "x": 0.031088950112462044,
      "y": -0.00015411520143970847,
      "z": -0.0068364511243999004
    },
    "_lrot": {
      "__type__": "cc.Quat",
      "x": 0,
      "y": 0,
      "z": 0,
      "w": 1
    },
    "_lscale": {
      "__type__": "cc.Vec3",
      "x": 1,
      "y": 1,
      "z": 1
    },
    "_layer": 1073741824,
    "_euler": {
      "__type__": "cc.Vec3",
      "x": 0,
      "y": 0,
      "z": 0
    },
    "_id": ""
  },
  {
    "__type__": "cc.Node",
    "_name": "right hand_end",
    "_objFlags": 0,
    "_parent": {
      "__id__": 61
    },
    "_children": [],
    "_active": true,
    "_components": [],
    "_prefab": {
      "__id__": 63
    },
    "_lpos": {
      "__type__": "cc.Vec3",
      "x": -7.748603536583687e-9,
      "y": 0.03183211758732796,
      "z": 1.7881393032936899e-9
    },
    "_lrot": {
      "__type__": "cc.Quat",
      "x": 0,
      "y": 0,
      "z": 0,
      "w": 1
    },
    "_lscale": {
      "__type__": "cc.Vec3",
      "x": 1,
      "y": 1,
      "z": 1
    },
    "_layer": 1073741824,
    "_euler": {
      "__type__": "cc.Vec3",
      "x": 0,
      "y": 0,
      "z": 0
    },
    "_id": ""
  },
  {
    "__type__": "cc.PrefabInfo",
    "root": {
      "__id__": 1
    },
    "asset": {
      "__id__": 0
    },
    "fileId": "13W5Vk49BTm7WaezBn8TJ9"
  },
  {
    "__type__": "cc.PrefabInfo",
    "root": {
      "__id__": 1
    },
    "asset": {
      "__id__": 0
    },
    "fileId": "f2N0556IJS5KJuA78egm8l"
  },
  {
    "__type__": "cc.PrefabInfo",
    "root": {
      "__id__": 1
    },
    "asset": {
      "__id__": 0
    },
    "fileId": "c5kxG6It1UoZmGifL4nLGM"
  },
  {
    "__type__": "cc.PrefabInfo",
    "root": {
      "__id__": 1
    },
    "asset": {
      "__id__": 0
    },
    "fileId": "fboq+dpe1c/7MgR6MbG9+Y"
  },
  {
    "__type__": "cc.PrefabInfo",
    "root": {
      "__id__": 1
    },
    "asset": {
      "__id__": 0
    },
    "fileId": "9dbgcsV3VRPJBLy12mOAD9"
  },
  {
    "__type__": "cc.PrefabInfo",
    "root": {
      "__id__": 1
    },
    "asset": {
      "__id__": 0
    },
    "fileId": "21y9hvDQZV/YbNhVlBkMoF"
  },
  {
    "__type__": "cc.PrefabInfo",
    "root": {
      "__id__": 1
    },
    "asset": {
      "__id__": 0
    },
    "fileId": "ebMJ/SW2Jb36RUyNhVp987"
  },
  {
    "__type__": "cc.PrefabInfo",
    "root": {
      "__id__": 1
    },
    "asset": {
      "__id__": 0
    },
    "fileId": "99nGK5WnpS/LyIpkiSgeGG"
  },
  {
    "__type__": "cc.PrefabInfo",
    "root": {
      "__id__": 1
    },
    "asset": {
      "__id__": 0
    },
    "fileId": "eb1nX6tl5azrZHw5YcBejB"
  },
  {
    "__type__": "cc.Node",
    "_name": "tail0",
    "_objFlags": 0,
    "_parent": {
      "__id__": 3
    },
    "_children": [
      {
        "__id__": 73
      }
    ],
    "_active": true,
    "_components": [],
    "_prefab": {
      "__id__": 143
    },
    "_lpos": {
      "__type__": "cc.Vec3",
      "x": 2.98023217215615e-10,
      "y": -0.043349072337150574,
      "z": 0.02319210022687912
    },
    "_lrot": {
      "__type__": "cc.Quat",
      "x": 0,
      "y": 0,
      "z": 0,
      "w": 1
    },
    "_lscale": {
      "__type__": "cc.Vec3",
      "x": 1,
      "y": 0.9999998807907104,
      "z": 0.9999999403953552
    },
    "_layer": 1073741824,
    "_euler": {
      "__type__": "cc.Vec3",
      "x": 0,
      "y": 0,
      "z": 0
    },
    "_id": ""
  },
  {
    "__type__": "cc.Node",
    "_name": "tail1",
    "_objFlags": 0,
    "_parent": {
      "__id__": 72
    },
    "_children": [
      {
        "__id__": 74
      },
      {
        "__id__": 90
      },
      {
        "__id__": 116
      }
    ],
    "_active": true,
    "_components": [],
    "_prefab": {
      "__id__": 142
    },
    "_lpos": {
      "__type__": "cc.Vec3",
      "x": 3.1292437530083816e-9,
      "y": -0.0592009499669075,
      "z": 0.02044546790421009
    },
    "_lrot": {
      "__type__": "cc.Quat",
      "x": 0,
      "y": 0,
      "z": 0,
      "w": 1
    },
    "_lscale": {
      "__type__": "cc.Vec3",
      "x": 1,
      "y": 0.9999998807907104,
      "z": 0.9999999403953552
    },
    "_layer": 1073741824,
    "_euler": {
      "__type__": "cc.Vec3",
      "x": 0,
      "y": 0,
      "z": 0
    },
    "_id": ""
  },
  {
    "__type__": "cc.Node",
    "_name": "tail2",
    "_objFlags": 0,
    "_parent": {
      "__id__": 73
    },
    "_children": [
      {
        "__id__": 75
      }
    ],
    "_active": true,
    "_components": [],
    "_prefab": {
      "__id__": 89
    },
    "_lpos": {
      "__type__": "cc.Vec3",
      "x": 3.278255444882916e-9,
      "y": 0.028673293069005013,
      "z": 0.03741476312279701
    },
    "_lrot": {
      "__type__": "cc.Quat",
      "x": -0.1463028361912643,
      "y": -0.0031393783138678106,
      "z": -0.029767610547375464,
      "w": 0.9887868899760424
    },
    "_lscale": {
      "__type__": "cc.Vec3",
      "x": 0.9999996423721313,
      "y": 1,
      "z": 1.0000001192092896
    },
    "_layer": 1073741824,
    "_euler": {
      "__type__": "cc.Vec3",
      "x": -16.857889406881938,
      "y": -0.8562391486881605,
      "z": -3.3220968644411064
    },
    "_id": ""
  },
  {
    "__type__": "cc.Node",
    "_name": "tail3",
    "_objFlags": 0,
    "_parent": {
      "__id__": 74
    },
    "_children": [
      {
        "__id__": 76
      }
    ],
    "_active": true,
    "_components": [],
    "_prefab": {
      "__id__": 88
    },
    "_lpos": {
      "__type__": "cc.Vec3",
      "x": 1.0132789718397817e-8,
      "y": -0.05554788187146187,
      "z": -0.007466486655175686
    },
    "_lrot": {
      "__type__": "cc.Quat",
      "x": 0.09494443132963278,
      "y": 0.0072947534858505475,
      "z": -0.07108727019031248,
      "w": 0.9929143676813036
    },
    "_lscale": {
      "__type__": "cc.Vec3",
      "x": 1,
      "y": 1.000000238418579,
      "z": 1
    },
    "_layer": 1073741824,
    "_euler": {
      "__type__": "cc.Vec3",
      "x": 11.038012381050205,
      "y": 1.6195251459964273,
      "z": -8.035228916583923
    },
    "_id": ""
  },
  {
    "__type__": "cc.Node",
    "_name": "tail4",
    "_objFlags": 0,
    "_parent": {
      "__id__": 75
    },
    "_children": [
      {
        "__id__": 77
      }
    ],
    "_active": true,
    "_components": [],
    "_prefab": {
      "__id__": 87
    },
    "_lpos": {
      "__type__": "cc.Vec3",
      "x": 1.609325472884393e-8,
      "y": -0.06739231199026108,
      "z": -0.002113461960107088
    },
    "_lrot": {
      "__type__": "cc.Quat",
      "x": 0.006820988279404807,
      "y": -0.00039031670343481656,
      "z": -0.054395384318661796,
      "w": 0.9984961011123621
    },
    "_lscale": {
      "__type__": "cc.Vec3",
      "x": 1,
      "y": 0.9999999403953552,
      "z": 0.9999995827674866
    },
    "_layer": 1073741824,
    "_euler": {
      "__type__": "cc.Vec3",
      "x": 0.7826753350080019,
      "y": -0.0021555531781887283,
      "z": -6.236490212522566
    },
    "_id": ""
  },
  {
    "__type__": "cc.Node",
    "_name": "tail5",
    "_objFlags": 0,
    "_parent": {
      "__id__": 76
    },
    "_children": [
      {
        "__id__": 78
      }
    ],
    "_active": true,
    "_components": [],
    "_prefab": {
      "__id__": 86
    },
    "_lpos": {
      "__type__": "cc.Vec3",
      "x": 1.19209286886246e-9,
      "y": -0.07259248942136765,
      "z": 0.0014650400262326002
    },
    "_lrot": {
      "__type__": "cc.Quat",
      "x": 0.0008365347639303857,
      "y": -0.0006950338629516917,
      "z": -0.04438412131482432,
      "w": 0.9990139473063572
    },
    "_lscale": {
      "__type__": "cc.Vec3",
      "x": 1,
      "y": 1.000000238418579,
      "z": 1.0000001192092896
    },
    "_layer": 1073741824,
    "_euler": {
      "__type__": "cc.Vec3",
      "x": 0.09259519111682747,
      "y": -0.07560974996830438,
      "z": -5.08778088208825
    },
    "_id": ""
  },
  {
    "__type__": "cc.Node",
    "_name": "tail6",
    "_objFlags": 0,
    "_parent": {
      "__id__": 77
    },
    "_children": [
      {
        "__id__": 79
      }
    ],
    "_active": true,
    "_components": [],
    "_prefab": {
      "__id__": 85
    },
    "_lpos": {
      "__type__": "cc.Vec3",
      "x": 3.5762786065873797e-9,
      "y": -0.05376419052481651,
      "z": -0.0062611037865281105
    },
    "_lrot": {
      "__type__": "cc.Quat",
      "x": 0.001969906548234029,
      "y": -0.002679234667020104,
      "z": -0.10770912724115443,
      "w": 0.9941768882239916
    },
    "_lscale": {
      "__type__": "cc.Vec3",
      "x": 0.9999999403953552,
      "y": 0.9999998211860657,
      "z": 0.9999996423721313
    },
    "_layer": 1073741824,
    "_euler": {
      "__type__": "cc.Vec3",
      "x": 0.1958976710785521,
      "y": -0.28759079430592827,
      "z": -12.367096013120024
    },
    "_id": ""
  },
  {
    "__type__": "cc.Node",
    "_name": "tail7",
    "_objFlags": 0,
    "_parent": {
      "__id__": 78
    },
    "_children": [
      {
        "__id__": 80
      }
    ],
    "_active": true,
    "_components": [],
    "_prefab": {
      "__id__": 84
    },
    "_lpos": {
      "__type__": "cc.Vec3",
      "x": 4.76837147544984e-9,
      "y": -0.07518549263477325,
      "z": 0.005933812353760004
    },
    "_lrot": {
      "__type__": "cc.Quat",
      "x": -0.013193755150629824,
      "y": -0.005816172228140279,
      "z": -0.10758953329513013,
      "w": 0.9940908355331386
    },
    "_lscale": {
      "__type__": "cc.Vec3",
      "x": 0.9999997019767761,
      "y": 0.9999998807907104,
      "z": 0.9999998807907104
    },
    "_layer": 1073741824,
    "_euler": {
      "__type__": "cc.Vec3",
      "x": -1.612133905663804,
      "y": -0.844764244139603,
      "z": -12.342441233968547
    },
    "_id": ""
  },
  {
    "__type__": "cc.Node",
    "_name": "tail8",
    "_objFlags": 0,
    "_parent": {
      "__id__": 79
    },
    "_children": [
      {
        "__id__": 81
      }
    ],
    "_active": true,
    "_components": [],
    "_prefab": {
      "__id__": 83
    },
    "_lpos": {
      "__type__": "cc.Vec3",
      "x": 2.3841858265427618e-8,
      "y": -0.06231822818517685,
      "z": 0.00542650930583477
    },
    "_lrot": {
      "__type__": "cc.Quat",
      "x": -0.016207116097005432,
      "y": -0.007421924903127784,
      "z": -0.10749437161865337,
      "w": 0.9940458764508112
    },
    "_lscale": {
      "__type__": "cc.Vec3",
      "x": 1,
      "y": 1.0000001192092896,
      "z": 1
    },
    "_layer": 1073741824,
    "_euler": {
      "__type__": "cc.Vec3",
      "x": -1.9836743502560787,
      "y": -1.0697836291392055,
      "z": -12.325669471136049
    },
    "_id": ""
  },
  {
    "__type__": "cc.Node",
    "_name": "tail8_end",
    "_objFlags": 0,
    "_parent": {
      "__id__": 80
    },
    "_children": [],
    "_active": true,
    "_components": [],
    "_prefab": {
      "__id__": 82
    },
    "_lpos": {
      "__type__": "cc.Vec3",
      "x": -3.5762788286319847e-8,
      "y": 0.062399204820394516,
      "z": 2.2053718851111626e-8
    },
    "_lrot": {
      "__type__": "cc.Quat",
      "x": 0.012616081921405656,
      "y": -2.5136068525690244e-7,
      "z": 3.5509499297531833e-9,
      "w": 0.9999204140714846
    },
    "_lscale": {
      "__type__": "cc.Vec3",
      "x": 1,
      "y": 1,
      "z": 1
    },
    "_layer": 1073741824,
    "_euler": {
      "__type__": "cc.Vec3",
      "x": 1.4457348497626914,
      "y": -0.000028806654019159696,
      "z": 4.3485242300333716e-8
    },
    "_id": ""
  },
  {
    "__type__": "cc.PrefabInfo",
    "root": {
      "__id__": 1
    },
    "asset": {
      "__id__": 0
    },
    "fileId": "09zX++c5laz4FftoTSf2bM"
  },
  {
    "__type__": "cc.PrefabInfo",
    "root": {
      "__id__": 1
    },
    "asset": {
      "__id__": 0
    },
    "fileId": "adEBgYGRJV4YWdOEySiuMD"
  },
  {
    "__type__": "cc.PrefabInfo",
    "root": {
      "__id__": 1
    },
    "asset": {
      "__id__": 0
    },
    "fileId": "48wjrWez5eUKPb/mVue0YW"
  },
  {
    "__type__": "cc.PrefabInfo",
    "root": {
      "__id__": 1
    },
    "asset": {
      "__id__": 0
    },
    "fileId": "38WmQYFUFav5iRYbBAWPVO"
  },
  {
    "__type__": "cc.PrefabInfo",
    "root": {
      "__id__": 1
    },
    "asset": {
      "__id__": 0
    },
    "fileId": "9cXz9fcedeJZAT3Lc8gE0z"
  },
  {
    "__type__": "cc.PrefabInfo",
    "root": {
      "__id__": 1
    },
    "asset": {
      "__id__": 0
    },
    "fileId": "3f4M0SACVSYrDCOA6Aycc7"
  },
  {
    "__type__": "cc.PrefabInfo",
    "root": {
      "__id__": 1
    },
    "asset": {
      "__id__": 0
    },
    "fileId": "ebOnv3Od1Yi5xlLfS0cWIl"
  },
  {
    "__type__": "cc.PrefabInfo",
    "root": {
      "__id__": 1
    },
    "asset": {
      "__id__": 0
    },
    "fileId": "9eHbZLhv5Ty7iKAX3A6oj2"
  },
  {
    "__type__": "cc.Node",
    "_name": "right hips",
    "_objFlags": 0,
    "_parent": {
      "__id__": 73
    },
    "_children": [
      {
        "__id__": 91
      }
    ],
    "_active": true,
    "_components": [],
    "_prefab": {
      "__id__": 115
    },
    "_lpos": {
      "__type__": "cc.Vec3",
      "x": -0.07262660562992096,
      "y": 0.056321874260902405,
      "z": 0.028782740235328674
    },
    "_lrot": {
      "__type__": "cc.Quat",
      "x": 0.12713794579505222,
      "y": -0.13161570008993848,
      "z": 0.6888955327203541,
      "w": 0.7013816330834373
    },
    "_lscale": {
      "__type__": "cc.Vec3",
      "x": 0.9999997019767761,
      "y": 0.9999998211860657,
      "z": 0.9999998807907104
    },
    "_layer": 1073741824,
    "_euler": {
      "__type__": "cc.Vec3",
      "x": 87.05281218027297,
      "y": -87.42188324321727,
      "z": 68.88999343280895
    },
    "_id": ""
  },
  {
    "__type__": "cc.Node",
    "_name": "right leg",
    "_objFlags": 0,
    "_parent": {
      "__id__": 90
    },
    "_children": [
      {
        "__id__": 92
      }
    ],
    "_active": true,
    "_components": [],
    "_prefab": {
      "__id__": 114
    },
    "_lpos": {
      "__type__": "cc.Vec3",
      "x": 0.0787106528878212,
      "y": 0.022728530690073967,
      "z": 0.15399332344532013
    },
    "_lrot": {
      "__type__": "cc.Quat",
      "x": 0.00016585554169924136,
      "y": -0.08756036341608862,
      "z": -0.00006945778319603457,
      "w": 0.9961591993381371
    },
    "_lscale": {
      "__type__": "cc.Vec3",
      "x": 0.9999996423721313,
      "y": 0.9999999403953552,
      "z": 0.9999999403953552
    },
    "_layer": 1073741824,
    "_euler": {
      "__type__": "cc.Vec3",
      "x": 0.01823573169606766,
      "y": -10.046542688751542,
      "z": -0.009592846908120064
    },
    "_id": ""
  },
  {
    "__type__": "cc.Node",
    "_name": "right foot0",
    "_objFlags": 0,
    "_parent": {
      "__id__": 91
    },
    "_children": [
      {
        "__id__": 93
      }
    ],
    "_active": true,
    "_components": [],
    "_prefab": {
      "__id__": 113
    },
    "_lpos": {
      "__type__": "cc.Vec3",
      "x": -0.0883268266916275,
      "y": 0.005133435595780611,
      "z": 0.11515156924724579
    },
    "_lrot": {
      "__type__": "cc.Quat",
      "x": -0.009426835727851626,
      "y": -0.019704889095284298,
      "z": 0.004074029539524737,
      "w": 0.9997530967179914
    },
    "_lscale": {
      "__type__": "cc.Vec3",
      "x": 0.9999998807907104,
      "y": 1.0000001192092896,
      "z": 1.000000238418579
    },
    "_layer": 1073741824,
    "_euler": {
      "__type__": "cc.Vec3",
      "x": -1.0708710628614262,
      "y": -2.2537183949254382,
      "z": 0.4880259575630826
    },
    "_id": ""
  },
  {
    "__type__": "cc.Node",
    "_name": "right foot1",
    "_objFlags": 0,
    "_parent": {
      "__id__": 92
    },
    "_children": [
      {
        "__id__": 94
      },
      {
        "__id__": 100
      },
      {
        "__id__": 106
      }
    ],
    "_active": true,
    "_components": [],
    "_prefab": {
      "__id__": 112
    },
    "_lpos": {
      "__type__": "cc.Vec3",
      "x": 0.03239568695425987,
      "y": 0.0007331488304771483,
      "z": 0.07932403683662415
    },
    "_lrot": {
      "__type__": "cc.Quat",
      "x": 0.022765907065536266,
      "y": -0.11232549217497922,
      "z": -0.01691237318242082,
      "w": 0.9932666655619079
    },
    "_lscale": {
      "__type__": "cc.Vec3",
      "x": 0.9999998211860657,
      "y": 0.9999997019767761,
      "z": 0.9999992251396179
    },
    "_layer": 1073741824,
    "_euler": {
      "__type__": "cc.Vec3",
      "x": 2.375987851670732,
      "y": -12.857974675225798,
      "z": -2.2185528358657187
    },
    "_id": ""
  },
  {
    "__type__": "cc.Node",
    "_name": "right toe4",
    "_objFlags": 0,
    "_parent": {
      "__id__": 93
    },
    "_children": [
      {
        "__id__": 95
      }
    ],
    "_active": true,
    "_components": [],
    "_prefab": {
      "__id__": 99
    },
    "_lpos": {
      "__type__": "cc.Vec3",
      "x": 0.020304696634411812,
      "y": 0.03182518109679222,
      "z": 0.01232586894184351
    },
    "_lrot": {
      "__type__": "cc.Quat",
      "x": -0.01078285820479739,
      "y": 0.9220756162332387,
      "z": -0.005324676092143047,
      "w": 0.38682287386030023
    },
    "_lscale": {
      "__type__": "cc.Vec3",
      "x": 0.9999998807907104,
      "y": 0.9999995827674866,
      "z": 1
    },
    "_layer": 1073741824,
    "_euler": {
      "__type__": "cc.Vec3",
      "x": 0.08467296092854346,
      "y": 134.4836336978424,
      "z": -1.3754963523379382
    },
    "_id": ""
  },
  {
    "__type__": "cc.Node",
    "_name": "right toe5",
    "_objFlags": 0,
    "_parent": {
      "__id__": 94
    },
    "_children": [
      {
        "__id__": 96
      }
    ],
    "_active": true,
    "_components": [],
    "_prefab": {
      "__id__": 98
    },
    "_lpos": {
      "__type__": "cc.Vec3",
      "x": 0.0000135266782308463,
      "y": 0.015547888353466988,
      "z": 0.051956962794065475
    },
    "_lrot": {
      "__type__": "cc.Quat",
      "x": 0.010853503842249031,
      "y": 0.4367399816379527,
      "z": -0.010621456440634157,
      "w": 0.8994596014031463
    },
    "_lscale": {
      "__type__": "cc.Vec3",
      "x": 0.9999997615814209,
      "y": 1.000000238418579,
      "z": 0.9999998807907104
    },
    "_layer": 1073741824,
    "_euler": {
      "__type__": "cc.Vec3",
      "x": 1.6505495924126328,
      "y": 51.806488355413194,
      "z": -0.551584894711655
    },
    "_id": ""
  },
  {
    "__type__": "cc.Node",
    "_name": "right toe5_end",
    "_objFlags": 0,
    "_parent": {
      "__id__": 95
    },
    "_children": [],
    "_active": true,
    "_components": [],
    "_prefab": {
      "__id__": 97
    },
    "_lpos": {
      "__type__": "cc.Vec3",
      "x": -1.1920929132713809e-8,
      "y": 0.054233431816101074,
      "z": 1.2516975012033527e-8
    },
    "_lrot": {
      "__type__": "cc.Quat",
      "x": 0,
      "y": 0,
      "z": 0,
      "w": 1
    },
    "_lscale": {
      "__type__": "cc.Vec3",
      "x": 1,
      "y": 1.0000001192092896,
      "z": 1
    },
    "_layer": 1073741824,
    "_euler": {
      "__type__": "cc.Vec3",
      "x": 0,
      "y": 0,
      "z": 0
    },
    "_id": ""
  },
  {
    "__type__": "cc.PrefabInfo",
    "root": {
      "__id__": 1
    },
    "asset": {
      "__id__": 0
    },
    "fileId": "72yDABgRhVHIB5UgSTXQiJ"
  },
  {
    "__type__": "cc.PrefabInfo",
    "root": {
      "__id__": 1
    },
    "asset": {
      "__id__": 0
    },
    "fileId": "bdsa8UzORfMJsC9iRXs65a"
  },
  {
    "__type__": "cc.PrefabInfo",
    "root": {
      "__id__": 1
    },
    "asset": {
      "__id__": 0
    },
    "fileId": "6bLe42jrxY5rPIhkLRUYBf"
  },
  {
    "__type__": "cc.Node",
    "_name": "right toe0",
    "_objFlags": 0,
    "_parent": {
      "__id__": 93
    },
    "_children": [
      {
        "__id__": 101
      }
    ],
    "_active": true,
    "_components": [],
    "_prefab": {
      "__id__": 105
    },
    "_lpos": {
      "__type__": "cc.Vec3",
      "x": 0.021201718598604202,
      "y": -0.0286203995347023,
      "z": 0.012293793261051178
    },
    "_lrot": {
      "__type__": "cc.Quat",
      "x": -0.013495336170392896,
      "y": 0.9144976656284729,
      "z": -0.007183138684849091,
      "w": 0.4043022359329169
    },
    "_lscale": {
      "__type__": "cc.Vec3",
      "x": 0.9999999403953552,
      "y": 1.0000003576278687,
      "z": 1.000000238418579
    },
    "_layer": 1073741824,
    "_euler": {
      "__type__": "cc.Vec3",
      "x": 0.12757335377155019,
      "y": 132.30120670259808,
      "z": -1.747289317784149
    },
    "_id": ""
  },
  {
    "__type__": "cc.Node",
    "_name": "right toe1",
    "_objFlags": 0,
    "_parent": {
      "__id__": 100
    },
    "_children": [
      {
        "__id__": 102
      }
    ],
    "_active": true,
    "_components": [],
    "_prefab": {
      "__id__": 104
    },
    "_lpos": {
      "__type__": "cc.Vec3",
      "x": -0.00003206998007954098,
      "y": -0.014214979484677315,
      "z": 0.05323018878698349
    },
    "_lrot": {
      "__type__": "cc.Quat",
      "x": 0.011071948134110925,
      "y": 0.43673189683782826,
      "z": -0.010254113749277712,
      "w": 0.8994651273952565
    },
    "_lscale": {
      "__type__": "cc.Vec3",
      "x": 1,
      "y": 0.999999463558197,
      "z": 1.0000001192092896
    },
    "_layer": 1073741824,
    "_euler": {
      "__type__": "cc.Vec3",
      "x": 1.6546669091619952,
      "y": 51.80469363099904,
      "z": -0.5028049730548294
    },
    "_id": ""
  },
  {
    "__type__": "cc.Node",
    "_name": "right toe1_end",
    "_objFlags": 0,
    "_parent": {
      "__id__": 101
    },
    "_children": [],
    "_active": true,
    "_components": [],
    "_prefab": {
      "__id__": 103
    },
    "_lpos": {
      "__type__": "cc.Vec3",
      "x": -4.76837147544984e-9,
      "y": 0.05509554222226143,
      "z": -4.172325152040912e-9
    },
    "_lrot": {
      "__type__": "cc.Quat",
      "x": 0,
      "y": 0,
      "z": 0,
      "w": 1
    },
    "_lscale": {
      "__type__": "cc.Vec3",
      "x": 1,
      "y": 1,
      "z": 1
    },
    "_layer": 1073741824,
    "_euler": {
      "__type__": "cc.Vec3",
      "x": 0,
      "y": 0,
      "z": 0
    },
    "_id": ""
  },
  {
    "__type__": "cc.PrefabInfo",
    "root": {
      "__id__": 1
    },
    "asset": {
      "__id__": 0
    },
    "fileId": "17bT36551eQZFfH+q+PALh"
  },
  {
    "__type__": "cc.PrefabInfo",
    "root": {
      "__id__": 1
    },
    "asset": {
      "__id__": 0
    },
    "fileId": "b8JE4xCW1UToRGWn4TKCKu"
  },
  {
    "__type__": "cc.PrefabInfo",
    "root": {
      "__id__": 1
    },
    "asset": {
      "__id__": 0
    },
    "fileId": "58zXr3DCFaEq60XQ3aZJZA"
  },
  {
    "__type__": "cc.Node",
    "_name": "right toe2",
    "_objFlags": 0,
    "_parent": {
      "__id__": 93
    },
    "_children": [
      {
        "__id__": 107
      }
    ],
    "_active": true,
    "_components": [],
    "_prefab": {
      "__id__": 111
    },
    "_lpos": {
      "__type__": "cc.Vec3",
      "x": 0.02653280645608902,
      "y": -0.000630076217930764,
      "z": 0.01244011614471674
    },
    "_lrot": {
      "__type__": "cc.Quat",
      "x": -0.015041340360735785,
      "y": 0.4171336055722677,
      "z": 0.003564208564841841,
      "w": 0.9087137115724283
    },
    "_lscale": {
      "__type__": "cc.Vec3",
      "x": 1.000000238418579,
      "y": 0.9999995827674866,
      "z": 0.9999998807907104
    },
    "_layer": 1073741824,
    "_euler": {
      "__type__": "cc.Vec3",
      "x": -1.7369357931023066,
      "y": 49.30851569071817,
      "z": -0.34783373798251754
    },
    "_id": ""
  },
  {
    "__type__": "cc.Node",
    "_name": "right toe3",
    "_objFlags": 0,
    "_parent": {
      "__id__": 106
    },
    "_children": [
      {
        "__id__": 108
      }
    ],
    "_active": true,
    "_components": [],
    "_prefab": {
      "__id__": 110
    },
    "_lpos": {
      "__type__": "cc.Vec3",
      "x": 0.06242888793349266,
      "y": 0.003494626609608531,
      "z": -0.0001004348523565568
    },
    "_lrot": {
      "__type__": "cc.Quat",
      "x": -0.3150244009852979,
      "y": 0.3026074423629366,
      "z": -0.6446926496929564,
      "w": 0.6273434067895283
    },
    "_lscale": {
      "__type__": "cc.Vec3",
      "x": 0.9999997019767761,
      "y": 1.0000001192092896,
      "z": 0.9999999403953552
    },
    "_layer": 1073741824,
    "_euler": {
      "__type__": "cc.Vec3",
      "x": -170.30717056578715,
      "y": -118.50977148063112,
      "z": -88.27120179526563
    },
    "_id": ""
  },
  {
    "__type__": "cc.Node",
    "_name": "right toe3_end",
    "_objFlags": 0,
    "_parent": {
      "__id__": 107
    },
    "_children": [],
    "_active": true,
    "_components": [],
    "_prefab": {
      "__id__": 109
    },
    "_lpos": {
      "__type__": "cc.Vec3",
      "x": -1.4901161415892261e-9,
      "y": 0.0625266581773758,
      "z": 1.0728836485895954e-8
    },
    "_lrot": {
      "__type__": "cc.Quat",
      "x": 0,
      "y": 0,
      "z": 0,
      "w": 1
    },
    "_lscale": {
      "__type__": "cc.Vec3",
      "x": 1,
      "y": 1.0000001192092896,
      "z": 1
    },
    "_layer": 1073741824,
    "_euler": {
      "__type__": "cc.Vec3",
      "x": 0,
      "y": 0,
      "z": 0
    },
    "_id": ""
  },
  {
    "__type__": "cc.PrefabInfo",
    "root": {
      "__id__": 1
    },
    "asset": {
      "__id__": 0
    },
    "fileId": "43qnyfm2xTibJvRfOZQtUU"
  },
  {
    "__type__": "cc.PrefabInfo",
    "root": {
      "__id__": 1
    },
    "asset": {
      "__id__": 0
    },
    "fileId": "b4EDyW2etQ7YAVhJUMvZ0a"
  },
  {
    "__type__": "cc.PrefabInfo",
    "root": {
      "__id__": 1
    },
    "asset": {
      "__id__": 0
    },
    "fileId": "e6myugoHNa47ysyi/P89cj"
  },
  {
    "__type__": "cc.PrefabInfo",
    "root": {
      "__id__": 1
    },
    "asset": {
      "__id__": 0
    },
    "fileId": "e64/Hu385Wsa7Nl10Rils0"
  },
  {
    "__type__": "cc.PrefabInfo",
    "root": {
      "__id__": 1
    },
    "asset": {
      "__id__": 0
    },
    "fileId": "24p4uRIq9QLLmRQxsYvtyM"
  },
  {
    "__type__": "cc.PrefabInfo",
    "root": {
      "__id__": 1
    },
    "asset": {
      "__id__": 0
    },
    "fileId": "30ZofW3YNZAbFkHcglPF3E"
  },
  {
    "__type__": "cc.PrefabInfo",
    "root": {
      "__id__": 1
    },
    "asset": {
      "__id__": 0
    },
    "fileId": "6fDQ7xBu1XJLzWxXdn4Pqu"
  },
  {
    "__type__": "cc.Node",
    "_name": "left hips",
    "_objFlags": 0,
    "_parent": {
      "__id__": 73
    },
    "_children": [
      {
        "__id__": 117
      }
    ],
    "_active": true,
    "_components": [],
    "_prefab": {
      "__id__": 141
    },
    "_lpos": {
      "__type__": "cc.Vec3",
      "x": 0.07238125801086426,
      "y": 0.055608052760362625,
      "z": 0.007350327912718058
    },
    "_lrot": {
      "__type__": "cc.Quat",
      "x": -0.09909267676186734,
      "y": 0.12780582843715071,
      "z": 0.6899002757468734,
      "w": 0.7056089009883945
    },
    "_lscale": {
      "__type__": "cc.Vec3",
      "x": 0.9999996423721313,
      "y": 1,
      "z": 0.9999998211860657
    },
    "_layer": 1073741824,
    "_euler": {
      "__type__": "cc.Vec3",
      "x": -84.86090407816651,
      "y": 87.21833796480693,
      "z": 71.49036939819935
    },
    "_id": ""
  },
  {
    "__type__": "cc.Node",
    "_name": "left leg",
    "_objFlags": 0,
    "_parent": {
      "__id__": 116
    },
    "_children": [
      {
        "__id__": 118
      }
    ],
    "_active": true,
    "_components": [],
    "_prefab": {
      "__id__": 140
    },
    "_lpos": {
      "__type__": "cc.Vec3",
      "x": 0.07867277413606644,
      "y": -0.022724544629454613,
      "z": 0.15399987995624542
    },
    "_lrot": {
      "__type__": "cc.Quat",
      "x": -0.008269071729324173,
      "y": 0.18907960103011726,
      "z": 0.018132800566027066,
      "w": 0.9817595064325374
    },
    "_lscale": {
      "__type__": "cc.Vec3",
      "x": 0.9999998807907104,
      "y": 0.9999997615814209,
      "z": 0.9999998211860657
    },
    "_layer": 1073741824,
    "_euler": {
      "__type__": "cc.Vec3",
      "x": -1.3239799931495186,
      "y": 21.82404057532572,
      "z": 1.8611264911661038
    },
    "_id": ""
  },
  {
    "__type__": "cc.Node",
    "_name": "left foot0",
    "_objFlags": 0,
    "_parent": {
      "__id__": 117
    },
    "_children": [
      {
        "__id__": 119
      }
    ],
    "_active": true,
    "_components": [],
    "_prefab": {
      "__id__": 139
    },
    "_lpos": {
      "__type__": "cc.Vec3",
      "x": -0.08832308650016785,
      "y": -0.0051322509534657,
      "z": 0.11515699326992035
    },
    "_lrot": {
      "__type__": "cc.Quat",
      "x": 0.0006225957155467718,
      "y": -0.2243345815876749,
      "z": -0.009178129911173429,
      "w": 0.9744687628702069
    },
    "_lscale": {
      "__type__": "cc.Vec3",
      "x": 0.9999998211860657,
      "y": 0.9999999403953552,
      "z": 0.9999999403953552
    },
    "_layer": 1073741824,
    "_euler": {
      "__type__": "cc.Vec3",
      "x": -0.1664457992252052,
      "y": -25.93013280769849,
      "z": -1.0409463270308141
    },
    "_id": ""
  },
  {
    "__type__": "cc.Node",
    "_name": "left foot1",
    "_objFlags": 0,
    "_parent": {
      "__id__": 118
    },
    "_children": [
      {
        "__id__": 120
      },
      {
        "__id__": 126
      },
      {
        "__id__": 132
      }
    ],
    "_active": true,
    "_components": [],
    "_prefab": {
      "__id__": 138
    },
    "_lpos": {
      "__type__": "cc.Vec3",
      "x": 0.03239574283361435,
      "y": -0.0007332025561481714,
      "z": 0.07932406663894653
    },
    "_lrot": {
      "__type__": "cc.Quat",
      "x": -0.014273724325057061,
      "y": -0.13441537138245316,
      "z": -0.007892964300713548,
      "w": 0.9907908305210325
    },
    "_lscale": {
      "__type__": "cc.Vec3",
      "x": 0.9999995827674866,
      "y": 0.9999999403953552,
      "z": 0.9999998807907104
    },
    "_layer": 1073741824,
    "_euler": {
      "__type__": "cc.Vec3",
      "x": -1.7425496307509478,
      "y": -15.461983189492763,
      "z": -0.6762971211308897
    },
    "_id": ""
  },
  {
    "__type__": "cc.Node",
    "_name": "left toe2",
    "_objFlags": 0,
    "_parent": {
      "__id__": 119
    },
    "_children": [
      {
        "__id__": 121
      }
    ],
    "_active": true,
    "_components": [],
    "_prefab": {
      "__id__": 125
    },
    "_lpos": {
      "__type__": "cc.Vec3",
      "x": 0.026105668395757675,
      "y": 0.000630056718364358,
      "z": 0.012440131045877934
    },
    "_lrot": {
      "__type__": "cc.Quat",
      "x": -0.02414956312096774,
      "y": 0.02414963948941873,
      "z": -0.7066943036979001,
      "w": 0.7066942440932554
    },
    "_lscale": {
      "__type__": "cc.Vec3",
      "x": 0.9999998807907104,
      "y": 0.9999999403953552,
      "z": 0.9999997019767761
    },
    "_layer": 1073741824,
    "_euler": {
      "__type__": "cc.Vec3",
      "x": 0,
      "y": 3.9143656053224514,
      "z": -90
    },
    "_id": ""
  },
  {
    "__type__": "cc.Node",
    "_name": "left toe3",
    "_objFlags": 0,
    "_parent": {
      "__id__": 120
    },
    "_children": [
      {
        "__id__": 122
      }
    ],
    "_active": true,
    "_components": [],
    "_prefab": {
      "__id__": 124
    },
    "_lpos": {
      "__type__": "cc.Vec3",
      "x": 0.0034570214338600636,
      "y": 0.06284616142511368,
      "z": -0.00010489056148799136
    },
    "_lrot": {
      "__type__": "cc.Quat",
      "x": -0.2385337007941343,
      "y": 0.010195467421105074,
      "z": 0.0014426207352583246,
      "w": 0.9710796284934278
    },
    "_lscale": {
      "__type__": "cc.Vec3",
      "x": 0.9999998211860657,
      "y": 0.9999997019767761,
      "z": 1.000000238418579
    },
    "_layer": 1073741824,
    "_euler": {
      "__type__": "cc.Vec3",
      "x": -27.600310427552138,
      "y": 1.174043591841035,
      "z": -0.11815119665201147
    },
    "_id": ""
  },
  {
    "__type__": "cc.Node",
    "_name": "left toe3_end",
    "_objFlags": 0,
    "_parent": {
      "__id__": 121
    },
    "_children": [],
    "_active": true,
    "_components": [],
    "_prefab": {
      "__id__": 123
    },
    "_lpos": {
      "__type__": "cc.Vec3",
      "x": -8.19563861220729e-10,
      "y": 0.06294131278991699,
      "z": 1.0132789718397817e-8
    },
    "_lrot": {
      "__type__": "cc.Quat",
      "x": 0,
      "y": 0,
      "z": 0,
      "w": 1
    },
    "_lscale": {
      "__type__": "cc.Vec3",
      "x": 1,
      "y": 0.9999999403953552,
      "z": 1.0000001192092896
    },
    "_layer": 1073741824,
    "_euler": {
      "__type__": "cc.Vec3",
      "x": 0,
      "y": 0,
      "z": 0
    },
    "_id": ""
  },
  {
    "__type__": "cc.PrefabInfo",
    "root": {
      "__id__": 1
    },
    "asset": {
      "__id__": 0
    },
    "fileId": "fatvOF6vRSV55apM+LaOOa"
  },
  {
    "__type__": "cc.PrefabInfo",
    "root": {
      "__id__": 1
    },
    "asset": {
      "__id__": 0
    },
    "fileId": "7fAJMVmUNVeoLCBfCqOBzj"
  },
  {
    "__type__": "cc.PrefabInfo",
    "root": {
      "__id__": 1
    },
    "asset": {
      "__id__": 0
    },
    "fileId": "06I8ABIuFbKqYAK7sGS+3E"
  },
  {
    "__type__": "cc.Node",
    "_name": "left toe4",
    "_objFlags": 0,
    "_parent": {
      "__id__": 119
    },
    "_children": [
      {
        "__id__": 127
      }
    ],
    "_active": true,
    "_components": [],
    "_prefab": {
      "__id__": 131
    },
    "_lpos": {
      "__type__": "cc.Vec3",
      "x": 0.02030131034553051,
      "y": -0.030976975336670876,
      "z": 0.012335235252976418
    },
    "_lrot": {
      "__type__": "cc.Quat",
      "x": -6.53242450096096e-8,
      "y": 0.7278718487987087,
      "z": 7.61482695548525e-8,
      "w": 0.6857131847400485
    },
    "_lscale": {
      "__type__": "cc.Vec3",
      "x": 0.9999998807907104,
      "y": 0.9999999403953552,
      "z": 1.0000001192092896
    },
    "_layer": 1073741824,
    "_euler": {
      "__type__": "cc.Vec3",
      "x": -0.000011484352045950562,
      "y": 93.41655814402924,
      "z": 5.349355643977248e-7
    },
    "_id": ""
  },
  {
    "__type__": "cc.Node",
    "_name": "left toe5",
    "_objFlags": 0,
    "_parent": {
      "__id__": 126
    },
    "_children": [
      {
        "__id__": 128
      }
    ],
    "_active": true,
    "_components": [],
    "_prefab": {
      "__id__": 130
    },
    "_lpos": {
      "__type__": "cc.Vec3",
      "x": 2.9057263262188826e-9,
      "y": -0.016561513766646385,
      "z": 0.05198023468255997
    },
    "_lrot": {
      "__type__": "cc.Quat",
      "x": -0.006879618952719742,
      "y": 0.32164529413210596,
      "z": 0.02565029299164152,
      "w": 0.9464877379423251
    },
    "_lscale": {
      "__type__": "cc.Vec3",
      "x": 1.0000001192092896,
      "y": 0.9999995827674866,
      "z": 0.9999997615814209
    },
    "_layer": 1073741824,
    "_euler": {
      "__type__": "cc.Vec3",
      "x": -1.6934704389571835,
      "y": 37.576030488745076,
      "z": 2.529271614988526
    },
    "_id": ""
  },
  {
    "__type__": "cc.Node",
    "_name": "left toe5_end",
    "_objFlags": 0,
    "_parent": {
      "__id__": 127
    },
    "_children": [],
    "_active": true,
    "_components": [],
    "_prefab": {
      "__id__": 129
    },
    "_lpos": {
      "__type__": "cc.Vec3",
      "x": 3.5762786065873797e-9,
      "y": 0.05455484241247177,
      "z": -1.0132789718397817e-8
    },
    "_lrot": {
      "__type__": "cc.Quat",
      "x": 0,
      "y": 0,
      "z": 0,
      "w": 1
    },
    "_lscale": {
      "__type__": "cc.Vec3",
      "x": 1,
      "y": 1.0000001192092896,
      "z": 1
    },
    "_layer": 1073741824,
    "_euler": {
      "__type__": "cc.Vec3",
      "x": 0,
      "y": 0,
      "z": 0
    },
    "_id": ""
  },
  {
    "__type__": "cc.PrefabInfo",
    "root": {
      "__id__": 1
    },
    "asset": {
      "__id__": 0
    },
    "fileId": "7e3NG4JElUAYLq99tUk1aJ"
  },
  {
    "__type__": "cc.PrefabInfo",
    "root": {
      "__id__": 1
    },
    "asset": {
      "__id__": 0
    },
    "fileId": "b7DXz/iMlbcLl+wDWvYK+y"
  },
  {
    "__type__": "cc.PrefabInfo",
    "root": {
      "__id__": 1
    },
    "asset": {
      "__id__": 0
    },
    "fileId": "526SKLZw5S6qJIWv7YWd5+"
  },
  {
    "__type__": "cc.Node",
    "_name": "left toe0",
    "_objFlags": 0,
    "_parent": {
      "__id__": 119
    },
    "_children": [
      {
        "__id__": 133
      }
    ],
    "_active": true,
    "_components": [],
    "_prefab": {
      "__id__": 137
    },
    "_lpos": {
      "__type__": "cc.Vec3",
      "x": 0.021205546334385872,
      "y": 0.026720888912677765,
      "z": 0.012335237115621567
    },
    "_lrot": {
      "__type__": "cc.Quat",
      "x": -7.781015799049788e-8,
      "y": 0.7278718487987074,
      "z": 8.730418151272753e-8,
      "w": 0.6857131847400473
    },
    "_lscale": {
      "__type__": "cc.Vec3",
      "x": 0.9999998211860657,
      "y": 0.9999998807907104,
      "z": 1
    },
    "_layer": 1073741824,
    "_euler": {
      "__type__": "cc.Vec3",
      "x": -0.000013395948886175925,
      "y": 93.41655814402922,
      "z": 3.7010836673501673e-7
    },
    "_id": ""
  },
  {
    "__type__": "cc.Node",
    "_name": "left toe1",
    "_objFlags": 0,
    "_parent": {
      "__id__": 132
    },
    "_children": [
      {
        "__id__": 134
      }
    ],
    "_active": true,
    "_components": [],
    "_prefab": {
      "__id__": 136
    },
    "_lpos": {
      "__type__": "cc.Vec3",
      "x": -2.6635824657006424e-9,
      "y": 0.01605047658085823,
      "z": 0.053211718797683716
    },
    "_lrot": {
      "__type__": "cc.Quat",
      "x": 0.0029948160624233455,
      "y": 0.32529363151587903,
      "z": -0.009132470036667605,
      "w": 0.9455642137702722
    },
    "_lscale": {
      "__type__": "cc.Vec3",
      "x": 1.0000001192092896,
      "y": 1.000000238418579,
      "z": 0.9999998211860657
    },
    "_layer": 1073741824,
    "_euler": {
      "__type__": "cc.Vec3",
      "x": 0.6650134106821881,
      "y": 37.973646891402495,
      "z": -0.8779365900216632
    },
    "_id": ""
  },
  {
    "__type__": "cc.Node",
    "_name": "left toe1_end",
    "_objFlags": 0,
    "_parent": {
      "__id__": 133
    },
    "_children": [],
    "_active": true,
    "_components": [],
    "_prefab": {
      "__id__": 135
    },
    "_lpos": {
      "__type__": "cc.Vec3",
      "x": -1.3262033249361593e-8,
      "y": 0.05557970702648163,
      "z": -1.512467839859255e-8
    },
    "_lrot": {
      "__type__": "cc.Quat",
      "x": 0,
      "y": 0,
      "z": 0,
      "w": 1
    },
    "_lscale": {
      "__type__": "cc.Vec3",
      "x": 1,
      "y": 1,
      "z": 1
    },
    "_layer": 1073741824,
    "_euler": {
      "__type__": "cc.Vec3",
      "x": 0,
      "y": 0,
      "z": 0
    },
    "_id": ""
  },
  {
    "__type__": "cc.PrefabInfo",
    "root": {
      "__id__": 1
    },
    "asset": {
      "__id__": 0
    },
    "fileId": "89SZ+BPN9cR6fLVQqSEBKz"
  },
  {
    "__type__": "cc.PrefabInfo",
    "root": {
      "__id__": 1
    },
    "asset": {
      "__id__": 0
    },
    "fileId": "4bz+p4bAdY65IoTZbNXotM"
  },
  {
    "__type__": "cc.PrefabInfo",
    "root": {
      "__id__": 1
    },
    "asset": {
      "__id__": 0
    },
    "fileId": "2bTsbxIuhQF5PPiZgfpBMq"
  },
  {
    "__type__": "cc.PrefabInfo",
    "root": {
      "__id__": 1
    },
    "asset": {
      "__id__": 0
    },
    "fileId": "d1//U6t95WTaPmKmjQ7J5J"
  },
  {
    "__type__": "cc.PrefabInfo",
    "root": {
      "__id__": 1
    },
    "asset": {
      "__id__": 0
    },
    "fileId": "44of/4TnJUJ7A7+gYEu974"
  },
  {
    "__type__": "cc.PrefabInfo",
    "root": {
      "__id__": 1
    },
    "asset": {
      "__id__": 0
    },
    "fileId": "97pP1f52NSo7jDhq+8MyAk"
  },
  {
    "__type__": "cc.PrefabInfo",
    "root": {
      "__id__": 1
    },
    "asset": {
      "__id__": 0
    },
    "fileId": "79aPICVGZTebXW9r6uwP7B"
  },
  {
    "__type__": "cc.PrefabInfo",
    "root": {
      "__id__": 1
    },
    "asset": {
      "__id__": 0
    },
    "fileId": "f0NSivgYVYo7vFhR6KW4CM"
  },
  {
    "__type__": "cc.PrefabInfo",
    "root": {
      "__id__": 1
    },
    "asset": {
      "__id__": 0
    },
    "fileId": "afvj1goxVfk48GrldtDctJ"
  },
  {
    "__type__": "cc.PrefabInfo",
    "root": {
      "__id__": 1
    },
    "asset": {
      "__id__": 0
    },
    "fileId": "67tCz11PhXoKh6YbI/P99Y"
  },
  {
    "__type__": "cc.PrefabInfo",
    "root": {
      "__id__": 1
    },
    "asset": {
      "__id__": 0
    },
    "fileId": "e3dwslo3pR9JfLfnLZ8/5J"
  },
  {
    "__type__": "cc.Node",
    "_name": "rex_LOD_2",
    "_objFlags": 0,
    "_parent": {
      "__id__": 1
    },
    "_children": [],
    "_active": true,
    "_components": [
      {
        "__id__": 147
      }
    ],
    "_prefab": {
      "__id__": 150
    },
    "_lpos": {
      "__type__": "cc.Vec3",
      "x": 1.2544488781074392e-9,
      "y": -1.8132514156832258e-8,
      "z": -7.943328483861478e-8
    },
    "_lrot": {
      "__type__": "cc.Quat",
      "x": 0.5000000670552244,
      "y": 0.49999994784593305,
      "z": -0.5000000074505787,
      "w": 0.4999999776482559
    },
    "_lscale": {
      "__type__": "cc.Vec3",
      "x": 0.9999997615814209,
      "y": 0.9999997615814209,
      "z": 0.9999997615814209
    },
    "_layer": 1073741824,
    "_euler": {
      "__type__": "cc.Vec3",
      "x": 90.00000853773666,
      "y": 89.9999948773579,
      "z": 0.0000017075469362810637
    },
    "_id": ""
  },
  {
    "__type__": "cc.SkinnedMeshRenderer",
    "_name": "",
    "_objFlags": 0,
    "node": {
      "__id__": 146
    },
    "_enabled": true,
    "__prefab": {
      "__id__": 148
    },
    "_materials": [
      {
        "__uuid__": "a133bfef-935e-4ac7-925e-034f3052f938@eb76b",
        "__expectedType__": "cc.Material"
      },
      {
        "__uuid__": "a133bfef-935e-4ac7-925e-034f3052f938@eb76b",
        "__expectedType__": "cc.Material"
      },
      {
        "__uuid__": "a133bfef-935e-4ac7-925e-034f3052f938@eb76b",
        "__expectedType__": "cc.Material"
      },
      {
        "__uuid__": "a133bfef-935e-4ac7-925e-034f3052f938@eb76b",
        "__expectedType__": "cc.Material"
      },
      {
        "__uuid__": "a133bfef-935e-4ac7-925e-034f3052f938@eb76b",
        "__expectedType__": "cc.Material"
      },
      {
        "__uuid__": "a133bfef-935e-4ac7-925e-034f3052f938@0f027",
        "__expectedType__": "cc.Material"
      }
    ],
    "_visFlags": 0,
    "lightmapSettings": {
      "__id__": 149
    },
    "_mesh": {
      "__uuid__": "a133bfef-935e-4ac7-925e-034f3052f938@94091",
      "__expectedType__": "cc.Mesh"
    },
    "_shadowCastingMode": 0,
    "_shadowReceivingMode": 1,
    "_enableMorph": true,
    "_skeleton": {
      "__uuid__": "a133bfef-935e-4ac7-925e-034f3052f938@438fe",
      "__expectedType__": "cc.Skeleton"
    },
    "_skinningRoot": {
      "__id__": 1
    },
    "_id": ""
  },
  {
    "__type__": "cc.CompPrefabInfo",
    "fileId": "70NdnC49pbFL3f5uPEev7r"
  },
  {
    "__type__": "cc.ModelLightmapSettings",
    "texture": null,
    "uvParam": {
      "__type__": "cc.Vec4",
      "x": 0,
      "y": 0,
      "z": 0,
      "w": 0
    },
    "_bakeable": false,
    "_castShadow": false,
    "_receiveShadow": false,
    "_recieveShadow": false,
    "_lightmapSize": 64
  },
  {
    "__type__": "cc.PrefabInfo",
    "root": {
      "__id__": 1
    },
    "asset": {
      "__id__": 0
    },
    "fileId": "92ljSmzBVfAa2bpKNQewfF"
  },
  {
    "__type__": "cc.SkeletalAnimation",
    "_name": "",
    "_objFlags": 0,
    "node": {
      "__id__": 1
    },
    "_enabled": true,
    "__prefab": {
      "__id__": 152
    },
    "playOnLoad": false,
    "_clips": [
      {
        "__uuid__": "a133bfef-935e-4ac7-925e-034f3052f938@57146",
        "__expectedType__": "cc.AnimationClip"
      },
      {
        "__uuid__": "a133bfef-935e-4ac7-925e-034f3052f938@73d50",
        "__expectedType__": "cc.AnimationClip"
      },
      {
        "__uuid__": "a133bfef-935e-4ac7-925e-034f3052f938@82e00",
        "__expectedType__": "cc.AnimationClip"
      },
      {
        "__uuid__": "a133bfef-935e-4ac7-925e-034f3052f938@4c32a",
        "__expectedType__": "cc.AnimationClip"
      },
      {
        "__uuid__": "a133bfef-935e-4ac7-925e-034f3052f938@a2240",
        "__expectedType__": "cc.AnimationClip"
      },
      {
        "__uuid__": "a133bfef-935e-4ac7-925e-034f3052f938@43cd6",
        "__expectedType__": "cc.AnimationClip"
      }
    ],
    "_defaultClip": {
      "__uuid__": "a133bfef-935e-4ac7-925e-034f3052f938@57146",
      "__expectedType__": "cc.AnimationClip"
    },
    "_useBakedAnimation": true,
    "_sockets": [],
    "_id": ""
  },
  {
    "__type__": "cc.CompPrefabInfo",
    "fileId": "93VQqRTKZQyLT+Npsl/LGN"
  },
  {
    "__type__": "cc.PrefabInfo",
    "root": {
      "__id__": 1
    },
    "asset": {
      "__id__": 0
    },
    "fileId": "50/CccXTtT/5BVRbWuXEb3"
  }
]