{
  "__type__": "cc.Material",
  "_name": "eyes.001",
  "_objFlags": 0,
  "_native": "",
  "_effectAsset": {
    "__uuid__": "1baf0fc9-befa-459c-8bdd-af1a450a0319",
    "__expectedType__": "cc.EffectAsset"
  },
  "_techIdx": 0,
  "_defines": [
    {}
  ],
  "_states": [
    {
      "rasterizerState": {},
      "blendState": {
        "targets": [
          {
            "blend": true,
            "blendSrc": 2,
            "blendDst": 4,
            "blendDstAlpha": 4
          }
        ]
      },
      "depthStencilState": {
        "depthWrite": false
      }
    }
  ],
  "_props": [
    {
      "albedoScale": {
        "__type__": "cc.Vec3",
        "x": 0.800000011920929,
        "y": 0.800000011920929,
        "z": 0.800000011920929
      },
      "metallic": 0.4000000059604645
    }
  ]
}