{
  "__type__": "cc.Mesh",
  "_name": "",
  "_objFlags": 0,
  "_native": ".bin",
  "_struct": {
    "primitives": [
      {
        "primitiveMode": 7,
        "jointMapIndex": 0,
        "vertexBundelIndices": [
          0
        ],
        "indexView": {
          "offset": 150408,
          "length": 16344,
          "count": 4086,
          "stride": 4
        }
      }
    ],
    "vertexBundles": [
      {
        "view": {
          "offset": 0,
          "length": 150408,
          "count": 2089,
          "stride": 72
        },
        "attributes": [
          {
            "name": "a_position",
            "format": 32,
            "isNormalized": false
          },
          {
            "name": "a_normal",
            "format": 32,
            "isNormalized": false
          },
          {
            "name": "a_texCoord",
            "format": 21,
            "isNormalized": false
          },
          {
            "name": "a_tangent",
            "format": 44,
            "isNormalized": false
          },
          {
            "name": "a_joints",
            "format": 42,
            "isNormalized": false
          },
          {
            "name": "a_weights",
            "format": 44,
            "isNormalized": false
          }
        ]
      }
    ],
    "minPosition": {
      "__type__": "cc.Vec3",
      "x": -0.005380053538829088,
      "y": -6.24002822746661e-8,
      "z": -0.004714558832347393
    },
    "maxPosition": {
      "__type__": "cc.Vec3",
      "x": -0.0006367524620145559,
      "y": 0.019082367420196533,
      "z": 0.005792833399027586
    },
    "jointMaps": [
      [
        0,
        4,
        5,
        6,
        7,
        8
      ]
    ]
  },
  "_hash": 2571868822
}