{
  "__type__": "cc.Mesh",
  "_name": "",
  "_objFlags": 0,
  "_native": ".bin",
  "_struct": {
    "primitives": [
      {
        "primitiveMode": 7,
        "jointMapIndex": 0,
        "vertexBundelIndices": [
          0
        ],
        "indexView": {
          "offset": 42336,
          "length": 4848,
          "count": 1212,
          "stride": 4
        }
      }
    ],
    "vertexBundles": [
      {
        "view": {
          "offset": 0,
          "length": 42336,
          "count": 588,
          "stride": 72
        },
        "attributes": [
          {
            "name": "a_position",
            "format": 32,
            "isNormalized": false
          },
          {
            "name": "a_normal",
            "format": 32,
            "isNormalized": false
          },
          {
            "name": "a_texCoord",
            "format": 21,
            "isNormalized": false
          },
          {
            "name": "a_tangent",
            "format": 44,
            "isNormalized": false
          },
          {
            "name": "a_joints",
            "format": 42,
            "isNormalized": false
          },
          {
            "name": "a_weights",
            "format": 44,
            "isNormalized": false
          }
        ]
      }
    ],
    "minPosition": {
      "__type__": "cc.Vec3",
      "x": -0.001907218829728663,
      "y": 0.02875848487019539,
      "z": -0.0010889125987887383
    },
    "maxPosition": {
      "__type__": "cc.Vec3",
      "x": 0.001907218829728663,
      "y": 0.033540014177560806,
      "z": 0.0025846546050161123
    },
    "jointMaps": [
      [
        0,
        1,
        2,
        3,
        4,
        5
      ]
    ]
  },
  "_hash": 3997554200
}