{
  "__type__": "cc.Mesh",
  "_name": "",
  "_objFlags": 0,
  "_native": ".bin",
  "_struct": {
    "primitives": [
      {
        "primitiveMode": 7,
        "jointMapIndex": 0,
        "vertexBundelIndices": [
          0
        ],
        "indexView": {
          "offset": 281520,
          "length": 29856,
          "count": 7464,
          "stride": 4
        }
      }
    ],
    "vertexBundles": [
      {
        "view": {
          "offset": 0,
          "length": 281520,
          "count": 3910,
          "stride": 72
        },
        "attributes": [
          {
            "name": "a_position",
            "format": 32,
            "isNormalized": false
          },
          {
            "name": "a_normal",
            "format": 32,
            "isNormalized": false
          },
          {
            "name": "a_texCoord",
            "format": 21,
            "isNormalized": false
          },
          {
            "name": "a_tangent",
            "format": 44,
            "isNormalized": false
          },
          {
            "name": "a_joints",
            "format": 42,
            "isNormalized": false
          },
          {
            "name": "a_weights",
            "format": 44,
            "isNormalized": false
          }
        ]
      }
    ],
    "minPosition": {
      "__type__": "cc.Vec3",
      "x": -0.011157764121890068,
      "y": 0.016792353242635727,
      "z": -0.009600585326552391
    },
    "maxPosition": {
      "__type__": "cc.Vec3",
      "x": 0.011157764121890068,
      "y": 0.03307043015956879,
      "z": 0.005122123286128044
    },
    "jointMaps": [
      [
        0,
        1,
        2,
        3,
        4,
        5,
        9,
        13,
        14,
        15
      ]
    ]
  },
  "_hash": 716681209
}