{
  "__type__": "cc.Mesh",
  "_name": "",
  "_objFlags": 0,
  "_native": ".bin",
  "_struct": {
    "primitives": [
      {
        "primitiveMode": 7,
        "jointMapIndex": 0,
        "vertexBundelIndices": [
          0
        ],
        "indexView": {
          "offset": 112248,
          "length": 11064,
          "count": 2766,
          "stride": 4
        }
      }
    ],
    "vertexBundles": [
      {
        "view": {
          "offset": 0,
          "length": 112248,
          "count": 1559,
          "stride": 72
        },
        "attributes": [
          {
            "name": "a_position",
            "format": 32,
            "isNormalized": false
          },
          {
            "name": "a_normal",
            "format": 32,
            "isNormalized": false
          },
          {
            "name": "a_texCoord",
            "format": 21,
            "isNormalized": false
          },
          {
            "name": "a_tangent",
            "format": 44,
            "isNormalized": false
          },
          {
            "name": "a_joints",
            "format": 42,
            "isNormalized": false
          },
          {
            "name": "a_weights",
            "format": 44,
            "isNormalized": false
          }
        ]
      }
    ],
    "minPosition": {
      "__type__": "cc.Vec3",
      "x": -0.00473850779235363,
      "y": -5.372783107304713e-7,
      "z": -0.0034811783116310835
    },
    "maxPosition": {
      "__type__": "cc.Vec3",
      "x": -0.0009519402519799769,
      "y": 0.023829886689782143,
      "z": 0.00556439021602273
    },
    "jointMaps": [
      [
        0,
        13,
        14,
        15,
        16
      ]
    ]
  },
  "_hash": 1583505106
}