{
  "__type__": "cc.Mesh",
  "_name": "",
  "_objFlags": 0,
  "_native": ".bin",
  "_struct": {
    "primitives": [
      {
        "primitiveMode": 7,
        "jointMapIndex": 0,
        "vertexBundelIndices": [
          0
        ],
        "indexView": {
          "offset": 88272,
          "length": 8916,
          "count": 2229,
          "stride": 4
        }
      }
    ],
    "vertexBundles": [
      {
        "view": {
          "offset": 0,
          "length": 88272,
          "count": 1226,
          "stride": 72
        },
        "attributes": [
          {
            "name": "a_position",
            "format": 32,
            "isNormalized": false
          },
          {
            "name": "a_normal",
            "format": 32,
            "isNormalized": false
          },
          {
            "name": "a_texCoord",
            "format": 21,
            "isNormalized": false
          },
          {
            "name": "a_tangent",
            "format": 44,
            "isNormalized": false
          },
          {
            "name": "a_joints",
            "format": 42,
            "isNormalized": false
          },
          {
            "name": "a_weights",
            "format": 44,
            "isNormalized": false
          }
        ]
      }
    ],
    "minPosition": {
      "__type__": "cc.Vec3",
      "x": -0.007644042372703552,
      "y": 0.016389150172472,
      "z": -0.0026361187919974327
    },
    "maxPosition": {
      "__type__": "cc.Vec3",
      "x": -0.00417651841416955,
      "y": 0.034880269318819046,
      "z": 0.0029506213031709194
    },
    "jointMaps": [
      [
        0,
        2,
        5,
        6,
        7,
        8
      ]
    ]
  },
  "_hash": 189808103
}