{
  "__type__": "cc.Mesh",
  "_name": "",
  "_objFlags": 0,
  "_native": ".bin",
  "_struct": {
    "primitives": [
      {
        "primitiveMode": 7,
        "jointMapIndex": 0,
        "vertexBundelIndices": [
          0
        ],
        "indexView": {
          "offset": 258480,
          "length": 27072,
          "count": 6768,
          "stride": 4
        }
      }
    ],
    "vertexBundles": [
      {
        "view": {
          "offset": 0,
          "length": 258480,
          "count": 3590,
          "stride": 72
        },
        "attributes": [
          {
            "name": "a_position",
            "format": 32,
            "isNormalized": false
          },
          {
            "name": "a_normal",
            "format": 32,
            "isNormalized": false
          },
          {
            "name": "a_texCoord",
            "format": 21,
            "isNormalized": false
          },
          {
            "name": "a_tangent",
            "format": 44,
            "isNormalized": false
          },
          {
            "name": "a_joints",
            "format": 42,
            "isNormalized": false
          },
          {
            "name": "a_weights",
            "format": 44,
            "isNormalized": false
          }
        ]
      }
    ],
    "minPosition": {
      "__type__": "cc.Vec3",
      "x": -0.004981079138815403,
      "y": 0.019822590053081512,
      "z": -0.006126053165644407
    },
    "maxPosition": {
      "__type__": "cc.Vec3",
      "x": 0.004981106147170067,
      "y": 0.036092229187488556,
      "z": 0.004686479456722736
    },
    "jointMaps": [
      [
        0,
        1,
        2,
        3,
        4,
        5,
        9,
        13,
        17
      ]
    ]
  },
  "_hash": 2146413656
}