{
  "__type__": "cc.Mesh",
  "_name": "",
  "_objFlags": 0,
  "_native": ".bin",
  "_struct": {
    "primitives": [
      {
        "primitiveMode": 7,
        "jointMapIndex": 0,
        "vertexBundelIndices": [
          0
        ],
        "indexView": {
          "offset": 88272,
          "length": 8916,
          "count": 2229,
          "stride": 4
        }
      }
    ],
    "vertexBundles": [
      {
        "view": {
          "offset": 0,
          "length": 88272,
          "count": 1226,
          "stride": 72
        },
        "attributes": [
          {
            "name": "a_position",
            "format": 32,
            "isNormalized": false
          },
          {
            "name": "a_normal",
            "format": 32,
            "isNormalized": false
          },
          {
            "name": "a_texCoord",
            "format": 21,
            "isNormalized": false
          },
          {
            "name": "a_tangent",
            "format": 44,
            "isNormalized": false
          },
          {
            "name": "a_joints",
            "format": 42,
            "isNormalized": false
          },
          {
            "name": "a_weights",
            "format": 44,
            "isNormalized": false
          }
        ]
      }
    ],
    "minPosition": {
      "__type__": "cc.Vec3",
      "x": 0.004176541697233915,
      "y": 0.016389138996601105,
      "z": -0.0026361062191426754
    },
    "maxPosition": {
      "__type__": "cc.Vec3",
      "x": 0.00764401676133275,
      "y": 0.03488024324178696,
      "z": 0.0029506420250982046
    },
    "jointMaps": [
      [
        0,
        2,
        9,
        10,
        11,
        12
      ]
    ]
  },
  "_hash": 832268858
}