{
  "__type__": "cc.Mesh",
  "_name": "",
  "_objFlags": 0,
  "_native": ".bin",
  "_struct": {
    "primitives": [
      {
        "primitiveMode": 7,
        "jointMapIndex": 0,
        "vertexBundelIndices": [
          0
        ],
        "indexView": {
          "offset": 112104,
          "length": 11064,
          "count": 2766,
          "stride": 4
        }
      }
    ],
    "vertexBundles": [
      {
        "view": {
          "offset": 0,
          "length": 112104,
          "count": 1557,
          "stride": 72
        },
        "attributes": [
          {
            "name": "a_position",
            "format": 32,
            "isNormalized": false
          },
          {
            "name": "a_normal",
            "format": 32,
            "isNormalized": false
          },
          {
            "name": "a_texCoord",
            "format": 21,
            "isNormalized": false
          },
          {
            "name": "a_tangent",
            "format": 44,
            "isNormalized": false
          },
          {
            "name": "a_joints",
            "format": 42,
            "isNormalized": false
          },
          {
            "name": "a_weights",
            "format": 44,
            "isNormalized": false
          }
        ]
      }
    ],
    "minPosition": {
      "__type__": "cc.Vec3",
      "x": 0.0009519385057501495,
      "y": -5.461975547405018e-7,
      "z": -0.003481178544461727
    },
    "maxPosition": {
      "__type__": "cc.Vec3",
      "x": 0.004741079173982143,
      "y": 0.023829877376556396,
      "z": 0.005564388819038868
    },
    "jointMaps": [
      [
        0,
        17,
        18,
        19,
        20
      ]
    ]
  },
  "_hash": 1734682411
}