{
  "__type__": "cc.Mesh",
  "_name": "",
  "_objFlags": 0,
  "_native": ".bin",
  "_struct": {
    "primitives": [
      {
        "primitiveMode": 7,
        "jointMapIndex": 0,
        "vertexBundelIndices": [
          0
        ],
        "indexView": {
          "offset": 10656,
          "length": 960,
          "count": 240,
          "stride": 4
        }
      }
    ],
    "vertexBundles": [
      {
        "view": {
          "offset": 0,
          "length": 10656,
          "count": 148,
          "stride": 72
        },
        "attributes": [
          {
            "name": "a_position",
            "format": 32,
            "isNormalized": false
          },
          {
            "name": "a_normal",
            "format": 32,
            "isNormalized": false
          },
          {
            "name": "a_texCoord",
            "format": 21,
            "isNormalized": false
          },
          {
            "name": "a_tangent",
            "format": 44,
            "isNormalized": false
          },
          {
            "name": "a_joints",
            "format": 42,
            "isNormalized": false
          },
          {
            "name": "a_weights",
            "format": 44,
            "isNormalized": false
          }
        ]
      }
    ],
    "minPosition": {
      "__type__": "cc.Vec3",
      "x": -0.0020217907149344683,
      "y": 0.018462831154465675,
      "z": 0.0012209623819217086
    },
    "maxPosition": {
      "__type__": "cc.Vec3",
      "x": 0.0020547027233988047,
      "y": 0.024847714230418205,
      "z": 0.003321042051538825
    },
    "jointMaps": [
      [
        0,
        1,
        8,
        12,
        13,
        17
      ]
    ]
  },
  "_hash": 2457419104
}