[
  {
    "__type__": "cc.Prefab",
    "_name": "",
    "_objFlags": 0,
    "_native": "",
    "data": {
      "__id__": 1
    },
    "optimizationPolicy": 0,
    "persistent": false
  },
  {
    "__type__": "cc.Node",
    "_name": "Robot_melee16_base",
    "_objFlags": 0,
    "_parent": null,
    "_children": [
      {
        "__id__": 2
      },
      {
        "__id__": 49
      }
    ],
    "_active": true,
    "_components": [
      {
        "__id__": 101
      }
    ],
    "_prefab": {
      "__id__": 103
    },
    "_lpos": {
      "__type__": "cc.Vec3",
      "x": 0,
      "y": 0,
      "z": 0
    },
    "_lrot": {
      "__type__": "cc.Quat",
      "x": 0,
      "y": 0,
      "z": 0,
      "w": 1
    },
    "_lscale": {
      "__type__": "cc.Vec3",
      "x": 1,
      "y": 1,
      "z": 1
    },
    "_layer": 1073741824,
    "_euler": {
      "__type__": "cc.Vec3",
      "x": 0,
      "y": 0,
      "z": 0
    },
    "_id": ""
  },
  {
    "__type__": "cc.Node",
    "_name": "melee_16",
    "_objFlags": 0,
    "_parent": {
      "__id__": 1
    },
    "_children": [
      {
        "__id__": 3
      },
      {
        "__id__": 8
      },
      {
        "__id__": 13
      },
      {
        "__id__": 18
      },
      {
        "__id__": 23
      },
      {
        "__id__": 28
      },
      {
        "__id__": 33
      },
      {
        "__id__": 38
      },
      {
        "__id__": 43
      }
    ],
    "_active": true,
    "_components": [],
    "_prefab": {
      "__id__": 48
    },
    "_lpos": {
      "__type__": "cc.Vec3",
      "x": 0,
      "y": 0,
      "z": 0
    },
    "_lrot": {
      "__type__": "cc.Quat",
      "x": 0,
      "y": 0,
      "z": 0,
      "w": 1
    },
    "_lscale": {
      "__type__": "cc.Vec3",
      "x": 0.8943511843681335,
      "y": 0.8943511843681335,
      "z": 0.8943511843681335
    },
    "_layer": 1073741824,
    "_euler": {
      "__type__": "cc.Vec3",
      "x": 0,
      "y": 0,
      "z": 0
    },
    "_id": ""
  },
  {
    "__type__": "cc.Node",
    "_name": "melee_16_body",
    "_objFlags": 0,
    "_parent": {
      "__id__": 2
    },
    "_children": [],
    "_active": true,
    "_components": [
      {
        "__id__": 4
      }
    ],
    "_prefab": {
      "__id__": 7
    },
    "_lpos": {
      "__type__": "cc.Vec3",
      "x": 0,
      "y": 0,
      "z": 0
    },
    "_lrot": {
      "__type__": "cc.Quat",
      "x": 0,
      "y": 0,
      "z": 0,
      "w": 1
    },
    "_lscale": {
      "__type__": "cc.Vec3",
      "x": 1,
      "y": 1,
      "z": 1
    },
    "_layer": 1073741824,
    "_euler": {
      "__type__": "cc.Vec3",
      "x": 0,
      "y": 0,
      "z": 0
    },
    "_id": ""
  },
  {
    "__type__": "cc.SkinnedMeshRenderer",
    "_name": "",
    "_objFlags": 0,
    "node": {
      "__id__": 3
    },
    "_enabled": true,
    "__prefab": {
      "__id__": 5
    },
    "_materials": [
      {
        "__uuid__": "558d3785-6617-4cb8-82bd-5d2ae963cfe3@540fe",
        "__expectedType__": "cc.Material"
      }
    ],
    "_visFlags": 0,
    "lightmapSettings": {
      "__id__": 6
    },
    "_mesh": {
      "__uuid__": "558d3785-6617-4cb8-82bd-5d2ae963cfe3@4063f",
      "__expectedType__": "cc.Mesh"
    },
    "_shadowCastingMode": 0,
    "_shadowReceivingMode": 1,
    "_enableMorph": true,
    "_skeleton": {
      "__uuid__": "558d3785-6617-4cb8-82bd-5d2ae963cfe3@30732",
      "__expectedType__": "cc.Skeleton"
    },
    "_skinningRoot": {
      "__id__": 1
    },
    "_id": ""
  },
  {
    "__type__": "cc.CompPrefabInfo",
    "fileId": "b9WqwTqzZWna9iVyC9LYLG"
  },
  {
    "__type__": "cc.ModelLightmapSettings",
    "texture": null,
    "uvParam": {
      "__type__": "cc.Vec4",
      "x": 0,
      "y": 0,
      "z": 0,
      "w": 0
    },
    "_bakeable": false,
    "_castShadow": false,
    "_receiveShadow": false,
    "_recieveShadow": false,
    "_lightmapSize": 64
  },
  {
    "__type__": "cc.PrefabInfo",
    "root": {
      "__id__": 1
    },
    "asset": {
      "__id__": 0
    },
    "fileId": "448yEJbvRdx5wrKvRk6k+G"
  },
  {
    "__type__": "cc.Node",
    "_name": "melee_16_head",
    "_objFlags": 0,
    "_parent": {
      "__id__": 2
    },
    "_children": [],
    "_active": true,
    "_components": [
      {
        "__id__": 9
      }
    ],
    "_prefab": {
      "__id__": 12
    },
    "_lpos": {
      "__type__": "cc.Vec3",
      "x": 0,
      "y": 0,
      "z": 0
    },
    "_lrot": {
      "__type__": "cc.Quat",
      "x": 0,
      "y": 0,
      "z": 0,
      "w": 1
    },
    "_lscale": {
      "__type__": "cc.Vec3",
      "x": 1,
      "y": 1,
      "z": 1
    },
    "_layer": 1073741824,
    "_euler": {
      "__type__": "cc.Vec3",
      "x": 0,
      "y": 0,
      "z": 0
    },
    "_id": ""
  },
  {
    "__type__": "cc.SkinnedMeshRenderer",
    "_name": "",
    "_objFlags": 0,
    "node": {
      "__id__": 8
    },
    "_enabled": true,
    "__prefab": {
      "__id__": 10
    },
    "_materials": [
      {
        "__uuid__": "558d3785-6617-4cb8-82bd-5d2ae963cfe3@540fe",
        "__expectedType__": "cc.Material"
      }
    ],
    "_visFlags": 0,
    "lightmapSettings": {
      "__id__": 11
    },
    "_mesh": {
      "__uuid__": "558d3785-6617-4cb8-82bd-5d2ae963cfe3@645e2",
      "__expectedType__": "cc.Mesh"
    },
    "_shadowCastingMode": 0,
    "_shadowReceivingMode": 1,
    "_enableMorph": true,
    "_skeleton": {
      "__uuid__": "558d3785-6617-4cb8-82bd-5d2ae963cfe3@f1394",
      "__expectedType__": "cc.Skeleton"
    },
    "_skinningRoot": {
      "__id__": 1
    },
    "_id": ""
  },
  {
    "__type__": "cc.CompPrefabInfo",
    "fileId": "aaXggtVxNSxJQFkBdBXFFs"
  },
  {
    "__type__": "cc.ModelLightmapSettings",
    "texture": null,
    "uvParam": {
      "__type__": "cc.Vec4",
      "x": 0,
      "y": 0,
      "z": 0,
      "w": 0
    },
    "_bakeable": false,
    "_castShadow": false,
    "_receiveShadow": false,
    "_recieveShadow": false,
    "_lightmapSize": 64
  },
  {
    "__type__": "cc.PrefabInfo",
    "root": {
      "__id__": 1
    },
    "asset": {
      "__id__": 0
    },
    "fileId": "82NKhpZtVawIzVKN6dEBa0"
  },
  {
    "__type__": "cc.Node",
    "_name": "melee_16_wing",
    "_objFlags": 0,
    "_parent": {
      "__id__": 2
    },
    "_children": [],
    "_active": true,
    "_components": [
      {
        "__id__": 14
      }
    ],
    "_prefab": {
      "__id__": 17
    },
    "_lpos": {
      "__type__": "cc.Vec3",
      "x": 0,
      "y": 0,
      "z": 0
    },
    "_lrot": {
      "__type__": "cc.Quat",
      "x": 0,
      "y": 0,
      "z": 0,
      "w": 1
    },
    "_lscale": {
      "__type__": "cc.Vec3",
      "x": 1,
      "y": 1,
      "z": 1
    },
    "_layer": 1073741824,
    "_euler": {
      "__type__": "cc.Vec3",
      "x": 0,
      "y": 0,
      "z": 0
    },
    "_id": ""
  },
  {
    "__type__": "cc.SkinnedMeshRenderer",
    "_name": "",
    "_objFlags": 0,
    "node": {
      "__id__": 13
    },
    "_enabled": true,
    "__prefab": {
      "__id__": 15
    },
    "_materials": [
      {
        "__uuid__": "558d3785-6617-4cb8-82bd-5d2ae963cfe3@540fe",
        "__expectedType__": "cc.Material"
      }
    ],
    "_visFlags": 0,
    "lightmapSettings": {
      "__id__": 16
    },
    "_mesh": {
      "__uuid__": "558d3785-6617-4cb8-82bd-5d2ae963cfe3@11608",
      "__expectedType__": "cc.Mesh"
    },
    "_shadowCastingMode": 0,
    "_shadowReceivingMode": 1,
    "_enableMorph": true,
    "_skeleton": {
      "__uuid__": "558d3785-6617-4cb8-82bd-5d2ae963cfe3@75ee4",
      "__expectedType__": "cc.Skeleton"
    },
    "_skinningRoot": {
      "__id__": 1
    },
    "_id": ""
  },
  {
    "__type__": "cc.CompPrefabInfo",
    "fileId": "e5OREENDRa64tgXOyo7tpU"
  },
  {
    "__type__": "cc.ModelLightmapSettings",
    "texture": null,
    "uvParam": {
      "__type__": "cc.Vec4",
      "x": 0,
      "y": 0,
      "z": 0,
      "w": 0
    },
    "_bakeable": false,
    "_castShadow": false,
    "_receiveShadow": false,
    "_recieveShadow": false,
    "_lightmapSize": 64
  },
  {
    "__type__": "cc.PrefabInfo",
    "root": {
      "__id__": 1
    },
    "asset": {
      "__id__": 0
    },
    "fileId": "b1iJaqh5ZSzatsekgqEc+C"
  },
  {
    "__type__": "cc.Node",
    "_name": "melee_16_arm_L",
    "_objFlags": 0,
    "_parent": {
      "__id__": 2
    },
    "_children": [],
    "_active": true,
    "_components": [
      {
        "__id__": 19
      }
    ],
    "_prefab": {
      "__id__": 22
    },
    "_lpos": {
      "__type__": "cc.Vec3",
      "x": 0,
      "y": 0,
      "z": 0
    },
    "_lrot": {
      "__type__": "cc.Quat",
      "x": 0,
      "y": 0,
      "z": 0,
      "w": 1
    },
    "_lscale": {
      "__type__": "cc.Vec3",
      "x": 1,
      "y": 1,
      "z": 1
    },
    "_layer": 1073741824,
    "_euler": {
      "__type__": "cc.Vec3",
      "x": 0,
      "y": 0,
      "z": 0
    },
    "_id": ""
  },
  {
    "__type__": "cc.SkinnedMeshRenderer",
    "_name": "",
    "_objFlags": 0,
    "node": {
      "__id__": 18
    },
    "_enabled": true,
    "__prefab": {
      "__id__": 20
    },
    "_materials": [
      {
        "__uuid__": "558d3785-6617-4cb8-82bd-5d2ae963cfe3@540fe",
        "__expectedType__": "cc.Material"
      }
    ],
    "_visFlags": 0,
    "lightmapSettings": {
      "__id__": 21
    },
    "_mesh": {
      "__uuid__": "558d3785-6617-4cb8-82bd-5d2ae963cfe3@c443e",
      "__expectedType__": "cc.Mesh"
    },
    "_shadowCastingMode": 0,
    "_shadowReceivingMode": 1,
    "_enableMorph": true,
    "_skeleton": {
      "__uuid__": "558d3785-6617-4cb8-82bd-5d2ae963cfe3@a72ab",
      "__expectedType__": "cc.Skeleton"
    },
    "_skinningRoot": {
      "__id__": 1
    },
    "_id": ""
  },
  {
    "__type__": "cc.CompPrefabInfo",
    "fileId": "88onHxoLZRcIBNlsRq+eyj"
  },
  {
    "__type__": "cc.ModelLightmapSettings",
    "texture": null,
    "uvParam": {
      "__type__": "cc.Vec4",
      "x": 0,
      "y": 0,
      "z": 0,
      "w": 0
    },
    "_bakeable": false,
    "_castShadow": false,
    "_receiveShadow": false,
    "_recieveShadow": false,
    "_lightmapSize": 64
  },
  {
    "__type__": "cc.PrefabInfo",
    "root": {
      "__id__": 1
    },
    "asset": {
      "__id__": 0
    },
    "fileId": "71slHNthxQvK7NXYG3rILu"
  },
  {
    "__type__": "cc.Node",
    "_name": "melee_16_leg_L",
    "_objFlags": 0,
    "_parent": {
      "__id__": 2
    },
    "_children": [],
    "_active": true,
    "_components": [
      {
        "__id__": 24
      }
    ],
    "_prefab": {
      "__id__": 27
    },
    "_lpos": {
      "__type__": "cc.Vec3",
      "x": 0,
      "y": 0,
      "z": 0
    },
    "_lrot": {
      "__type__": "cc.Quat",
      "x": 0,
      "y": 0,
      "z": 0,
      "w": 1
    },
    "_lscale": {
      "__type__": "cc.Vec3",
      "x": 1,
      "y": 1,
      "z": 1
    },
    "_layer": 1073741824,
    "_euler": {
      "__type__": "cc.Vec3",
      "x": 0,
      "y": 0,
      "z": 0
    },
    "_id": ""
  },
  {
    "__type__": "cc.SkinnedMeshRenderer",
    "_name": "",
    "_objFlags": 0,
    "node": {
      "__id__": 23
    },
    "_enabled": true,
    "__prefab": {
      "__id__": 25
    },
    "_materials": [
      {
        "__uuid__": "558d3785-6617-4cb8-82bd-5d2ae963cfe3@540fe",
        "__expectedType__": "cc.Material"
      }
    ],
    "_visFlags": 0,
    "lightmapSettings": {
      "__id__": 26
    },
    "_mesh": {
      "__uuid__": "558d3785-6617-4cb8-82bd-5d2ae963cfe3@a1412",
      "__expectedType__": "cc.Mesh"
    },
    "_shadowCastingMode": 0,
    "_shadowReceivingMode": 1,
    "_enableMorph": true,
    "_skeleton": {
      "__uuid__": "558d3785-6617-4cb8-82bd-5d2ae963cfe3@2224c",
      "__expectedType__": "cc.Skeleton"
    },
    "_skinningRoot": {
      "__id__": 1
    },
    "_id": ""
  },
  {
    "__type__": "cc.CompPrefabInfo",
    "fileId": "84rVwCVrdcSrpwq1UwW08q"
  },
  {
    "__type__": "cc.ModelLightmapSettings",
    "texture": null,
    "uvParam": {
      "__type__": "cc.Vec4",
      "x": 0,
      "y": 0,
      "z": 0,
      "w": 0
    },
    "_bakeable": false,
    "_castShadow": false,
    "_receiveShadow": false,
    "_recieveShadow": false,
    "_lightmapSize": 64
  },
  {
    "__type__": "cc.PrefabInfo",
    "root": {
      "__id__": 1
    },
    "asset": {
      "__id__": 0
    },
    "fileId": "bagw/J+6ZblavG17X+Mj/M"
  },
  {
    "__type__": "cc.Node",
    "_name": "melee_16_arm_R",
    "_objFlags": 0,
    "_parent": {
      "__id__": 2
    },
    "_children": [],
    "_active": true,
    "_components": [
      {
        "__id__": 29
      }
    ],
    "_prefab": {
      "__id__": 32
    },
    "_lpos": {
      "__type__": "cc.Vec3",
      "x": 0,
      "y": 0,
      "z": 0
    },
    "_lrot": {
      "__type__": "cc.Quat",
      "x": 0,
      "y": 0,
      "z": 0,
      "w": 1
    },
    "_lscale": {
      "__type__": "cc.Vec3",
      "x": 1,
      "y": 1,
      "z": 1
    },
    "_layer": 1073741824,
    "_euler": {
      "__type__": "cc.Vec3",
      "x": 0,
      "y": 0,
      "z": 0
    },
    "_id": ""
  },
  {
    "__type__": "cc.SkinnedMeshRenderer",
    "_name": "",
    "_objFlags": 0,
    "node": {
      "__id__": 28
    },
    "_enabled": true,
    "__prefab": {
      "__id__": 30
    },
    "_materials": [
      {
        "__uuid__": "558d3785-6617-4cb8-82bd-5d2ae963cfe3@540fe",
        "__expectedType__": "cc.Material"
      }
    ],
    "_visFlags": 0,
    "lightmapSettings": {
      "__id__": 31
    },
    "_mesh": {
      "__uuid__": "558d3785-6617-4cb8-82bd-5d2ae963cfe3@804a8",
      "__expectedType__": "cc.Mesh"
    },
    "_shadowCastingMode": 0,
    "_shadowReceivingMode": 1,
    "_enableMorph": true,
    "_skeleton": {
      "__uuid__": "558d3785-6617-4cb8-82bd-5d2ae963cfe3@62756",
      "__expectedType__": "cc.Skeleton"
    },
    "_skinningRoot": {
      "__id__": 1
    },
    "_id": ""
  },
  {
    "__type__": "cc.CompPrefabInfo",
    "fileId": "beVomb7rBUionA5jho2+oN"
  },
  {
    "__type__": "cc.ModelLightmapSettings",
    "texture": null,
    "uvParam": {
      "__type__": "cc.Vec4",
      "x": 0,
      "y": 0,
      "z": 0,
      "w": 0
    },
    "_bakeable": false,
    "_castShadow": false,
    "_receiveShadow": false,
    "_recieveShadow": false,
    "_lightmapSize": 64
  },
  {
    "__type__": "cc.PrefabInfo",
    "root": {
      "__id__": 1
    },
    "asset": {
      "__id__": 0
    },
    "fileId": "8ewvZYdLRY3IwyZXJSkOuE"
  },
  {
    "__type__": "cc.Node",
    "_name": "melee_16_leg_R",
    "_objFlags": 0,
    "_parent": {
      "__id__": 2
    },
    "_children": [],
    "_active": true,
    "_components": [
      {
        "__id__": 34
      }
    ],
    "_prefab": {
      "__id__": 37
    },
    "_lpos": {
      "__type__": "cc.Vec3",
      "x": 0,
      "y": 0,
      "z": 0
    },
    "_lrot": {
      "__type__": "cc.Quat",
      "x": 0,
      "y": 0,
      "z": 0,
      "w": 1
    },
    "_lscale": {
      "__type__": "cc.Vec3",
      "x": 1,
      "y": 1,
      "z": 1
    },
    "_layer": 1073741824,
    "_euler": {
      "__type__": "cc.Vec3",
      "x": 0,
      "y": 0,
      "z": 0
    },
    "_id": ""
  },
  {
    "__type__": "cc.SkinnedMeshRenderer",
    "_name": "",
    "_objFlags": 0,
    "node": {
      "__id__": 33
    },
    "_enabled": true,
    "__prefab": {
      "__id__": 35
    },
    "_materials": [
      {
        "__uuid__": "558d3785-6617-4cb8-82bd-5d2ae963cfe3@540fe",
        "__expectedType__": "cc.Material"
      }
    ],
    "_visFlags": 0,
    "lightmapSettings": {
      "__id__": 36
    },
    "_mesh": {
      "__uuid__": "558d3785-6617-4cb8-82bd-5d2ae963cfe3@66fd1",
      "__expectedType__": "cc.Mesh"
    },
    "_shadowCastingMode": 0,
    "_shadowReceivingMode": 1,
    "_enableMorph": true,
    "_skeleton": {
      "__uuid__": "558d3785-6617-4cb8-82bd-5d2ae963cfe3@7d08b",
      "__expectedType__": "cc.Skeleton"
    },
    "_skinningRoot": {
      "__id__": 1
    },
    "_id": ""
  },
  {
    "__type__": "cc.CompPrefabInfo",
    "fileId": "22tmM7/T9dw51nOJ+XUmdS"
  },
  {
    "__type__": "cc.ModelLightmapSettings",
    "texture": null,
    "uvParam": {
      "__type__": "cc.Vec4",
      "x": 0,
      "y": 0,
      "z": 0,
      "w": 0
    },
    "_bakeable": false,
    "_castShadow": false,
    "_receiveShadow": false,
    "_recieveShadow": false,
    "_lightmapSize": 64
  },
  {
    "__type__": "cc.PrefabInfo",
    "root": {
      "__id__": 1
    },
    "asset": {
      "__id__": 0
    },
    "fileId": "46X36CR21XNIb5+21oBJf2"
  },
  {
    "__type__": "cc.Node",
    "_name": "melee_16_cloth_front",
    "_objFlags": 0,
    "_parent": {
      "__id__": 2
    },
    "_children": [],
    "_active": true,
    "_components": [
      {
        "__id__": 39
      }
    ],
    "_prefab": {
      "__id__": 42
    },
    "_lpos": {
      "__type__": "cc.Vec3",
      "x": 0,
      "y": 0,
      "z": 0
    },
    "_lrot": {
      "__type__": "cc.Quat",
      "x": 0,
      "y": 0,
      "z": 0,
      "w": 1
    },
    "_lscale": {
      "__type__": "cc.Vec3",
      "x": 1,
      "y": 1,
      "z": 1
    },
    "_layer": 1073741824,
    "_euler": {
      "__type__": "cc.Vec3",
      "x": 0,
      "y": 0,
      "z": 0
    },
    "_id": ""
  },
  {
    "__type__": "cc.SkinnedMeshRenderer",
    "_name": "",
    "_objFlags": 0,
    "node": {
      "__id__": 38
    },
    "_enabled": true,
    "__prefab": {
      "__id__": 40
    },
    "_materials": [
      {
        "__uuid__": "558d3785-6617-4cb8-82bd-5d2ae963cfe3@540fe",
        "__expectedType__": "cc.Material"
      }
    ],
    "_visFlags": 0,
    "lightmapSettings": {
      "__id__": 41
    },
    "_mesh": {
      "__uuid__": "558d3785-6617-4cb8-82bd-5d2ae963cfe3@2431d",
      "__expectedType__": "cc.Mesh"
    },
    "_shadowCastingMode": 0,
    "_shadowReceivingMode": 1,
    "_enableMorph": true,
    "_skeleton": {
      "__uuid__": "558d3785-6617-4cb8-82bd-5d2ae963cfe3@b5902",
      "__expectedType__": "cc.Skeleton"
    },
    "_skinningRoot": {
      "__id__": 1
    },
    "_id": ""
  },
  {
    "__type__": "cc.CompPrefabInfo",
    "fileId": "ebqEcaSvRRF6Ng5Tn0/pXo"
  },
  {
    "__type__": "cc.ModelLightmapSettings",
    "texture": null,
    "uvParam": {
      "__type__": "cc.Vec4",
      "x": 0,
      "y": 0,
      "z": 0,
      "w": 0
    },
    "_bakeable": false,
    "_castShadow": false,
    "_receiveShadow": false,
    "_recieveShadow": false,
    "_lightmapSize": 64
  },
  {
    "__type__": "cc.PrefabInfo",
    "root": {
      "__id__": 1
    },
    "asset": {
      "__id__": 0
    },
    "fileId": "b46G1jcTlYcb59fuF4kNMw"
  },
  {
    "__type__": "cc.Node",
    "_name": "melee_16_cloth_back",
    "_objFlags": 0,
    "_parent": {
      "__id__": 2
    },
    "_children": [],
    "_active": true,
    "_components": [
      {
        "__id__": 44
      }
    ],
    "_prefab": {
      "__id__": 47
    },
    "_lpos": {
      "__type__": "cc.Vec3",
      "x": 0,
      "y": 0,
      "z": 0
    },
    "_lrot": {
      "__type__": "cc.Quat",
      "x": 0,
      "y": 0,
      "z": 0,
      "w": 1
    },
    "_lscale": {
      "__type__": "cc.Vec3",
      "x": 1,
      "y": 1,
      "z": 1
    },
    "_layer": 1073741824,
    "_euler": {
      "__type__": "cc.Vec3",
      "x": 0,
      "y": 0,
      "z": 0
    },
    "_id": ""
  },
  {
    "__type__": "cc.SkinnedMeshRenderer",
    "_name": "",
    "_objFlags": 0,
    "node": {
      "__id__": 43
    },
    "_enabled": true,
    "__prefab": {
      "__id__": 45
    },
    "_materials": [
      {
        "__uuid__": "558d3785-6617-4cb8-82bd-5d2ae963cfe3@540fe",
        "__expectedType__": "cc.Material"
      }
    ],
    "_visFlags": 0,
    "lightmapSettings": {
      "__id__": 46
    },
    "_mesh": {
      "__uuid__": "558d3785-6617-4cb8-82bd-5d2ae963cfe3@d68c6",
      "__expectedType__": "cc.Mesh"
    },
    "_shadowCastingMode": 0,
    "_shadowReceivingMode": 1,
    "_enableMorph": true,
    "_skeleton": {
      "__uuid__": "558d3785-6617-4cb8-82bd-5d2ae963cfe3@2d5df",
      "__expectedType__": "cc.Skeleton"
    },
    "_skinningRoot": {
      "__id__": 1
    },
    "_id": ""
  },
  {
    "__type__": "cc.CompPrefabInfo",
    "fileId": "a5Nac0fNZVbrV8PhtSgxll"
  },
  {
    "__type__": "cc.ModelLightmapSettings",
    "texture": null,
    "uvParam": {
      "__type__": "cc.Vec4",
      "x": 0,
      "y": 0,
      "z": 0,
      "w": 0
    },
    "_bakeable": false,
    "_castShadow": false,
    "_receiveShadow": false,
    "_recieveShadow": false,
    "_lightmapSize": 64
  },
  {
    "__type__": "cc.PrefabInfo",
    "root": {
      "__id__": 1
    },
    "asset": {
      "__id__": 0
    },
    "fileId": "69n2UV4IhVHZLL8Zpa2hFj"
  },
  {
    "__type__": "cc.PrefabInfo",
    "root": {
      "__id__": 1
    },
    "asset": {
      "__id__": 0
    },
    "fileId": "07c8SBx95etIRfgl4Ayxfp"
  },
  {
    "__type__": "cc.Node",
    "_name": "Root_M",
    "_objFlags": 0,
    "_parent": {
      "__id__": 1
    },
    "_children": [
      {
        "__id__": 50
      },
      {
        "__id__": 80
      },
      {
        "__id__": 90
      }
    ],
    "_active": true,
    "_components": [],
    "_prefab": {
      "__id__": 100
    },
    "_lpos": {
      "__type__": "cc.Vec3",
      "x": 3.7055132352355554e-19,
      "y": 0.019516220316290855,
      "z": 0.00017755031876731664
    },
    "_lrot": {
      "__type__": "cc.Quat",
      "x": 0.507803838505377,
      "y": 0.49207241499519655,
      "z": 0.507803838505377,
      "w": 0.49207241499519655
    },
    "_lscale": {
      "__type__": "cc.Vec3",
      "x": 1,
      "y": 1,
      "z": 1
    },
    "_layer": 1073741824,
    "_euler": {
      "__type__": "cc.Vec3",
      "x": 180,
      "y": -90,
      "z": 88.1972372917958
    },
    "_id": ""
  },
  {
    "__type__": "cc.Node",
    "_name": "Spine1_M",
    "_objFlags": 0,
    "_parent": {
      "__id__": 49
    },
    "_children": [
      {
        "__id__": 51
      }
    ],
    "_active": true,
    "_components": [],
    "_prefab": {
      "__id__": 79
    },
    "_lpos": {
      "__type__": "cc.Vec3",
      "x": 0.005334464367479086,
      "y": -1.734723475976807e-18,
      "z": 4.299679912665751e-19
    },
    "_lrot": {
      "__type__": "cc.Quat",
      "x": 2.1271160548415487e-31,
      "y": -7.387287067052785e-18,
      "z": 0.014618982679226592,
      "w": 0.999893136962858
    },
    "_lscale": {
      "__type__": "cc.Vec3",
      "x": 1,
      "y": 1,
      "z": 1
    },
    "_layer": 1073741824,
    "_euler": {
      "__type__": "cc.Vec3",
      "x": 1.2380563880610636e-17,
      "y": -8.467922240252193e-16,
      "z": 1.6752716918878972
    },
    "_id": ""
  },
  {
    "__type__": "cc.Node",
    "_name": "Chest_M",
    "_objFlags": 0,
    "_parent": {
      "__id__": 50
    },
    "_children": [
      {
        "__id__": 52
      },
      {
        "__id__": 58
      },
      {
        "__id__": 68
      }
    ],
    "_active": true,
    "_components": [],
    "_prefab": {
      "__id__": 78
    },
    "_lpos": {
      "__type__": "cc.Vec3",
      "x": 0.0024785464629530907,
      "y": 4.5796701585585055e-18,
      "z": -1.2831691984992892e-18
    },
    "_lrot": {
      "__type__": "cc.Quat",
      "x": -9.49830208270153e-33,
      "y": 7.54892463334064e-18,
      "z": -0.01493885351669035,
      "w": 0.9998884091015391
    },
    "_lscale": {
      "__type__": "cc.Vec3",
      "x": 1,
      "y": 1,
      "z": 1
    },
    "_layer": 1073741824,
    "_euler": {
      "__type__": "cc.Vec3",
      "x": 1.2928521800077017e-17,
      "y": 8.653327432571688e-16,
      "z": -1.711930193624262
    },
    "_id": ""
  },
  {
    "__type__": "cc.Node",
    "_name": "Neck_M",
    "_objFlags": 0,
    "_parent": {
      "__id__": 51
    },
    "_children": [
      {
        "__id__": 53
      }
    ],
    "_active": true,
    "_components": [],
    "_prefab": {
      "__id__": 57
    },
    "_lpos": {
      "__type__": "cc.Vec3",
      "x": 0.002714349888265133,
      "y": -9.57567355430475e-18,
      "z": 8.572243914273824e-18
    },
    "_lrot": {
      "__type__": "cc.Quat",
      "x": 2.334849548498401e-33,
      "y": 1.210279147626834e-32,
      "z": -0.18942549962218294,
      "w": 0.9818950962770342
    },
    "_lscale": {
      "__type__": "cc.Vec3",
      "x": 1,
      "y": 1,
      "z": 1
    },
    "_layer": 1073741824,
    "_euler": {
      "__type__": "cc.Vec3",
      "x": 5.66041439480744e-31,
      "y": 1.5216497485115417e-30,
      "z": -21.83851784031204
    },
    "_id": ""
  },
  {
    "__type__": "cc.Node",
    "_name": "Head_M",
    "_objFlags": 0,
    "_parent": {
      "__id__": 52
    },
    "_children": [
      {
        "__id__": 54
      }
    ],
    "_active": true,
    "_components": [],
    "_prefab": {
      "__id__": 56
    },
    "_lpos": {
      "__type__": "cc.Vec3",
      "x": 0.002050594659522176,
      "y": -1.1102230411687688e-17,
      "z": -1.1397885028539148e-18
    },
    "_lrot": {
      "__type__": "cc.Quat",
      "x": 1.3712628330747433e-33,
      "y": -7.748182116840672e-33,
      "z": 0.17427049577586698,
      "w": 0.9846978187759095
    },
    "_lscale": {
      "__type__": "cc.Vec3",
      "x": 1,
      "y": 1,
      "z": 1
    },
    "_layer": 1073741824,
    "_euler": {
      "__type__": "cc.Vec3",
      "x": 3.2947363714137558e-31,
      "y": -9.59983646203496e-31,
      "z": 20.07241655059164
    },
    "_id": ""
  },
  {
    "__type__": "cc.Node",
    "_name": "HeadEnd_M",
    "_objFlags": 0,
    "_parent": {
      "__id__": 53
    },
    "_children": [],
    "_active": true,
    "_components": [],
    "_prefab": {
      "__id__": 55
    },
    "_lpos": {
      "__type__": "cc.Vec3",
      "x": 0.002823290415108204,
      "y": 5.377642816887133e-19,
      "z": 2.8810669715948983e-19
    },
    "_lrot": {
      "__type__": "cc.Quat",
      "x": 0,
      "y": 0,
      "z": 0,
      "w": 1
    },
    "_lscale": {
      "__type__": "cc.Vec3",
      "x": 1,
      "y": 1,
      "z": 1
    },
    "_layer": 1073741824,
    "_euler": {
      "__type__": "cc.Vec3",
      "x": 0,
      "y": 0,
      "z": 0
    },
    "_id": ""
  },
  {
    "__type__": "cc.PrefabInfo",
    "root": {
      "__id__": 1
    },
    "asset": {
      "__id__": 0
    },
    "fileId": "13D1ONTFtZlqnOzZBNLxie"
  },
  {
    "__type__": "cc.PrefabInfo",
    "root": {
      "__id__": 1
    },
    "asset": {
      "__id__": 0
    },
    "fileId": "8ba97gEcRfv5b1u1lHKK4X"
  },
  {
    "__type__": "cc.PrefabInfo",
    "root": {
      "__id__": 1
    },
    "asset": {
      "__id__": 0
    },
    "fileId": "01CoeeAOlah6niHpKTfaiB"
  },
  {
    "__type__": "cc.Node",
    "_name": "Scapula_R",
    "_objFlags": 0,
    "_parent": {
      "__id__": 51
    },
    "_children": [
      {
        "__id__": 59
      }
    ],
    "_active": true,
    "_components": [],
    "_prefab": {
      "__id__": 67
    },
    "_lpos": {
      "__type__": "cc.Vec3",
      "x": 0.0011061389232054353,
      "y": -0.0006425591418519616,
      "z": -0.0023941057734191418
    },
    "_lrot": {
      "__type__": "cc.Quat",
      "x": 0.011006418236851384,
      "y": 0.7112698310246427,
      "z": -0.010875604672522158,
      "w": 0.7027487513007612
    },
    "_lscale": {
      "__type__": "cc.Vec3",
      "x": 1,
      "y": 1,
      "z": 1
    },
    "_layer": 1073741824,
    "_euler": {
      "__type__": "cc.Vec3",
      "x": 1.7730415728863935,
      "y": 90.69020757969066,
      "z": 0.021281444783464887
    },
    "_id": ""
  },
  {
    "__type__": "cc.Node",
    "_name": "Shoulder_R",
    "_objFlags": 0,
    "_parent": {
      "__id__": 58
    },
    "_children": [
      {
        "__id__": 60
      }
    ],
    "_active": true,
    "_components": [],
    "_prefab": {
      "__id__": 66
    },
    "_lpos": {
      "__type__": "cc.Vec3",
      "x": 0.0028626364655792713,
      "y": -2.745244698232341e-9,
      "z": -0.000022261907361098565
    },
    "_lrot": {
      "__type__": "cc.Quat",
      "x": -0.03676631640867874,
      "y": 0.6917510566042027,
      "z": -0.03827388922474663,
      "w": 0.7201831871602655
    },
    "_lscale": {
      "__type__": "cc.Vec3",
      "x": 1,
      "y": 1,
      "z": 1
    },
    "_layer": 1073741824,
    "_euler": {
      "__type__": "cc.Vec3",
      "x": -0.0002857532309027007,
      "y": 87.69276554611803,
      "z": -6.084478470121346
    },
    "_id": ""
  },
  {
    "__type__": "cc.Node",
    "_name": "Elbow_R",
    "_objFlags": 0,
    "_parent": {
      "__id__": 59
    },
    "_children": [
      {
        "__id__": 61
      }
    ],
    "_active": true,
    "_components": [],
    "_prefab": {
      "__id__": 65
    },
    "_lpos": {
      "__type__": "cc.Vec3",
      "x": 0.005175452213734388,
      "y": -5.884181712875974e-17,
      "z": -3.3306689994292145e-18
    },
    "_lrot": {
      "__type__": "cc.Quat",
      "x": 2.66231256837831e-21,
      "y": 8.523041752293794e-19,
      "z": 0.12233098131469163,
      "w": 0.9924893606535964
    },
    "_lscale": {
      "__type__": "cc.Vec3",
      "x": 1,
      "y": 1,
      "z": 1
    },
    "_layer": 1073741824,
    "_euler": {
      "__type__": "cc.Vec3",
      "x": -1.2004178030224919e-17,
      "y": 9.988555143510337e-17,
      "z": 14.053298599928233
    },
    "_id": ""
  },
  {
    "__type__": "cc.Node",
    "_name": "Wrist_R",
    "_objFlags": 0,
    "_parent": {
      "__id__": 60
    },
    "_children": [
      {
        "__id__": 62
      }
    ],
    "_active": true,
    "_components": [],
    "_prefab": {
      "__id__": 64
    },
    "_lpos": {
      "__type__": "cc.Vec3",
      "x": 0.005389300640672445,
      "y": -6.328271160954053e-17,
      "z": -6.661337998858429e-18
    },
    "_lrot": {
      "__type__": "cc.Quat",
      "x": -0.004768474014740153,
      "y": 0.012352902409124579,
      "z": 0.0011546335850644365,
      "w": 0.999911663237771
    },
    "_lscale": {
      "__type__": "cc.Vec3",
      "x": 1,
      "y": 1,
      "z": 1
    },
    "_layer": 1073741824,
    "_euler": {
      "__type__": "cc.Vec3",
      "x": -0.5480227017072393,
      "y": 1.4161918210299922,
      "z": 0.12554971732357223
    },
    "_id": ""
  },
  {
    "__type__": "cc.Node",
    "_name": "Cup_R",
    "_objFlags": 0,
    "_parent": {
      "__id__": 61
    },
    "_children": [],
    "_active": true,
    "_components": [],
    "_prefab": {
      "__id__": 63
    },
    "_lpos": {
      "__type__": "cc.Vec3",
      "x": 0.0033151672687381506,
      "y": 5.329070399086743e-17,
      "z": -2.2204459996194763e-18
    },
    "_lrot": {
      "__type__": "cc.Quat",
      "x": 0,
      "y": 0,
      "z": 0,
      "w": 1
    },
    "_lscale": {
      "__type__": "cc.Vec3",
      "x": 1,
      "y": 1,
      "z": 1
    },
    "_layer": 1073741824,
    "_euler": {
      "__type__": "cc.Vec3",
      "x": 0,
      "y": 0,
      "z": 0
    },
    "_id": ""
  },
  {
    "__type__": "cc.PrefabInfo",
    "root": {
      "__id__": 1
    },
    "asset": {
      "__id__": 0
    },
    "fileId": "77d09RpNVeOqm1ysW/0PON"
  },
  {
    "__type__": "cc.PrefabInfo",
    "root": {
      "__id__": 1
    },
    "asset": {
      "__id__": 0
    },
    "fileId": "b8lOpP4uFRb6/HEaybJm3j"
  },
  {
    "__type__": "cc.PrefabInfo",
    "root": {
      "__id__": 1
    },
    "asset": {
      "__id__": 0
    },
    "fileId": "56JwogeuBQZJzthCmCWH9W"
  },
  {
    "__type__": "cc.PrefabInfo",
    "root": {
      "__id__": 1
    },
    "asset": {
      "__id__": 0
    },
    "fileId": "21BvW89udRnaN0Q/esRQ/9"
  },
  {
    "__type__": "cc.PrefabInfo",
    "root": {
      "__id__": 1
    },
    "asset": {
      "__id__": 0
    },
    "fileId": "56wv8VuA1TAonsNUO/zqJv"
  },
  {
    "__type__": "cc.Node",
    "_name": "Scapula_L",
    "_objFlags": 0,
    "_parent": {
      "__id__": 51
    },
    "_children": [
      {
        "__id__": 69
      }
    ],
    "_active": true,
    "_components": [],
    "_prefab": {
      "__id__": 77
    },
    "_lpos": {
      "__type__": "cc.Vec3",
      "x": 0.0011061389232054353,
      "y": -0.0006425591418519616,
      "z": 0.0029052768368273973
    },
    "_lrot": {
      "__type__": "cc.Quat",
      "x": 0.7112698310319335,
      "y": -0.011006417305641662,
      "z": -0.7027487513079647,
      "w": -0.010875604672633637
    },
    "_lscale": {
      "__type__": "cc.Vec3",
      "x": 1,
      "y": 1,
      "z": 1
    },
    "_layer": 1073741824,
    "_euler": {
      "__type__": "cc.Vec3",
      "x": -178.2269585021126,
      "y": 89.30979241912084,
      "z": -0.021281368875969202
    },
    "_id": ""
  },
  {
    "__type__": "cc.Node",
    "_name": "Shoulder_L",
    "_objFlags": 0,
    "_parent": {
      "__id__": 68
    },
    "_children": [
      {
        "__id__": 70
      }
    ],
    "_active": true,
    "_components": [],
    "_prefab": {
      "__id__": 76
    },
    "_lpos": {
      "__type__": "cc.Vec3",
      "x": -0.0026641348376870155,
      "y": 3.041249918567246e-9,
      "z": 0.000024654380467836745
    },
    "_lrot": {
      "__type__": "cc.Quat",
      "x": -0.03676631640867874,
      "y": 0.6917510566042027,
      "z": -0.03827388922474663,
      "w": 0.7201831871602655
    },
    "_lscale": {
      "__type__": "cc.Vec3",
      "x": 1,
      "y": 1,
      "z": 1
    },
    "_layer": 1073741824,
    "_euler": {
      "__type__": "cc.Vec3",
      "x": -0.0002857532309027007,
      "y": 87.69276554611803,
      "z": -6.084478470121346
    },
    "_id": ""
  },
  {
    "__type__": "cc.Node",
    "_name": "Elbow_L",
    "_objFlags": 0,
    "_parent": {
      "__id__": 69
    },
    "_children": [
      {
        "__id__": 71
      }
    ],
    "_active": true,
    "_components": [],
    "_prefab": {
      "__id__": 75
    },
    "_lpos": {
      "__type__": "cc.Vec3",
      "x": -0.005175452213734388,
      "y": 2.6645351995433716e-17,
      "z": 0
    },
    "_lrot": {
      "__type__": "cc.Quat",
      "x": -7.639352792941652e-19,
      "y": -7.668803008362496e-19,
      "z": 0.12233098131469163,
      "w": 0.9924893606535964
    },
    "_lscale": {
      "__type__": "cc.Vec3",
      "x": 1,
      "y": 1,
      "z": 1
    },
    "_layer": 1073741824,
    "_euler": {
      "__type__": "cc.Vec3",
      "x": -7.848178543085077e-17,
      "y": -7.886961667845593e-17,
      "z": 14.053298599928233
    },
    "_id": ""
  },
  {
    "__type__": "cc.Node",
    "_name": "Wrist_L",
    "_objFlags": 0,
    "_parent": {
      "__id__": 70
    },
    "_children": [
      {
        "__id__": 72
      }
    ],
    "_active": true,
    "_components": [],
    "_prefab": {
      "__id__": 74
    },
    "_lpos": {
      "__type__": "cc.Vec3",
      "x": -0.005389300640672445,
      "y": 5.107026005919949e-17,
      "z": 1.6653346031121838e-17
    },
    "_lrot": {
      "__type__": "cc.Quat",
      "x": -0.004768474014740153,
      "y": 0.012352902409124579,
      "z": 0.0011546335850644365,
      "w": 0.999911663237771
    },
    "_lscale": {
      "__type__": "cc.Vec3",
      "x": 1,
      "y": 1,
      "z": 1
    },
    "_layer": 1073741824,
    "_euler": {
      "__type__": "cc.Vec3",
      "x": -0.5480227017072393,
      "y": 1.4161918210299922,
      "z": 0.12554971732357223
    },
    "_id": ""
  },
  {
    "__type__": "cc.Node",
    "_name": "Cup_L",
    "_objFlags": 0,
    "_parent": {
      "__id__": 71
    },
    "_children": [],
    "_active": true,
    "_components": [],
    "_prefab": {
      "__id__": 73
    },
    "_lpos": {
      "__type__": "cc.Vec3",
      "x": -0.0033151672687381506,
      "y": -1.4099832200981251e-16,
      "z": 1.1102229998097382e-18
    },
    "_lrot": {
      "__type__": "cc.Quat",
      "x": 0,
      "y": 0,
      "z": 0,
      "w": 1
    },
    "_lscale": {
      "__type__": "cc.Vec3",
      "x": 1,
      "y": 1,
      "z": 1
    },
    "_layer": 1073741824,
    "_euler": {
      "__type__": "cc.Vec3",
      "x": 0,
      "y": 0,
      "z": 0
    },
    "_id": ""
  },
  {
    "__type__": "cc.PrefabInfo",
    "root": {
      "__id__": 1
    },
    "asset": {
      "__id__": 0
    },
    "fileId": "ecD9QOMk9e37bySId6XSy7"
  },
  {
    "__type__": "cc.PrefabInfo",
    "root": {
      "__id__": 1
    },
    "asset": {
      "__id__": 0
    },
    "fileId": "b31MUoJr9RWLLW9adMq6oY"
  },
  {
    "__type__": "cc.PrefabInfo",
    "root": {
      "__id__": 1
    },
    "asset": {
      "__id__": 0
    },
    "fileId": "b6tfRAt/NURKdmECLUexcE"
  },
  {
    "__type__": "cc.PrefabInfo",
    "root": {
      "__id__": 1
    },
    "asset": {
      "__id__": 0
    },
    "fileId": "93HlBGqp9ewabj/K5MHPsc"
  },
  {
    "__type__": "cc.PrefabInfo",
    "root": {
      "__id__": 1
    },
    "asset": {
      "__id__": 0
    },
    "fileId": "0clXb4a1hTTIpaZmCjNiiX"
  },
  {
    "__type__": "cc.PrefabInfo",
    "root": {
      "__id__": 1
    },
    "asset": {
      "__id__": 0
    },
    "fileId": "5cPhMz8ehe156fhHGLsEaf"
  },
  {
    "__type__": "cc.PrefabInfo",
    "root": {
      "__id__": 1
    },
    "asset": {
      "__id__": 0
    },
    "fileId": "24qH50a7td9KLABt3knQ6Z"
  },
  {
    "__type__": "cc.Node",
    "_name": "Hip_R",
    "_objFlags": 0,
    "_parent": {
      "__id__": 49
    },
    "_children": [
      {
        "__id__": 81
      }
    ],
    "_active": true,
    "_components": [],
    "_prefab": {
      "__id__": 89
    },
    "_lpos": {
      "__type__": "cc.Vec3",
      "x": -0.0005149218486621976,
      "y": -0.000035732064134208485,
      "z": -0.0025951904244720936
    },
    "_lrot": {
      "__type__": "cc.Quat",
      "x": -0.0013684586941045457,
      "y": 0.9999846538917857,
      "z": -0.00017622552207276294,
      "w": 0.0053654679472844545
    },
    "_lscale": {
      "__type__": "cc.Vec3",
      "x": 1,
      "y": 1,
      "z": 1
    },
    "_layer": 1073741824,
    "_euler": {
      "__type__": "cc.Vec3",
      "x": 0.019352340864127352,
      "y": 179.38518562853085,
      "z": -0.1569199549416445
    },
    "_id": ""
  },
  {
    "__type__": "cc.Node",
    "_name": "Knee_R",
    "_objFlags": 0,
    "_parent": {
      "__id__": 80
    },
    "_children": [
      {
        "__id__": 82
      }
    ],
    "_active": true,
    "_components": [],
    "_prefab": {
      "__id__": 88
    },
    "_lpos": {
      "__type__": "cc.Vec3",
      "x": 0.008524451404809952,
      "y": 1.2628998541375225e-11,
      "z": -1.1102229998097382e-18
    },
    "_lrot": {
      "__type__": "cc.Quat",
      "x": 3.403632747743931e-20,
      "y": -9.107188358042246e-19,
      "z": -0.03350002364301262,
      "w": 0.9994387166884808
    },
    "_lscale": {
      "__type__": "cc.Vec3",
      "x": 1,
      "y": 1,
      "z": 1
    },
    "_layer": 1073741824,
    "_euler": {
      "__type__": "cc.Vec3",
      "x": 4.029053682243933e-19,
      "y": -1.0440579512036528e-16,
      "z": -3.839538319810826
    },
    "_id": ""
  },
  {
    "__type__": "cc.Node",
    "_name": "Ankle_R",
    "_objFlags": 0,
    "_parent": {
      "__id__": 81
    },
    "_children": [
      {
        "__id__": 83
      }
    ],
    "_active": true,
    "_components": [],
    "_prefab": {
      "__id__": 87
    },
    "_lpos": {
      "__type__": "cc.Vec3",
      "x": 0.007810377050191164,
      "y": 1.1571134675425476e-11,
      "z": -8.311684436687009e-15
    },
    "_lrot": {
      "__type__": "cc.Quat",
      "x": 0.0005231972268350271,
      "y": 0.005401740730554813,
      "z": 0.05058017697477186,
      "w": 0.998705258401568
    },
    "_lscale": {
      "__type__": "cc.Vec3",
      "x": 1,
      "y": 1,
      "z": 1
    },
    "_layer": 1073741824,
    "_euler": {
      "__type__": "cc.Vec3",
      "x": 0.028714477331547906,
      "y": 0.6183360190684839,
      "z": 5.79877519893503
    },
    "_id": ""
  },
  {
    "__type__": "cc.Node",
    "_name": "Toes_R",
    "_objFlags": 0,
    "_parent": {
      "__id__": 82
    },
    "_children": [
      {
        "__id__": 84
      }
    ],
    "_active": true,
    "_components": [],
    "_prefab": {
      "__id__": 86
    },
    "_lpos": {
      "__type__": "cc.Vec3",
      "x": 0.002095116302371025,
      "y": 0.002573760924860835,
      "z": -1.1551194029069123e-11
    },
    "_lrot": {
      "__type__": "cc.Quat",
      "x": -0.0005855765799607817,
      "y": 0.0005394552157793537,
      "z": 0.6775491861260131,
      "w": 0.7354770332703235
    },
    "_lscale": {
      "__type__": "cc.Vec3",
      "x": 1,
      "y": 1,
      "z": 1
    },
    "_layer": 1073741824,
    "_euler": {
      "__type__": "cc.Vec3",
      "x": -1.1144865141882583,
      "y": 1.1107462304259765,
      "z": 85.3039958375585
    },
    "_id": ""
  },
  {
    "__type__": "cc.Node",
    "_name": "ToesEnd_R",
    "_objFlags": 0,
    "_parent": {
      "__id__": 83
    },
    "_children": [],
    "_active": true,
    "_components": [],
    "_prefab": {
      "__id__": 85
    },
    "_lpos": {
      "__type__": "cc.Vec3",
      "x": 0.0019366915803402662,
      "y": -1.9886869822718998e-16,
      "z": 3.063116871260263e-9
    },
    "_lrot": {
      "__type__": "cc.Quat",
      "x": 0,
      "y": 0,
      "z": 0,
      "w": 1
    },
    "_lscale": {
      "__type__": "cc.Vec3",
      "x": 1,
      "y": 1,
      "z": 1
    },
    "_layer": 1073741824,
    "_euler": {
      "__type__": "cc.Vec3",
      "x": 0,
      "y": 0,
      "z": 0
    },
    "_id": ""
  },
  {
    "__type__": "cc.PrefabInfo",
    "root": {
      "__id__": 1
    },
    "asset": {
      "__id__": 0
    },
    "fileId": "29LSnCF8BS7aRlMk+aAuW6"
  },
  {
    "__type__": "cc.PrefabInfo",
    "root": {
      "__id__": 1
    },
    "asset": {
      "__id__": 0
    },
    "fileId": "4cdgVwjdZaS7V0UOgea5KU"
  },
  {
    "__type__": "cc.PrefabInfo",
    "root": {
      "__id__": 1
    },
    "asset": {
      "__id__": 0
    },
    "fileId": "d3/teX3mpfSrIJp0dwTXxQ"
  },
  {
    "__type__": "cc.PrefabInfo",
    "root": {
      "__id__": 1
    },
    "asset": {
      "__id__": 0
    },
    "fileId": "6dbZ3FftNf8JQpASXH+uEk"
  },
  {
    "__type__": "cc.PrefabInfo",
    "root": {
      "__id__": 1
    },
    "asset": {
      "__id__": 0
    },
    "fileId": "1494dSsC5Z7KsA7Ixas+ee"
  },
  {
    "__type__": "cc.Node",
    "_name": "Hip_L",
    "_objFlags": 0,
    "_parent": {
      "__id__": 49
    },
    "_children": [
      {
        "__id__": 91
      }
    ],
    "_active": true,
    "_components": [],
    "_prefab": {
      "__id__": 99
    },
    "_lpos": {
      "__type__": "cc.Vec3",
      "x": -0.0005149218486621976,
      "y": -0.000035732064134208485,
      "z": 0.0025951904244720936
    },
    "_lrot": {
      "__type__": "cc.Quat",
      "x": 0.9999846538908325,
      "y": 0.0013684593925951528,
      "z": -0.00536546794727934,
      "w": -0.00017622550752068012
    },
    "_lscale": {
      "__type__": "cc.Vec3",
      "x": 1,
      "y": 1,
      "z": 1
    },
    "_layer": 1073741824,
    "_euler": {
      "__type__": "cc.Vec3",
      "x": -179.9806476612328,
      "y": 0.6148143714585114,
      "z": 0.15692003497274723
    },
    "_id": ""
  },
  {
    "__type__": "cc.Node",
    "_name": "Knee_L",
    "_objFlags": 0,
    "_parent": {
      "__id__": 90
    },
    "_children": [
      {
        "__id__": 92
      }
    ],
    "_active": true,
    "_components": [],
    "_prefab": {
      "__id__": 98
    },
    "_lpos": {
      "__type__": "cc.Vec3",
      "x": -0.008524451404809952,
      "y": -1.2628998541375225e-11,
      "z": 4.6312953641644995e-15
    },
    "_lrot": {
      "__type__": "cc.Quat",
      "x": 4.9250421584690475e-20,
      "y": 1.2367185778725194e-18,
      "z": -0.03350002364301262,
      "w": 0.9994387166884808
    },
    "_lscale": {
      "__type__": "cc.Vec3",
      "x": 1,
      "y": 1,
      "z": 1
    },
    "_layer": 1073741824,
    "_euler": {
      "__type__": "cc.Vec3",
      "x": 1.0411423292578889e-17,
      "y": 1.42146077062345e-16,
      "z": -3.839538319810826
    },
    "_id": ""
  },
  {
    "__type__": "cc.Node",
    "_name": "Ankle_L",
    "_objFlags": 0,
    "_parent": {
      "__id__": 91
    },
    "_children": [
      {
        "__id__": 93
      }
    ],
    "_active": true,
    "_components": [],
    "_prefab": {
      "__id__": 97
    },
    "_lpos": {
      "__type__": "cc.Vec3",
      "x": -0.007810377050191164,
      "y": -1.1571218809514061e-11,
      "z": 1.2550515978587175e-14
    },
    "_lrot": {
      "__type__": "cc.Quat",
      "x": 0.0005231972268350271,
      "y": 0.005401740730554813,
      "z": 0.05058017697477186,
      "w": 0.998705258401568
    },
    "_lscale": {
      "__type__": "cc.Vec3",
      "x": 1,
      "y": 1,
      "z": 1
    },
    "_layer": 1073741824,
    "_euler": {
      "__type__": "cc.Vec3",
      "x": 0.028714477331547906,
      "y": 0.6183360190684839,
      "z": 5.79877519893503
    },
    "_id": ""
  },
  {
    "__type__": "cc.Node",
    "_name": "Toes_L",
    "_objFlags": 0,
    "_parent": {
      "__id__": 92
    },
    "_children": [
      {
        "__id__": 94
      }
    ],
    "_active": true,
    "_components": [],
    "_prefab": {
      "__id__": 96
    },
    "_lpos": {
      "__type__": "cc.Vec3",
      "x": -0.002095116302371025,
      "y": -0.002573760924860835,
      "z": 8.517709974842358e-12
    },
    "_lrot": {
      "__type__": "cc.Quat",
      "x": -0.0005849927574888355,
      "y": 0.0005389178429919117,
      "z": 0.6775491865538494,
      "w": 0.7354770337347383
    },
    "_lscale": {
      "__type__": "cc.Vec3",
      "x": 1,
      "y": 1,
      "z": 1
    },
    "_layer": 1073741824,
    "_euler": {
      "__type__": "cc.Vec3",
      "x": -1.1133760861696482,
      "y": 1.1096395693191319,
      "z": 85.30399759925989
    },
    "_id": ""
  },
  {
    "__type__": "cc.Node",
    "_name": "ToesEnd_L",
    "_objFlags": 0,
    "_parent": {
      "__id__": 93
    },
    "_children": [],
    "_active": true,
    "_components": [],
    "_prefab": {
      "__id__": 95
    },
    "_lpos": {
      "__type__": "cc.Vec3",
      "x": -0.0019366915803402662,
      "y": 2.7755574995243454e-19,
      "z": 1.6754419032705137e-11
    },
    "_lrot": {
      "__type__": "cc.Quat",
      "x": 0,
      "y": 0,
      "z": 0,
      "w": 1
    },
    "_lscale": {
      "__type__": "cc.Vec3",
      "x": 1,
      "y": 1,
      "z": 1
    },
    "_layer": 1073741824,
    "_euler": {
      "__type__": "cc.Vec3",
      "x": 0,
      "y": 0,
      "z": 0
    },
    "_id": ""
  },
  {
    "__type__": "cc.PrefabInfo",
    "root": {
      "__id__": 1
    },
    "asset": {
      "__id__": 0
    },
    "fileId": "7bLZyDFhRYoa6vHg7zTxna"
  },
  {
    "__type__": "cc.PrefabInfo",
    "root": {
      "__id__": 1
    },
    "asset": {
      "__id__": 0
    },
    "fileId": "27pFVKak9cbJl7lYm3ZuvI"
  },
  {
    "__type__": "cc.PrefabInfo",
    "root": {
      "__id__": 1
    },
    "asset": {
      "__id__": 0
    },
    "fileId": "e5PX7KJdJZs4PRr/pDKk5W"
  },
  {
    "__type__": "cc.PrefabInfo",
    "root": {
      "__id__": 1
    },
    "asset": {
      "__id__": 0
    },
    "fileId": "78dOq096tXZ6OI20DWQ7Bo"
  },
  {
    "__type__": "cc.PrefabInfo",
    "root": {
      "__id__": 1
    },
    "asset": {
      "__id__": 0
    },
    "fileId": "8eF/EGPutfKYqil3+wlqsc"
  },
  {
    "__type__": "cc.PrefabInfo",
    "root": {
      "__id__": 1
    },
    "asset": {
      "__id__": 0
    },
    "fileId": "54u2C3GJhZqqb/C1M9yLqO"
  },
  {
    "__type__": "cc.SkeletalAnimation",
    "_name": "",
    "_objFlags": 0,
    "node": {
      "__id__": 1
    },
    "_enabled": true,
    "__prefab": {
      "__id__": 102
    },
    "playOnLoad": false,
    "_clips": [],
    "_defaultClip": null,
    "_useBakedAnimation": true,
    "_sockets": [],
    "_id": ""
  },
  {
    "__type__": "cc.CompPrefabInfo",
    "fileId": "3aZIsylT9b26u4NRek8kRg"
  },
  {
    "__type__": "cc.PrefabInfo",
    "root": {
      "__id__": 1
    },
    "asset": {
      "__id__": 0
    },
    "fileId": "4dEvFY4cxST45q1Kj0hjTO"
  }
]