{
  "__type__": "cc.AnimationClip",
  "_name": "GamePlay_ShowAdultery",
  "_objFlags": 0,
  "_native": "",
  "_duration": 1.75,
  "sample": 60,
  "speed": 1,
  "wrapMode": 1,
  "curveData": {
    "paths": {
      "UI/Scene2": {
        "props": {
          "opacity": [
            {
              "frame": 0,
              "value": 0
            },
            {
              "frame": 0.5,
              "value": 255
            },
            {
              "frame": 1,
              "value": 255
            },
            {
              "frame": 1.4166666666666667,
              "value": 0
            }
          ]
        }
      },
      "BG/BG2DOC": {
        "props": {
          "opacity": [
            {
              "frame": 0,
              "value": 0
            },
            {
              "frame": 0.5,
              "value": 255
            },
            {
              "frame": 1.3333333333333333,
              "value": 255
            },
            {
              "frame": 1.75,
              "value": 0
            }
          ]
        }
      },
      "BG/BG2ngang": {
        "props": {
          "opacity": [
            {
              "frame": 0,
              "value": 0
            },
            {
              "frame": 0.5,
              "value": 255
            },
            {
              "frame": 1.3333333333333333,
              "value": 255
            },
            {
              "frame": 1.75,
              "value": 0
            }
          ]
        }
      }
    }
  },
  "events": []
}