{
  "__type__": "cc.AnimationClip",
  "_name": "Camera_ZoomOutAnim",
  "_objFlags": 0,
  "_native": "",
  "_duration": 0.75,
  "sample": 60,
  "speed": 1,
  "wrapMode": 1,
  "curveData": {
    "comps": {
      "cc.Camera": {
        "zoomRatio": [
          {
            "frame": 0,
            "value": 4
          },
          {
            "frame": 0.75,
            "value": 1
          }
        ]
      }
    },
    "props": {
      "position": [
        {
          "frame": 0,
          "value": [
            -30,
            77,
            0
          ]
        },
        {
          "frame": 0.75,
          "value": [
            0,
            0,
            0
          ]
        }
      ]
    }
  },
  "events": []
}