{
  "a45fea2f-f433-41ba-a62b-3b7bb6ff1c18": {
    "asset": 1709023056801,
    "meta": 1709023056814,
    "relativePath": "game.fire"
  },
  "abfac626-0edb-48ee-8008-8433bd5fe577": {
    "asset": 1708507916815,
    "meta": 1708508091953,
    "relativePath": "Script"
  },
  "7261ff7d-ae73-4d8b-9f6c-e568da914d39": {
    "asset": 1708488116837,
    "meta": 1708488178398,
    "relativePath": "Script\\Data"
  },
  "3f19cb59-150e-47b7-bab1-89443411feaf": {
    "asset": 1708488116844,
    "meta": 1708488178399,
    "relativePath": "Script\\Plugin"
  },
  "53e20d24-add7-4b40-bba6-bd238bdd5a51": {
    "asset": 1708503345364,
    "meta": 1708508091952,
    "relativePath": "Animation"
  },
  "3a8b88e1-eaf8-4827-8bf3-dc6dd7b84fe4": {
    "asset": 1708507360116,
    "meta": 1708508091954,
    "relativePath": "Sound"
  },
  "e5467b50-7e47-49eb-adea-718c8d70581c": {
    "asset": 1708500228007,
    "meta": 1708508091954,
    "relativePath": "Spine"
  },
  "5731a6a8-0567-4f8e-8d75-33a14eacba6d": {
    "asset": 1708490257662,
    "meta": 1708490720630,
    "relativePath": "Sprites"
  },
  "ab8b790c-0009-4e09-b35a-2a83e6414a65": {
    "asset": 1708488116752,
    "meta": 1708488178394,
    "relativePath": "Particle"
  },
  "d26504ae-f083-4e02-8cba-4322d611a3bd": {
    "asset": 1708354460000,
    "meta": 1708392890460,
    "relativePath": "Particle\\Blink.png"
  },
  "ba23df47-4fad-42a2-8f01-be04615cdb0e": {
    "asset": 1708354460000,
    "meta": 1708392892738,
    "relativePath": "Particle\\Blink.plist"
  },
  "71ec7829-6ef6-42ca-b8e7-6ff2b1869282": {
    "asset": 1708354462000,
    "meta": 1708392891171,
    "relativePath": "Sprites\\PlayNow.png"
  },
  "5e55c932-4608-4d46-9fdd-01eb2008ab79": {
    "asset": 1708354462000,
    "meta": 1708392891129,
    "relativePath": "Sprites\\NEWBIE.png"
  },
  "53a3c75a-7c25-4cbe-b2a3-e4fea4822760": {
    "asset": 1708354460000,
    "meta": 1708392890919,
    "relativePath": "Sound\\sfx_bomshow.mp3"
  },
  "9a45d213-9a68-473e-bee9-9aff02de9fa2": {
    "asset": 1708354460000,
    "meta": 1708392890920,
    "relativePath": "Sound\\sfx_close.mp3"
  },
  "ae1444e1-5cce-4a58-a69c-b79c8d96ac7a": {
    "asset": 1708354460000,
    "meta": 1708392890925,
    "relativePath": "Sound\\bg_match3_3.mp3"
  },
  "34bb522f-b6d9-4e0a-a42b-78196e90d3b9": {
    "asset": 1708354460000,
    "meta": 1708392890925,
    "relativePath": "Sound\\bg_match3_2.mp3"
  },
  "26aa70af-1ffc-4265-82f5-f1189c00008b": {
    "asset": 1708354460000,
    "meta": 1708392890927,
    "relativePath": "Sound\\bg_home.mp3"
  },
  "cb8d56f0-4e13-4d35-b745-84fefa2df966": {
    "asset": 1708354460000,
    "meta": 1708392890926,
    "relativePath": "Sound\\bg_match3_1.mp3"
  },
  "39130417-f63a-4ff2-bcbb-e6916f95ce49": {
    "asset": 1708354460000,
    "meta": 1708392890936,
    "relativePath": "Sound\\sfx_filp.mp3"
  },
  "53b46257-1ed2-4926-ae56-0db5cde2decf": {
    "asset": 1708354460000,
    "meta": 1708392890930,
    "relativePath": "Sound\\sfx_explode1.mp3"
  },
  "058fab8b-d7c6-471e-8a83-dfe92aac9ccb": {
    "asset": 1708354460000,
    "meta": 1708392890937,
    "relativePath": "Sound\\sfx_explode2.mp3"
  },
  "6527dfbc-19f0-41dd-95cd-5380dd0649d4": {
    "asset": 1708354460000,
    "meta": 1708392890948,
    "relativePath": "Sound\\sfx_hammer.mp3"
  },
  "b36e04f9-b44d-4655-993d-a97f4f4652a4": {
    "asset": 1708354460000,
    "meta": 1708392890951,
    "relativePath": "Sound\\sfx_jar.mp3"
  },
  "d4b12f28-2d0d-4020-87f8-4582e4f3e833": {
    "asset": 1708354460000,
    "meta": 1708392890955,
    "relativePath": "Sound\\sfx_lose.mp3"
  },
  "68297e4f-9a6a-4386-a15f-3c401543966a": {
    "asset": 1708354460000,
    "meta": 1708392890943,
    "relativePath": "Sound\\sfx_glove.mp3"
  },
  "ddbf3cf9-220f-4e62-8e27-b4b6d6b3d392": {
    "asset": 1708354462000,
    "meta": 1708392890959,
    "relativePath": "Sound\\sfx_rainbowexplode.mp3"
  },
  "32c8c718-2e38-4297-b0c4-e09c47c26031": {
    "asset": 1708354462000,
    "meta": 1708392890964,
    "relativePath": "Sound\\sfx_show.mp3"
  },
  "56f8c4f8-834c-4a61-bfff-2e13bb43977d": {
    "asset": 1708354462000,
    "meta": 1708392890958,
    "relativePath": "Sound\\sfx_pick.mp3"
  },
  "5af38f39-d07b-446a-92cf-5fd6b5adf847": {
    "asset": 1708354462000,
    "meta": 1708392890968,
    "relativePath": "Sound\\sfx_textbonus2.MP3"
  },
  "c454244c-a65d-4b84-91de-b41f2cee4ddf": {
    "asset": 1708354462000,
    "meta": 1708392890966,
    "relativePath": "Sound\\sfx_textbonus1.mp3"
  },
  "b90956d9-f052-4af4-951d-ef6ecabda64c": {
    "asset": 1708354462000,
    "meta": 1708392890974,
    "relativePath": "Sound\\sfx_textbonus6.MP3"
  },
  "66db8b2e-a6f6-4c88-8c58-af9e84ff185a": {
    "asset": 1708354462000,
    "meta": 1708392890971,
    "relativePath": "Sound\\sfx_textbonus4.mp3"
  },
  "db07599e-ada9-4bf6-a5d5-54310a7ed0f7": {
    "asset": 1708354462000,
    "meta": 1708392890973,
    "relativePath": "Sound\\sfx_textbonus7.MP3"
  },
  "04969bc1-0d03-4865-8886-54bab82dc5e9": {
    "asset": 1708354462000,
    "meta": 1708392890980,
    "relativePath": "Sound\\sfx_win.mp3"
  },
  "7368487f-a2e8-46c4-b6b8-f4e29274133c": {
    "asset": 1708354462000,
    "meta": 1708392890976,
    "relativePath": "Sound\\sfx_textcompleted.MP3"
  },
  "f7503900-5ab7-4022-8b49-76a80753499a": {
    "asset": 1708354462000,
    "meta": 1708392890970,
    "relativePath": "Sound\\sfx_textbonus5.MP3"
  },
  "04c3909a-846e-4c09-b71d-5877fe6c7117": {
    "asset": 1708354462000,
    "meta": 1708392890990,
    "relativePath": "Sound\\sfx_write.mp3"
  },
  "d5db9412-0470-475f-a06a-7370a797f0c6": {
    "asset": 1708354462000,
    "meta": 1708392891110,
    "relativePath": "Sprites\\hand.png"
  },
  "eba74195-2466-44de-b7bc-bb77c9a8f06e": {
    "asset": 1708566950070,
    "meta": 1708566950077,
    "relativePath": "Animation\\Hand_Anim.anim"
  },
  "94be27e4-00f1-4cd8-94a3-27e40156f5f1": {
    "asset": 1708354462000,
    "meta": 1708392890985,
    "relativePath": "Sound\\woaaaaa.mp3"
  },
  "d3c1be51-c9c1-4fdb-bf38-6d178e3a426b": {
    "asset": 1708354460000,
    "meta": 1708392890470,
    "relativePath": "Particle\\particle_texture.png"
  },
  "3b48b8b7-11fc-4687-bd73-0f0db1443a24": {
    "asset": 1708354460000,
    "meta": 1708392892738,
    "relativePath": "Particle\\particle_texture.plist"
  },
  "602c7a74-adb4-4e09-a018-276c22a68b15": {
    "asset": 1708488117163,
    "meta": 1708488178399,
    "relativePath": "Spine\\flow 1"
  },
  "cb370d5b-d947-4629-bc66-fe63bfa5e836": {
    "asset": 1708488117183,
    "meta": 1708488178400,
    "relativePath": "Spine\\rainbow"
  },
  "fe5018f6-f523-4c8f-a00e-65f4956411e0": {
    "asset": 1707276163382,
    "meta": 1708395663546,
    "relativePath": "Spine\\flow 1\\Direction Boom.atlas.txt"
  },
  "2d8676fe-3d2c-46ad-93d2-46ab2b7b20d7": {
    "asset": 1708499957920,
    "meta": 1708508091955,
    "relativePath": "Spine\\star collect"
  },
  "34b13496-4843-4b71-b26d-57fc445f2aee": {
    "asset": 1707276863736,
    "meta": 1708395663550,
    "relativePath": "Spine\\rainbow\\rainbow.atlas.txt"
  },
  "ca4aa31f-1b0d-4670-b108-2b82761f8985": {
    "asset": 1707276617814,
    "meta": 1708395663560,
    "relativePath": "Spine\\star collect\\skeletons.atlas.txt"
  },
  "d623e462-874d-421c-a50f-7ad97995d22f": {
    "asset": 1707276617814,
    "meta": 1708395663580,
    "relativePath": "Spine\\star collect\\skeletons.png"
  },
  "e70ed002-0de4-4aa5-ac4a-34019b0881d7": {
    "asset": 1707276863735,
    "meta": 1708395663587,
    "relativePath": "Spine\\rainbow\\rainbow.png"
  },
  "8d34db5c-e855-4bd5-856d-0a7022cbd2fe": {
    "asset": 1707275184999,
    "meta": 1708395663597,
    "relativePath": "Sprites\\item1.png"
  },
  "d58b4c4c-1672-407b-8bb4-be9ec6945dd3": {
    "asset": 1707275199388,
    "meta": 1708395663599,
    "relativePath": "Sprites\\item2.png"
  },
  "2d8e1b9a-83fe-4885-a1c2-53626c69966f": {
    "asset": 1707276163381,
    "meta": 1708395663602,
    "relativePath": "Spine\\flow 1\\Direction Boom.png"
  },
  "91d9300f-f218-4c4e-8b78-b26f76b93a40": {
    "asset": 1707275219902,
    "meta": 1708395663615,
    "relativePath": "Sprites\\item3.png"
  },
  "cdbba1c4-e740-41cd-b5f1-b0c8001361b8": {
    "asset": 1707275229406,
    "meta": 1708395663615,
    "relativePath": "Sprites\\item5.png"
  },
  "6ec9d749-d227-4c05-98c0-6cb08d4c09bf": {
    "asset": 1707275193335,
    "meta": 1708395663616,
    "relativePath": "Sprites\\item4.png"
  },
  "4389bd7f-9009-40d4-9bfe-9a66e778180a": {
    "asset": 1707275208963,
    "meta": 1708395663618,
    "relativePath": "Sprites\\item6.png"
  },
  "d418aa1d-678e-4909-9feb-b9f48f59438a": {
    "asset": 1707275257528,
    "meta": 1708395663619,
    "relativePath": "Sprites\\item7.png"
  },
  "d778c458-4736-4b0e-8a48-b8dcbb761615": {
    "asset": 1707275302882,
    "meta": 1708395663640,
    "relativePath": "Sprites\\UI.png"
  },
  "9b70085a-4bb3-413e-a356-a3f8ce2e1f8f": {
    "asset": 1707275354615,
    "meta": 1708395663641,
    "relativePath": "Sprites\\map.png"
  },
  "377f2066-eea6-45d2-95b0-308df4dd4072": {
    "asset": 1707275404067,
    "meta": 1708395663660,
    "relativePath": "Sprites\\BG.png"
  },
  "eef6b3ad-e197-4a36-9ecf-75270d814d20": {
    "asset": 1707274862525,
    "meta": 1708395663662,
    "relativePath": "Sprites\\PREVIEW.png"
  },
  "8e0dc9b8-dfbb-4cb7-ac12-76292ff9af4e": {
    "asset": 1707276863603,
    "meta": 1708395663682,
    "relativePath": "Spine\\rainbow\\Rainbow.json"
  },
  "74a69a31-2a08-4876-b46a-0554d65efe4e": {
    "asset": 1708490290710,
    "meta": 1708490720626,
    "relativePath": "Prefab"
  },
  "03f2c7ae-a6f0-447d-af69-bad987db5e53": {
    "asset": 1708486405258,
    "meta": 1708486434748,
    "relativePath": "Script\\Data\\Ultils.ts"
  },
  "3b7f2b7e-cff0-416c-94b2-0cb1ee48f10c": {
    "asset": 1708488239019,
    "meta": 1708488241528,
    "relativePath": "Script\\MainGame"
  },
  "16602aaa-3028-486c-9065-450546670f9a": {
    "asset": 1708567508151,
    "meta": 1708567508163,
    "relativePath": "Prefab\\Circle.prefab"
  },
  "8e226ef6-c6ac-4954-9437-7f2fb48b173a": {
    "asset": 1708511458765,
    "meta": 1708511458769,
    "relativePath": "Prefab\\Cell.prefab"
  },
  "226dfe5c-870f-4073-a613-e1d89bf399b6": {
    "asset": 1708484839706,
    "meta": 1708490257693,
    "relativePath": "Sprites\\horizont.png"
  },
  "46b00500-1738-4caa-9659-01cda80a9f0e": {
    "asset": 1708484839707,
    "meta": 1708490257694,
    "relativePath": "Sprites\\vertycal.png"
  },
  "eccbdbfa-7214-4209-93a4-aa6871f402eb": {
    "asset": 1708484839706,
    "meta": 1708490257694,
    "relativePath": "Sprites\\rainbow.png"
  },
  "c55b06fa-b8ba-49b6-a3a1-cb79357ae4f0": {
    "asset": 1708508222264,
    "meta": 1708508222274,
    "relativePath": "Prefab\\Vertical.prefab"
  },
  "e3f2043d-4978-45db-9d46-a9c4929f1f6b": {
    "asset": 1708569209908,
    "meta": 1708569209918,
    "relativePath": "Prefab\\Horizontal.prefab"
  },
  "9df3f869-72df-4857-baa6-0ba4be4cbea5": {
    "asset": 1708571046360,
    "meta": 1708571046371,
    "relativePath": "Prefab\\Rainbow.prefab"
  },
  "83c43d5b-8507-4d86-ac19-79af5e8ba849": {
    "asset": 1705548459178,
    "meta": 1708499957953,
    "relativePath": "Spine\\star collect\\radial.png"
  },
  "9699f402-27ef-4523-85fb-8106876dc8ca": {
    "asset": 1708500228014,
    "meta": 1708500228023,
    "relativePath": "Spine\\Bomb"
  },
  "4a980fba-9874-4d22-a186-649c9b463d95": {
    "asset": 1708500083700,
    "meta": 1708500228031,
    "relativePath": "Spine\\Bomb\\Bomb.atlas.txt"
  },
  "24ab2494-1065-47e4-8d56-275906adf0a3": {
    "asset": 1708500179064,
    "meta": 1708500228035,
    "relativePath": "Spine\\Bomb\\Direction_Bomb.atlas.txt"
  },
  "49db13f8-9936-4ff2-b68c-319af0e5803e": {
    "asset": 1708500083699,
    "meta": 1708500228053,
    "relativePath": "Spine\\Bomb\\Bomb.png"
  },
  "90627aac-8f9a-4915-8041-5f71d10bc05e": {
    "asset": 1708500179063,
    "meta": 1708500228054,
    "relativePath": "Spine\\Bomb\\Direction_Bomb.png"
  },
  "c2a71dc3-dd70-43f5-9b4e-fd71e29eb965": {
    "asset": 1708500178950,
    "meta": 1708500228068,
    "relativePath": "Spine\\Bomb\\Direction_Bomb.json"
  },
  "43637c10-f9b9-415a-a583-f6861a8bbdbd": {
    "asset": 1708506964375,
    "meta": 1708506964386,
    "relativePath": "Animation\\Blink_Anim.anim"
  },
  "d4c4fc11-2862-49d7-98e9-7aba683124c5": {
    "asset": 1708507571374,
    "meta": 1708508091955,
    "relativePath": "Sound\\Using"
  },
  "227bfacc-c2e7-4812-bf0d-9deb4f49a8cf": {
    "asset": 1708354460000,
    "meta": 1708507360618,
    "relativePath": "Sound\\Using\\sfx_gem2.mp3"
  },
  "3b70fbb4-89d2-4f63-b729-b3cc95a0c163": {
    "asset": 1708354460000,
    "meta": 1708507360619,
    "relativePath": "Sound\\Using\\sfx_gem3.mp3"
  },
  "9ade9032-7b55-403f-b480-9bbced16ff81": {
    "asset": 1708354460000,
    "meta": 1708507360621,
    "relativePath": "Sound\\Using\\sfx_gem4.mp3"
  },
  "ca029554-c926-4dba-a2db-6a326ee55bbe": {
    "asset": 1708354460000,
    "meta": 1708507360622,
    "relativePath": "Sound\\Using\\sfx_gem1.mp3"
  },
  "2175aaca-9e03-49ef-b87c-c784a234ddf0": {
    "asset": 1708354460000,
    "meta": 1708507360623,
    "relativePath": "Sound\\Using\\sfx_collect.mp3"
  },
  "389e5be0-d37a-4d24-9e6b-ead998f4709f": {
    "asset": 1708507226748,
    "meta": 1708507360624,
    "relativePath": "Sound\\Using\\bgSound (2).mp3"
  },
  "4780c20f-c10d-42ac-9c4a-932d7038a2f0": {
    "asset": 1708354462000,
    "meta": 1708507360626,
    "relativePath": "Sound\\Using\\sfx_rainbowshow.mp3"
  },
  "1d051783-60fc-4c5c-8997-60d54c70835a": {
    "asset": 1708354460000,
    "meta": 1708507360627,
    "relativePath": "Sound\\Using\\sfx_gem5.mp3"
  },
  "71d8d5a1-7dfe-44a5-b82f-b90efa4d2ffc": {
    "asset": 1708354462000,
    "meta": 1708507571867,
    "relativePath": "Sound\\Using\\sfx_textbonus2.MP3"
  },
  "91843cd3-cb83-4945-aee6-c9225041ed1b": {
    "asset": 1708354462000,
    "meta": 1708507571868,
    "relativePath": "Sound\\Using\\sfx_textbonus5.MP3"
  },
  "7a49b606-bc8c-4ca8-b1a2-b303181b7c63": {
    "asset": 1708354462000,
    "meta": 1708507571869,
    "relativePath": "Sound\\Using\\sfx_textbonus6.MP3"
  },
  "28c8d2e8-ba76-4757-a29d-e23f5aa551c7": {
    "asset": 1708354462000,
    "meta": 1708507571869,
    "relativePath": "Sound\\Using\\sfx_textbonus1.mp3"
  },
  "3f18b873-1c72-40ff-b09c-ea3a6d67b4c1": {
    "asset": 1708354462000,
    "meta": 1708507571870,
    "relativePath": "Sound\\Using\\sfx_textbonus4.mp3"
  },
  "763745d3-5509-426d-bf09-51440c94e612": {
    "asset": 1708354460000,
    "meta": 1708507571871,
    "relativePath": "Sound\\Using\\sfx_filp.mp3"
  },
  "3b5a5b9d-4853-4586-94e3-5d786764a8a9": {
    "asset": 1708354462000,
    "meta": 1708507571878,
    "relativePath": "Sound\\Using\\sfx_textbonus7.MP3"
  },
  "4c7cff6b-0d22-4bdf-a709-b73d655337bf": {
    "asset": 1708508840623,
    "meta": 1708509181516,
    "relativePath": "Script\\Plugin\\AudioManager.ts"
  },
  "93f68af3-1eac-4963-98ad-eb62c6c379b3": {
    "asset": 1708566037069,
    "meta": 1708566047666,
    "relativePath": "Script\\MainGame\\Cell.ts"
  },
  "d3aba5b0-1108-408b-961f-e3017d559c4d": {
    "asset": 1708566230833,
    "meta": 1708566238019,
    "relativePath": "Script\\Plugin\\Responsive.ts"
  },
  "e906e583-19fb-480c-bf6a-e8d20ed240eb": {
    "asset": 1708568236762,
    "meta": 1708568238409,
    "relativePath": "Script\\MainGame\\GamesController.ts"
  },
  "9836134e-b892-4283-b6b2-78b5acf3ed45": {
    "asset": 1678068564944,
    "meta": 1709004952111,
    "relativePath": "effects"
  },
  "abc2cb62-7852-4525-a90d-d474487b88f2": {
    "asset": 1678068564928,
    "meta": 1709004952419,
    "relativePath": "effects\\builtin-phong.effect"
  },
  "e2f00085-c597-422d-9759-52c360279106": {
    "asset": 1678068564943,
    "meta": 1709004952483,
    "relativePath": "effects\\builtin-toon.effect"
  },
  "430eccbf-bf2c-4e6e-8c0c-884bbb487f32": {
    "asset": 1678068564944,
    "meta": 1709004952505,
    "relativePath": "effects\\__builtin-editor-gizmo-line.effect"
  },
  "6c5cf6e1-b044-4eac-9431-835644d57381": {
    "asset": 1678068564944,
    "meta": 1709004952518,
    "relativePath": "effects\\__builtin-editor-gizmo-unlit.effect"
  },
  "115286d1-2e10-49ee-aab4-341583f607e8": {
    "asset": 1678068564944,
    "meta": 1709004952557,
    "relativePath": "effects\\__builtin-editor-gizmo.effect"
  },
  "f8e6b000-5643-4b86-9080-aa680ce1f599": {
    "asset": 1678068564978,
    "meta": 1709004952111,
    "relativePath": "image"
  },
  "71561142-4c83-4933-afca-cb7a17f67053": {
    "asset": 1678068564944,
    "meta": 1709004952592,
    "relativePath": "image\\default_btn_disabled.png"
  },
  "e851e89b-faa2-4484-bea6-5c01dd9f06e2": {
    "asset": 1678068564944,
    "meta": 1709004952597,
    "relativePath": "image\\default_btn_normal.png"
  },
  "b43ff3c2-02bb-4874-81f7-f2dea6970f18": {
    "asset": 1678068564944,
    "meta": 1709004952596,
    "relativePath": "image\\default_btn_pressed.png"
  },
  "d81ec8ad-247c-4e62-aa3c-d35c4193c7af": {
    "asset": 1678068564961,
    "meta": 1709004952593,
    "relativePath": "image\\default_panel.png"
  },
  "edd215b9-2796-4a05-aaf5-81f96c9281ce": {
    "asset": 1678068564961,
    "meta": 1709004952595,
    "relativePath": "image\\default_editbox_bg.png"
  },
  "600301aa-3357-4a10-b086-84f011fa32ba": {
    "asset": 1678068564944,
    "meta": 1709004952616,
    "relativePath": "image\\default-particle.png"
  },
  "567dcd80-8bf4-4535-8a5a-313f1caf078a": {
    "asset": 1678068564961,
    "meta": 1709004952614,
    "relativePath": "image\\default_radio_button_off.png"
  },
  "cfef78f1-c8df-49b7-8ed0-4c953ace2621": {
    "asset": 1678068564961,
    "meta": 1709004952611,
    "relativePath": "image\\default_progressbar.png"
  },
  "0291c134-b3da-4098-b7b5-e397edbe947f": {
    "asset": 1678068564961,
    "meta": 1709004952619,
    "relativePath": "image\\default_scrollbar.png"
  },
  "99170b0b-d210-46f1-b213-7d9e3f23098a": {
    "asset": 1678068564961,
    "meta": 1709004952617,
    "relativePath": "image\\default_progressbar_bg.png"
  },
  "9d60001f-b5f4-4726-a629-2659e3ded0b8": {
    "asset": 1678068564961,
    "meta": 1709004952613,
    "relativePath": "image\\default_radio_button_on.png"
  },
  "4bab67cb-18e6-4099-b840-355f0473f890": {
    "asset": 1678068564961,
    "meta": 1709004952628,
    "relativePath": "image\\default_scrollbar_bg.png"
  },
  "d6d3ca85-4681-47c1-b5dd-d036a9d39ea2": {
    "asset": 1678068564977,
    "meta": 1709004952631,
    "relativePath": "image\\default_scrollbar_vertical.png"
  },
  "5c3eedba-6c41-4c0c-9ba7-d91f813cbd1c": {
    "asset": 1678068564994,
    "meta": 1709004952112,
    "relativePath": "materials"
  },
  "6e056173-d285-473c-b206-40a7fff5386e": {
    "asset": 1678068564978,
    "meta": 1709004952634,
    "relativePath": "image\\default_sprite.png"
  },
  "fc09f9bd-2cce-4605-b630-8145ef809ed6": {
    "asset": 1678068564994,
    "meta": 1709004952113,
    "relativePath": "misc"
  },
  "0275e94c-56a7-410f-bd1a-fc7483f7d14a": {
    "asset": 1678068564978,
    "meta": 1709004952630,
    "relativePath": "image\\default_sprite_splash.png"
  },
  "db019bf7-f71c-4111-98cf-918ea180cb48": {
    "asset": 1678068565011,
    "meta": 1709004952114,
    "relativePath": "model"
  },
  "617323dd-11f4-4dd3-8eec-0caf6b3b45b9": {
    "asset": 1678068564978,
    "meta": 1709004952632,
    "relativePath": "image\\default_scrollbar_vertical_bg.png"
  },
  "e39e96e6-6f6e-413f-bcf1-ac7679bb648a": {
    "asset": 1678068565011,
    "meta": 1709004952636,
    "relativePath": "model\\prefab"
  },
  "73a0903d-d80e-4e3c-aa67-f999543c08f5": {
    "asset": 1678068564978,
    "meta": 1709004952635,
    "relativePath": "image\\default_toggle_checkmark.png"
  },
  "c4480a0a-6ac5-443f-8b40-361a14257fc8": {
    "asset": 1678068564994,
    "meta": 1709004953095,
    "relativePath": "materials\\builtin-phong.mtl"
  },
  "a87cc147-01b2-43f8-8e42-a7ca90b0c757": {
    "asset": 1678068564994,
    "meta": 1709004952748,
    "relativePath": "model\\prefab\\box.prefab"
  },
  "fe1417b6-fe6b-46a4-ae7c-9fd331f33a2a": {
    "asset": 1678068564994,
    "meta": 1709004952750,
    "relativePath": "model\\prefab\\capsule.prefab"
  },
  "c25b9d50-c8fc-4d27-beeb-6e7c1f2e5c0f": {
    "asset": 1678068564978,
    "meta": 1709004952675,
    "relativePath": "image\\default_toggle_disabled.png"
  },
  "b5fc2cf2-7942-483d-be1f-bbeadc4714ad": {
    "asset": 1678068564994,
    "meta": 1709004952752,
    "relativePath": "model\\prefab\\cone.prefab"
  },
  "1c5e4038-953a-44c2-b620-0bbfc6170477": {
    "asset": 1678068565011,
    "meta": 1709004952754,
    "relativePath": "model\\prefab\\cylinder.prefab"
  },
  "2be36297-9abb-4fee-8049-9ed5e271da8a": {
    "asset": 1678068564994,
    "meta": 1709004952688,
    "relativePath": "misc\\default_video.mp4"
  },
  "f6e6dd15-71d1-4ffe-ace7-24fd39942c05": {
    "asset": 1678068565028,
    "meta": 1709004952115,
    "relativePath": "obsolete"
  },
  "d29077ba-1627-4a72-9579-7b56a235340c": {
    "asset": 1678068564978,
    "meta": 1709004952677,
    "relativePath": "image\\default_toggle_normal.png"
  },
  "3f376125-a699-40ca-ad05-04d662eaa1f2": {
    "asset": 1678068565011,
    "meta": 1709004952758,
    "relativePath": "model\\prefab\\plane.prefab"
  },
  "b181c1e4-0a72-4a91-bfb0-ae6f36ca60bd": {
    "asset": 1678068564978,
    "meta": 1709004952682,
    "relativePath": "image\\default_toggle_pressed.png"
  },
  "f743d2b6-b7ea-4c14-a55b-547ed4d0a045": {
    "asset": 1678068565028,
    "meta": 1709004952117,
    "relativePath": "particle"
  },
  "6c9ef10d-b479-420b-bfe6-39cdda6a8ae0": {
    "asset": 1678068565011,
    "meta": 1709004952760,
    "relativePath": "model\\prefab\\quad.prefab"
  },
  "de510076-056b-484f-b94c-83bef217d0e1": {
    "asset": 1678068565011,
    "meta": 1709004952764,
    "relativePath": "model\\prefab\\torus.prefab"
  },
  "ae6c6c98-11e4-452f-8758-75f5c6a56e83": {
    "asset": 1678068565102,
    "meta": 1709004952118,
    "relativePath": "prefab"
  },
  "2d9a4b85-b0ab-4c46-84c5-18f393ab2058": {
    "asset": 1678068565011,
    "meta": 1709004952762,
    "relativePath": "model\\prefab\\sphere.prefab"
  },
  "897ef7a1-4860-4f64-968d-f5924b18668a": {
    "asset": 1678068565028,
    "meta": 1709004952686,
    "relativePath": "prefab\\2d-camera.prefab"
  },
  "70bbeb73-6dc2-4ee4-8faf-76b3a0e34ec4": {
    "asset": 1678068565044,
    "meta": 1709004952695,
    "relativePath": "prefab\\3d-particle.prefab"
  },
  "70d7cdb0-04cd-41bb-9480-c06a4785f386": {
    "asset": 1678068565044,
    "meta": 1709004952693,
    "relativePath": "prefab\\3d-camera.prefab"
  },
  "ed88f13d-fcad-4848-aa35-65a2cb973584": {
    "asset": 1678068565044,
    "meta": 1709004952699,
    "relativePath": "prefab\\3d-stage.prefab"
  },
  "972b9a4d-47ee-4c74-b5c3-61d8a69bc29f": {
    "asset": 1678068565044,
    "meta": 1709004952701,
    "relativePath": "prefab\\button.prefab"
  },
  "2c937608-2562-40ea-b264-7395df6f0cea": {
    "asset": 1678068565044,
    "meta": 1709004952705,
    "relativePath": "prefab\\canvas.prefab"
  },
  "61aeb05b-3b32-452b-8eed-2b76deeed554": {
    "asset": 1678068565044,
    "meta": 1709004952707,
    "relativePath": "prefab\\editbox.prefab"
  },
  "a3ee0214-b432-4865-9666-4a3211814282": {
    "asset": 1678068565061,
    "meta": 1709004952702,
    "relativePath": "prefab\\light"
  },
  "27756ebb-3d33-44b0-9b96-e858fadd4dd4": {
    "asset": 1678068565044,
    "meta": 1709004952709,
    "relativePath": "prefab\\label.prefab"
  },
  "785a442c-3ceb-45be-a46e-7317f625f3b9": {
    "asset": 1678068565044,
    "meta": 1709004952711,
    "relativePath": "prefab\\layout.prefab"
  },
  "cd33edea-55f5-46c2-958d-357a01384a36": {
    "asset": 1678068565061,
    "meta": 1709004952716,
    "relativePath": "prefab\\particlesystem.prefab"
  },
  "ca8401fe-ad6e-41a8-bd46-8e3e4e9945be": {
    "asset": 1678068565061,
    "meta": 1709004952715,
    "relativePath": "prefab\\pageview.prefab"
  },
  "5965ffac-69da-4b55-bcde-9225d0613c28": {
    "asset": 1678068565077,
    "meta": 1709004952720,
    "relativePath": "prefab\\progressBar.prefab"
  },
  "4a37dd57-78cd-4cec-aad4-f11a73d12b63": {
    "asset": 1678068565078,
    "meta": 1709004952718,
    "relativePath": "prefab\\richtext.prefab"
  },
  "0004d1cf-a0ad-47d8-ab17-34d3db9d35a3": {
    "asset": 1678068565078,
    "meta": 1709004952725,
    "relativePath": "prefab\\slider.prefab"
  },
  "32044bd2-481f-4cf1-a656-e2b2fb1594eb": {
    "asset": 1678068565078,
    "meta": 1709004952723,
    "relativePath": "prefab\\scrollview.prefab"
  },
  "7de03a80-4457-438d-95a7-3e7cdffd6086": {
    "asset": 1678068565078,
    "meta": 1709004952731,
    "relativePath": "prefab\\tiledmap.prefab"
  },
  "96083d03-c332-4a3f-9386-d03e2d19e8ee": {
    "asset": 1678068565078,
    "meta": 1709004952721,
    "relativePath": "prefab\\sprite.prefab"
  },
  "1f55e3be-b89b-4b79-88de-47fd31018044": {
    "asset": 1678068565078,
    "meta": 1709004952728,
    "relativePath": "prefab\\sprite_splash.prefab"
  },
  "8a96b965-2dc0-4e03-aa90-3b79cb93b5b4": {
    "asset": 1678068565028,
    "meta": 1709004952683,
    "relativePath": "obsolete\\atom.png"
  },
  "0e42ba95-1fa1-46aa-b2cf-143cd1bcee2c": {
    "asset": 1678068565078,
    "meta": 1709004952730,
    "relativePath": "prefab\\tiledtile.prefab"
  },
  "0d784963-d024-4ea6-a7db-03be0ad63010": {
    "asset": 1678068565093,
    "meta": 1709004952736,
    "relativePath": "prefab\\toggle.prefab"
  },
  "d0a82d39-bede-46c4-b698-c81ff0dedfff": {
    "asset": 1678068565028,
    "meta": 1709004952696,
    "relativePath": "particle\\atom.png"
  },
  "bf0a434c-84dd-4a8e-a08a-7a36f180cc75": {
    "asset": 1678068565095,
    "meta": 1709004952739,
    "relativePath": "prefab\\toggleContainer.prefab"
  },
  "d1b8be49-b0a0-435c-83b7-552bed4bbe35": {
    "asset": 1678068565097,
    "meta": 1709004952741,
    "relativePath": "prefab\\toggleGroup.prefab"
  },
  "232d2782-c4bd-4bb4-9e01-909f03d6d3b9": {
    "asset": 1678068565099,
    "meta": 1709004952743,
    "relativePath": "prefab\\videoplayer.prefab"
  },
  "8c5001fd-07ee-4a4b-a8a0-63e15195e94d": {
    "asset": 1678068565101,
    "meta": 1709004952744,
    "relativePath": "prefab\\webview.prefab"
  },
  "d8afc78c-4eac-4a9f-83dd-67bc70344d33": {
    "asset": 1678068565111,
    "meta": 1709004952119,
    "relativePath": "resources"
  },
  "61906da3-7003-4bda-9abc-5769c76faee4": {
    "asset": 1678068565061,
    "meta": 1709004952782,
    "relativePath": "prefab\\light\\ambient.prefab"
  },
  "294c1663-4adf-4a1e-a795-53808011a38a": {
    "asset": 1678068565111,
    "meta": 1709004952737,
    "relativePath": "resources\\effects"
  },
  "ddb99b39-7004-47cd-9705-751905c43c46": {
    "asset": 1678068565061,
    "meta": 1709004952979,
    "relativePath": "prefab\\light\\directional.prefab"
  },
  "bbee2217-c261-49bd-a8ce-708d6bcc3500": {
    "asset": 1678068565145,
    "meta": 1709004952738,
    "relativePath": "resources\\materials"
  },
  "30682f87-9f0d-4f17-8a44-72863791461b": {
    "asset": 1678068565106,
    "meta": 1709004952781,
    "relativePath": "resources\\effects\\builtin-2d-graphics.effect"
  },
  "144c3297-af63-49e8-b8ef-1cfa29b3be28": {
    "asset": 1678068565107,
    "meta": 1709004952800,
    "relativePath": "resources\\effects\\builtin-2d-gray-sprite.effect"
  },
  "f18742d7-56d2-4eb5-ae49-2d9d710b37c8": {
    "asset": 1678068565110,
    "meta": 1709004952816,
    "relativePath": "resources\\effects\\builtin-2d-label.effect"
  },
  "0e93aeaa-0b53-4e40-b8e0-6268b4e07bd7": {
    "asset": 1678068565111,
    "meta": 1709004952832,
    "relativePath": "resources\\effects\\builtin-2d-spine.effect"
  },
  "2874f8dd-416c-4440-81b7-555975426e93": {
    "asset": 1678068565111,
    "meta": 1709004952848,
    "relativePath": "resources\\effects\\builtin-2d-sprite.effect"
  },
  "829a282c-b049-4019-bd38-5ace8d8a6417": {
    "asset": 1678068565111,
    "meta": 1709004952918,
    "relativePath": "resources\\effects\\builtin-3d-particle.effect"
  },
  "0cf30284-9073-46bc-9eba-e62b69dbbff3": {
    "asset": 1678068565061,
    "meta": 1709004952976,
    "relativePath": "prefab\\light\\point.prefab"
  },
  "2a7c0036-e0b3-4fe1-8998-89a54b8a2bec": {
    "asset": 1678068565111,
    "meta": 1709004952943,
    "relativePath": "resources\\effects\\builtin-3d-trail.effect"
  },
  "c0040c95-c57f-49cd-9cbc-12316b73d0d4": {
    "asset": 1678068565111,
    "meta": 1709004952954,
    "relativePath": "resources\\effects\\builtin-clear-stencil.effect"
  },
  "b2687ac4-099e-403c-a192-ff477686f4f5": {
    "asset": 1678068565028,
    "meta": 1709004953141,
    "relativePath": "particle\\atom.plist"
  },
  "6d91e591-4ce0-465c-809f-610ec95019c6": {
    "asset": 1678068565111,
    "meta": 1709004952974,
    "relativePath": "resources\\effects\\builtin-unlit.effect"
  },
  "b8223619-7e38-47c4-841f-9160c232495a": {
    "asset": 1678068565026,
    "meta": 1709004953141,
    "relativePath": "obsolete\\atom.plist"
  },
  "f5331fd2-bf42-4ee3-a3fd-3e1657600eff": {
    "asset": 1678068565061,
    "meta": 1709004952978,
    "relativePath": "prefab\\light\\spot.prefab"
  },
  "a153945d-2511-4c14-be7b-05d242f47d57": {
    "asset": 1678068565128,
    "meta": 1709004953122,
    "relativePath": "resources\\materials\\builtin-2d-graphics.mtl"
  },
  "6f801092-0c37-4f30-89ef-c8d960825b36": {
    "asset": 1678068565128,
    "meta": 1709004953124,
    "relativePath": "resources\\materials\\builtin-2d-base.mtl"
  },
  "3a7bb79f-32fd-422e-ada2-96f518fed422": {
    "asset": 1678068565128,
    "meta": 1709004953123,
    "relativePath": "resources\\materials\\builtin-2d-gray-sprite.mtl"
  },
  "e02d87d4-e599-4d16-8001-e14891ac6506": {
    "asset": 1678068565128,
    "meta": 1709004953125,
    "relativePath": "resources\\materials\\builtin-2d-label.mtl"
  },
  "7afd064b-113f-480e-b793-8817d19f63c3": {
    "asset": 1678068565128,
    "meta": 1709004953125,
    "relativePath": "resources\\materials\\builtin-2d-spine.mtl"
  },
  "eca5d2f2-8ef6-41c2-bbe6-f9c79d09c432": {
    "asset": 1678068565128,
    "meta": 1709004953126,
    "relativePath": "resources\\materials\\builtin-2d-sprite.mtl"
  },
  "432fa09c-cf03-4cff-a186-982604408a07": {
    "asset": 1678068565128,
    "meta": 1709004953129,
    "relativePath": "resources\\materials\\builtin-3d-particle.mtl"
  },
  "466d4f9b-e5f4-4ea8-85d5-3c6e9a65658a": {
    "asset": 1678068565128,
    "meta": 1709004953128,
    "relativePath": "resources\\materials\\builtin-3d-trail.mtl"
  },
  "cf7e0bb8-a81c-44a9-ad79-d28d43991032": {
    "asset": 1678068565145,
    "meta": 1709004953127,
    "relativePath": "resources\\materials\\builtin-clear-stencil.mtl"
  },
  "2a296057-247c-4a1c-bbeb-0548b6c98650": {
    "asset": 1678068565145,
    "meta": 1709004953129,
    "relativePath": "resources\\materials\\builtin-unlit.mtl"
  },
  "954fec8b-cd16-4bb9-a3b7-7719660e7558": {
    "asset": 1678068565011,
    "meta": 1709004958543,
    "relativePath": "model\\primitives.fbx"
  },
  "fd2f4afe-11bb-499d-a992-1f61db71f204": {
    "asset": 1709015060535,
    "meta": 1709018093719,
    "relativePath": "Script\\MainGame\\CellEnums.ts"
  },
  "3b838adc-85f6-4367-b114-3bac35547b5d": {
    "asset": 1709018738758,
    "meta": 1709018810153,
    "relativePath": "Script\\MainGame\\CircleEnums.ts"
  },
  "713b58fa-976a-4c3b-bf4b-830f44a81245": {
    "asset": 1709021209988,
    "meta": 1709021284183,
    "relativePath": "Script\\MainGame\\ClassHelpers.ts"
  },
  "eaccbffa-f456-43bb-aac2-e18991fae016": {
    "asset": 1709021789513,
    "meta": 1709022505476,
    "relativePath": "Script\\Data\\constants.ts"
  },
  "7dbc7784-d9dd-4080-a780-1b7e039fbded": {
    "asset": 1709024688293,
    "meta": 1709024737756,
    "relativePath": "Script\\MainGame\\Circle.ts"
  },
  "bfa61d66-04dd-40b6-8f1b-9954e23621b0": {
    "asset": 1709024735992,
    "meta": 1709024737974,
    "relativePath": "Script\\MainGame\\GameField.ts"
  }
}