{
    "unity": {
        "packages": {
            "default": {
                "applicationName": "CatEscape_Op18",
                "iosLink": "https://itunes.apple.com/us/app/id6450246575?mt=8",
                "androidLink": "https://play.google.com/store/apps/details?id=com.an.catescape.thecatgame",
                "orientation": "unspecified",
                "supportedLanguages": [
                    "en"
                ]
            },
            "ironsource": {
                "appID": "",
                "assetID": "",
                "applicationGenre": "",
                "versionName": "",
                "apiType": 0,
                "playableMode": 0,
                "packageType": 0
            },
            "facebook": {
                "assetID": "",
                "packageType": 0
            },
            "tiktok": {
                "orientation": 0
            }
        }
    }
}