{
  "__type__": "cc.AnimationClip",
  "_name": "CTA_Anim",
  "_objFlags": 0,
  "_native": "",
  "_duration": 1.5,
  "sample": 60,
  "speed": 1,
  "wrapMode": 1,
  "curveData": {
    "paths": {
      "overlay": {
        "props": {
          "opacity": [
            {
              "frame": 0,
              "value": 0
            },
            {
              "frame": 0.5,
              "value": 150
            }
          ]
        }
      },
      "btn_play": {
        "props": {
          "opacity": [
            {
              "frame": 0.5,
              "value": 0
            },
            {
              "frame": 1,
              "value": 255
            }
          ]
        }
      },
      "btn_play/baseHand": {
        "props": {
          "opacity": [
            {
              "frame": 1,
              "value": 0
            },
            {
              "frame": 1.5,
              "value": 255
            }
          ]
        }
      }
    }
  },
  "events": []
}