{"skeleton":{"hash":"piJGcgW4husmH3EDY9lZlOvnfUA","spine":"3.8.99","x":-204.29,"y":28.69,"width":409,"height":191,"images":"./images/","audio":"C:/Users/Admin/Desktop/Cut The Levels/Rope02"},"bones":[{"name":"root"},{"name":"bone","parent":"root"},{"name":"bone2","parent":"bone","x":112.27,"y":175.77},{"name":"bone3","parent":"bone","x":117.22,"y":112.75},{"name":"bone4","parent":"bone","x":90.32,"y":61.78},{"name":"bone5","parent":"bone","x":-127.04,"y":170.1},{"name":"bone6","parent":"bone","x":-119.25,"y":114.88},{"name":"bone7","parent":"bone","x":-120.67,"y":66.74}],"slots":[{"name":"base","bone":"bone","attachment":"base"},{"name":"6","bone":"bone7","attachment":"6"},{"name":"5","bone":"bone4","attachment":"5"},{"name":"4","bone":"bone3","attachment":"4"},{"name":"3","bone":"bone6","attachment":"3"},{"name":"2","bone":"bone2","attachment":"2"},{"name":"1","bone":"bone5","attachment":"1"}],"skins":[{"name":"default","attachments":{"1":{"1":{"x":50.75,"y":4.59,"width":246,"height":90}},"2":{"2":{"x":-26.05,"y":-2.58,"width":221,"height":87}},"3":{"3":{"x":34.96,"y":11.31,"width":240,"height":97}},"4":{"4":{"x":-47.01,"y":3.94,"width":269,"height":80}},"5":{"5":{"x":24.39,"y":18.91,"width":152,"height":90}},"6":{"6":{"x":66.38,"y":2.46,"width":300,"height":81}},"base":{"base":{"x":0.21,"y":124.19,"width":409,"height":191}}}}],"animations":{"break":{"slots":{"1":{"color":[{"time":0.2667,"color":"ffffffff"},{"time":0.3333,"color":"ffffff00"}],"attachment":[{"time":0.3333,"name":null}]},"2":{"color":[{"time":0.2667,"color":"ffffffff"},{"time":0.3333,"color":"ffffff00"}],"attachment":[{"time":0.3333,"name":null}]},"3":{"color":[{"time":0.2667,"color":"ffffffff"},{"time":0.3333,"color":"ffffff00"}],"attachment":[{"time":0.3333,"name":null}]},"4":{"color":[{"time":0.2667,"color":"ffffffff"},{"time":0.3333,"color":"ffffff00"}],"attachment":[{"time":0.3333,"name":null}]},"5":{"color":[{"time":0.2667,"color":"ffffffff"},{"time":0.3333,"color":"ffffff00"}],"attachment":[{"time":0.3333,"name":null}]},"6":{"color":[{"time":0.2667,"color":"ffffffff"},{"time":0.3333,"color":"ffffff00"}],"attachment":[{"time":0.3333,"name":null}]},"base":{"attachment":[{"time":0.0667,"name":null}]}},"bones":{"bone":{"scale":[{"curve":0.25,"c3":0.75},{"time":0.0667,"x":1.124}]},"bone3":{"rotate":[{"time":0.0667,"curve":0.25,"c3":0.75},{"time":0.1667,"angle":3.6},{"time":0.3333}],"translate":[{"time":0.0667,"curve":0.25,"c3":0.75},{"time":0.3333,"x":757.82}],"scale":[{"time":0.0667,"curve":0.25,"c3":0.75},{"time":0.1667,"x":2.052},{"time":0.3333}]},"bone2":{"rotate":[{"time":0.0667,"curve":0.25,"c3":0.75},{"time":0.1667,"angle":11.55},{"time":0.3333,"angle":18}],"translate":[{"time":0.0667,"curve":0.25,"c4":0.69},{"time":0.3333,"x":852.95,"y":352.06}],"scale":[{"time":0.0667,"curve":0.25,"c3":0.75},{"time":0.1667,"x":2.052},{"time":0.3333}]},"bone4":{"rotate":[{"time":0.0667,"curve":0.25,"c3":0.75},{"time":0.1667,"angle":-13.8},{"time":0.3333,"angle":-24}],"translate":[{"time":0.0667,"curve":0.25,"c4":0.69},{"time":0.3333,"x":722.77,"y":-348.88}],"scale":[{"time":0.0667,"curve":0.25,"c3":0.75},{"time":0.1667,"x":2.052},{"time":0.3333}]},"bone6":{"rotate":[{"time":0.0667,"curve":0.25,"c3":0.75},{"time":0.1667,"angle":1.2},{"time":0.3333}],"translate":[{"time":0.0667,"curve":0.25,"c4":0.69},{"time":0.3333,"x":-834.27,"y":18.87}],"scale":[{"time":0.0667,"curve":0.25,"c3":0.75},{"time":0.1667,"x":2.052},{"time":0.3333}]},"bone5":{"rotate":[{"time":0.0667,"curve":0.25,"c3":0.75},{"time":0.1667,"angle":-12.15},{"time":0.3333,"angle":-13.2}],"translate":[{"time":0.0667,"curve":0.25,"c4":0.69},{"time":0.3333,"x":-659.03,"y":354.04}],"scale":[{"time":0.0667,"curve":0.25,"c3":0.75},{"time":0.1667,"x":2.052},{"time":0.3333}]},"bone7":{"rotate":[{"time":0.0667,"curve":0.25,"c3":0.75},{"time":0.1667,"angle":6.75,"curve":0.25,"c4":0.56},{"time":0.3333,"angle":8.4}],"translate":[{"time":0.0667,"curve":0.25,"c4":0.69},{"time":0.3333,"x":-744.15,"y":-301.64}],"scale":[{"time":0.0667,"curve":0.25,"c3":0.75},{"time":0.1667,"x":2.052,"curve":0.25,"c4":0.56},{"time":0.3333}]}}},"idle":{"bones":{"bone":{"scale":[{"curve":0.25,"c3":0.75},{"time":0.5,"x":1.025,"curve":0.25,"c3":0.75},{"time":1}]}}}}}