{"skeleton":{"hash":"pTI+AaQsTmc","spine":"3.8-from-4.0-from-4.1.24","x":-464,"y":-21,"width":966,"height":994,"images":"./images/","audio":"D:/CR17_DRAW ONE PART/Story_17/images"},"bones":[{"name":"root"},{"name":"Main","parent":"root","y":-50,"color":"ff0000ff"},{"name":"car","parent":"Main","length":100.33,"rotation":-153.84,"x":349.48,"y":153.81},{"name":"car2","parent":"car","length":60.62,"rotation":-114.34,"x":-29.65,"y":-103.68},{"name":"body","parent":"Main","length":146.74,"rotation":90.28,"x":-110.75,"y":338.03},{"name":"body2","parent":"body","length":121.74,"rotation":1.41,"x":146.74},{"name":"L_arm","parent":"body2","length":80.31,"rotation":-146.88,"x":87.47,"y":-1.87},{"name":"wave_2","parent":"L_arm","length":17.14,"rotation":90.07,"x":178.39,"y":228.81},{"name":"wave_1","parent":"car","length":17.86,"rotation":-102.13,"x":-52.14,"y":-169.24},{"name":"tail","parent":"body","length":106.61,"rotation":72.55,"x":19.35,"y":42.34},{"name":"tail2","parent":"tail","length":92.34,"rotation":-12.39,"x":106.61},{"name":"tail3","parent":"tail2","length":73.38,"rotation":-19.56,"x":92.34},{"name":"tail4","parent":"tail3","length":90.11,"rotation":-23.78,"x":73.38},{"name":"eyes","parent":"body2","rotation":-91.68,"x":139.54,"y":0.75},{"name":"L_leg","parent":"body","length":126.35,"rotation":166.52,"x":26.74,"y":26.56},{"name":"L_leg2","parent":"L_leg","length":88,"rotation":-1.27,"x":126.35},{"name":"L_leg3","parent":"L_leg2","length":94.84,"rotation":-21.98,"x":88},{"name":"R_leg","parent":"body","length":118.2,"rotation":-179.95,"x":39.53,"y":-27.79},{"name":"R_leg2","parent":"R_leg","length":81.38,"rotation":-5.18,"x":118.2},{"name":"R_leg3","parent":"R_leg2","length":146.09,"rotation":87.82,"x":81.38},{"name":"pupil","parent":"eyes","length":36.9,"rotation":99.81,"x":36.81,"y":67.64},{"name":"mouth","parent":"eyes","length":27.51,"rotation":95.62,"x":37.25,"y":13.77},{"name":"eyebrowns","parent":"eyes","length":24.61,"rotation":103.67,"x":22.01,"y":167.07},{"name":"IK_Leg_L","parent":"Main","x":-89.35,"y":180.47,"color":"ff3f00ff"},{"name":"IK_Foot_L","parent":"IK_Leg_L","x":145,"y":-17.87,"color":"ff3f00ff"},{"name":"IK_Leg_R","parent":"Main","x":-187.58,"y":157.6,"color":"ff3f00ff"},{"name":"IK_Foot_R","parent":"IK_Leg_R","x":-54.87,"y":-76.58,"color":"ff3f00ff"}],"slots":[{"name":"cat_shadow","bone":"Main","attachment":"cat_shadow"},{"name":"draw","bone":"Main","attachment":"draw"},{"name":"tail","bone":"tail","attachment":"tail"},{"name":"R_leg","bone":"R_leg","attachment":"R_leg"},{"name":"R_arm","bone":"L_arm","attachment":"R_arm"},{"name":"body","bone":"body","attachment":"body"},{"name":"L_leg","bone":"L_leg","attachment":"L_leg"},{"name":"L_arm","bone":"L_arm","attachment":"L_arm"},{"name":"eyes","bone":"eyes","attachment":"eyes"},{"name":"pupil","bone":"pupil","attachment":"pupil"},{"name":"mouth","bone":"mouth","attachment":"mouth"},{"name":"eyebrowns","bone":"eyebrowns","attachment":"eyebrowns"},{"name":"car_shadow","bone":"car","attachment":"car_shadow"},{"name":"car","bone":"car","attachment":"car"},{"name":"wave_2","bone":"wave_2","attachment":"wave_2"},{"name":"wave_1","bone":"wave_1","attachment":"wave_1"}],"ik":[{"name":"IK_Foot_L","order":1,"bones":["R_leg3"],"target":"IK_Foot_L"},{"name":"IK_Foot_R","order":3,"bones":["L_leg3"],"target":"IK_Foot_R"},{"name":"IK_Leg_L","bones":["R_leg","R_leg2"],"target":"IK_Leg_L","bendPositive":false},{"name":"IK_Leg_R","order":2,"bones":["L_leg","L_leg2"],"target":"IK_Leg_R"}],"skins":[{"name":"default","attachments":{"body":{"body":{"type":"mesh","uvs":[1,1,0.75,1,0.5,1,0.25,1,0,1,0,0.8,0,0.6,0,0.4,0,0.2,0,0,0.25,0,0.5,0,0.75,0,1,0,1,0.2,1,0.4,1,0.6,1,0.8,0.75,0.8,0.5,0.8,0.25,0.8,0.75,0.6,0.5,0.6,0.25,0.6,0.75,0.4,0.5,0.4,0.25,0.4,0.75,0.2,0.5,0.2,0.25,0.2],"triangles":[8,9,10,29,8,10,7,8,29,26,7,29,29,10,11,28,29,11,26,29,28,25,26,28,23,26,25,28,11,12,27,28,12,25,28,27,24,25,27,22,25,24,27,12,13,14,27,13,24,27,14,15,24,14,6,7,26,23,6,26,5,6,23,20,5,23,4,5,20,3,4,20,22,23,25,20,23,22,19,20,22,3,20,19,2,3,19,21,22,24,19,22,21,18,19,21,2,19,18,1,2,18,21,24,15,16,21,15,18,21,16,17,18,16,1,18,17,0,1,17],"vertices":[1,4,-31.76,-137.6,1,1,4,-31.44,-71.35,1,1,4,-31.11,-5.1,1,1,4,-30.79,61.15,1,1,4,-30.47,127.4,1,2,4,33.93,127.08,0.98856,5,-109.66,129.81,0.01144,2,4,98.33,126.77,0.8395,5,-45.29,127.92,0.1605,2,4,162.73,126.45,0.43021,5,19.09,126.02,0.56979,2,4,227.13,126.14,0.08913,5,83.46,124.13,0.91087,2,4,291.53,125.82,0.00184,5,147.83,122.24,0.99816,1,5,145.88,56.01,1,1,5,143.94,-10.21,1,2,4,290.56,-72.92,0.00226,5,141.99,-76.43,0.99774,2,4,290.23,-139.17,0.01336,5,140.04,-142.65,0.98664,2,4,225.84,-138.86,0.11064,5,75.67,-140.76,0.88936,2,4,161.44,-138.54,0.42575,5,11.3,-138.86,0.57425,2,4,97.04,-138.23,0.79534,5,-53.08,-136.97,0.20466,2,4,32.64,-137.92,0.96933,5,-117.45,-135.08,0.03067,2,4,32.96,-71.67,0.98807,5,-115.5,-68.86,0.01193,1,4,33.28,-5.42,1,2,4,33.61,60.83,0.99848,5,-111.61,63.59,0.00152,2,4,97.36,-71.98,0.85971,5,-51.13,-70.75,0.14029,2,4,97.68,-5.73,0.99886,5,-49.18,-4.53,0.00114,2,4,98.01,60.52,0.92043,5,-47.23,61.69,0.07957,2,4,161.76,-72.3,0.39755,5,13.24,-72.64,0.60245,2,4,162.08,-6.05,0.04129,5,15.19,-6.42,0.95871,2,4,162.41,60.2,0.3812,5,17.14,59.8,0.6188,2,4,226.16,-72.61,0.06471,5,77.62,-74.54,0.93529,2,4,226.48,-6.36,4.7E-4,5,79.56,-8.31,0.99953,2,4,226.81,59.89,0.03688,5,81.51,57.91,0.96312],"hull":18,"edges":[0,2,2,4,4,6,6,8,8,10,10,12,12,14,14,16,16,18,18,20,20,22,22,24,24,26,26,28,28,30,30,32,32,34,34,0],"width":265,"height":322}},"car":{"car":{"type":"mesh","uvs":[0.64939,0.22982,0.65281,0.26059,0.6615,0.29183,0.99999,0.30156,1,1,0,1,0.02507,0.29288,0.39692,0.27696,0.41449,0.24902,0.41727,0.22265,0.41679,0,0.64878,0,0.51093,0.28337,0.52314,0.25429,0.52263,0.2259,0.58431,0.25726,0.58531,0.22784,0.57947,0.28722,0.71288,0.37922,0.60151,0.31576],"triangles":[14,9,10,11,14,10,16,14,11,16,11,0,13,14,16,9,14,13,8,9,13,15,13,16,15,16,0,1,15,0,12,8,13,7,8,12,17,13,15,12,13,17,17,15,1,2,17,1,19,17,2,12,17,19,18,2,3,19,2,18,18,3,4,5,7,19,7,12,19,5,19,18,5,6,7,18,4,5],"vertices":[2,2,-60.68,-93.1,0.05063,3,3.15,-32.64,0.94937,2,2,-57.76,-84.55,0.46632,3,-5.84,-33.5,0.53368,1,2,-56.36,-75.12,1,2,2,-156.58,-22.73,0.98571,3,-21.43,-149.02,0.01429,1,2,-66.97,159.7,1,2,2,232.81,12.43,0.99967,3,-213.98,191.26,3.3E-4,2,2,134.57,-168.56,0.99714,3,-8.58,176.36,0.00286,2,2,21.05,-117.96,0.98857,3,-7.88,52.08,0.01143,2,2,12.2,-122.67,0.44964,3,0.06,45.96,0.55036,2,2,7.98,-129.15,0.05651,3,7.7,44.79,0.94349,1,3,72.46,42.89,1,1,3,70,-34.56,1,2,2,-12.3,-99.5,0.78778,3,-10.96,14.08,0.21222,2,2,-19.7,-105.29,0.45724,3,-2.63,9.73,0.54276,2,2,-23.18,-112.79,0.05384,3,5.63,9.64,0.94616,2,2,-37.65,-95.51,0.46153,3,-4.14,-10.66,0.53847,2,2,-41.73,-103.05,0.05225,3,4.41,-11.26,0.94775,2,2,-32.36,-88.4,0.79074,3,-12.8,-8.76,0.20926,2,2,-60.55,-44.72,0.99959,3,-40.98,-52.45,4.1E-4,2,2,-35.3,-77.7,0.99429,3,-21.34,-15.86,0.00571],"hull":12,"edges":[8,10,20,22,8,6,20,18,18,16,22,0,0,2,12,14,14,16,4,2,4,6,10,12,24,14,26,16,24,26,28,18,26,28,2,30,30,26,0,32,32,28,30,32,4,34,34,24,34,30,36,38,38,24],"width":334,"height":291}},"car_shadow":{"car_shadow":{"x":52.2,"y":34.87,"rotation":153.84,"width":368,"height":141}},"cat_shadow":{"cat_shadow":{"x":-184,"y":122.5,"width":560,"height":181}},"draw":{"draw":{"x":-44,"y":540.5,"width":798,"height":965}},"eyebrowns":{"eyebrowns":{"x":-0.82,"y":6.56,"rotation":-103.67,"width":143,"height":50}},"eyes":{"eyes":{"x":-11.17,"y":114.72,"width":283,"height":326}},"L_arm":{"L_arm":{"type":"mesh","uvs":[0.2286,0.0839,0.20725,0.15706,0.18883,0.19786,0.24126,0.42291,0.36016,0.63279,0.50342,0.38065,0.91575,0.219,1,0.21641,1,0.23066,0.9651,0.35998,0.69358,0.74844,0.41053,0.97988,0.09585,0.63753,0.00258,0.21263,0.02901,0.12193,0.05734,0.02474],"triangles":[14,15,2,6,7,8,9,6,8,2,13,14,12,2,3,12,13,2,10,5,6,10,6,9,10,11,4,10,4,5,12,3,4,11,12,4,1,15,0,2,15,1],"vertices":[2,6,-22.38,-2.65,0.45714,5,104.58,26.3,0.54286,2,6,-14.88,-17.71,0.45714,5,88.82,35.79,0.54286,2,6,-12.12,-28.22,0.45714,5,80.09,43.87,0.54286,1,6,35.41,-44.7,1,1,6,99.28,-29.19,1,1,6,88.54,49.16,1,1,6,155.58,208.02,1,1,6,174.56,236.89,1,1,6,177.03,235.2,1,1,6,191.44,208.1,1,1,6,196.26,70.17,1,1,6,171.16,-53.12,1,1,6,39.14,-119.35,1,1,6,-56.14,-100.77,1,1,6,-65.8,-81.09,1,1,6,-76.14,-60.01,1],"hull":16,"edges":[0,30,6,8,8,10,10,12,12,14,14,16,16,18,18,20,20,22,22,24,24,26,4,6,0,2,2,4,26,28,28,30],"width":410,"height":210}},"L_leg":{"L_leg":{"type":"mesh","uvs":[0.99618,0.05299,1,0.05108,0.76222,0.18905,0.70414,0.36033,0.68513,0.41638,0.66908,0.46372,0.64712,0.52847,0.69512,0.63838,0.71392,0.68144,0.72904,0.71607,0.73943,0.73985,0.63297,0.97969,0.05386,0.9367,0.02176,0.77064,0.31717,0.63366,0.3654,0.6113,0.38558,0.56602,0.4505,0.42039,0.47469,0.3661,0.49207,0.30012,0.49787,0.16176,0.47974,0.03056,0.58029,0.39465,0.59755,0.33047,0.56738,0.44856,0.50889,0.67409,0.47725,0.70087,0.52,0.63728],"triangles":[11,12,26,12,14,26,10,26,9,10,11,26,12,13,14,26,25,9,14,15,26,26,15,25,25,8,9,8,25,7,25,27,7,25,15,27,27,6,7,15,16,27,27,16,24,27,24,6,24,16,17,6,24,5,4,5,22,17,18,24,5,24,22,24,18,22,4,22,3,22,23,3,22,18,23,18,19,23,3,23,2,2,23,20,23,19,20,2,0,1,0,2,21,2,20,21],"vertices":[1,4,8.91,-56.69,1,1,4,9.49,-57.72,1,2,4,-32.38,6.65,0.38896,14,52.69,33.41,0.61104,3,4,-84.98,22.79,5.5E-4,14,107.62,30.25,0.91756,15,-18.73,30.25,0.08189,2,14,125.59,29.21,0.54721,15,-0.76,29.21,0.45279,2,14,140.78,28.34,0.1802,15,14.43,28.34,0.8198,3,14,161.54,27.15,0.00534,15,35.19,27.15,0.9943,16,-59.14,5.4,3.6E-4,2,15,65.2,47.45,0.8049,16,-38.91,35.46,0.1951,2,15,76.96,55.4,0.62118,16,-30.98,47.24,0.37882,2,15,86.41,61.8,0.4861,16,-24.61,56.71,0.5139,2,15,92.9,66.19,0.42646,16,-20.24,63.21,0.57354,2,15,171.36,55.19,0.00138,16,56.64,82.38,0.99862,1,16,135.59,-52.56,1,1,16,98.77,-89.1,1,2,15,87.01,-51.86,0.20276,16,18.49,-48.47,0.79724,2,15,77.34,-40.81,0.48343,16,5.39,-41.83,0.51657,2,15,62.52,-38.71,0.80409,16,-9.14,-45.43,0.19591,2,14,141.21,-31.95,0.15535,15,14.86,-31.95,0.84465,2,14,123.45,-29.43,0.61578,15,-2.9,-29.43,0.38422,3,4,-65.89,79.65,1.0E-5,14,102.6,-29.53,0.97846,15,-23.75,-29.53,0.02153,3,4,-23.29,77.67,0.51803,14,60.75,-37.74,0.47159,15,-65.6,-37.74,0.01038,1,4,17.17,82.16,1,2,14,125.52,0.23,0.59711,15,-0.83,0.23,0.40289,2,14,105.21,0.23,0.99997,15,-21.14,0.23,3.0E-5,2,14,142.48,0.64,8.6E-4,15,16.13,0.64,0.99914,2,15,87.35,1.19,0.60962,16,-1.05,0.86,0.39038,2,15,97.32,-5.21,0.01123,16,10.59,-1.34,0.98877,1,15,75.63,1.51,1],"hull":22,"edges":[0,42,0,2,2,4,20,22,22,24,24,26,36,38,4,6,6,8,34,36,8,10,10,12,30,50,50,16,26,28,28,30,28,52,16,18,18,20,52,18,30,32,32,34,32,54,12,14,14,16,54,14,38,40,40,42],"width":269,"height":308}},"mouth":{"mouth":{"x":7.6,"y":1.19,"rotation":-95.62,"width":142,"height":103}},"pupil":{"pupil":{"x":1.31,"y":1.27,"rotation":-99.81,"width":104,"height":68}},"R_arm":{"R_arm":{"x":86.34,"y":53.8,"rotation":55.77,"width":154,"height":155}},"R_leg":{"R_leg":{"type":"mesh","uvs":[0.4215,0.04809,0.36345,0.32334,0.35054,0.38935,0.34095,0.44176,0.34075,0.52787,0.36925,0.55386,0.42046,0.60057,0.97681,0.55193,0.9348,0.80845,0.752,0.9767,0.11655,0.85534,0.04316,0.77083,0.0457,0.42189,0.04602,0.37749,0.04641,0.32382,0.04834,0.05832,0.28663,0.03726,0.18825,0.69711,0.19225,0.61324,0.25332,0.71602,0.21535,0.37879,0.21387,0.32511,0.21535,0.43902],"triangles":[10,19,9,19,6,9,9,6,8,10,17,19,8,6,7,19,5,6,2,3,20,10,11,17,17,11,18,17,18,19,5,18,4,5,19,18,18,11,12,18,22,4,18,12,22,4,22,3,12,20,22,3,22,20,12,13,20,1,2,21,13,21,20,2,20,21,13,14,21,14,15,21,1,21,16,21,15,16,1,16,0],"vertices":[1,4,5.38,-74.2,1,2,17,103.76,32.97,0.91851,18,-17.36,31.54,0.08149,3,17,120.44,29.98,0.53258,18,-0.48,30.06,0.46725,19,26.93,82.94,1.7E-4,3,17,133.68,27.76,0.355,18,12.92,29.04,0.64035,19,26.42,69.52,0.00464,3,17,155.47,27.59,1.2E-4,18,34.63,30.84,0.76572,19,29.04,47.89,0.23416,2,18,40.64,37.75,0.55506,19,36.18,42.14,0.44494,2,18,51.45,50.18,0.18686,19,49.01,31.82,0.81314,1,19,171.19,59.27,1,1,19,169.79,-6.29,1,1,19,134.35,-53.55,1,2,18,121.42,-12.21,0.3444,19,-10.67,-40.48,0.6556,2,18,101.51,-30.39,0.73505,19,-29.61,-21.27,0.26495,3,4,-88.78,10.44,0.00676,17,128.28,-38.35,0.23683,18,13.49,-37.28,0.75641,3,4,-77.54,10.31,0.02118,17,117.04,-38.21,0.46033,18,2.29,-38.16,0.51849,3,4,-63.97,10.16,0.06181,17,103.46,-38.04,0.70319,18,-11.24,-39.22,0.235,1,4,3.2,9.4,1,1,4,8.27,-44,1,2,18,80.18,0.42,0.60717,19,0.37,1.21,0.39283,1,18,58.96,-0.48,1,1,19,15.42,-1.75,1,3,4,-78.06,-27.62,3.0E-5,17,117.59,-0.28,0.58072,18,-0.58,-0.34,0.41925,3,4,-64.48,-27.35,2.4E-4,17,104.01,-0.53,0.99939,18,-14.09,-1.81,3.8E-4,2,18,14.6,0.95,0.99969,19,-1.59,66.76,3.1E-4],"hull":17,"edges":[0,32,12,14,14,16,16,18,18,20,20,22,30,32,26,28,28,30,0,2,2,4,22,24,24,26,4,6,6,8,8,10,10,12],"width":224,"height":253}},"tail":{"tail":{"type":"mesh","uvs":[0.18078,0,0.28466,0.2379,0.30915,0.294,0.33149,0.34517,0.3558,0.40082,0.37976,0.4557,0.43636,0.51069,0.49732,0.56992,0.55471,0.62568,0.62632,0.65567,0.67265,0.67506,0.8038,0.72998,0.97785,0.80285,0.94566,0.96535,0.84532,0.96517,0.71736,0.91841,0.5893,0.87162,0.51966,0.84617,0.41966,0.80963,0.3503,0.74948,0.2836,0.69163,0.25118,0.66352,0.21089,0.62858,0.1334,0.56137,0.09962,0.53208,0.07777,0.45463,0,0.17895,0,0.1546,0.12621,0,0.56816,0.75721,0.62232,0.78359,0.49206,0.71672,0.32756,0.58661,0.29082,0.54657,0.36585,0.62114,0.19192,0.38783,0.17458,0.3381,0.22082,0.43579,0.43328,0.66263,0.74928,0.83055],"triangles":[25,36,35,25,26,36,35,36,2,26,28,36,36,1,2,36,0,1,36,28,0,26,27,28,20,21,32,21,33,32,21,22,33,33,22,37,32,5,6,32,33,5,22,23,37,23,24,37,33,4,5,33,37,4,37,25,35,37,24,25,37,3,4,37,35,3,35,2,3,18,31,17,17,31,29,18,38,31,18,19,38,31,8,29,29,8,9,19,34,38,19,20,34,31,7,8,31,38,7,20,32,34,7,38,6,38,34,6,34,32,6,13,14,12,15,39,14,39,11,14,14,11,12,16,30,15,15,30,39,17,29,16,16,29,30,30,10,39,39,10,11,30,9,10,30,29,9],"vertices":[2,11,156.02,-66.91,0.09051,12,102.6,-27.91,0.90949,3,10,154.14,-75.7,1.6E-4,11,83.58,-50.64,0.24301,12,29.74,-42.23,0.75683,3,10,139.32,-66.36,0.00459,11,66.49,-46.8,0.45468,12,12.56,-45.6,0.54073,3,10,125.81,-57.85,0.03493,11,50.91,-43.3,0.64917,12,-3.11,-48.68,0.3159,3,10,111.12,-48.58,0.15131,11,33.97,-39.49,0.70468,12,-20.15,-52.03,0.14401,3,10,96.63,-39.45,0.36927,11,17.25,-35.74,0.58323,12,-36.96,-55.34,0.0475,4,9,169.78,-50.46,0.00895,10,72.53,-35.73,0.63757,11,-6.7,-40.3,0.34386,12,-57.04,-69.17,0.00963,4,9,145.29,-40.98,0.09221,10,46.57,-31.73,0.7701,11,-32.5,-45.22,0.13685,12,-78.66,-84.08,8.4E-4,3,9,122.23,-32.05,0.27951,10,22.13,-27.96,0.69374,11,-56.79,-49.85,0.02675,3,9,96.67,-31.32,0.56003,10,-2.99,-32.72,0.43897,11,-78.87,-62.75,0.001,2,9,80.13,-30.84,0.80303,10,-19.24,-35.8,0.19697,2,9,33.32,-29.5,0.94906,10,-65.25,-44.53,0.05094,2,9,-28.8,-27.72,0.99293,10,-126.31,-56.12,0.00707,1,9,-31.6,18.19,1,2,9,0.82,28.15,0.99077,10,-109.36,4.81,0.00923,2,9,45.94,28.63,0.9042,10,-65.39,14.96,0.0958,2,9,91.09,29.12,0.70651,10,-21.4,25.11,0.29349,3,9,115.65,29.38,0.41617,10,2.53,30.63,0.58242,11,-94.88,-1.21,0.00141,3,9,150.91,29.75,0.16941,10,36.89,38.56,0.78345,11,-65.16,17.77,0.04714,3,9,178.19,20.87,0.03376,10,65.44,35.74,0.79125,11,-37.31,24.67,0.17499,2,10,92.9,33.02,0.59332,11,-10.53,31.3,0.40668,3,10,106.25,31.7,0.33915,11,2.49,34.53,0.65395,12,-78.8,3.01,0.0069,3,10,122.83,30.06,0.13813,11,18.67,38.53,0.83021,12,-65.61,13.2,0.03166,3,10,154.73,26.9,0.0379,11,49.78,46.24,0.85014,12,-40.24,32.8,0.11196,3,10,168.64,25.52,0.00446,11,63.35,49.6,0.70597,12,-29.18,41.34,0.28958,2,11,84.28,41.24,0.45744,12,-6.66,42.14,0.54256,2,11,158.81,11.5,0.2044,12,73.53,44.96,0.7956,2,11,163.87,7.12,0.05558,12,79.93,43,0.94442,2,11,168.09,-52.96,0.01987,12,108.02,-10.28,0.98013,2,9,107.21,1.16,0.44061,10,0.34,1.27,0.55939,1,9,87.58,2.69,1,1,10,28.21,4.27,1,2,10,94.22,0.57,0.27763,11,1.58,1.17,0.72237,1,11,18.04,3.35,1,1,10,78.28,2.44,1,2,11,72.92,0.05,0.55675,12,-0.45,-0.14,0.44325,1,12,14.35,1.44,1,1,11,56.55,1.3,1,1,10,52.83,1.13,1,1,9,42.77,2.36,1],"hull":29,"edges":[0,56,24,26,26,28,52,54,54,56,34,36,16,18,18,20,32,34,42,44,40,42,10,12,8,10,48,50,50,52,0,2,2,4,44,46,46,48,4,6,6,8,12,14,14,16,36,38,38,40,20,22,22,24,28,30,30,32],"width":338,"height":275}},"wave_1":{"wave_1":{"x":11.36,"y":0.93,"rotation":-104.04,"width":72,"height":53}},"wave_2":{"wave_2":{"x":10.65,"y":-1.29,"rotation":-34.88,"width":56,"height":67}}}}],"animations":{"action":{"slots":{"draw":{"attachment":[{"name":null}]},"wave_1":{"color":[{"color":"ffffffff"},{"time":0.1667,"color":"ffffff00","curve":"stepped"},{"time":0.4,"color":"ffffffff"},{"time":0.5667,"color":"ffffff00"}]},"wave_2":{"color":[{"color":"ffffffff"},{"time":0.1667,"color":"ffffff00","curve":"stepped"},{"time":0.4,"color":"ffffffff"},{"time":0.5667,"color":"ffffff00"}]}},"bones":{"body":{"translate":[{},{"time":0.4,"x":0.05,"y":-10.24},{"time":0.8}]},"body2":{"translate":[{"x":-0.36,"y":-0.01},{"time":0.0667},{"time":0.4667,"x":-4.53,"y":-0.11},{"time":0.8,"x":-0.36,"y":-0.01}]},"L_arm":{"rotate":[{"angle":1.59},{"time":0.4,"angle":12.02},{"time":0.8,"angle":1.59}]},"tail":{"rotate":[{"angle":-5.43},{"time":0.4,"angle":5.99},{"time":0.8,"angle":-5.43}]},"tail2":{"rotate":[{"angle":-9.76},{"time":0.0667,"angle":-13.26},{"time":0.4667,"angle":31.28},{"time":0.8,"angle":-9.76}]},"tail3":{"rotate":[{"angle":-0.33},{"time":0.0667,"angle":-8.39},{"time":0.1333,"angle":-11.82},{"time":0.5333,"angle":31.81},{"time":0.8,"angle":-0.33}]},"tail4":{"rotate":[{"angle":19.92},{"time":0.0667,"angle":8.02},{"time":0.1333,"angle":-1.11},{"time":0.2,"angle":-5},{"time":0.6,"angle":44.42},{"time":0.8,"angle":19.92}]},"eyes":{"rotate":[{"angle":0.28},{"time":0.0667,"angle":1.85},{"time":0.1333,"angle":2.52},{"time":0.5333,"angle":-5.98},{"time":0.8,"angle":0.28}],"translate":[{"x":-0.87,"y":0.06},{"time":0.0667,"x":-0.43,"y":0.03},{"time":0.1333},{"time":0.5333,"x":-2.6,"y":0.17},{"time":0.8,"x":-0.87,"y":0.06}]},"L_leg":{"rotate":[{"angle":-0.28}],"translate":[{},{"time":0.4}]},"L_leg2":{"rotate":[{"angle":1.27}],"translate":[{},{"time":0.4}]},"L_leg3":{"rotate":[{}],"translate":[{},{"time":0.4}]},"R_leg":{"rotate":[{}]},"R_leg2":{"rotate":[{}],"translate":[{},{"time":0.4}]},"R_leg3":{"rotate":[{},{"time":0.4}]},"pupil":{"translate":[{"x":4.98,"y":0.86},{"time":0.4,"x":-4.79,"y":-3.4},{"time":0.8,"x":4.98,"y":0.86}]},"mouth":{"rotate":[{},{"time":0.4}],"scale":[{},{"time":0.4,"x":0.816},{"time":0.8}]},"eyebrowns":{"translate":[{},{"time":0.4,"x":1.21,"y":-4.98},{"time":0.8}]},"IK_Leg_L":{"translate":[{},{"time":0.4}]},"car":{"translate":[{},{"time":0.4,"x":-69.89,"y":-34.33},{"time":0.8}]},"wave_2":{"translate":[{},{"time":0.1667,"x":-0.02,"y":18.7,"curve":"stepped"},{"time":0.4},{"time":0.5667,"x":-0.02,"y":18.7}]},"wave_1":{"translate":[{},{"time":0.1667,"x":-3.01,"y":-13.99,"curve":"stepped"},{"time":0.4},{"time":0.5667,"x":-3.01,"y":-13.99}]},"car2":{"rotate":[{},{"time":0.4,"angle":10.66},{"time":0.8}]}}},"draw":{"slots":{"body":{"attachment":[{"name":null}]},"eyebrowns":{"attachment":[{"name":null}]},"eyes":{"attachment":[{"name":null}]},"L_arm":{"attachment":[{"name":null}]},"mouth":{"attachment":[{"name":null}]},"pupil":{"attachment":[{"name":null}]},"R_arm":{"attachment":[{"name":null}]},"tail":{"attachment":[{"name":null}]},"wave_1":{"attachment":[{"name":null}]},"wave_2":{"attachment":[{"name":null}]}}}}}