{
  "__type__": "cc.AnimationClip",
  "_name": "Hand_Anim",
  "_objFlags": 0,
  "_native": "",
  "_duration": 0.5,
  "sample": 60,
  "speed": 1,
  "wrapMode": 22,
  "curveData": {
    "props": {
      "scale": [
        {
          "frame": 0,
          "value": {
            "__type__": "cc.Vec3",
            "x": 1,
            "y": 1,
            "z": 1
          }
        },
        {
          "frame": 0.5,
          "value": {
            "__type__": "cc.Vec3",
            "x": 1.05,
            "y": 1.1,
            "z": 1
          }
        }
      ]
    }
  },
  "events": []
}