{
  "__type__": "cc.AnimationClip",
  "_name": "Blink_Anim",
  "_objFlags": 0,
  "_native": "",
  "_duration": 0.6666666666666666,
  "sample": 60,
  "speed": 1,
  "wrapMode": 1,
  "curveData": {
    "props": {
      "scale": [
        {
          "frame": 0,
          "value": {
            "__type__": "cc.Vec3",
            "x": 0,
            "y": 0,
            "z": 1
          }
        },
        {
          "frame": 0.3333333333333333,
          "value": {
            "__type__": "cc.Vec3",
            "x": 0.35,
            "y": 0.35,
            "z": 1
          }
        },
        {
          "frame": 0.6666666666666666,
          "value": {
            "__type__": "cc.Vec3",
            "x": 0,
            "y": 0,
            "z": 1
          }
        }
      ],
      "opacity": [
        {
          "frame": 0,
          "value": 0
        },
        {
          "frame": 0.3333333333333333,
          "value": 255
        },
        {
          "frame": 0.6666666666666666,
          "value": 0
        }
      ],
      "position": [
        {
          "frame": 0,
          "value": [
            0,
            0,
            0
          ]
        },
        {
          "frame": 0.6666666666666666,
          "value": [
            9.513,
            8.192,
            0
          ]
        }
      ]
    }
  },
  "events": []
}