{
  "__type__": "cc.Mesh",
  "_name": "",
  "_objFlags": 0,
  "_native": ".bin",
  "_struct": {
    "primitives": [
      {
        "primitiveMode": 7,
        "vertexBundelIndices": [
          0
        ],
        "indexView": {
          "offset": 5376,
          "length": 1152,
          "count": 288,
          "stride": 4
        }
      },
      {
        "primitiveMode": 7,
        "vertexBundelIndices": [
          1
        ],
        "indexView": {
          "offset": 7296,
          "length": 168,
          "count": 42,
          "stride": 4
        }
      }
    ],
    "vertexBundles": [
      {
        "view": {
          "offset": 0,
          "length": 5376,
          "count": 112,
          "stride": 48
        },
        "attributes": [
          {
            "name": "a_position",
            "format": 32,
            "isNormalized": false
          },
          {
            "name": "a_normal",
            "format": 32,
            "isNormalized": false
          },
          {
            "name": "a_texCoord",
            "format": 21,
            "isNormalized": false
          },
          {
            "name": "a_tangent",
            "format": 44,
            "isNormalized": false
          }
        ]
      },
      {
        "view": {
          "offset": 6528,
          "length": 768,
          "count": 16,
          "stride": 48
        },
        "attributes": [
          {
            "name": "a_position",
            "format": 32,
            "isNormalized": false
          },
          {
            "name": "a_normal",
            "format": 32,
            "isNormalized": false
          },
          {
            "name": "a_texCoord",
            "format": 21,
            "isNormalized": false
          },
          {
            "name": "a_tangent",
            "format": 44,
            "isNormalized": false
          }
        ]
      }
    ],
    "minPosition": {
      "__type__": "cc.Vec3",
      "x": -0.029799003154039383,
      "y": 0.004135788418352604,
      "z": -0.12368997931480408
    },
    "maxPosition": {
      "__type__": "cc.Vec3",
      "x": 0.031195351853966713,
      "y": 0.03980028256773949,
      "z": -0.026682322844862938
    }
  },
  "_hash": 1705366988
}