[
  {
    "__type__": "cc.Prefab",
    "_name": "",
    "_objFlags": 0,
    "_native": "",
    "data": {
      "__id__": 1
    },
    "optimizationPolicy": 0,
    "persistent": false
  },
  {
    "__type__": "cc.Node",
    "_name": "platform_02",
    "_objFlags": 0,
    "_parent": null,
    "_children": [
      {
        "__id__": 2
      }
    ],
    "_active": true,
    "_components": [],
    "_prefab": {
      "__id__": 19
    },
    "_lpos": {
      "__type__": "cc.Vec3",
      "x": 0,
      "y": 0,
      "z": 0
    },
    "_lrot": {
      "__type__": "cc.Quat",
      "x": 0,
      "y": 0,
      "z": 0,
      "w": 1
    },
    "_lscale": {
      "__type__": "cc.Vec3",
      "x": 1,
      "y": 1,
      "z": 1
    },
    "_layer": 1073741824,
    "_euler": {
      "__type__": "cc.Vec3",
      "x": 0,
      "y": 0,
      "z": 0
    },
    "_id": ""
  },
  {
    "__type__": "cc.Node",
    "_name": "platform02",
    "_objFlags": 0,
    "_parent": {
      "__id__": 1
    },
    "_children": [
      {
        "__id__": 3
      },
      {
        "__id__": 8
      },
      {
        "__id__": 13
      }
    ],
    "_active": true,
    "_components": [],
    "_prefab": {
      "__id__": 18
    },
    "_lpos": {
      "__type__": "cc.Vec3",
      "x": 0,
      "y": 0,
      "z": 0
    },
    "_lrot": {
      "__type__": "cc.Quat",
      "x": 0,
      "y": 0,
      "z": 0,
      "w": 1
    },
    "_lscale": {
      "__type__": "cc.Vec3",
      "x": 1,
      "y": 1,
      "z": 1
    },
    "_layer": 1073741824,
    "_euler": {
      "__type__": "cc.Vec3",
      "x": 0,
      "y": 0,
      "z": 0
    },
    "_id": ""
  },
  {
    "__type__": "cc.Node",
    "_name": "da_03_platform02",
    "_objFlags": 0,
    "_parent": {
      "__id__": 2
    },
    "_children": [],
    "_active": true,
    "_components": [
      {
        "__id__": 4
      }
    ],
    "_prefab": {
      "__id__": 7
    },
    "_lpos": {
      "__type__": "cc.Vec3",
      "x": 0,
      "y": 0,
      "z": 0
    },
    "_lrot": {
      "__type__": "cc.Quat",
      "x": 0,
      "y": 0,
      "z": 0,
      "w": 1
    },
    "_lscale": {
      "__type__": "cc.Vec3",
      "x": 1,
      "y": 1,
      "z": 1
    },
    "_layer": 1073741824,
    "_euler": {
      "__type__": "cc.Vec3",
      "x": 0,
      "y": 0,
      "z": 0
    },
    "_id": ""
  },
  {
    "__type__": "cc.MeshRenderer",
    "_name": "",
    "_objFlags": 0,
    "node": {
      "__id__": 3
    },
    "_enabled": true,
    "__prefab": {
      "__id__": 5
    },
    "_materials": [
      {
        "__uuid__": "59874c1c-bf46-4dc1-86a1-137762837d50@54ab8",
        "__expectedType__": "cc.Material"
      },
      {
        "__uuid__": "59874c1c-bf46-4dc1-86a1-137762837d50@af96b",
        "__expectedType__": "cc.Material"
      }
    ],
    "_visFlags": 0,
    "lightmapSettings": {
      "__id__": 6
    },
    "_mesh": {
      "__uuid__": "59874c1c-bf46-4dc1-86a1-137762837d50@0e587",
      "__expectedType__": "cc.Mesh"
    },
    "_shadowCastingMode": 0,
    "_shadowReceivingMode": 1,
    "_enableMorph": true,
    "_id": ""
  },
  {
    "__type__": "cc.CompPrefabInfo",
    "fileId": "25wnBsYkhbUaqmjRoS0/KD"
  },
  {
    "__type__": "cc.ModelLightmapSettings",
    "texture": null,
    "uvParam": {
      "__type__": "cc.Vec4",
      "x": 0,
      "y": 0,
      "z": 0,
      "w": 0
    },
    "_bakeable": false,
    "_castShadow": false,
    "_receiveShadow": false,
    "_recieveShadow": false,
    "_lightmapSize": 64
  },
  {
    "__type__": "cc.PrefabInfo",
    "root": {
      "__id__": 1
    },
    "asset": {
      "__id__": 0
    },
    "fileId": "d3YjN3jPZSNoLBLSR1QEdy"
  },
  {
    "__type__": "cc.Node",
    "_name": "da_04_platform02",
    "_objFlags": 0,
    "_parent": {
      "__id__": 2
    },
    "_children": [],
    "_active": true,
    "_components": [
      {
        "__id__": 9
      }
    ],
    "_prefab": {
      "__id__": 12
    },
    "_lpos": {
      "__type__": "cc.Vec3",
      "x": 0,
      "y": 0,
      "z": 0
    },
    "_lrot": {
      "__type__": "cc.Quat",
      "x": 0,
      "y": 0,
      "z": 0,
      "w": 1
    },
    "_lscale": {
      "__type__": "cc.Vec3",
      "x": 1,
      "y": 1,
      "z": 1
    },
    "_layer": 1073741824,
    "_euler": {
      "__type__": "cc.Vec3",
      "x": 0,
      "y": 0,
      "z": 0
    },
    "_id": ""
  },
  {
    "__type__": "cc.MeshRenderer",
    "_name": "",
    "_objFlags": 0,
    "node": {
      "__id__": 8
    },
    "_enabled": true,
    "__prefab": {
      "__id__": 10
    },
    "_materials": [
      {
        "__uuid__": "59874c1c-bf46-4dc1-86a1-137762837d50@54ab8",
        "__expectedType__": "cc.Material"
      },
      {
        "__uuid__": "59874c1c-bf46-4dc1-86a1-137762837d50@af96b",
        "__expectedType__": "cc.Material"
      }
    ],
    "_visFlags": 0,
    "lightmapSettings": {
      "__id__": 11
    },
    "_mesh": {
      "__uuid__": "59874c1c-bf46-4dc1-86a1-137762837d50@c7870",
      "__expectedType__": "cc.Mesh"
    },
    "_shadowCastingMode": 0,
    "_shadowReceivingMode": 1,
    "_enableMorph": true,
    "_id": ""
  },
  {
    "__type__": "cc.CompPrefabInfo",
    "fileId": "9cHYB9SFZdF6pQf2xsa5i4"
  },
  {
    "__type__": "cc.ModelLightmapSettings",
    "texture": null,
    "uvParam": {
      "__type__": "cc.Vec4",
      "x": 0,
      "y": 0,
      "z": 0,
      "w": 0
    },
    "_bakeable": false,
    "_castShadow": false,
    "_receiveShadow": false,
    "_recieveShadow": false,
    "_lightmapSize": 64
  },
  {
    "__type__": "cc.PrefabInfo",
    "root": {
      "__id__": 1
    },
    "asset": {
      "__id__": 0
    },
    "fileId": "7bbVLQXC5dmauiwiQW6h69"
  },
  {
    "__type__": "cc.Node",
    "_name": "platform02",
    "_objFlags": 0,
    "_parent": {
      "__id__": 2
    },
    "_children": [],
    "_active": true,
    "_components": [
      {
        "__id__": 14
      }
    ],
    "_prefab": {
      "__id__": 17
    },
    "_lpos": {
      "__type__": "cc.Vec3",
      "x": 0,
      "y": 0,
      "z": 0
    },
    "_lrot": {
      "__type__": "cc.Quat",
      "x": 0,
      "y": 0,
      "z": 0,
      "w": 1
    },
    "_lscale": {
      "__type__": "cc.Vec3",
      "x": 1,
      "y": 1,
      "z": 1
    },
    "_layer": 1073741824,
    "_euler": {
      "__type__": "cc.Vec3",
      "x": 0,
      "y": 0,
      "z": 0
    },
    "_id": ""
  },
  {
    "__type__": "cc.MeshRenderer",
    "_name": "",
    "_objFlags": 0,
    "node": {
      "__id__": 13
    },
    "_enabled": true,
    "__prefab": {
      "__id__": 15
    },
    "_materials": [
      {
        "__uuid__": "59874c1c-bf46-4dc1-86a1-137762837d50@af96b",
        "__expectedType__": "cc.Material"
      },
      {
        "__uuid__": "59874c1c-bf46-4dc1-86a1-137762837d50@05852",
        "__expectedType__": "cc.Material"
      }
    ],
    "_visFlags": 0,
    "lightmapSettings": {
      "__id__": 16
    },
    "_mesh": {
      "__uuid__": "59874c1c-bf46-4dc1-86a1-137762837d50@0245e",
      "__expectedType__": "cc.Mesh"
    },
    "_shadowCastingMode": 0,
    "_shadowReceivingMode": 1,
    "_enableMorph": true,
    "_id": ""
  },
  {
    "__type__": "cc.CompPrefabInfo",
    "fileId": "15Iy1pPyRRfr+nUy3PPQgI"
  },
  {
    "__type__": "cc.ModelLightmapSettings",
    "texture": null,
    "uvParam": {
      "__type__": "cc.Vec4",
      "x": 0,
      "y": 0,
      "z": 0,
      "w": 0
    },
    "_bakeable": false,
    "_castShadow": false,
    "_receiveShadow": false,
    "_recieveShadow": false,
    "_lightmapSize": 64
  },
  {
    "__type__": "cc.PrefabInfo",
    "root": {
      "__id__": 1
    },
    "asset": {
      "__id__": 0
    },
    "fileId": "f4XFw0bCxVeq3CPqWwU6EX"
  },
  {
    "__type__": "cc.PrefabInfo",
    "root": {
      "__id__": 1
    },
    "asset": {
      "__id__": 0
    },
    "fileId": "ffw0vvkVdUe6GAYYO5vAo8"
  },
  {
    "__type__": "cc.PrefabInfo",
    "root": {
      "__id__": 1
    },
    "asset": {
      "__id__": 0
    },
    "fileId": "5e+Ow/ck5WR7irz0ymL613"
  }
]