{
  "__type__": "sp.SkeletonData",
  "_name": "Untitled-1",
  "_objFlags": 0,
  "_native": "",
  "_skeletonJson": {
    "skeleton": {
      "hash": "NiiAxIjrC9Y",
      "spine": "3.8-from-4.0-from-4.1-from-4.2.08",
      "y": -1080,
      "width": 1920,
      "height": 1080,
      "images": "D:/AAAAWORKKK/2024/IN HOUSE/Merger Craft Robo/3option intro/images/",
      "audio": "./audio"
    },
    "bones": [
      {
        "name": "root"
      }
    ],
    "slots": [
      {
        "name": "Group",
        "bone": "root",
        "attachment": "1_00000"
      }
    ],
    "skins": [
      {
        "name": "default",
        "attachments": {
          "Group": {
            "1_00000": {
              "x": 960,
              "y": -540,
              "width": 1920,
              "height": 1080
            },
            "1_00001": {
              "x": 960,
              "y": -540,
              "width": 1920,
              "height": 1080
            },
            "1_00002": {
              "x": 960,
              "y": -540,
              "width": 1920,
              "height": 1080
            },
            "1_00003": {
              "x": 960,
              "y": -540,
              "width": 1920,
              "height": 1080
            },
            "1_00004": {
              "x": 960,
              "y": -540,
              "width": 1920,
              "height": 1080
            },
            "1_00005": {
              "x": 960,
              "y": -540,
              "width": 1920,
              "height": 1080
            },
            "1_00006": {
              "x": 960,
              "y": -540,
              "width": 1920,
              "height": 1080
            },
            "1_00007": {
              "x": 960,
              "y": -540,
              "width": 1920,
              "height": 1080
            },
            "1_00008": {
              "x": 960,
              "y": -540,
              "width": 1920,
              "height": 1080
            },
            "1_00009": {
              "x": 960,
              "y": -540,
              "width": 1920,
              "height": 1080
            },
            "1_00010": {
              "x": 960,
              "y": -540,
              "width": 1920,
              "height": 1080
            },
            "1_00011": {
              "x": 960,
              "y": -540,
              "width": 1920,
              "height": 1080
            },
            "1_00012": {
              "x": 960,
              "y": -540,
              "width": 1920,
              "height": 1080
            },
            "1_00013": {
              "x": 960,
              "y": -540,
              "width": 1920,
              "height": 1080
            },
            "1_00014": {
              "x": 960,
              "y": -540,
              "width": 1920,
              "height": 1080
            },
            "1_00015": {
              "x": 960,
              "y": -540,
              "width": 1920,
              "height": 1080
            },
            "1_00016": {
              "x": 960,
              "y": -540,
              "width": 1920,
              "height": 1080
            },
            "1_00017": {
              "x": 960,
              "y": -540,
              "width": 1920,
              "height": 1080
            },
            "1_00018": {
              "x": 960,
              "y": -540,
              "width": 1920,
              "height": 1080
            }
          }
        }
      }
    ],
    "animations": {
      "animation": {
        "slots": {
          "Group": {
            "attachment": [
              {
                "time": 0.0333,
                "name": "1_00001"
              },
              {
                "time": 0.0667,
                "name": "1_00002"
              },
              {
                "time": 0.1,
                "name": "1_00003"
              },
              {
                "time": 0.1333,
                "name": "1_00004"
              },
              {
                "time": 0.1667,
                "name": "1_00005"
              },
              {
                "time": 0.2,
                "name": "1_00006"
              },
              {
                "time": 0.2333,
                "name": "1_00007"
              },
              {
                "time": 0.2667,
                "name": "1_00008"
              },
              {
                "time": 0.3,
                "name": "1_00009"
              },
              {
                "time": 0.3333,
                "name": "1_00010"
              },
              {
                "time": 0.3667,
                "name": "1_00011"
              },
              {
                "time": 0.4,
                "name": "1_00012"
              },
              {
                "time": 0.4333,
                "name": "1_00013"
              },
              {
                "time": 0.4667,
                "name": "1_00014"
              },
              {
                "time": 0.5,
                "name": "1_00015"
              },
              {
                "time": 0.5333,
                "name": "1_00016"
              },
              {
                "time": 0.5667,
                "name": "1_00017"
              },
              {
                "time": 0.6,
                "name": "1_00018"
              }
            ]
          }
        }
      }
    }
  },
  "_atlasText": "\nUntitled-1.png\nsize: 6736, 1508\nformat: RGBA8888\nfilter: Linear, Linear\nrepeat: none\n1_00000\n  rotate: true\n  xy: 2, 544\n  size: 960, 540\n  orig: 960, 540\n  offset: 0, 0\n  index: -1\n1_00001\n  rotate: false\n  xy: 2, 2\n  size: 960, 540\n  orig: 960, 540\n  offset: 0, 0\n  index: -1\n1_00002\n  rotate: true\n  xy: 544, 544\n  size: 960, 540\n  orig: 960, 540\n  offset: 0, 0\n  index: -1\n1_00003\n  rotate: false\n  xy: 964, 2\n  size: 960, 540\n  orig: 960, 540\n  offset: 0, 0\n  index: -1\n1_00004\n  rotate: true\n  xy: 1086, 544\n  size: 960, 540\n  orig: 960, 540\n  offset: 0, 0\n  index: -1\n1_00005\n  rotate: true\n  xy: 1628, 544\n  size: 960, 540\n  orig: 960, 540\n  offset: 0, 0\n  index: -1\n1_00006\n  rotate: false\n  xy: 1926, 2\n  size: 960, 540\n  orig: 960, 540\n  offset: 0, 0\n  index: -1\n1_00007\n  rotate: true\n  xy: 2170, 544\n  size: 960, 540\n  orig: 960, 540\n  offset: 0, 0\n  index: -1\n1_00008\n  rotate: true\n  xy: 2712, 544\n  size: 960, 540\n  orig: 960, 540\n  offset: 0, 0\n  index: -1\n1_00009\n  rotate: false\n  xy: 2888, 2\n  size: 960, 540\n  orig: 960, 540\n  offset: 0, 0\n  index: -1\n1_00010\n  rotate: true\n  xy: 3254, 544\n  size: 960, 540\n  orig: 960, 540\n  offset: 0, 0\n  index: -1\n1_00011\n  rotate: true\n  xy: 3796, 544\n  size: 960, 540\n  orig: 960, 540\n  offset: 0, 0\n  index: -1\n1_00012\n  rotate: false\n  xy: 3850, 2\n  size: 960, 540\n  orig: 960, 540\n  offset: 0, 0\n  index: -1\n1_00013\n  rotate: true\n  xy: 4338, 544\n  size: 960, 540\n  orig: 960, 540\n  offset: 0, 0\n  index: -1\n1_00014\n  rotate: false\n  xy: 4812, 2\n  size: 960, 540\n  orig: 960, 540\n  offset: 0, 0\n  index: -1\n1_00015\n  rotate: true\n  xy: 4880, 544\n  size: 960, 540\n  orig: 960, 540\n  offset: 0, 0\n  index: -1\n1_00016\n  rotate: true\n  xy: 5422, 544\n  size: 960, 540\n  orig: 960, 540\n  offset: 0, 0\n  index: -1\n1_00017\n  rotate: false\n  xy: 5774, 2\n  size: 960, 540\n  orig: 960, 540\n  offset: 0, 0\n  index: -1\n1_00018\n  rotate: true\n  xy: 5964, 544\n  size: 960, 540\n  orig: 960, 540\n  offset: 0, 0\n  index: -1\n",
  "textures": [
    {
      "__uuid__": "e893a1cd-e864-4efc-9aec-3b70f32c9513"
    }
  ],
  "textureNames": [
    "Untitled-1.png"
  ],
  "scale": 1
}