{
  "__type__": "cc.AnimationClip",
  "_name": "Ponmi_Anim",
  "_objFlags": 0,
  "_native": "",
  "_duration": 0.75,
  "sample": 60,
  "speed": 1,
  "wrapMode": 22,
  "curveData": {
    "props": {
      "scale": [
        {
          "frame": 0,
          "value": {
            "__type__": "cc.Vec3",
            "x": 0.5,
            "y": 0.5,
            "z": 1
          }
        },
        {
          "frame": 0.75,
          "value": {
            "__type__": "cc.Vec3",
            "x": 0.505,
            "y": 0.52,
            "z": 1
          }
        }
      ]
    }
  },
  "events": []
}