{
  "__type__": "cc.TextAsset",
  "_name": "fire_work.atlas",
  "_objFlags": 0,
  "_native": "",
  "text": "\nfire_work.png\nsize: 2048, 2048\nformat: RGBA8888\nfilter: Linear, Linear\nrepeat: none\nLayer 1\n  rotate: false\n  xy: 2, 1939\n  size: 40, 65\n  orig: 40, 65\n  offset: 0, 0\n  index: -1\nanimation_640_lhol3eer03\n  rotate: false\n  xy: 44, 1781\n  size: 45, 223\n  orig: 45, 223\n  offset: 0, 0\n  index: -1\nanimation_640_lhol3eer04\n  rotate: false\n  xy: 91, 1661\n  size: 48, 343\n  orig: 48, 343\n  offset: 0, 0\n  index: -1\nanimation_640_lhol3eer05\n  rotate: false\n  xy: 141, 1556\n  size: 68, 448\n  orig: 68, 448\n  offset: 0, 0\n  index: -1\nanimation_640_lhol3eer06\n  rotate: false\n  xy: 211, 1548\n  size: 167, 456\n  orig: 167, 456\n  offset: 0, 0\n  index: -1\nanimation_640_lhol3eer07\n  rotate: false\n  xy: 380, 1544\n  size: 185, 460\n  orig: 185, 460\n  offset: 0, 0\n  index: -1\nanimation_640_lhol3eer08\n  rotate: false\n  xy: 567, 1534\n  size: 234, 470\n  orig: 234, 470\n  offset: 0, 0\n  index: -1\nanimation_640_lhol3eer09\n  rotate: false\n  xy: 803, 1529\n  size: 288, 475\n  orig: 288, 475\n  offset: 0, 0\n  index: -1\nanimation_640_lhol3eer10\n  rotate: false\n  xy: 1093, 1523\n  size: 347, 481\n  orig: 347, 481\n  offset: 0, 0\n  index: -1\nanimation_640_lhol3eer11\n  rotate: false\n  xy: 1442, 1497\n  size: 395, 507\n  orig: 395, 507\n  offset: 0, 0\n  index: -1\nanimation_640_lhol3eer12\n  rotate: false\n  xy: 2, 1021\n  size: 413, 521\n  orig: 413, 521\n  offset: 0, 0\n  index: -1\nanimation_640_lhol3eer13\n  rotate: false\n  xy: 417, 992\n  size: 435, 535\n  orig: 435, 535\n  offset: 0, 0\n  index: -1\nanimation_640_lhol3eer14\n  rotate: false\n  xy: 854, 980\n  size: 512, 541\n  orig: 512, 541\n  offset: 0, 0\n  index: -1\nanimation_640_lhol3eer15\n  rotate: false\n  xy: 623, 430\n  size: 520, 548\n  orig: 520, 548\n  offset: 0, 0\n  index: -1\nanimation_640_lhol3eer16\n  rotate: false\n  xy: 1145, 393\n  size: 537, 562\n  orig: 537, 562\n  offset: 0, 0\n  index: -1\nanimation_640_lhol3eer41\n  rotate: false\n  xy: 2, 449\n  size: 619, 541\n  orig: 619, 541\n  offset: 0, 0\n  index: -1\nanimation_640_lhol3eer42\n  rotate: false\n  xy: 1368, 957\n  size: 636, 538\n  orig: 636, 538\n  offset: 0, 0\n  index: -1\n\nfire_work_2.png\nsize: 2048, 2048\nformat: RGBA8888\nfilter: Linear, Linear\nrepeat: none\nanimation_640_lhol3eer17\n  rotate: false\n  xy: 634, 160\n  size: 546, 603\n  orig: 546, 603\n  offset: 0, 0\n  index: -1\nanimation_640_lhol3eer22\n  rotate: false\n  xy: 2, 770\n  size: 632, 581\n  orig: 632, 581\n  offset: 0, 0\n  index: -1\nanimation_640_lhol3eer23\n  rotate: false\n  xy: 1278, 743\n  size: 640, 597\n  orig: 640, 597\n  offset: 0, 0\n  index: -1\nanimation_640_lhol3eer25\n  rotate: false\n  xy: 1182, 136\n  size: 640, 605\n  orig: 640, 605\n  offset: 0, 0\n  index: -1\nanimation_640_lhol3eer43\n  rotate: false\n  xy: 2, 1353\n  size: 640, 565\n  orig: 640, 565\n  offset: 0, 0\n  index: -1\nanimation_640_lhol3eer44\n  rotate: false\n  xy: 644, 1352\n  size: 634, 566\n  orig: 634, 566\n  offset: 0, 0\n  index: -1\nanimation_640_lhol3eer45\n  rotate: false\n  xy: 1280, 1342\n  size: 638, 576\n  orig: 638, 576\n  offset: 0, 0\n  index: -1\nanimation_640_lhol3eer46\n  rotate: false\n  xy: 636, 765\n  size: 640, 585\n  orig: 640, 585\n  offset: 0, 0\n  index: -1\nanimation_640_lhol3eer47\n  rotate: false\n  xy: 2, 170\n  size: 630, 598\n  orig: 630, 598\n  offset: 0, 0\n  index: -1\n\nfire_work_3.png\nsize: 2048, 2048\nformat: RGBA8888\nfilter: Linear, Linear\nrepeat: none\nanimation_640_lhol3eer18\n  rotate: false\n  xy: 637, 1300\n  size: 561, 607\n  orig: 561, 607\n  offset: 0, 0\n  index: -1\nanimation_640_lhol3eer19\n  rotate: false\n  xy: 1200, 1292\n  size: 611, 615\n  orig: 611, 615\n  offset: 0, 0\n  index: -1\nanimation_640_lhol3eer20\n  rotate: false\n  xy: 632, 670\n  size: 620, 620\n  orig: 620, 620\n  offset: 0, 0\n  index: -1\nanimation_640_lhol3eer21\n  rotate: false\n  xy: 1278, 37\n  size: 629, 630\n  orig: 629, 630\n  offset: 0, 0\n  index: -1\nanimation_640_lhol3eer24\n  rotate: false\n  xy: 1254, 669\n  size: 639, 621\n  orig: 639, 621\n  offset: 0, 0\n  index: -1\nanimation_640_lhol3eer26\n  rotate: false\n  xy: 2, 681\n  size: 628, 619\n  orig: 628, 619\n  offset: 0, 0\n  index: -1\nanimation_640_lhol3eer27\n  rotate: false\n  xy: 2, 45\n  size: 632, 623\n  orig: 632, 623\n  offset: 0, 0\n  index: -1\nanimation_640_lhol3eer36\n  rotate: false\n  xy: 636, 44\n  size: 640, 623\n  orig: 640, 623\n  offset: 0, 0\n  index: -1\nanimation_640_lhol3eer48\n  rotate: false\n  xy: 2, 1302\n  size: 633, 605\n  orig: 633, 605\n  offset: 0, 0\n  index: -1\n\nfire_work_4.png\nsize: 2048, 2048\nformat: RGBA8888\nfilter: Linear, Linear\nrepeat: none\nanimation_640_lhol3eer28\n  rotate: false\n  xy: 2, 1289\n  size: 636, 632\n  orig: 636, 632\n  offset: 0, 0\n  index: -1\nanimation_640_lhol3eer29\n  rotate: false\n  xy: 640, 1285\n  size: 640, 636\n  orig: 640, 636\n  offset: 0, 0\n  index: -1\nanimation_640_lhol3eer30\n  rotate: false\n  xy: 1273, 645\n  size: 634, 638\n  orig: 634, 638\n  offset: 0, 0\n  index: -1\nanimation_640_lhol3eer31\n  rotate: false\n  xy: 640, 3\n  size: 640, 640\n  orig: 640, 640\n  offset: 0, 0\n  index: -1\nanimation_640_lhol3eer32\n  rotate: false\n  xy: 1282, 3\n  size: 637, 640\n  orig: 637, 640\n  offset: 0, 0\n  index: -1\nanimation_640_lhol3eer35\n  rotate: false\n  xy: 1282, 1285\n  size: 639, 636\n  orig: 639, 636\n  offset: 0, 0\n  index: -1\nanimation_640_lhol3eer37\n  rotate: false\n  xy: 2, 5\n  size: 636, 639\n  orig: 636, 639\n  offset: 0, 0\n  index: -1\nanimation_640_lhol3eer38\n  rotate: false\n  xy: 2, 650\n  size: 627, 637\n  orig: 627, 637\n  offset: 0, 0\n  index: -1\nanimation_640_lhol3eer39\n  rotate: false\n  xy: 631, 646\n  size: 640, 637\n  orig: 640, 637\n  offset: 0, 0\n  index: -1\n\nfire_work_5.png\nsize: 2048, 2048\nformat: RGBA8888\nfilter: Linear, Linear\nrepeat: none\nanimation_640_lhol3eer33\n  rotate: false\n  xy: 2, 1279\n  size: 640, 640\n  orig: 640, 640\n  offset: 0, 0\n  index: -1\nanimation_640_lhol3eer34\n  rotate: false\n  xy: 644, 1279\n  size: 633, 640\n  orig: 633, 640\n  offset: 0, 0\n  index: -1\nanimation_640_lhol3eer40\n  rotate: false\n  xy: 1279, 1279\n  size: 640, 640\n  orig: 640, 640\n  offset: 0, 0\n  index: -1\n"
}