{
  "__type__": "cc.AnimationClip",
  "_name": "Camera_ShakeAnim",
  "_objFlags": 0,
  "_native": "",
  "_duration": 0.6666666666666666,
  "sample": 60,
  "speed": 1,
  "wrapMode": 1,
  "curveData": {
    "props": {
      "position": [
        {
          "frame": 0,
          "value": [
            0,
            0,
            0
          ]
        },
        {
          "frame": 0.08333333333333333,
          "value": [
            -3,
            0,
            0
          ]
        },
        {
          "frame": 0.16666666666666666,
          "value": [
            3,
            0,
            0
          ]
        },
        {
          "frame": 0.25,
          "value": [
            0,
            0,
            0
          ]
        },
        {
          "frame": 0.3333333333333333,
          "value": [
            -3,
            0,
            0
          ]
        },
        {
          "frame": 0.4166666666666667,
          "value": [
            3,
            0,
            0
          ]
        },
        {
          "frame": 0.5,
          "value": [
            0,
            0,
            0
          ]
        },
        {
          "frame": 0.5833333333333334,
          "value": [
            -3,
            0,
            0
          ]
        },
        {
          "frame": 0.6666666666666666,
          "value": [
            0,
            0,
            0
          ]
        }
      ]
    }
  },
  "events": []
}