{
  "D:\\PA_2024\\3D\\MergeRobo\\MergeRobo_FullProject\\assets\\SkyBox.meta": {
    "time": 1724639508707.4934
  },
  "D:\\PA_2024\\3D\\MergeRobo\\MergeRobo_FullProject\\assets\\SkyBox\\default_skybox.png.meta": {
    "time": 1724639529172.9778
  },
  "D:\\PA_2024\\3D\\MergeRobo\\MergeRobo_FullProject\\assets\\SkyBox": {
    "time": 1724639508702.5066,
    "uuid": "f098230d-bae6-4f4e-b8ca-11fe3e7033c5",
    "missing": false
  },
  "D:\\PA_2024\\3D\\MergeRobo\\MergeRobo_FullProject\\assets\\SkyBox\\default_skybox.png": {
    "time": 1719270531776.7852,
    "uuid": "09b14ffe-3ef0-4ccd-b5d5-0a9e54f89edb",
    "missing": false
  },
  "D:\\PA_2024\\3D\\MergeRobo\\MergeRobo_FullProject\\assets\\Scene.meta": {
    "time": 1724639640352.3486
  },
  "D:\\PA_2024\\3D\\MergeRobo\\MergeRobo_FullProject\\assets\\Scene\\Op12.scene.meta": {
    "time": 1724639640355.341
  },
  "D:\\PA_2024\\3D\\MergeRobo\\MergeRobo_FullProject\\assets\\Scene": {
    "time": 1724639640343.3728,
    "uuid": "4c8459e6-8398-457f-8d2d-f9718337be10",
    "missing": false
  },
  "D:\\PA_2024\\3D\\MergeRobo\\MergeRobo_FullProject\\assets\\Scene\\Op12.scene": {
    "time": 1724928070893.3533,
    "uuid": "ba770f42-b1bd-480a-812a-b2d060f264d8",
    "missing": false
  },
  "D:\\PA_2024\\3D\\MergeRobo\\MergeRobo_FullProject\\assets\\Scripts.meta": {
    "time": 1724639682668.3584
  },
  "D:\\PA_2024\\3D\\MergeRobo\\MergeRobo_FullProject\\assets\\Scripts": {
    "time": 1724745575023.756,
    "uuid": "b0e16b25-b26c-4e4d-97da-71f938cd2544",
    "missing": false
  },
  "D:\\PA_2024\\3D\\MergeRobo\\MergeRobo_FullProject\\assets\\Scripts\\GamePlay.meta": {
    "time": 1724639832728.3584
  },
  "D:\\PA_2024\\3D\\MergeRobo\\MergeRobo_FullProject\\assets\\Scripts\\GamePlay": {
    "time": 1724742152872.6963,
    "uuid": "b9e24c7b-4dfb-405b-8e66-3cd7c458f4aa",
    "missing": false
  },
  "D:\\PA_2024\\3D\\MergeRobo\\MergeRobo_FullProject\\assets\\Scripts\\Utils.meta": {
    "time": 1724639880249.2104
  },
  "D:\\PA_2024\\3D\\MergeRobo\\MergeRobo_FullProject\\assets\\Scripts\\Utils": {
    "time": 1724660702613.6008,
    "uuid": "7cd0790a-c302-48bb-b183-279a1ae53564",
    "missing": false
  },
  "D:\\PA_2024\\3D\\MergeRobo\\MergeRobo_FullProject\\assets\\Scripts\\GamePlay\\HideMask.ts.meta": {
    "time": 1724640385420.2932
  },
  "D:\\PA_2024\\3D\\MergeRobo\\MergeRobo_FullProject\\assets\\Scripts\\GamePlay\\HideMask.ts": {
    "time": 1724818118856.8843,
    "uuid": "f6c02d92-2a89-49d0-b14e-d4bba72e5a8f",
    "missing": false
  },
  "D:\\PA_2024\\3D\\MergeRobo\\MergeRobo_FullProject\\assets\\Scripts\\Const.meta": {
    "time": 1724640438036.284
  },
  "D:\\PA_2024\\3D\\MergeRobo\\MergeRobo_FullProject\\assets\\Scripts\\Const": {
    "time": 1724640481586.744,
    "uuid": "d9110fee-f3d6-4f7c-89ab-dba711f2dc23",
    "missing": false
  },
  "D:\\PA_2024\\3D\\MergeRobo\\MergeRobo_FullProject\\assets\\Scripts\\Const\\GameInfo.ts.meta": {
    "time": 1724640476127.3254
  },
  "D:\\PA_2024\\3D\\MergeRobo\\MergeRobo_FullProject\\assets\\Scripts\\Const\\GameInfo.ts": {
    "time": 1724925003541.7283,
    "uuid": "8208e254-7f17-4f4e-8770-ae92221db73e",
    "missing": false
  },
  "D:\\PA_2024\\3D\\MergeRobo\\MergeRobo_FullProject\\assets\\Scripts\\Const\\CONST.ts.meta": {
    "time": 1724640481592.7278
  },
  "D:\\PA_2024\\3D\\MergeRobo\\MergeRobo_FullProject\\assets\\Scripts\\Const\\CONST.ts": {
    "time": 1724902104965.45,
    "uuid": "703629a5-5db0-4bf7-9720-84e49e17521d",
    "missing": false
  },
  "D:\\PA_2024\\3D\\MergeRobo\\MergeRobo_FullProject\\assets\\Scripts\\AdHelper.meta": {
    "time": 1724643073020.9707
  },
  "D:\\PA_2024\\3D\\MergeRobo\\MergeRobo_FullProject\\assets\\Scripts\\AdHelper": {
    "time": 1724643080079.6375,
    "uuid": "8451287e-62a1-41a9-884f-385e91dd6f9a",
    "missing": false
  },
  "D:\\PA_2024\\3D\\MergeRobo\\MergeRobo_FullProject\\assets\\Scripts\\AdHelper\\IronSource.ts.meta": {
    "time": 1724643080084.6238
  },
  "D:\\PA_2024\\3D\\MergeRobo\\MergeRobo_FullProject\\assets\\Scripts\\AdHelper\\IronSource.ts": {
    "time": 1724814005268.486,
    "uuid": "b6c66277-217f-4536-809a-48462fc2596e",
    "missing": false
  },
  "D:\\PA_2024\\3D\\MergeRobo\\MergeRobo_FullProject\\assets\\Particles.meta": {
    "time": 1724647002928.76
  },
  "D:\\PA_2024\\3D\\MergeRobo\\MergeRobo_FullProject\\assets\\Particles\\FireLight.plist.meta": {
    "time": 1724647002948.6785
  },
  "D:\\PA_2024\\3D\\MergeRobo\\MergeRobo_FullProject\\assets\\Particles\\FireLight.png.meta": {
    "time": 1724659883036.875
  },
  "D:\\PA_2024\\3D\\MergeRobo\\MergeRobo_FullProject\\assets\\Particles": {
    "time": 1724647002919.756,
    "uuid": "7fef4e44-70ef-4252-9c52-89e83f2b785a",
    "missing": false
  },
  "D:\\PA_2024\\3D\\MergeRobo\\MergeRobo_FullProject\\assets\\Particles\\FireLight.png": {
    "time": 1724646973772.0908,
    "uuid": "d13f3ea0-a09f-4970-890a-1c5e5a388f62",
    "missing": false
  },
  "D:\\PA_2024\\3D\\MergeRobo\\MergeRobo_FullProject\\assets\\Particles\\FireLight.plist": {
    "time": 1724646973063.6821,
    "uuid": "f5ba69fa-2f97-4c40-90d2-12cc09a557f1",
    "missing": false
  },
  "D:\\PA_2024\\3D\\MergeRobo\\MergeRobo_FullProject\\assets\\Scripts\\Controller.meta": {
    "time": 1724656443319.653
  },
  "D:\\PA_2024\\3D\\MergeRobo\\MergeRobo_FullProject\\assets\\Scripts\\Controller": {
    "time": 1724742317159.32,
    "uuid": "cd690fdf-2f9d-4a2c-b010-2de7144c86be",
    "missing": false
  },
  "D:\\PA_2024\\3D\\MergeRobo\\MergeRobo_FullProject\\assets\\Scripts\\Controller\\UIGameController.ts.meta": {
    "time": 1724656453271.5503
  },
  "D:\\PA_2024\\3D\\MergeRobo\\MergeRobo_FullProject\\assets\\Scripts\\Controller\\UIGameController.ts": {
    "time": 1724917827180.8274,
    "uuid": "eae0a180-6b6c-41fb-bf24-e054165f939c",
    "missing": false
  },
  "D:\\PA_2024\\3D\\MergeRobo\\MergeRobo_FullProject\\assets\\Scripts\\Utils\\EnablePhysics.ts.meta": {
    "time": 1724656546169.659
  },
  "D:\\PA_2024\\3D\\MergeRobo\\MergeRobo_FullProject\\assets\\Scripts\\Utils\\EnablePhysics.ts": {
    "time": 1724657484085.1707,
    "uuid": "bcf6df5e-8eb1-488a-b217-771bcdc22457",
    "missing": false
  },
  "D:\\PA_2024\\3D\\MergeRobo\\MergeRobo_FullProject\\assets\\Scripts\\Utils\\Responsive.ts.meta": {
    "time": 1724656693213.0706
  },
  "D:\\PA_2024\\3D\\MergeRobo\\MergeRobo_FullProject\\assets\\Scripts\\Utils\\Singleton.ts.meta": {
    "time": 1724656693217.099
  },
  "D:\\PA_2024\\3D\\MergeRobo\\MergeRobo_FullProject\\assets\\Scripts\\Utils\\Responsive.ts": {
    "time": 1724656939217.1868,
    "uuid": "ff71ea16-94c0-487e-bf0d-6f6375515da5",
    "missing": false
  },
  "D:\\PA_2024\\3D\\MergeRobo\\MergeRobo_FullProject\\assets\\Scripts\\Utils\\Singleton.ts": {
    "time": 1724656971714.6396,
    "uuid": "68e71e46-300a-45c6-a436-7aa7acd49d56",
    "missing": false
  },
  "D:\\PA_2024\\3D\\MergeRobo\\MergeRobo_FullProject\\assets\\Scripts\\Controller\\SoundController.ts.meta": {
    "time": 1724657025120.119
  },
  "D:\\PA_2024\\3D\\MergeRobo\\MergeRobo_FullProject\\assets\\Scripts\\Controller\\SoundController.ts": {
    "time": 1724659642652.5874,
    "uuid": "6b331de7-4b55-4a08-b095-681f437f548a",
    "missing": false
  },
  "D:\\PA_2024\\3D\\MergeRobo\\MergeRobo_FullProject\\assets\\Sound.meta": {
    "time": 1724657216699.605
  },
  "D:\\PA_2024\\3D\\MergeRobo\\MergeRobo_FullProject\\assets\\Sound\\bg_main(1).mp3.meta": {
    "time": 1719270533103.2107
  },
  "D:\\PA_2024\\3D\\MergeRobo\\MergeRobo_FullProject\\assets\\Sound\\bg_main(2).mp3.meta": {
    "time": 1719270533160.725
  },
  "D:\\PA_2024\\3D\\MergeRobo\\MergeRobo_FullProject\\assets\\Sound\\Ig_BreakWall.mp3.meta": {
    "time": 1719270533191.9678
  },
  "D:\\PA_2024\\3D\\MergeRobo\\MergeRobo_FullProject\\assets\\Sound\\sfx_click(1).mp3.meta": {
    "time": 1719270533238.8315
  },
  "D:\\PA_2024\\3D\\MergeRobo\\MergeRobo_FullProject\\assets\\Sound\\sfx_click(2).mp3.meta": {
    "time": 1719270533270.0747
  },
  "D:\\PA_2024\\3D\\MergeRobo\\MergeRobo_FullProject\\assets\\Sound\\sfx_lose.mp3.meta": {
    "time": 1719270533316.938
  },
  "D:\\PA_2024\\3D\\MergeRobo\\MergeRobo_FullProject\\assets\\Sound\\sfx_merge(1).mp3.meta": {
    "time": 1719270533348.181
  },
  "D:\\PA_2024\\3D\\MergeRobo\\MergeRobo_FullProject\\assets\\Sound\\sfx_merge(2).mp3.meta": {
    "time": 1719270533395.0312
  },
  "D:\\PA_2024\\3D\\MergeRobo\\MergeRobo_FullProject\\assets\\Sound\\sfx_newchar.mp3.meta": {
    "time": 1719270533426.2615
  },
  "D:\\PA_2024\\3D\\MergeRobo\\MergeRobo_FullProject\\assets\\Sound\\sfx_rocket1(1).mp3.meta": {
    "time": 1719270533473.1252
  },
  "D:\\PA_2024\\3D\\MergeRobo\\MergeRobo_FullProject\\assets\\Sound\\sfx_rocket1(2).mp3.meta": {
    "time": 1719270533504.3943
  },
  "D:\\PA_2024\\3D\\MergeRobo\\MergeRobo_FullProject\\assets\\Sound\\sfx_rocket1(3).mp3.meta": {
    "time": 1719270533551.2312
  },
  "D:\\PA_2024\\3D\\MergeRobo\\MergeRobo_FullProject\\assets\\Sound\\sfx_rocket2.mp3.meta": {
    "time": 1719270533582.5012
  },
  "D:\\PA_2024\\3D\\MergeRobo\\MergeRobo_FullProject\\assets\\Sound\\sfx_win.mp3.meta": {
    "time": 1719270533629.3645
  },
  "D:\\PA_2024\\3D\\MergeRobo\\MergeRobo_FullProject\\assets\\Sound\\using.meta": {
    "time": 1719270533644.959
  },
  "D:\\PA_2024\\3D\\MergeRobo\\MergeRobo_FullProject\\assets\\Sound\\using\\BgSound.mp3.meta": {
    "time": 1719270533691.851
  },
  "D:\\PA_2024\\3D\\MergeRobo\\MergeRobo_FullProject\\assets\\Sound\\using\\bg_Main.mp3.meta": {
    "time": 1719270533738.6868
  },
  "D:\\PA_2024\\3D\\MergeRobo\\MergeRobo_FullProject\\assets\\Sound\\using\\Boom Long.mp3.meta": {
    "time": 1719270533769.9297
  },
  "D:\\PA_2024\\3D\\MergeRobo\\MergeRobo_FullProject\\assets\\Sound\\using\\DinoAttack2.mp3.meta": {
    "time": 1719270533816.7922
  },
  "D:\\PA_2024\\3D\\MergeRobo\\MergeRobo_FullProject\\assets\\Sound\\using\\DinoAttack4.mp3.meta": {
    "time": 1719270533848.063
  },
  "D:\\PA_2024\\3D\\MergeRobo\\MergeRobo_FullProject\\assets\\Sound\\using\\DinoAttack6.mp3.meta": {
    "time": 1719270533894.931
  },
  "D:\\PA_2024\\3D\\MergeRobo\\MergeRobo_FullProject\\assets\\Sound\\using\\Lose.mp3.meta": {
    "time": 1719270533926.1707
  },
  "D:\\PA_2024\\3D\\MergeRobo\\MergeRobo_FullProject\\assets\\Sound\\using\\Merge.mp3.meta": {
    "time": 1719270533973.0056
  },
  "D:\\PA_2024\\3D\\MergeRobo\\MergeRobo_FullProject\\assets\\Sound\\using\\PurchaseDino.mp3.meta": {
    "time": 1719270534004.2502
  },
  "D:\\PA_2024\\3D\\MergeRobo\\MergeRobo_FullProject\\assets\\Sound": {
    "time": 1724657214567.4275,
    "uuid": "9304ec31-62d8-46ff-90e9-b846029b6b38",
    "missing": false
  },
  "D:\\PA_2024\\3D\\MergeRobo\\MergeRobo_FullProject\\assets\\Sound\\sfx_click(1).mp3": {
    "time": 1719270533207.5916,
    "uuid": "8708133e-0ea8-488a-bb1c-a9ca11fc7079",
    "missing": false
  },
  "D:\\PA_2024\\3D\\MergeRobo\\MergeRobo_FullProject\\assets\\Sound\\sfx_click(2).mp3": {
    "time": 1719270533254.4263,
    "uuid": "df7a3a45-9884-4617-a503-3db7a3c79c0a",
    "missing": false
  },
  "D:\\PA_2024\\3D\\MergeRobo\\MergeRobo_FullProject\\assets\\Sound\\bg_main(1).mp3": {
    "time": 1719270533087.6128,
    "uuid": "f64f3bfd-0f5a-4a31-95e6-6405b1800ab6",
    "missing": false
  },
  "D:\\PA_2024\\3D\\MergeRobo\\MergeRobo_FullProject\\assets\\Sound\\Ig_BreakWall.mp3": {
    "time": 1719270533176.3193,
    "uuid": "05231d03-dc7f-462a-89cb-7bcd1e2634c4",
    "missing": false
  },
  "D:\\PA_2024\\3D\\MergeRobo\\MergeRobo_FullProject\\assets\\Sound\\bg_main(2).mp3": {
    "time": 1719270533141.0122,
    "uuid": "755189f2-dde4-47a0-9cf9-a3f5cf61c402",
    "missing": false
  },
  "D:\\PA_2024\\3D\\MergeRobo\\MergeRobo_FullProject\\assets\\Sound\\sfx_merge(1).mp3": {
    "time": 1719270533332.562,
    "uuid": "1fcec21d-6aae-489b-8a4f-f3d426736e99",
    "missing": false
  },
  "D:\\PA_2024\\3D\\MergeRobo\\MergeRobo_FullProject\\assets\\Sound\\sfx_merge(2).mp3": {
    "time": 1719270533363.8044,
    "uuid": "d47ff0af-5eaf-49a7-8c78-7fe50b721d5a",
    "missing": false
  },
  "D:\\PA_2024\\3D\\MergeRobo\\MergeRobo_FullProject\\assets\\Sound\\sfx_lose.mp3": {
    "time": 1719270533285.6958,
    "uuid": "67bf91ab-75c6-47e7-80cb-d888d149095e",
    "missing": false
  },
  "D:\\PA_2024\\3D\\MergeRobo\\MergeRobo_FullProject\\assets\\Sound\\sfx_newchar.mp3": {
    "time": 1719270533410.64,
    "uuid": "a0e1eded-1a9e-4d76-8c28-c10382285915",
    "missing": false
  },
  "D:\\PA_2024\\3D\\MergeRobo\\MergeRobo_FullProject\\assets\\Sound\\sfx_rocket1(2).mp3": {
    "time": 1719270533488.7764,
    "uuid": "e5c04ac0-e33b-44c7-9656-668f0195ccf8",
    "missing": false
  },
  "D:\\PA_2024\\3D\\MergeRobo\\MergeRobo_FullProject\\assets\\Sound\\using": {
    "time": 1724657214666.5898,
    "uuid": "d04ce224-f76e-4d0c-858c-922eac94992a",
    "missing": false
  },
  "D:\\PA_2024\\3D\\MergeRobo\\MergeRobo_FullProject\\assets\\Sound\\sfx_rocket1(1).mp3": {
    "time": 1719270533457.5305,
    "uuid": "f8456312-35bb-484f-8da2-077789302e72",
    "missing": false
  },
  "D:\\PA_2024\\3D\\MergeRobo\\MergeRobo_FullProject\\assets\\Sound\\sfx_rocket2.mp3": {
    "time": 1719270533566.8523,
    "uuid": "4d81cd4f-5fec-49c6-978a-fbd6f7e3153b",
    "missing": false
  },
  "D:\\PA_2024\\3D\\MergeRobo\\MergeRobo_FullProject\\assets\\Sound\\sfx_rocket1(3).mp3": {
    "time": 1719270533535.6086,
    "uuid": "fc14361f-9114-4b3c-a607-13e1524a11a0",
    "missing": false
  },
  "D:\\PA_2024\\3D\\MergeRobo\\MergeRobo_FullProject\\assets\\Sound\\sfx_win.mp3": {
    "time": 1719270533613.7168,
    "uuid": "f0f69a53-6907-40c6-9d4a-7e5f9c3a3adf",
    "missing": false
  },
  "D:\\PA_2024\\3D\\MergeRobo\\MergeRobo_FullProject\\assets\\Sound\\using\\Boom Long.mp3": {
    "time": 1719270533754.3384,
    "uuid": "84d78f3d-fb31-4d86-8418-33c9aec1f3dd",
    "missing": false
  },
  "D:\\PA_2024\\3D\\MergeRobo\\MergeRobo_FullProject\\assets\\Sound\\using\\BgSound.mp3": {
    "time": 1719270533676.2017,
    "uuid": "e8102d28-dedf-4d03-bfb9-a60e50957247",
    "missing": false
  },
  "D:\\PA_2024\\3D\\MergeRobo\\MergeRobo_FullProject\\assets\\Sound\\using\\DinoAttack4.mp3": {
    "time": 1719270533832.4148,
    "uuid": "1273bf59-1808-4452-838a-77f1c5fc57c5",
    "missing": false
  },
  "D:\\PA_2024\\3D\\MergeRobo\\MergeRobo_FullProject\\assets\\Sound\\using\\DinoAttack2.mp3": {
    "time": 1719270533785.5774,
    "uuid": "ebbf02a6-0138-4f55-90c1-72f70e2ae82f",
    "missing": false
  },
  "D:\\PA_2024\\3D\\MergeRobo\\MergeRobo_FullProject\\assets\\Sound\\using\\bg_Main.mp3": {
    "time": 1719270533707.4739,
    "uuid": "1f49aade-d57e-4751-8222-250f367900f0",
    "missing": false
  },
  "D:\\PA_2024\\3D\\MergeRobo\\MergeRobo_FullProject\\assets\\Sound\\using\\DinoAttack6.mp3": {
    "time": 1719270533863.6843,
    "uuid": "c422b31d-5298-489f-a354-47edf55ee832",
    "missing": false
  },
  "D:\\PA_2024\\3D\\MergeRobo\\MergeRobo_FullProject\\assets\\Sound\\using\\Lose.mp3": {
    "time": 1719270533910.5205,
    "uuid": "d8e37256-dd8d-4a6d-82f5-43d126a4ea88",
    "missing": false
  },
  "D:\\PA_2024\\3D\\MergeRobo\\MergeRobo_FullProject\\assets\\Sound\\using\\PurchaseDino.mp3": {
    "time": 1719270533988.627,
    "uuid": "3f72debf-c453-4091-8775-98d81a78f6c2",
    "missing": false
  },
  "D:\\PA_2024\\3D\\MergeRobo\\MergeRobo_FullProject\\assets\\Sound\\using\\Merge.mp3": {
    "time": 1719270533941.7932,
    "uuid": "4986e532-8e62-4a15-8b69-9d46ffb490de",
    "missing": false
  },
  "D:\\PA_2024\\3D\\MergeRobo\\MergeRobo_FullProject\\assets\\Scripts\\Controller\\GameController.ts.meta": {
    "time": 1724657504122.041
  },
  "D:\\PA_2024\\3D\\MergeRobo\\MergeRobo_FullProject\\assets\\Scripts\\Controller\\GameController.ts": {
    "time": 1724657504102.0757,
    "uuid": "9aa2e1c5-d023-4c31-a92d-0c1bf2005386",
    "missing": false
  },
  "D:\\PA_2024\\3D\\MergeRobo\\MergeRobo_FullProject\\assets\\Scripts\\Utils\\Utility.ts.meta": {
    "time": 1724660652484.4907
  },
  "D:\\PA_2024\\3D\\MergeRobo\\MergeRobo_FullProject\\assets\\Scripts\\Utils\\Utility.ts": {
    "time": 1724750867128.071,
    "uuid": "29ed240b-aa91-4932-a5a4-5ca3411d6bd9",
    "missing": false
  },
  "D:\\PA_2024\\3D\\MergeRobo\\MergeRobo_FullProject\\assets\\Art.meta": {
    "time": 1724665122533.7947
  },
  "D:\\PA_2024\\3D\\MergeRobo\\MergeRobo_FullProject\\assets\\Art": {
    "time": 1724838988132.743,
    "uuid": "dd7db289-9cce-422a-8aee-edff75cab724",
    "missing": false
  },
  "D:\\PA_2024\\3D\\MergeRobo\\MergeRobo_FullProject\\assets\\Art\\Robo.meta": {
    "time": 1724665187317.9932
  },
  "D:\\PA_2024\\3D\\MergeRobo\\MergeRobo_FullProject\\assets\\Art\\Robo\\Mesh.meta": {
    "time": 1724665187318.9905
  },
  "D:\\PA_2024\\3D\\MergeRobo\\MergeRobo_FullProject\\assets\\Art\\Robo\\Texture.meta": {
    "time": 1724665187318.9905
  },
  "D:\\PA_2024\\3D\\MergeRobo\\MergeRobo_FullProject\\assets\\Art\\Robo\\Mesh\\Robot_melee13_base.fbx.meta": {
    "time": 1724665123096.547
  },
  "D:\\PA_2024\\3D\\MergeRobo\\MergeRobo_FullProject\\assets\\Art\\Robo\\Texture\\megatexture.png.meta": {
    "time": 1724665187338.9385
  },
  "D:\\PA_2024\\3D\\MergeRobo\\MergeRobo_FullProject\\assets\\Art\\Robo": {
    "time": 1724729855799.7478,
    "uuid": "a6b8c1ac-c742-4e97-9254-529472d608da",
    "missing": false
  },
  "D:\\PA_2024\\3D\\MergeRobo\\MergeRobo_FullProject\\assets\\Art\\Robo\\Mesh": {
    "time": 1724733518675.8694,
    "uuid": "da0b42e6-97e2-45bb-aaa4-a47f313d4012",
    "missing": false
  },
  "D:\\PA_2024\\3D\\MergeRobo\\MergeRobo_FullProject\\assets\\Art\\Robo\\Texture": {
    "time": 1724665187314.0042,
    "uuid": "a4a52f63-5593-487a-9c44-4cccde07aa31",
    "missing": false
  },
  "D:\\PA_2024\\3D\\MergeRobo\\MergeRobo_FullProject\\assets\\Art\\Robo\\Texture\\megatexture.png": {
    "time": 1696906850000,
    "uuid": "a80a8f91-4aec-40ba-884d-eb1cff918fd3",
    "missing": false
  },
  "D:\\PA_2024\\3D\\MergeRobo\\MergeRobo_FullProject\\assets\\Art\\Robo\\Mesh\\Robot_melee13_base.fbx": {
    "time": 1696906850000,
    "uuid": "186e7552-905a-4815-9827-d18c95804d0b",
    "missing": false
  },
  "D:\\PA_2024\\3D\\MergeRobo\\MergeRobo_FullProject\\assets\\Art\\Robo\\Mesh\\Robot_melee01_base.fbx.meta": {
    "time": 1724665277821.5164
  },
  "D:\\PA_2024\\3D\\MergeRobo\\MergeRobo_FullProject\\assets\\Art\\Robo\\Mesh\\Robot_melee10_base.fbx.meta": {
    "time": 1724665277863.9163
  },
  "D:\\PA_2024\\3D\\MergeRobo\\MergeRobo_FullProject\\assets\\Art\\Robo\\Mesh\\Robot_melee01_base.fbx": {
    "time": 1696906850000,
    "uuid": "776d38d6-64d9-44c5-90cd-3388d3cdf0d5",
    "missing": false
  },
  "D:\\PA_2024\\3D\\MergeRobo\\MergeRobo_FullProject\\assets\\Art\\Robo\\Mesh\\Robot_melee10_base.fbx": {
    "time": 1696906850000,
    "uuid": "20e284a8-ad3a-40e5-8767-2465e25bacd7",
    "missing": false
  },
  "D:\\PA_2024\\3D\\MergeRobo\\MergeRobo_FullProject\\assets\\Art\\Map.meta": {
    "time": 1724724203191.5264
  },
  "D:\\PA_2024\\3D\\MergeRobo\\MergeRobo_FullProject\\assets\\Art\\Map\\Materials.meta": {
    "time": 1719270530000.2097
  },
  "D:\\PA_2024\\3D\\MergeRobo\\MergeRobo_FullProject\\assets\\Art\\Map\\Mesh.meta": {
    "time": 1719270530015.839
  },
  "D:\\PA_2024\\3D\\MergeRobo\\MergeRobo_FullProject\\assets\\Art\\Map\\Prefab.meta": {
    "time": 1719270530031.4832
  },
  "D:\\PA_2024\\3D\\MergeRobo\\MergeRobo_FullProject\\assets\\Art\\Robo\\Anim.meta": {
    "time": 1724724203192.4946
  },
  "D:\\PA_2024\\3D\\MergeRobo\\MergeRobo_FullProject\\assets\\Art\\Map\\Materials\\Cocos.meta": {
    "time": 1719270530062.695
  },
  "D:\\PA_2024\\3D\\MergeRobo\\MergeRobo_FullProject\\assets\\Art\\Map\\Mesh\\Map02.meta": {
    "time": 1719270530323.9768
  },
  "D:\\PA_2024\\3D\\MergeRobo\\MergeRobo_FullProject\\assets\\Art\\Map\\Mesh\\Map1.fbx.meta": {
    "time": 1719270530370.8677
  },
  "D:\\PA_2024\\3D\\MergeRobo\\MergeRobo_FullProject\\assets\\Art\\Map\\Mesh\\Map2.fbx.meta": {
    "time": 1719270530417.703
  },
  "D:\\PA_2024\\3D\\MergeRobo\\MergeRobo_FullProject\\assets\\Art\\Map\\Mesh\\Map3.fbx.meta": {
    "time": 1719270530464.5945
  },
  "D:\\PA_2024\\3D\\MergeRobo\\MergeRobo_FullProject\\assets\\Art\\Map\\Mesh\\Map5.fbx.meta": {
    "time": 1719270530495.8096
  },
  "D:\\PA_2024\\3D\\MergeRobo\\MergeRobo_FullProject\\assets\\Art\\Map\\Mesh\\minecraft_map_merge.fbx.meta": {
    "time": 1719270530542.702
  },
  "D:\\PA_2024\\3D\\MergeRobo\\MergeRobo_FullProject\\assets\\Art\\Robo\\Anim\\Robo_Melee_atk1.fbx.meta": {
    "time": 1719279943819.1724
  },
  "D:\\PA_2024\\3D\\MergeRobo\\MergeRobo_FullProject\\assets\\Art\\Robo\\Anim\\Robo_Melee_Dancing2.fbx.meta": {
    "time": 1719270531167.5493
  },
  "D:\\PA_2024\\3D\\MergeRobo\\MergeRobo_FullProject\\assets\\Art\\Robo\\Anim\\Robo_Melee_die.fbx.meta": {
    "time": 1719279852071.0151
  },
  "D:\\PA_2024\\3D\\MergeRobo\\MergeRobo_FullProject\\assets\\Art\\Robo\\Anim\\Robo_Melee_idle1.fbx.meta": {
    "time": 1719270531261.2551
  },
  "D:\\PA_2024\\3D\\MergeRobo\\MergeRobo_FullProject\\assets\\Art\\Robo\\Anim\\Robo_Melee_muscles.fbx.meta": {
    "time": 1719270531308.1187
  },
  "D:\\PA_2024\\3D\\MergeRobo\\MergeRobo_FullProject\\assets\\Art\\Robo\\Anim\\Robo_Melee_pickup.fbx.meta": {
    "time": 1719270531339.394
  },
  "D:\\PA_2024\\3D\\MergeRobo\\MergeRobo_FullProject\\assets\\Art\\Robo\\Anim\\Robo_Melee_walk.fbx.meta": {
    "time": 1719270531386.254
  },
  "D:\\PA_2024\\3D\\MergeRobo\\MergeRobo_FullProject\\assets\\Art\\Map\\Materials\\Cocos\\Catus.mtl.meta": {
    "time": 1719270530105.3054
  },
  "D:\\PA_2024\\3D\\MergeRobo\\MergeRobo_FullProject\\assets\\Art\\Map\\Materials\\Cocos\\Mountain02.mtl.meta": {
    "time": 1719270530136.5195
  },
  "D:\\PA_2024\\3D\\MergeRobo\\MergeRobo_FullProject\\assets\\Art\\Map\\Materials\\Cocos\\platform.mtl.meta": {
    "time": 1719270530183.4114
  },
  "D:\\PA_2024\\3D\\MergeRobo\\MergeRobo_FullProject\\assets\\Art\\Map\\Materials\\Cocos\\platform_Sand.mtl.meta": {
    "time": 1719270530214.6572
  },
  "D:\\PA_2024\\3D\\MergeRobo\\MergeRobo_FullProject\\assets\\Art\\Map\\Materials\\Cocos\\Sand.mtl.meta": {
    "time": 1719270530261.49
  },
  "D:\\PA_2024\\3D\\MergeRobo\\MergeRobo_FullProject\\assets\\Art\\Map\\Materials\\Cocos\\SandGround.mtl.meta": {
    "time": 1719270530308.382
  },
  "D:\\PA_2024\\3D\\MergeRobo\\MergeRobo_FullProject\\assets\\Art\\Map\\Mesh\\Map02\\bg_02.fbx.meta": {
    "time": 1719270530589.5684
  },
  "D:\\PA_2024\\3D\\MergeRobo\\MergeRobo_FullProject\\assets\\Art\\Map\\Mesh\\Map02\\platform_02.fbx.meta": {
    "time": 1719270530636.4292
  },
  "D:\\PA_2024\\3D\\MergeRobo\\MergeRobo_FullProject\\assets\\Art\\Map": {
    "time": 1724724201287.3618,
    "uuid": "4a75c036-3166-46ee-b93b-f5480d9731e8",
    "missing": false
  },
  "D:\\PA_2024\\3D\\MergeRobo\\MergeRobo_FullProject\\assets\\Art\\Map\\Materials": {
    "time": 1724733555835.0784,
    "uuid": "a94a2f00-ec10-4003-a8a5-295976d9bcf5",
    "missing": false
  },
  "D:\\PA_2024\\3D\\MergeRobo\\MergeRobo_FullProject\\assets\\Art\\Map\\Mesh": {
    "time": 1724724201259.5635,
    "uuid": "ffcdfa64-8090-4ba4-8e18-cf8620008abb",
    "missing": false
  },
  "D:\\PA_2024\\3D\\MergeRobo\\MergeRobo_FullProject\\assets\\Art\\Map\\Prefab": {
    "time": 1688358132000,
    "uuid": "edae5979-0799-4134-a796-25cf6c436a9b",
    "missing": false
  },
  "D:\\PA_2024\\3D\\MergeRobo\\MergeRobo_FullProject\\assets\\Art\\Robo\\Anim": {
    "time": 1724724172713.8503,
    "uuid": "34c82701-ef4c-430b-bf38-c00e15293b9a",
    "missing": false
  },
  "D:\\PA_2024\\3D\\MergeRobo\\MergeRobo_FullProject\\assets\\Art\\Map\\Materials\\Cocos": {
    "time": 1724724201154.6606,
    "uuid": "58fbeff2-c885-47d0-9a64-756a2f935a8d",
    "missing": false
  },
  "D:\\PA_2024\\3D\\MergeRobo\\MergeRobo_FullProject\\assets\\Art\\Map\\Mesh\\Map02": {
    "time": 1724724201284.3694,
    "uuid": "1857ec54-b99f-430a-ae7a-21515897d199",
    "missing": false
  },
  "D:\\PA_2024\\3D\\MergeRobo\\MergeRobo_FullProject\\assets\\Art\\Map\\Mesh\\minecraft_map_merge.fbx": {
    "time": 1719270530527.053,
    "uuid": "c1c58b01-6891-4709-a91a-2fea503fe16b",
    "missing": false
  },
  "D:\\PA_2024\\3D\\MergeRobo\\MergeRobo_FullProject\\assets\\Art\\Map\\Mesh\\Map2.fbx": {
    "time": 1719270530386.4602,
    "uuid": "a403b2b8-5c46-498f-a6c4-124119f10f89",
    "missing": false
  },
  "D:\\PA_2024\\3D\\MergeRobo\\MergeRobo_FullProject\\assets\\Art\\Map\\Mesh\\Map1.fbx": {
    "time": 1719270530355.2178,
    "uuid": "710bbe24-b698-4aaf-b610-02f96c3a771d",
    "missing": false
  },
  "D:\\PA_2024\\3D\\MergeRobo\\MergeRobo_FullProject\\assets\\Art\\Map\\Mesh\\Map3.fbx": {
    "time": 1719270530433.3254,
    "uuid": "bc540bc4-28a8-47a7-b6eb-9514e8977efa",
    "missing": false
  },
  "D:\\PA_2024\\3D\\MergeRobo\\MergeRobo_FullProject\\assets\\Art\\Map\\Mesh\\Map5.fbx": {
    "time": 1719270530480.2195,
    "uuid": "bcebbfac-51bf-469f-b40e-51c72a131a59",
    "missing": false
  },
  "D:\\PA_2024\\3D\\MergeRobo\\MergeRobo_FullProject\\assets\\Art\\Robo\\Anim\\Robo_Melee_atk1.fbx": {
    "time": 1719270531089.4204,
    "uuid": "9f7387d9-62cf-46ec-9c75-46e49c15bebe",
    "missing": false
  },
  "D:\\PA_2024\\3D\\MergeRobo\\MergeRobo_FullProject\\assets\\Art\\Robo\\Anim\\Robo_Melee_idle1.fbx": {
    "time": 1719270531230.0398,
    "uuid": "ee461786-0e9e-42f9-8fca-a7e70128ca4c",
    "missing": false
  },
  "D:\\PA_2024\\3D\\MergeRobo\\MergeRobo_FullProject\\assets\\Art\\Robo\\Anim\\Robo_Melee_Dancing2.fbx": {
    "time": 1719270531151.906,
    "uuid": "d707ccd3-5436-4604-8783-c9aef8c1f855",
    "missing": false
  },
  "D:\\PA_2024\\3D\\MergeRobo\\MergeRobo_FullProject\\assets\\Art\\Map\\Materials\\Cocos\\Mountain02.mtl": {
    "time": 1719270530120.8992,
    "uuid": "9848d1d1-0cea-4b6d-a4eb-49a86edf14ae",
    "missing": false
  },
  "D:\\PA_2024\\3D\\MergeRobo\\MergeRobo_FullProject\\assets\\Art\\Map\\Materials\\Cocos\\Catus.mtl": {
    "time": 1719270530089.6555,
    "uuid": "87c92179-b7eb-425d-aa0f-3742622a585e",
    "missing": false
  },
  "D:\\PA_2024\\3D\\MergeRobo\\MergeRobo_FullProject\\assets\\Art\\Map\\Materials\\Cocos\\platform_Sand.mtl": {
    "time": 1719270530199.006,
    "uuid": "da13f1bb-81d2-4622-bf34-cc971a61da7e",
    "missing": false
  },
  "D:\\PA_2024\\3D\\MergeRobo\\MergeRobo_FullProject\\assets\\Art\\Map\\Materials\\Cocos\\platform.mtl": {
    "time": 1719270530167.762,
    "uuid": "b0ad5660-fae7-44d6-936c-5e6781c1c7b6",
    "missing": false
  },
  "D:\\PA_2024\\3D\\MergeRobo\\MergeRobo_FullProject\\assets\\Art\\Map\\Materials\\Cocos\\Sand.mtl": {
    "time": 1719270530245.8699,
    "uuid": "c30a2e5b-d285-4592-859f-e05e70a6220c",
    "missing": false
  },
  "D:\\PA_2024\\3D\\MergeRobo\\MergeRobo_FullProject\\assets\\Art\\Map\\Materials\\Cocos\\SandGround.mtl": {
    "time": 1719270530277.1143,
    "uuid": "8d8995be-a34e-42db-9b60-0ea338b7e39a",
    "missing": false
  },
  "D:\\PA_2024\\3D\\MergeRobo\\MergeRobo_FullProject\\assets\\Art\\Robo\\Anim\\Robo_Melee_die.fbx": {
    "time": 1719270531198.7983,
    "uuid": "de201013-e73c-46fc-a196-da88e00c7f5c",
    "missing": false
  },
  "D:\\PA_2024\\3D\\MergeRobo\\MergeRobo_FullProject\\assets\\Art\\Robo\\Anim\\Robo_Melee_muscles.fbx": {
    "time": 1719270531276.9038,
    "uuid": "e928658a-883d-4e98-9f72-3efd8401cc57",
    "missing": false
  },
  "D:\\PA_2024\\3D\\MergeRobo\\MergeRobo_FullProject\\assets\\Art\\Robo\\Anim\\Robo_Melee_pickup.fbx": {
    "time": 1719270531323.7698,
    "uuid": "ee5bd06b-3ca3-44c8-ab54-4fb0ed225e89",
    "missing": false
  },
  "D:\\PA_2024\\3D\\MergeRobo\\MergeRobo_FullProject\\assets\\Art\\Robo\\Anim\\Robo_Melee_walk.fbx": {
    "time": 1719270531370.6038,
    "uuid": "21c2b731-62b9-4927-a22c-705cddd85d0d",
    "missing": false
  },
  "D:\\PA_2024\\3D\\MergeRobo\\MergeRobo_FullProject\\assets\\Art\\Map\\Mesh\\Map02\\platform_02.fbx": {
    "time": 1719270530620.8098,
    "uuid": "59874c1c-bf46-4dc1-86a1-137762837d50",
    "missing": false
  },
  "D:\\PA_2024\\3D\\MergeRobo\\MergeRobo_FullProject\\assets\\Art\\Map\\Mesh\\Map02\\bg_02.fbx": {
    "time": 1719270530573.9163,
    "uuid": "05b370ff-4e29-4852-ac74-48f53c28dfdd",
    "missing": false
  },
  "D:\\PA_2024\\3D\\MergeRobo\\MergeRobo_FullProject\\assets\\Art\\Line.meta": {
    "time": 1724725249995.14
  },
  "D:\\PA_2024\\3D\\MergeRobo\\MergeRobo_FullProject\\assets\\Art\\Line\\line_white.png.meta": {
    "time": 1719270529906.5095
  },
  "D:\\PA_2024\\3D\\MergeRobo\\MergeRobo_FullProject\\assets\\Art\\Line\\Material.meta": {
    "time": 1719270529922.133
  },
  "D:\\PA_2024\\3D\\MergeRobo\\MergeRobo_FullProject\\assets\\Art\\Line\\Material\\Line.mtl.meta": {
    "time": 1719270529968.9707
  },
  "D:\\PA_2024\\3D\\MergeRobo\\MergeRobo_FullProject\\assets\\Art\\Line": {
    "time": 1724725248320.111,
    "uuid": "c82a29cf-10e0-41ae-bbfe-787738e19b49",
    "missing": false
  },
  "D:\\PA_2024\\3D\\MergeRobo\\MergeRobo_FullProject\\assets\\Art\\Line\\Material": {
    "time": 1724747948991.9065,
    "uuid": "f97dff22-d4ce-40a9-8fb4-7e74062dcd9b",
    "missing": false
  },
  "D:\\PA_2024\\3D\\MergeRobo\\MergeRobo_FullProject\\assets\\Art\\Line\\Material\\Line.mtl": {
    "time": 1719270529953.3748,
    "uuid": "3501690f-ac86-44ef-b3b1-43a1f01d68e1",
    "missing": false
  },
  "D:\\PA_2024\\3D\\MergeRobo\\MergeRobo_FullProject\\assets\\Art\\Line\\line_white.png": {
    "time": 1719270529890.8613,
    "uuid": "93f7c061-bd10-46e3-9893-77443ef19913",
    "missing": false
  },
  "D:\\PA_2024\\3D\\MergeRobo\\MergeRobo_FullProject\\assets\\Prefab.meta": {
    "time": 1724729665672.1062
  },
  "D:\\PA_2024\\3D\\MergeRobo\\MergeRobo_FullProject\\assets\\Prefab": {
    "time": 1724901900289.665,
    "uuid": "ee3ea39c-d0f5-46cf-9510-8030ac4d74c1",
    "missing": false
  },
  "D:\\PA_2024\\3D\\MergeRobo\\MergeRobo_FullProject\\assets\\Prefab\\Robo_Level1.prefab.meta": {
    "time": 1724729670790.655
  },
  "D:\\PA_2024\\3D\\MergeRobo\\MergeRobo_FullProject\\assets\\Prefab\\Robo_Level1.prefab": {
    "time": 1724816366190.6423,
    "uuid": "c44363d1-d958-43ec-961d-ff18d0d6474b",
    "missing": false
  },
  "D:\\PA_2024\\3D\\MergeRobo\\MergeRobo_FullProject\\assets\\Art\\Robo\\Material.meta": {
    "time": 1724729855800.7473
  },
  "D:\\PA_2024\\3D\\MergeRobo\\MergeRobo_FullProject\\assets\\Art\\Robo\\Material": {
    "time": 1724729866952.085,
    "uuid": "33f8f4f7-e0d3-4d67-8f2e-a1278df33c0c",
    "missing": false
  },
  "D:\\PA_2024\\3D\\MergeRobo\\MergeRobo_FullProject\\assets\\Art\\Robo\\Material\\MegaTexture.mtl.meta": {
    "time": 1724729866970.0347
  },
  "D:\\PA_2024\\3D\\MergeRobo\\MergeRobo_FullProject\\assets\\Art\\Robo\\Material\\MegaTexture.mtl": {
    "time": 1724897579906.2717,
    "uuid": "c8fcc9d9-daf8-4e73-a6f0-e7762724a58d",
    "missing": false
  },
  "D:\\PA_2024\\3D\\MergeRobo\\MergeRobo_FullProject\\assets\\Art\\Map\\Materials\\ColorGround_Purple.mtl.meta": {
    "time": 1724731311502.3003
  },
  "D:\\PA_2024\\3D\\MergeRobo\\MergeRobo_FullProject\\assets\\Art\\Map\\Materials\\ColorGround_Purple.mtl": {
    "time": 1724897527598.943,
    "uuid": "0d3c9af7-a581-4ca7-abef-dff8a208f31a",
    "missing": false
  },
  "D:\\PA_2024\\3D\\MergeRobo\\MergeRobo_FullProject\\assets\\Art\\Robo\\Mesh\\Robot_melee16_base.fbx.meta": {
    "time": 1724733519077.488
  },
  "D:\\PA_2024\\3D\\MergeRobo\\MergeRobo_FullProject\\assets\\Art\\Robo\\Mesh\\Robot_melee16_base.fbx": {
    "time": 1696906850000,
    "uuid": "558d3785-6617-4cb8-82bd-5d2ae963cfe3",
    "missing": false
  },
  "D:\\PA_2024\\3D\\MergeRobo\\MergeRobo_FullProject\\assets\\Art\\Map\\Materials\\ColorGround_Blue.mtl.meta": {
    "time": 1724733555843.8245
  },
  "D:\\PA_2024\\3D\\MergeRobo\\MergeRobo_FullProject\\assets\\Art\\Map\\Materials\\ColorGround_Blue.mtl": {
    "time": 1724733561737.7856,
    "uuid": "cf01a911-10f0-43b6-bfa3-cb7a4656cb93",
    "missing": false
  },
  "D:\\PA_2024\\3D\\MergeRobo\\MergeRobo_FullProject\\assets\\Scripts\\Others.meta": {
    "time": 1724742058291.6995
  },
  "D:\\PA_2024\\3D\\MergeRobo\\MergeRobo_FullProject\\assets\\Scripts\\Others": {
    "time": 1724752353278.9905,
    "uuid": "1a494f87-d208-4166-b4f3-9efde4684997",
    "missing": false
  },
  "D:\\PA_2024\\3D\\MergeRobo\\MergeRobo_FullProject\\assets\\Scripts\\Others\\vFx_FireLight.ts.meta": {
    "time": 1724660440586.2878
  },
  "D:\\PA_2024\\3D\\MergeRobo\\MergeRobo_FullProject\\assets\\Scripts\\Others\\vFx_FireLight.ts": {
    "time": 1724813988856.5767,
    "uuid": "6b4b36a0-ce3d-4ccf-90c2-4118dc72d332",
    "missing": false
  },
  "D:\\PA_2024\\3D\\MergeRobo\\MergeRobo_FullProject\\assets\\Scripts\\GamePlay\\GamePlay.ts.meta": {
    "time": 1724742152879.7036
  },
  "D:\\PA_2024\\3D\\MergeRobo\\MergeRobo_FullProject\\assets\\Scripts\\GamePlay\\GamePlay.ts": {
    "time": 1724745495334.8267,
    "uuid": "0b046e23-7738-4bb4-8619-f03ea3888146",
    "missing": false
  },
  "D:\\PA_2024\\3D\\MergeRobo\\MergeRobo_FullProject\\assets\\Scripts\\Controller\\RoboController.ts.meta": {
    "time": 1724742317164.3328
  },
  "D:\\PA_2024\\3D\\MergeRobo\\MergeRobo_FullProject\\assets\\Scripts\\Controller\\RoboController.ts": {
    "time": 1724927385738.755,
    "uuid": "7b73ae4f-6a8a-4c64-8160-45684891694d",
    "missing": false
  },
  "D:\\PA_2024\\3D\\MergeRobo\\MergeRobo_FullProject\\assets\\Scripts\\Robo.meta": {
    "time": 1724745575023.756
  },
  "D:\\PA_2024\\3D\\MergeRobo\\MergeRobo_FullProject\\assets\\Scripts\\Robo": {
    "time": 1724837249763.7307,
    "uuid": "227f46c2-c800-48f8-9d71-0c294d43d914",
    "missing": false
  },
  "D:\\PA_2024\\3D\\MergeRobo\\MergeRobo_FullProject\\assets\\Scripts\\Robo\\RoboBehavior.ts.meta": {
    "time": 1724745722339.1409
  },
  "D:\\PA_2024\\3D\\MergeRobo\\MergeRobo_FullProject\\assets\\Scripts\\Robo\\RoboBehavior.ts": {
    "time": 1724839876248.6975,
    "uuid": "41676923-f548-403c-a1fe-bc217c9b3e55",
    "missing": false
  },
  "D:\\PA_2024\\3D\\MergeRobo\\MergeRobo_FullProject\\assets\\Art\\Line\\Material\\Color_Red.mtl.meta": {
    "time": 1724747949022.871
  },
  "D:\\PA_2024\\3D\\MergeRobo\\MergeRobo_FullProject\\assets\\Art\\Line\\Material\\Color_Red.mtl": {
    "time": 1724748319186.7517,
    "uuid": "655e09dd-1731-46ad-83e0-e9734dfc06ad",
    "missing": false
  },
  "D:\\PA_2024\\3D\\MergeRobo\\MergeRobo_FullProject\\assets\\Scripts\\Others\\HandleLogicGamePlay.ts.meta": {
    "time": 1724748688352.1582
  },
  "D:\\PA_2024\\3D\\MergeRobo\\MergeRobo_FullProject\\assets\\Scripts\\Others\\HandleLogicGamePlay.ts": {
    "time": 1724927754930.0935,
    "uuid": "45fe3322-0661-48ba-b1ba-b8f4ddcac881",
    "missing": false
  },
  "D:\\PA_2024\\3D\\MergeRobo\\MergeRobo_FullProject\\assets\\Scripts\\Robo\\RoboAnim.ts.meta": {
    "time": 1724814460046.347
  },
  "D:\\PA_2024\\3D\\MergeRobo\\MergeRobo_FullProject\\assets\\Scripts\\Robo\\RoboAnim.ts": {
    "time": 1724815102066.4043,
    "uuid": "85c31c83-e649-44ca-b0b8-0f667704c2ba",
    "missing": false
  },
  "D:\\PA_2024\\3D\\MergeRobo\\MergeRobo_FullProject\\assets\\Prefab\\Robo_Level2.prefab.meta": {
    "time": 1724833603646.3618
  },
  "D:\\PA_2024\\3D\\MergeRobo\\MergeRobo_FullProject\\assets\\Prefab\\Robo_Level2.prefab": {
    "time": 1724843560494.49,
    "uuid": "0f5575b7-2c69-4ceb-8379-5f73ed721b1b",
    "missing": false
  },
  "D:\\PA_2024\\3D\\MergeRobo\\MergeRobo_FullProject\\assets\\Art\\Font.meta": {
    "time": 1724836756623.1184
  },
  "D:\\PA_2024\\3D\\MergeRobo\\MergeRobo_FullProject\\assets\\Art\\Font": {
    "time": 1724837196716.3213,
    "uuid": "7680fda0-49ee-44b8-a5c6-463f9916e371",
    "missing": false
  },
  "D:\\PA_2024\\3D\\MergeRobo\\MergeRobo_FullProject\\assets\\Art\\Font\\LilitaOne-Regular.ttf.meta": {
    "time": 1724837196727.2769
  },
  "D:\\PA_2024\\3D\\MergeRobo\\MergeRobo_FullProject\\assets\\Art\\Font\\OFL.txt.meta": {
    "time": 1724837196746.227
  },
  "D:\\PA_2024\\3D\\MergeRobo\\MergeRobo_FullProject\\assets\\Art\\Font\\LilitaOne-Regular.ttf": {
    "time": 1723505016000,
    "uuid": "8611814f-b85a-4950-822d-b043d7815423",
    "missing": false
  },
  "D:\\PA_2024\\3D\\MergeRobo\\MergeRobo_FullProject\\assets\\Art\\Font\\OFL.txt": {
    "time": 1724837178000,
    "uuid": "9db8fcca-9d42-4b5e-be17-f0e6d7f1ab26",
    "missing": false
  },
  "D:\\PA_2024\\3D\\MergeRobo\\MergeRobo_FullProject\\assets\\Scripts\\Robo\\RoboLevel.ts.meta": {
    "time": 1724837249770.7131
  },
  "D:\\PA_2024\\3D\\MergeRobo\\MergeRobo_FullProject\\assets\\Scripts\\Robo\\RoboLevel.ts": {
    "time": 1724926706364.3567,
    "uuid": "b3c0049f-efa4-439d-8385-e148a135cc53",
    "missing": false
  },
  "D:\\PA_2024\\3D\\MergeRobo\\MergeRobo_FullProject\\assets\\Art\\vFx.meta": {
    "time": 1724838988340.2268
  },
  "D:\\PA_2024\\3D\\MergeRobo\\MergeRobo_FullProject\\assets\\Art\\vFx\\Confetti.meta": {
    "time": 1724838988341.2236
  },
  "D:\\PA_2024\\3D\\MergeRobo\\MergeRobo_FullProject\\assets\\Art\\vFx\\Smoke.meta": {
    "time": 1724838988341.2236
  },
  "D:\\PA_2024\\3D\\MergeRobo\\MergeRobo_FullProject\\assets\\Art\\vFx\\Spark.meta": {
    "time": 1724838988342.2212
  },
  "D:\\PA_2024\\3D\\MergeRobo\\MergeRobo_FullProject\\assets\\Art\\vFx\\Confetti\\Material.meta": {
    "time": 1684912089130.4968
  },
  "D:\\PA_2024\\3D\\MergeRobo\\MergeRobo_FullProject\\assets\\Art\\vFx\\Confetti\\Prefab.meta": {
    "time": 1684912089586.2795
  },
  "D:\\PA_2024\\3D\\MergeRobo\\MergeRobo_FullProject\\assets\\Art\\vFx\\Confetti\\Texture.meta": {
    "time": 1684912096191.7334
  },
  "D:\\PA_2024\\3D\\MergeRobo\\MergeRobo_FullProject\\assets\\Art\\vFx\\Smoke\\Material.meta": {
    "time": 1692088892000
  },
  "D:\\PA_2024\\3D\\MergeRobo\\MergeRobo_FullProject\\assets\\Art\\vFx\\Smoke\\Prefab.meta": {
    "time": 1692088886000
  },
  "D:\\PA_2024\\3D\\MergeRobo\\MergeRobo_FullProject\\assets\\Art\\vFx\\Smoke\\Texture.meta": {
    "time": 1692088884000
  },
  "D:\\PA_2024\\3D\\MergeRobo\\MergeRobo_FullProject\\assets\\Art\\vFx\\Spark\\Material.meta": {
    "time": 1684924510814.286
  },
  "D:\\PA_2024\\3D\\MergeRobo\\MergeRobo_FullProject\\assets\\Art\\vFx\\Spark\\Prefab.meta": {
    "time": 1684924510818.2751
  },
  "D:\\PA_2024\\3D\\MergeRobo\\MergeRobo_FullProject\\assets\\Art\\vFx\\Spark\\Texture.meta": {
    "time": 1684924510820.27
  },
  "D:\\PA_2024\\3D\\MergeRobo\\MergeRobo_FullProject\\assets\\Art\\vFx\\Confetti\\Material\\Confetti.mtl.meta": {
    "time": 1684923159833.9148
  },
  "D:\\PA_2024\\3D\\MergeRobo\\MergeRobo_FullProject\\assets\\Art\\vFx\\Confetti\\Material\\Flash.mtl.meta": {
    "time": 1684922303708.6453
  },
  "D:\\PA_2024\\3D\\MergeRobo\\MergeRobo_FullProject\\assets\\Art\\vFx\\Confetti\\Material\\Ring.mtl.meta": {
    "time": 1684912625609.6223
  },
  "D:\\PA_2024\\3D\\MergeRobo\\MergeRobo_FullProject\\assets\\Art\\vFx\\Confetti\\Material\\Sparkle.mtl.meta": {
    "time": 1684912127673.5527
  },
  "D:\\PA_2024\\3D\\MergeRobo\\MergeRobo_FullProject\\assets\\Art\\vFx\\Confetti\\Material\\Sparkle02.mtl.meta": {
    "time": 1684922556183.9697
  },
  "D:\\PA_2024\\3D\\MergeRobo\\MergeRobo_FullProject\\assets\\Art\\vFx\\Confetti\\Prefab\\Confetti.prefab.meta": {
    "time": 1684923661695.6887
  },
  "D:\\PA_2024\\3D\\MergeRobo\\MergeRobo_FullProject\\assets\\Art\\vFx\\Confetti\\Prefab\\Sparkle.prefab.meta": {
    "time": 1684912973659.6055
  },
  "D:\\PA_2024\\3D\\MergeRobo\\MergeRobo_FullProject\\assets\\Art\\vFx\\Confetti\\Prefab\\Walk Break.prefab.meta": {
    "time": 1684923139675.99
  },
  "D:\\PA_2024\\3D\\MergeRobo\\MergeRobo_FullProject\\assets\\Art\\vFx\\Confetti\\Texture\\flashLarge.png.meta": {
    "time": 1684922258027.8054
  },
  "D:\\PA_2024\\3D\\MergeRobo\\MergeRobo_FullProject\\assets\\Art\\vFx\\Confetti\\Texture\\fullCircleFaded.png.meta": {
    "time": 1684922243575.4275
  },
  "D:\\PA_2024\\3D\\MergeRobo\\MergeRobo_FullProject\\assets\\Art\\vFx\\Confetti\\Texture\\glowSparksOffset.png.meta": {
    "time": 1684922264052.22
  },
  "D:\\PA_2024\\3D\\MergeRobo\\MergeRobo_FullProject\\assets\\Art\\vFx\\Confetti\\Texture\\levelup_ring.png.meta": {
    "time": 1684912622418.557
  },
  "D:\\PA_2024\\3D\\MergeRobo\\MergeRobo_FullProject\\assets\\Art\\vFx\\Confetti\\Texture\\sparkle_blue.png.meta": {
    "time": 1684912120246.037
  },
  "D:\\PA_2024\\3D\\MergeRobo\\MergeRobo_FullProject\\assets\\Art\\vFx\\Confetti\\Texture\\white.png.meta": {
    "time": 1684922204509.084
  },
  "D:\\PA_2024\\3D\\MergeRobo\\MergeRobo_FullProject\\assets\\Art\\vFx\\Smoke\\Material\\smoke.mtl.meta": {
    "time": 1692088914000
  },
  "D:\\PA_2024\\3D\\MergeRobo\\MergeRobo_FullProject\\assets\\Art\\vFx\\Smoke\\Material\\testSmoke.mtl.meta": {
    "time": 1692093933360.9358
  },
  "D:\\PA_2024\\3D\\MergeRobo\\MergeRobo_FullProject\\assets\\Art\\vFx\\Smoke\\Prefab\\Smoke.prefab.meta": {
    "time": 1692089544000
  },
  "D:\\PA_2024\\3D\\MergeRobo\\MergeRobo_FullProject\\assets\\Art\\vFx\\Smoke\\Texture\\SS2.png.meta": {
    "time": 1692088904000
  },
  "D:\\PA_2024\\3D\\MergeRobo\\MergeRobo_FullProject\\assets\\Art\\vFx\\Spark\\Material\\Ring.mtl.meta": {
    "time": 1684924510839.219
  },
  "D:\\PA_2024\\3D\\MergeRobo\\MergeRobo_FullProject\\assets\\Art\\vFx\\Spark\\Material\\Sparkle.mtl.meta": {
    "time": 1684924510828.2488
  },
  "D:\\PA_2024\\3D\\MergeRobo\\MergeRobo_FullProject\\assets\\Art\\vFx\\Spark\\Prefab\\Sparkle.prefab.meta": {
    "time": 1684924510851.187
  },
  "D:\\PA_2024\\3D\\MergeRobo\\MergeRobo_FullProject\\assets\\Art\\vFx\\Spark\\Texture\\levelup_ring.png.meta": {
    "time": 1684924510846.2004
  },
  "D:\\PA_2024\\3D\\MergeRobo\\MergeRobo_FullProject\\assets\\Art\\vFx\\Spark\\Texture\\sparkle_blue.png.meta": {
    "time": 1684924510861.1614
  },
  "D:\\PA_2024\\3D\\MergeRobo\\MergeRobo_FullProject\\assets\\Art\\vFx": {
    "time": 1724838988135.7358,
    "uuid": "ce2a4493-881f-4ab0-bb99-be502ee2060c",
    "missing": false
  },
  "D:\\PA_2024\\3D\\MergeRobo\\MergeRobo_FullProject\\assets\\Art\\vFx\\Confetti": {
    "time": 1724838985190.9905,
    "uuid": "37175474-d344-4fa3-9e34-29978f3f288b",
    "missing": false
  },
  "D:\\PA_2024\\3D\\MergeRobo\\MergeRobo_FullProject\\assets\\Art\\vFx\\Smoke": {
    "time": 1724838985285.7092,
    "uuid": "bbd25f70-3886-4581-8957-debd3dad9723",
    "missing": false
  },
  "D:\\PA_2024\\3D\\MergeRobo\\MergeRobo_FullProject\\assets\\Art\\vFx\\Spark": {
    "time": 1724838985336.5732,
    "uuid": "b4b78e2f-7906-417d-a028-ce9e642aa93f",
    "missing": false
  },
  "D:\\PA_2024\\3D\\MergeRobo\\MergeRobo_FullProject\\assets\\Art\\vFx\\Confetti\\Material": {
    "time": 1724838985153.0637,
    "uuid": "7a7d7ea8-257c-4a71-ab44-f1c4dea2da0e",
    "missing": false
  },
  "D:\\PA_2024\\3D\\MergeRobo\\MergeRobo_FullProject\\assets\\Art\\vFx\\Confetti\\Prefab": {
    "time": 1724838985188,
    "uuid": "db6dcd32-368e-443b-a513-d047599cf49e",
    "missing": false
  },
  "D:\\PA_2024\\3D\\MergeRobo\\MergeRobo_FullProject\\assets\\Art\\vFx\\Confetti\\Texture": {
    "time": 1724838985250.8052,
    "uuid": "d0c45fae-ef95-40cc-abc0-b2506649f700",
    "missing": false
  },
  "D:\\PA_2024\\3D\\MergeRobo\\MergeRobo_FullProject\\assets\\Art\\vFx\\Smoke\\Material": {
    "time": 1724838985274.7695,
    "uuid": "d22df335-1832-46d5-89a7-5f353f7177f5",
    "missing": false
  },
  "D:\\PA_2024\\3D\\MergeRobo\\MergeRobo_FullProject\\assets\\Art\\vFx\\Smoke\\Prefab": {
    "time": 1724838985282.7214,
    "uuid": "c127674d-6847-416d-8b71-7af95c3a5fb4",
    "missing": false
  },
  "D:\\PA_2024\\3D\\MergeRobo\\MergeRobo_FullProject\\assets\\Art\\vFx\\Smoke\\Texture": {
    "time": 1724838985302.6633,
    "uuid": "46c86842-9594-4073-b125-b99081c6c956",
    "missing": false
  },
  "D:\\PA_2024\\3D\\MergeRobo\\MergeRobo_FullProject\\assets\\Art\\vFx\\Spark\\Material": {
    "time": 1724838985324.6052,
    "uuid": "748af140-dcd9-417a-9076-9399974e9de8",
    "missing": false
  },
  "D:\\PA_2024\\3D\\MergeRobo\\MergeRobo_FullProject\\assets\\Art\\vFx\\Spark\\Prefab": {
    "time": 1724838985333.5835,
    "uuid": "ea8a649a-f75b-4001-9527-c47858365dd3",
    "missing": false
  },
  "D:\\PA_2024\\3D\\MergeRobo\\MergeRobo_FullProject\\assets\\Art\\vFx\\Spark\\Texture": {
    "time": 1724838985352.5586,
    "uuid": "8ffeb09d-01f6-4540-9c12-c36cf4eefa25",
    "missing": false
  },
  "D:\\PA_2024\\3D\\MergeRobo\\MergeRobo_FullProject\\assets\\Art\\vFx\\Confetti\\Material\\Confetti.mtl": {
    "time": 1684923190184.723,
    "uuid": "20a07770-f1c8-468e-83bf-f63807d2be8f",
    "missing": false
  },
  "D:\\PA_2024\\3D\\MergeRobo\\MergeRobo_FullProject\\assets\\Art\\vFx\\Confetti\\Material\\Flash.mtl": {
    "time": 1684922316031.2666,
    "uuid": "4102d63e-f709-4187-9893-fa5df39bc16d",
    "missing": false
  },
  "D:\\PA_2024\\3D\\MergeRobo\\MergeRobo_FullProject\\assets\\Art\\vFx\\Confetti\\Material\\Sparkle02.mtl": {
    "time": 1684922574763.1467,
    "uuid": "3fa919c2-85e0-4bb9-887c-fbd26c2b90a2",
    "missing": false
  },
  "D:\\PA_2024\\3D\\MergeRobo\\MergeRobo_FullProject\\assets\\Art\\vFx\\Confetti\\Material\\Sparkle.mtl": {
    "time": 1684912151521.2483,
    "uuid": "5ba8437c-a05c-42b0-bcd9-36489a5c2d01",
    "missing": false
  },
  "D:\\PA_2024\\3D\\MergeRobo\\MergeRobo_FullProject\\assets\\Art\\vFx\\Confetti\\Material\\Ring.mtl": {
    "time": 1684912635048.371,
    "uuid": "82625195-1b69-4053-8deb-dca5fafd252b",
    "missing": false
  },
  "D:\\PA_2024\\3D\\MergeRobo\\MergeRobo_FullProject\\assets\\Art\\vFx\\Confetti\\Prefab\\Confetti.prefab": {
    "time": 1684923661694.6714,
    "uuid": "1a7b7b90-7263-4d28-8b48-0d27af3f5ebf",
    "missing": false
  },
  "D:\\PA_2024\\3D\\MergeRobo\\MergeRobo_FullProject\\assets\\Art\\vFx\\Confetti\\Prefab\\Walk Break.prefab": {
    "time": 1684923139674.9927,
    "uuid": "36308989-3dcb-4ae6-9564-e1b4b57c4581",
    "missing": false
  },
  "D:\\PA_2024\\3D\\MergeRobo\\MergeRobo_FullProject\\assets\\Art\\vFx\\Confetti\\Prefab\\Sparkle.prefab": {
    "time": 1684913024411.6174,
    "uuid": "7cb47319-2b0f-464f-ae78-8e9cc58bbf23",
    "missing": false
  },
  "D:\\PA_2024\\3D\\MergeRobo\\MergeRobo_FullProject\\assets\\Art\\vFx\\Confetti\\Texture\\flashLarge.png": {
    "time": 1684230990354.1023,
    "uuid": "52bdfd2f-9765-4220-81bb-a23e56c948bd",
    "missing": false
  },
  "D:\\PA_2024\\3D\\MergeRobo\\MergeRobo_FullProject\\assets\\Art\\vFx\\Confetti\\Texture\\sparkle_blue.png": {
    "time": 1684230990353.1025,
    "uuid": "0f89d8a2-04ea-45dc-9b18-c3d12e58b696",
    "missing": false
  },
  "D:\\PA_2024\\3D\\MergeRobo\\MergeRobo_FullProject\\assets\\Art\\vFx\\Confetti\\Texture\\levelup_ring.png": {
    "time": 1684230990352.1062,
    "uuid": "c6ab8a88-986f-49f2-ab3b-8f75cc913663",
    "missing": false
  },
  "D:\\PA_2024\\3D\\MergeRobo\\MergeRobo_FullProject\\assets\\Art\\vFx\\Confetti\\Texture\\fullCircleFaded.png": {
    "time": 1684230990351.1084,
    "uuid": "80f23f60-999a-4bd8-9dde-3da76232a8a4",
    "missing": false
  },
  "D:\\PA_2024\\3D\\MergeRobo\\MergeRobo_FullProject\\assets\\Art\\vFx\\Smoke\\Material\\testSmoke.mtl": {
    "time": 1692093940582.3364,
    "uuid": "3171a6ea-c919-4098-a844-67c5875f4c0f",
    "missing": false
  },
  "D:\\PA_2024\\3D\\MergeRobo\\MergeRobo_FullProject\\assets\\Art\\vFx\\Smoke\\Material\\smoke.mtl": {
    "time": 1692088952000,
    "uuid": "87eb60aa-050f-4cf3-9755-703517b232ee",
    "missing": false
  },
  "D:\\PA_2024\\3D\\MergeRobo\\MergeRobo_FullProject\\assets\\Art\\vFx\\Confetti\\Texture\\glowSparksOffset.png": {
    "time": 1684230990355.0986,
    "uuid": "21e2771f-12ea-4efd-9a9e-bc3dcc74be2f",
    "missing": false
  },
  "D:\\PA_2024\\3D\\MergeRobo\\MergeRobo_FullProject\\assets\\Art\\vFx\\Spark\\Material\\Ring.mtl": {
    "time": 1684912635048.371,
    "uuid": "2adb8f43-d6d7-46b3-b4a8-867bbaf8669b",
    "missing": false
  },
  "D:\\PA_2024\\3D\\MergeRobo\\MergeRobo_FullProject\\assets\\Art\\vFx\\Spark\\Material\\Sparkle.mtl": {
    "time": 1684912151521.2483,
    "uuid": "b3d61548-515b-4d64-9e8a-e756e9e7f00c",
    "missing": false
  },
  "D:\\PA_2024\\3D\\MergeRobo\\MergeRobo_FullProject\\assets\\Art\\vFx\\Smoke\\Prefab\\Smoke.prefab": {
    "time": 1692093952511.504,
    "uuid": "09fdbd5a-3afd-48c8-bde8-56c2980d03ae",
    "missing": false
  },
  "D:\\PA_2024\\3D\\MergeRobo\\MergeRobo_FullProject\\assets\\Art\\vFx\\Spark\\Prefab\\Sparkle.prefab": {
    "time": 1684913024411.6174,
    "uuid": "019b4139-c518-47e3-a9e0-05d468f52121",
    "missing": false
  },
  "D:\\PA_2024\\3D\\MergeRobo\\MergeRobo_FullProject\\assets\\Art\\vFx\\Confetti\\Texture\\white.png": {
    "time": 1684922185784.6572,
    "uuid": "a6384a7d-7bca-4c73-bbac-7e68d7e04593",
    "missing": false
  },
  "D:\\PA_2024\\3D\\MergeRobo\\MergeRobo_FullProject\\assets\\Art\\vFx\\Smoke\\Texture\\SS2.png": {
    "time": 1665161652000,
    "uuid": "8fd668fd-5e3f-4eaa-a66c-8d612489a480",
    "missing": false
  },
  "D:\\PA_2024\\3D\\MergeRobo\\MergeRobo_FullProject\\assets\\Art\\vFx\\Spark\\Texture\\levelup_ring.png": {
    "time": 1684230990352.1062,
    "uuid": "47320e7c-d536-460e-b16c-9a09d80c92c4",
    "missing": false
  },
  "D:\\PA_2024\\3D\\MergeRobo\\MergeRobo_FullProject\\assets\\Art\\vFx\\Spark\\Texture\\sparkle_blue.png": {
    "time": 1684230990353.1025,
    "uuid": "68d38f34-d789-4cb6-874f-98074bfcd51d",
    "missing": false
  },
  "D:\\PA_2024\\3D\\MergeRobo\\MergeRobo_FullProject\\assets\\Prefab\\Robo_Level3.prefab.meta": {
    "time": 1724897902301.1914
  },
  "D:\\PA_2024\\3D\\MergeRobo\\MergeRobo_FullProject\\assets\\Prefab\\Robo_Level3.prefab": {
    "time": 1724901256099.8518,
    "uuid": "4c5cfca8-3ce0-4288-95fe-1059c2c0292f",
    "missing": false
  },
  "D:\\PA_2024\\3D\\MergeRobo\\MergeRobo_FullProject\\assets\\Prefab\\UI_Robo_Level.prefab.meta": {
    "time": 1724901900292.657
  },
  "D:\\PA_2024\\3D\\MergeRobo\\MergeRobo_FullProject\\assets\\Prefab\\UI_Robo_Level.prefab": {
    "time": 1724921889684.4746,
    "uuid": "c1cbe673-6a8c-4d97-ae03-7512772b8085",
    "missing": false
  }
}
