{"skeleton":{"hash":"hMd8sH2f4lE","spine":"3.8-from-4.0-from-4.1.24","x":-506,"y":-1,"width":1042.49,"height":1071.45,"images":"./images/","audio":"D:/CR17_DRAW ONE PART/Story_13/images"},"bones":[{"name":"root"},{"name":"Main","parent":"root","y":-50,"color":"ff0000ff"},{"name":"Bee","parent":"Main","x":365.8,"y":898.17},{"name":"bee2_body","parent":"Bee","length":53.02,"rotation":81.85,"x":-8.43,"y":68.52},{"name":"bee2_head","parent":"bee2_body","rotation":-84.25,"x":56.23,"y":2.23},{"name":"bee2_wing1","parent":"bee2_body","length":51.96,"rotation":-70.75,"x":17.97,"y":-12.12},{"name":"bee2_wing2","parent":"bee2_body","length":40.59,"rotation":57.63,"x":21.74,"y":11.01},{"name":"bee2_hand2","parent":"bee2_body","length":34.58,"rotation":91.67,"x":28.55,"y":8.76},{"name":"bee2_hand3","parent":"bee2_hand2","length":29.28,"rotation":-9.63,"x":34.58},{"name":"bee2_hand1","parent":"bee2_body","length":32.09,"rotation":-55.5,"x":29.88,"y":-8.69},{"name":"bee2_hand4","parent":"bee2_hand1","length":34.33,"rotation":-136.92,"x":32.04,"y":1.45},{"name":"bee2_leg1","parent":"bee2_body","length":24.47,"rotation":-136.92,"x":-8.51,"y":-11.48},{"name":"bee2_leg2","parent":"bee2_leg1","length":27.7,"rotation":5.9,"x":24.47},{"name":"bee2_leg3","parent":"bee2_body","length":24.92,"rotation":157.19,"x":-6.4,"y":18.55},{"name":"bee2_leg4","parent":"bee2_leg3","length":25.84,"rotation":63.6,"x":24.92},{"name":"dog2_head","parent":"Main","length":125.04,"rotation":94.85,"x":14.21,"y":372},{"name":"dog2_head2","parent":"dog2_head","length":86.1,"rotation":2.81,"x":125.76,"y":1.39},{"name":"dog2_hand3","parent":"dog2_head2","length":90.21,"rotation":-122.84,"x":71.82,"y":-28.93},{"name":"dog2_hand1","parent":"dog2_head2","length":125.09,"rotation":95.69,"x":83.49,"y":43.76},{"name":"dog2_hand2","parent":"dog2_hand1","length":111.17,"rotation":114.91,"x":125.09},{"name":"dog2_head3","parent":"dog2_head2","length":119.21,"rotation":1.25,"x":86.04,"y":-0.49},{"name":"dog2_leg1","parent":"dog2_head","length":143.61,"rotation":120.9,"x":55.51,"y":57.09},{"name":"dog2_leg2","parent":"dog2_leg1","length":114.48,"rotation":78.28,"x":143.61},{"name":"dog2_leg3","parent":"dog2_leg2","length":87.92,"rotation":-114.9,"x":116.03,"y":-1.42},{"name":"dog2_leg4","parent":"dog2_head","length":105.6,"rotation":-134.08,"x":39.23,"y":-58.81},{"name":"dog2_leg5","parent":"dog2_leg4","length":107.44,"rotation":-72.5,"x":106.07,"y":-0.58},{"name":"dog2_leg6","parent":"dog2_leg5","length":88.06,"rotation":116.13,"x":114.4,"y":-1.26},{"name":"dog2_eye","parent":"dog2_head3","length":41.5,"rotation":-8.91,"x":158.97,"y":-82.89},{"name":"dog2_ear1","parent":"dog2_head3","length":138.67,"rotation":43.24,"x":155.07,"y":27.72},{"name":"dog2_ear2","parent":"dog2_head3","length":84.65,"rotation":-7.08,"x":169.48,"y":-114.12},{"name":"IK_Leg_R","parent":"Main","x":-118.02,"y":229.32,"color":"ff3f00ff"},{"name":"IK_Foot_R","parent":"IK_Leg_R","x":-94.46,"y":2.95,"color":"ff3f00ff"},{"name":"dog2_hand4","parent":"dog2_hand3","length":75.99,"rotation":-78.09,"x":89.8,"y":-4.05},{"name":"IK_Leg_L","parent":"Main","x":105.04,"y":242.91,"color":"ff3f00ff"},{"name":"IK_Foot_L","parent":"IK_Leg_L","x":84.05,"y":-0.05,"color":"ff3f00ff"},{"name":"bone2","parent":"dog2_head3","rotation":-98.91,"x":58.08,"y":-91.07},{"name":"dog2_tongue2","parent":"bone2","length":35.88,"rotation":-25.38,"x":13.04,"y":-5.16},{"name":"dog2_tongue3","parent":"dog2_tongue2","length":33.21,"rotation":-39.9,"x":37.91,"y":0.75},{"name":"dog2_tongue4","parent":"dog2_tongue3","length":48.15,"rotation":-11.54,"x":35.5,"y":0.2},{"name":"Shadow","parent":"root","x":88.18,"y":194.78},{"name":"dog2_tail","parent":"dog2_head","length":54.6,"rotation":139.69,"x":38.3,"y":36.21},{"name":"dog2_tail2","parent":"dog2_tail","length":59.57,"rotation":-16.9,"x":56.71,"y":-1.8},{"name":"Bee2","parent":"Main","x":113.66,"y":912.18},{"name":"bee2_body2","parent":"Bee2","length":53.02,"rotation":81.85,"x":-8.43,"y":68.52},{"name":"bee2_head2","parent":"bee2_body2","rotation":-84.25,"x":56.23,"y":2.23},{"name":"bee2_wing3","parent":"bee2_body2","length":51.96,"rotation":-70.75,"x":17.97,"y":-12.12},{"name":"bee2_wing4","parent":"bee2_body2","length":40.59,"rotation":57.63,"x":21.74,"y":11.01},{"name":"bee2_hand5","parent":"bee2_body2","length":34.58,"rotation":91.67,"x":28.55,"y":8.76},{"name":"bee2_hand6","parent":"bee2_hand5","length":29.28,"rotation":-9.63,"x":34.58},{"name":"bee2_hand7","parent":"bee2_body2","length":32.09,"rotation":-55.5,"x":29.88,"y":-8.69},{"name":"bee2_hand8","parent":"bee2_hand7","length":34.33,"rotation":-136.92,"x":32.04,"y":1.45},{"name":"bee2_leg5","parent":"bee2_body2","length":24.47,"rotation":-136.92,"x":-8.51,"y":-11.48},{"name":"bee2_leg6","parent":"bee2_leg5","length":27.7,"rotation":5.9,"x":24.47},{"name":"bee2_leg7","parent":"bee2_body2","length":24.92,"rotation":157.19,"x":-6.4,"y":18.55},{"name":"bee2_leg8","parent":"bee2_leg7","length":25.84,"rotation":63.6,"x":24.92},{"name":"Bee3","parent":"Main","x":242.53,"y":761.83},{"name":"bee2_body3","parent":"Bee3","length":53.02,"rotation":81.85,"x":-8.43,"y":68.52},{"name":"bee2_head3","parent":"bee2_body3","rotation":-84.25,"x":56.23,"y":2.23},{"name":"bee2_wing5","parent":"bee2_body3","length":51.96,"rotation":-70.75,"x":17.97,"y":-12.12},{"name":"bee2_wing6","parent":"bee2_body3","length":40.59,"rotation":57.63,"x":21.74,"y":11.01},{"name":"bee2_hand9","parent":"bee2_body3","length":34.58,"rotation":91.67,"x":28.55,"y":8.76},{"name":"bee2_hand10","parent":"bee2_hand9","length":29.28,"rotation":-9.63,"x":34.58},{"name":"bee2_hand11","parent":"bee2_body3","length":32.09,"rotation":-55.5,"x":29.88,"y":-8.69},{"name":"bee2_hand12","parent":"bee2_hand11","length":34.33,"rotation":-136.92,"x":32.04,"y":1.45},{"name":"bee2_leg9","parent":"bee2_body3","length":24.47,"rotation":-136.92,"x":-8.51,"y":-11.48},{"name":"bee2_leg10","parent":"bee2_leg9","length":27.7,"rotation":5.9,"x":24.47},{"name":"bee2_leg11","parent":"bee2_body3","length":24.92,"rotation":157.19,"x":-6.4,"y":18.55},{"name":"bee2_leg12","parent":"bee2_leg11","length":25.84,"rotation":63.6,"x":24.92}],"slots":[{"name":"BG","bone":"Main","attachment":"BG"},{"name":"Shadow","bone":"Shadow","attachment":"Shadow"},{"name":"dog1","bone":"Main","attachment":"dog1"},{"name":"Glass cage","bone":"Main"},{"name":"bee1","bone":"Main","attachment":"bee1"},{"name":"bee3","bone":"Main","attachment":"bee1"},{"name":"bee2","bone":"Main","attachment":"bee1"},{"name":"dog2_tail","bone":"dog2_tail"},{"name":"dog2_leg2","bone":"dog2_leg4"},{"name":"dog2_hand2","bone":"dog2_hand3"},{"name":"dog2_ear2","bone":"dog2_ear2"},{"name":"dog2_head","bone":"dog2_head"},{"name":"dog2_hand1","bone":"dog2_hand1"},{"name":"dog2_leg1","bone":"dog2_leg1"},{"name":"dog2_tongue2","bone":"dog2_tongue2"},{"name":"dog2_ear1","bone":"dog2_ear1"},{"name":"dog2_eye","bone":"dog2_eye"},{"name":"bee2_wing1","bone":"bee2_wing1"},{"name":"bee2_wing3","bone":"bee2_wing3"},{"name":"bee2_wing5","bone":"bee2_wing5"},{"name":"bee2_wing2","bone":"bee2_wing2"},{"name":"bee2_wing4","bone":"bee2_wing4"},{"name":"bee2_wing6","bone":"bee2_wing6"},{"name":"fly","bone":"bee2_wing1"},{"name":"fly3","bone":"bee2_wing3"},{"name":"fly5","bone":"bee2_wing5"},{"name":"fly2","bone":"bee2_wing2"},{"name":"fly4","bone":"bee2_wing4"},{"name":"fly6","bone":"bee2_wing6"},{"name":"bee2_hand2","bone":"bee2_hand2"},{"name":"bee2_hand3","bone":"bee2_hand5"},{"name":"bee2_hand5","bone":"bee2_hand9"},{"name":"bee2_leg2","bone":"bee2_leg3"},{"name":"bee2_leg4","bone":"bee2_leg7"},{"name":"bee2_leg6","bone":"bee2_leg11"},{"name":"bee2_body","bone":"bee2_body"},{"name":"bee2_body2","bone":"bee2_body2"},{"name":"bee2_body3","bone":"bee2_body3"},{"name":"bee2_hand1","bone":"bee2_hand1"},{"name":"bee2_hand4","bone":"bee2_hand7"},{"name":"bee2_hand6","bone":"bee2_hand11"},{"name":"bee2_leg1","bone":"bee2_leg1"},{"name":"bee2_leg3","bone":"bee2_leg5"},{"name":"bee2_leg5","bone":"bee2_leg9"},{"name":"bee2_head","bone":"bee2_head"},{"name":"bee2_head2","bone":"bee2_head2"},{"name":"bee2_head3","bone":"bee2_head3"}],"ik":[{"name":"IK_Foot_L","order":3,"bones":["dog2_leg6"],"target":"IK_Foot_L"},{"name":"IK_Foot_R","order":1,"bones":["dog2_leg3"],"target":"IK_Foot_R"},{"name":"IK_Leg_L","order":2,"bones":["dog2_leg4","dog2_leg5"],"target":"IK_Leg_L","bendPositive":false},{"name":"IK_Leg_R","bones":["dog2_leg1","dog2_leg2"],"target":"IK_Leg_R"}],"skins":[{"name":"default","attachments":{"bee1":{"bee1":{"x":152,"y":1005,"width":266,"height":210}},"bee2":{"bee1":{"x":403.49,"y":1015.45,"width":266,"height":210}},"bee2_body":{"bee2_body":{"x":9.43,"y":7.53,"rotation":-84.25,"width":86,"height":126}},"bee2_body2":{"bee2_body":{"x":9.43,"y":7.53,"rotation":-84.25,"width":86,"height":126}},"bee2_body3":{"bee2_body":{"x":9.43,"y":7.53,"rotation":-84.25,"width":86,"height":126}},"bee2_hand1":{"bee2_hand1":{"type":"mesh","uvs":[0.74496,0.16454,0.88413,0.26355,0.61731,0.83475,0.46947,0.84195,0.37743,0.73586,0.6748,0.2361,0.19685,0.55457,0.12974,0.45037,0.64326,0.09219],"triangles":[3,4,2,2,4,5,5,8,0,1,5,0,1,2,5,6,7,5,7,8,5],"vertices":[2,9,34.01,2.15,0.31305,10,-1.92,0.84,0.68695,2,9,37.82,-6.83,0.70605,10,1.43,9.99,0.29395,1,10,39.11,6.92,1,1,10,42.07,-0.67,1,1,10,37.5,-7.5,1,1,9,28.53,0.18,1,1,9,-3.86,-4.21,1,1,9,-4.04,3.14,1,2,9,31.23,8.71,0.05697,10,-4.37,-5.85,0.94303],"hull":9,"edges":[2,4,4,6,14,16,12,14,12,10,6,8,10,8,2,0,0,16],"width":55,"height":61}},"bee2_hand2":{"bee2_hand2":{"type":"mesh","uvs":[0.44389,0.39359,0.48418,0.41432,0.51833,0.43189,0.90683,0.63179,0.87163,0.77898,0.49748,0.70281,0.45869,0.69491,0.41744,0.68651,0.088,0.61945,0.12841,0.23125],"triangles":[7,0,6,6,0,1,8,9,7,7,9,0,3,4,2,6,1,5,4,5,2,5,1,2],"vertices":[2,7,36.86,-8.08,0.17833,8,3.6,-7.58,0.82167,2,7,33.23,-7.59,0.50878,8,-0.06,-7.71,0.49122,2,7,30.15,-7.17,0.79481,8,-3.17,-7.81,0.20519,1,7,-4.85,-2.46,1,1,7,-2.1,3.05,1,1,7,31.31,2.69,1,2,7,34.77,2.65,0.50771,8,-0.25,2.64,0.49229,1,8,3.38,3.22,1,1,8,32.44,7.83,1,1,8,32.26,-6.6,1],"hull":10,"edges":[6,8,16,18,2,12,2,0,0,18,12,14,14,16,0,14,2,4,4,6,8,10,10,12,4,10],"width":89,"height":36}},"bee2_hand3":{"bee2_hand2":{"type":"mesh","uvs":[0.44389,0.39359,0.48418,0.41432,0.51833,0.43189,0.90683,0.63179,0.87163,0.77898,0.49748,0.70281,0.45869,0.69491,0.41744,0.68651,0.088,0.61945,0.12841,0.23125],"triangles":[7,0,6,6,0,1,8,9,7,7,9,0,3,4,2,6,1,5,4,5,2,5,1,2],"vertices":[2,47,36.86,-8.08,0.17833,48,3.6,-7.58,0.82167,2,47,33.23,-7.59,0.50878,48,-0.06,-7.71,0.49122,2,47,30.15,-7.17,0.79481,48,-3.17,-7.81,0.20519,1,47,-4.85,-2.46,1,1,47,-2.1,3.05,1,1,47,31.31,2.69,1,2,47,34.77,2.65,0.50771,48,-0.25,2.64,0.49229,1,48,3.38,3.22,1,1,48,32.44,7.83,1,1,48,32.26,-6.6,1],"hull":10,"edges":[6,8,16,18,2,12,2,0,0,18,12,14,14,16,0,14,2,4,4,6,8,10,10,12,4,10],"width":89,"height":36}},"bee2_hand4":{"bee2_hand1":{"type":"mesh","uvs":[0.74496,0.16454,0.88413,0.26355,0.61731,0.83475,0.46947,0.84195,0.37743,0.73586,0.6748,0.2361,0.19685,0.55457,0.12974,0.45037,0.64326,0.09219],"triangles":[3,4,2,2,4,5,5,8,0,1,5,0,1,2,5,6,7,5,7,8,5],"vertices":[2,49,34.01,2.15,0.31305,50,-1.92,0.84,0.68695,2,49,37.82,-6.83,0.70605,50,1.43,9.99,0.29395,1,50,39.11,6.92,1,1,50,42.07,-0.67,1,1,50,37.5,-7.5,1,1,49,28.53,0.18,1,1,49,-3.86,-4.21,1,1,49,-4.04,3.14,1,2,49,31.23,8.71,0.05697,50,-4.37,-5.85,0.94303],"hull":9,"edges":[2,4,4,6,14,16,12,14,12,10,6,8,10,8,2,0,0,16],"width":55,"height":61}},"bee2_hand5":{"bee2_hand2":{"type":"mesh","uvs":[0.44389,0.39359,0.48418,0.41432,0.51833,0.43189,0.90683,0.63179,0.87163,0.77898,0.49748,0.70281,0.45869,0.69491,0.41744,0.68651,0.088,0.61945,0.12841,0.23125],"triangles":[7,0,6,6,0,1,8,9,7,7,9,0,3,4,2,6,1,5,4,5,2,5,1,2],"vertices":[2,60,36.86,-8.08,0.17833,61,3.6,-7.58,0.82167,2,60,33.23,-7.59,0.50878,61,-0.06,-7.71,0.49122,2,60,30.15,-7.17,0.79481,61,-3.17,-7.81,0.20519,1,60,-4.85,-2.46,1,1,60,-2.1,3.05,1,1,60,31.31,2.69,1,2,60,34.77,2.65,0.50771,61,-0.25,2.64,0.49229,1,61,3.38,3.22,1,1,61,32.44,7.83,1,1,61,32.26,-6.6,1],"hull":10,"edges":[6,8,16,18,2,12,2,0,0,18,12,14,14,16,0,14,2,4,4,6,8,10,10,12,4,10],"width":89,"height":36}},"bee2_hand6":{"bee2_hand1":{"type":"mesh","uvs":[0.74496,0.16454,0.88413,0.26355,0.61731,0.83475,0.46947,0.84195,0.37743,0.73586,0.6748,0.2361,0.19685,0.55457,0.12974,0.45037,0.64326,0.09219],"triangles":[3,4,2,2,4,5,5,8,0,1,5,0,1,2,5,6,7,5,7,8,5],"vertices":[2,62,34.01,2.15,0.31305,63,-1.92,0.84,0.68695,2,62,37.82,-6.83,0.70605,63,1.43,9.99,0.29395,1,63,39.11,6.92,1,1,63,42.07,-0.67,1,1,63,37.5,-7.5,1,1,62,28.53,0.18,1,1,62,-3.86,-4.21,1,1,62,-4.04,3.14,1,2,62,31.23,8.71,0.05697,63,-4.37,-5.85,0.94303],"hull":9,"edges":[2,4,4,6,14,16,12,14,12,10,6,8,10,8,2,0,0,16],"width":55,"height":61}},"bee2_head":{"bee2_head":{"x":-10.96,"y":39.47,"width":100,"height":125}},"bee2_head2":{"bee2_head":{"x":-10.96,"y":39.47,"width":100,"height":125}},"bee2_head3":{"bee2_head":{"x":-10.96,"y":39.47,"width":100,"height":125}},"bee2_leg1":{"bee2_leg1":{"type":"mesh","uvs":[0.44386,0.35866,0.50254,0.41215,0.56293,0.4672,0.87105,0.74805,0.75931,0.94359,0.70451,0.89034,0.44906,0.58034,0.39451,0.51414,0.3472,0.45673,0.16718,0.23827,0.14629,0.08743],"triangles":[4,5,3,5,6,3,6,2,3,6,7,2,7,1,2,7,8,1,8,0,1,8,9,0,0,9,10],"vertices":[2,11,18.03,5.06,0.97932,12,-5.88,5.69,0.02068,2,11,23.05,5.73,0.59907,12,-0.82,5.85,0.40093,2,11,28.22,6.42,0.06417,12,4.39,6,0.93583,1,12,30.98,6.82,1,1,12,35.86,-7.12,1,1,12,30.97,-7.12,1,2,11,30.04,-3.7,2.9E-4,12,5.16,-4.25,0.99971,2,11,24.49,-3.65,0.50314,12,-0.35,-3.64,0.49686,2,11,19.68,-3.61,0.99938,12,-5.13,-3.1,6.2E-4,1,11,1.39,-3.47,1,1,11,-7.42,1.64,1],"hull":11,"edges":[6,8,8,10,18,20,14,2,14,16,16,18,2,0,0,20,16,0,10,12,12,14,2,4,4,6,12,4],"width":61,"height":67}},"bee2_leg2":{"bee2_leg2":{"type":"mesh","uvs":[0.57805,0.11988,0.60011,0.18858,0.41893,0.37912,0.35687,0.44438,0.4214,0.47777,0.7471,0.64627,0.86071,1,0.75786,1,0.37565,0.77063,0.15073,0.5137,0.18132,0.4639,0.22046,0.40014,0.34862,0.19145],"triangles":[8,5,7,6,7,5,8,4,5,8,9,4,9,3,4,9,10,3,10,11,3,3,11,2,11,12,2,2,12,1,12,0,1],"vertices":[1,13,-3.67,0.92,1,1,13,0.32,4.23,1,2,13,16.61,3.81,0.99717,14,-0.29,9.14,0.00283,2,13,22.18,3.67,0.56811,14,2.07,4.08,0.43189,2,13,22.96,7.4,0.07515,14,5.76,5.04,0.92485,1,14,24.38,9.88,1,1,14,48.75,-0.96,1,1,14,46.09,-4.75,1,1,14,22.32,-9.09,1,2,13,31.12,-2.03,0.00458,14,0.94,-6.46,0.99542,2,13,27.23,-2.58,0.27341,14,-1.29,-3.21,0.72659,1,13,22.24,-3.29,1,1,13,5.92,-5.61,1],"hull":13,"edges":[0,24,12,14,20,6,0,2,18,20,14,16,18,16,10,12,6,8,8,10,18,8,20,22,22,24,2,4,4,6,22,4],"width":45,"height":74}},"bee2_leg3":{"bee2_leg1":{"type":"mesh","uvs":[0.44386,0.35866,0.50254,0.41215,0.56293,0.4672,0.87105,0.74805,0.75931,0.94359,0.70451,0.89034,0.44906,0.58034,0.39451,0.51414,0.3472,0.45673,0.16718,0.23827,0.14629,0.08743],"triangles":[4,5,3,5,6,3,6,2,3,6,7,2,7,1,2,7,8,1,8,0,1,8,9,0,0,9,10],"vertices":[2,51,18.03,5.06,0.97932,52,-5.88,5.69,0.02068,2,51,23.05,5.73,0.59907,52,-0.82,5.85,0.40093,2,51,28.22,6.42,0.06417,52,4.39,6,0.93583,1,52,30.98,6.82,1,1,52,35.86,-7.12,1,1,52,30.97,-7.12,1,2,51,30.04,-3.7,2.9E-4,52,5.16,-4.25,0.99971,2,51,24.49,-3.65,0.50314,52,-0.35,-3.64,0.49686,2,51,19.68,-3.61,0.99938,52,-5.13,-3.1,6.2E-4,1,51,1.39,-3.47,1,1,51,-7.42,1.64,1],"hull":11,"edges":[6,8,8,10,18,20,14,2,14,16,16,18,2,0,0,20,16,0,10,12,12,14,2,4,4,6,12,4],"width":61,"height":67}},"bee2_leg4":{"bee2_leg2":{"type":"mesh","uvs":[0.57805,0.11988,0.60011,0.18858,0.41893,0.37912,0.35687,0.44438,0.4214,0.47777,0.7471,0.64627,0.86071,1,0.75786,1,0.37565,0.77063,0.15073,0.5137,0.18132,0.4639,0.22046,0.40014,0.34862,0.19145],"triangles":[8,5,7,6,7,5,8,4,5,8,9,4,9,3,4,9,10,3,10,11,3,3,11,2,11,12,2,2,12,1,12,0,1],"vertices":[1,53,-3.67,0.92,1,1,53,0.32,4.23,1,2,53,16.61,3.81,0.99717,54,-0.29,9.14,0.00283,2,53,22.18,3.67,0.56811,54,2.07,4.08,0.43189,2,53,22.96,7.4,0.07515,54,5.76,5.04,0.92485,1,54,24.38,9.88,1,1,54,48.75,-0.96,1,1,54,46.09,-4.75,1,1,54,22.32,-9.09,1,2,53,31.12,-2.03,0.00458,54,0.94,-6.46,0.99542,2,53,27.23,-2.58,0.27341,54,-1.29,-3.21,0.72659,1,53,22.24,-3.29,1,1,53,5.92,-5.61,1],"hull":13,"edges":[0,24,12,14,20,6,0,2,18,20,14,16,18,16,10,12,6,8,8,10,18,8,20,22,22,24,2,4,4,6,22,4],"width":45,"height":74}},"bee2_leg5":{"bee2_leg1":{"type":"mesh","uvs":[0.44386,0.35866,0.50254,0.41215,0.56293,0.4672,0.87105,0.74805,0.75931,0.94359,0.70451,0.89034,0.44906,0.58034,0.39451,0.51414,0.3472,0.45673,0.16718,0.23827,0.14629,0.08743],"triangles":[4,5,3,5,6,3,6,2,3,6,7,2,7,1,2,7,8,1,8,0,1,8,9,0,0,9,10],"vertices":[2,64,18.03,5.06,0.97932,65,-5.88,5.69,0.02068,2,64,23.05,5.73,0.59907,65,-0.82,5.85,0.40093,2,64,28.22,6.42,0.06417,65,4.39,6,0.93583,1,65,30.98,6.82,1,1,65,35.86,-7.12,1,1,65,30.97,-7.12,1,2,64,30.04,-3.7,2.9E-4,65,5.16,-4.25,0.99971,2,64,24.49,-3.65,0.50314,65,-0.35,-3.64,0.49686,2,64,19.68,-3.61,0.99938,65,-5.13,-3.1,6.2E-4,1,64,1.39,-3.47,1,1,64,-7.42,1.64,1],"hull":11,"edges":[6,8,8,10,18,20,14,2,14,16,16,18,2,0,0,20,16,0,10,12,12,14,2,4,4,6,12,4],"width":61,"height":67}},"bee2_leg6":{"bee2_leg2":{"type":"mesh","uvs":[0.57805,0.11988,0.60011,0.18858,0.41893,0.37912,0.35687,0.44438,0.4214,0.47777,0.7471,0.64627,0.86071,1,0.75786,1,0.37565,0.77063,0.15073,0.5137,0.18132,0.4639,0.22046,0.40014,0.34862,0.19145],"triangles":[8,5,7,6,7,5,8,4,5,8,9,4,9,3,4,9,10,3,10,11,3,3,11,2,11,12,2,2,12,1,12,0,1],"vertices":[1,66,-3.67,0.92,1,1,66,0.32,4.23,1,2,66,16.61,3.81,0.99717,67,-0.29,9.14,0.00283,2,66,22.18,3.67,0.56811,67,2.07,4.08,0.43189,2,66,22.96,7.4,0.07515,67,5.76,5.04,0.92485,1,67,24.38,9.88,1,1,67,48.75,-0.96,1,1,67,46.09,-4.75,1,1,67,22.32,-9.09,1,2,66,31.12,-2.03,0.00458,67,0.94,-6.46,0.99542,2,66,27.23,-2.58,0.27341,67,-1.29,-3.21,0.72659,1,66,22.24,-3.29,1,1,66,5.92,-5.61,1],"hull":13,"edges":[0,24,12,14,20,6,0,2,18,20,14,16,18,16,10,12,6,8,8,10,18,8,20,22,22,24,2,4,4,6,22,4],"width":45,"height":74}},"bee2_wing1":{"bee2_wing1":{"x":59.09,"y":5.84,"rotation":-13.5,"width":137,"height":76}},"bee2_wing2":{"bee2_wing2":{"x":34.3,"y":-6.01,"rotation":-141.87,"width":77,"height":87}},"bee2_wing3":{"bee2_wing1":{"x":59.09,"y":5.84,"rotation":-13.5,"width":137,"height":76}},"bee2_wing4":{"bee2_wing2":{"x":34.3,"y":-6.01,"rotation":-141.87,"width":77,"height":87}},"bee2_wing5":{"bee2_wing1":{"x":59.09,"y":5.84,"rotation":-13.5,"width":137,"height":76}},"bee2_wing6":{"bee2_wing2":{"x":34.3,"y":-6.01,"rotation":-141.87,"width":77,"height":87}},"bee3":{"bee1":{"x":275.73,"y":832.53,"width":266,"height":210}},"BG":{"BG":{"x":6,"y":223,"width":1024,"height":348}},"dog1":{"dog1":{"x":4,"y":519,"width":820,"height":630}},"dog2_ear1":{"dog2_ear1":{"x":95.28,"y":18.86,"rotation":-142.15,"width":194,"height":172}},"dog2_ear2":{"dog2_ear2":{"x":45.1,"y":-9.23,"rotation":-91.83,"width":105,"height":188}},"dog2_eye":{"dog2_eye":{"x":6.09,"y":17.98,"rotation":-90,"width":203,"height":137}},"dog2_hand1":{"dog2_hand1":{"type":"mesh","uvs":[0.94499,0.11462,0.94648,0.2931,0.81043,0.31478,0.55081,0.31559,0.4443,0.31592,0.51568,0.36618,0.79183,0.64826,0.60847,0.97335,0.12248,0.92718,0.05906,0.33105,0.05065,0.25196,0.15891,0.11954,0.78751,0.04655,0.17971,0.2713,0.21598,0.34118,0.32996,0.2231],"triangles":[7,8,5,8,14,5,7,5,6,8,9,14,14,4,5,9,13,14,14,13,4,9,10,13,13,15,4,4,15,3,2,3,12,3,15,12,2,0,1,2,12,0,10,11,13,13,11,15,15,11,12],"vertices":[1,18,-19.46,1.36,1,1,18,-11.19,37.37,1,1,18,14.07,35.99,1,2,18,60.34,25.18,0.97288,19,50.11,48.13,0.02712,2,18,79.32,20.74,0.63411,19,38.09,32.78,0.36589,2,18,69.01,33.88,0.18597,19,54.35,36.59,0.81403,1,19,131.49,40.11,1,1,19,163.55,-27.91,1,1,19,100.97,-91.82,1,2,18,148.63,7.51,0.10644,19,-3.11,-24.51,0.89356,2,18,146.35,-8.78,0.43913,19,-16.92,-15.58,0.56087,2,18,120.74,-30.87,0.99961,19,-26.17,16.95,3.9E-4,1,18,5.33,-19,1,2,18,124.3,0.57,0.48182,19,0.86,0.48,0.51818,1,19,16.32,-3.26,1,1,18,95.24,-2.78,1],"hull":13,"edges":[0,24,0,2,2,4,12,14,14,16,20,22,22,24,16,18,18,20,18,28,8,10,10,12,28,10,30,22,20,26,26,8,4,6,6,8,30,6],"width":183,"height":207}},"dog2_hand2":{"dog2_hand2":{"type":"mesh","uvs":[0.7827,0.20974,0.87202,0.26628,0.9015,0.40327,0.93981,0.89318,0.74502,0.98169,0.34515,0.85189,0.50113,0.48561,0.52698,0.42491,0.45509,0.40205,0.18881,0.31738,0.0402,0.20432,0.10116,0.02802,0.70309,0.38693,0.62578,0.32758,0.7134,0.44193],"triangles":[5,6,4,6,14,4,4,14,3,14,2,3,6,7,14,7,12,14,14,12,2,7,13,12,7,8,13,12,1,2,8,9,13,12,0,1,12,13,0,0,13,11,11,13,9,9,10,11],"vertices":[1,17,86.5,29.86,1,2,17,102.61,26.25,0.99686,32,-27.01,18.78,0.00314,2,17,116.93,5.89,0.53495,32,-4.13,28.6,0.46505,1,32,79.94,54.17,1,1,32,101.89,30.13,1,1,32,92.68,-32.02,1,2,17,70.3,-32.31,0.15672,32,23.64,-24.91,0.84328,2,17,69.1,-20.88,0.54611,32,12.19,-23.73,0.45389,2,17,57.86,-21.64,0.89303,32,10.62,-34.89,0.10697,1,17,16.23,-24.46,1,1,17,-12.02,-15.38,1,1,17,-17.39,16.97,1,2,17,89.47,-3.79,0.05322,32,-0.32,-0.27,0.94678,1,17,74.74,1.03,1,1,32,8.91,3.46,1],"hull":12,"edges":[6,8,8,10,18,20,20,22,14,16,16,18,16,26,2,0,0,22,26,0,10,12,12,14,12,28,2,4,4,6,28,4,14,24,24,2],"width":146,"height":179}},"dog2_head":{"dog2_head":{"type":"mesh","uvs":[1,0.49506,0.99998,0.52922,0.99999,0.55691,1,0.64598,1,0.69385,1,1,0,1,0,0.75199,0,0.69385,0,0.6526,0,0.56177,1.0E-5,0.53167,0,0.49239,0,0,1,0],"triangles":[12,13,14,0,12,14,0,11,12,1,11,0,10,11,2,9,10,3,4,8,9,7,8,4,11,1,2,10,2,3,4,9,3,5,6,7,5,7,4],"vertices":[3,15,215.3,-154.54,0.46419,16,81.78,-160.14,0.08485,20,-7.74,-159.51,0.45096,3,15,197.46,-153.03,0.55753,16,64.04,-157.75,0.08674,20,-25.42,-156.74,0.35573,3,15,183,-151.8,0.6348,16,49.66,-155.81,0.08216,20,-39.76,-154.49,0.28304,3,15,136.5,-147.86,0.85705,16,3.41,-149.6,0.03913,20,-85.86,-147.26,0.10381,3,15,111.51,-145.74,0.93506,16,-21.45,-146.25,0.01651,20,-110.64,-143.38,0.04843,1,15,-48.34,-132.17,1,2,15,-24.42,149.81,0.58848,16,-142.72,155.61,0.41152,3,15,105.07,138.83,0.15993,16,-13.93,138.28,0.81592,20,-96.91,140.93,0.02415,3,15,135.43,136.25,0.06023,16,16.27,134.22,0.86723,20,-66.81,136.21,0.07254,3,15,156.97,134.42,0.02151,16,37.69,131.34,0.84627,20,-45.46,132.86,0.13222,2,16,84.86,125,0.65197,20,1.56,125.49,0.34803,2,16,100.49,122.89,0.55987,20,17.14,123.04,0.44013,2,16,120.89,120.15,0.43406,20,37.48,119.86,0.56594,1,20,292.38,79.89,1,2,15,473.78,-176.48,7.3E-4,20,248.55,-199.69,0.99927],"hull":15,"edges":[10,12,26,28,10,8,16,8,16,18,6,8,18,6,12,14,14,16,22,2,18,20,20,22,2,4,4,6,20,4,22,24,24,26,2,0,0,28,24,0],"width":283,"height":524}},"dog2_leg1":{"dog2_leg1":{"type":"mesh","uvs":[0.95632,0.05301,0.95587,0.218,0.63322,0.38075,0.57811,0.43155,0.54295,0.46397,0.79502,0.82339,0.86062,0.91694,0.74605,0.93117,0.32598,0.98333,0,0.86817,0,0.83208,0.10781,0.62894,0.23567,0.64911,0.2888,0.65749,0.27052,0.60994,0.20641,0.44317,0.24003,0.37982,0.26186,0.33869,0.80271,0.02171],"triangles":[12,9,10,13,5,6,7,13,6,12,13,7,8,12,7,12,10,11,8,9,12,16,17,3,4,16,3,15,16,4,14,15,4,5,13,14,5,14,4,1,18,0,2,17,18,1,2,18,3,17,2],"vertices":[1,21,-17.46,-1.24,1,1,21,8.65,34.86,1,2,21,93.76,27.72,0.93774,22,17.01,54.44,0.06226,2,21,111.93,31.54,0.67341,22,24.45,37.43,0.32659,2,21,123.52,33.98,0.32373,22,29.19,26.58,0.67627,2,22,141.13,39.32,0.5578,23,-47.52,5.61,0.4422,2,22,170.26,42.63,0.42632,23,-62.79,30.64,0.57368,2,22,163.18,17.32,0.33171,23,-36.85,34.88,0.66829,1,23,58.29,50.4,1,1,23,132.75,20.43,1,1,23,132.89,10.69,1,2,22,29.65,-81.78,0.01752,23,109.25,-44.52,0.98248,2,22,46.44,-57.49,0.15083,23,80.15,-39.52,0.84917,2,22,53.42,-47.39,0.41493,23,68.06,-37.44,0.58507,2,22,40.01,-45.96,0.73947,23,72.4,-50.21,0.26053,3,21,182.24,-15.21,0.05533,22,-7.05,-40.91,0.93706,23,87.64,-95.01,0.00761,3,21,166.05,-24.63,0.27982,22,-19.56,-26.98,0.71976,23,80.26,-112.23,4.2E-4,2,21,155.54,-30.75,0.50712,22,-27.69,-17.93,0.49288,1,21,5.89,-28.47,1],"hull":19,"edges":[0,36,0,2,2,4,16,18,18,20,34,36,32,34,4,6,6,8,32,6,34,4,30,32,30,8,20,22,26,12,30,28,28,26,8,10,10,12,28,10,22,24,24,26,12,14,14,16,24,14],"width":227,"height":270}},"dog2_leg2":{"dog2_leg2":{"type":"mesh","uvs":[0.6918,0.27312,0.74031,0.35825,0.77334,0.41623,0.69836,0.55146,0.65567,0.62846,0.74411,0.60937,0.86813,0.58261,0.97256,0.76592,0.84371,0.9593,0.17936,0.95962,0.13048,0.93451,0.08224,0.90973,0.09178,0.84422,0.10044,0.78472,0.27973,0.50615,0.32372,0.43782,0.36141,0.37926,0.06818,0.21589,0.02749,0.04333,0.25851,0.04485],"triangles":[11,12,4,10,11,4,10,4,5,7,8,5,7,5,6,9,10,5,8,9,5,1,15,16,2,14,15,2,15,1,3,14,2,14,3,13,12,3,4,13,3,12,17,18,19,16,19,0,17,19,16,1,16,0],"vertices":[2,24,106.2,34.76,0.94425,25,-33.67,10.76,0.05575,2,24,126.55,24.34,0.4622,25,-17.61,27.03,0.5378,3,24,140.41,17.24,0.17229,25,-6.67,38.11,0.82735,26,88.66,91.36,3.6E-4,2,25,29.48,37.26,0.91603,26,71.98,59.28,0.08397,2,25,50.07,36.77,0.53058,26,62.48,41.01,0.46942,2,25,39.52,50.56,0.1596,26,79.51,44.41,0.8404,2,25,24.72,69.9,0.04919,26,103.38,49.18,0.95081,1,26,119.6,2.71,1,1,26,91.67,-42.86,1,2,25,159.07,-16.7,0.01812,26,-33.53,-33.31,0.98188,2,25,156.75,-27.57,0.05258,26,-42.26,-26.44,0.94742,2,25,154.46,-38.29,0.08862,26,-50.89,-19.66,0.91138,2,25,138.82,-42.58,0.20851,26,-47.85,-3.73,0.79149,2,25,124.62,-46.48,0.41234,26,-45.1,10.74,0.58766,2,24,82.14,-58.9,0.05266,25,48.42,-40.37,0.94734,2,24,77.94,-40.62,0.23714,25,29.72,-38.87,0.76286,2,24,74.35,-24.96,0.6585,25,13.71,-37.58,0.3415,1,24,6,-28.88,1,1,24,-26.8,-0.86,1,1,24,7.26,26.46,1],"hull":20,"edges":[0,38,14,16,32,34,34,36,36,38,30,32,0,2,30,2,32,0,28,30,2,4,28,4,22,8,12,14,26,28,16,18,26,24,24,22,4,6,6,8,24,6,18,20,20,22,12,10,10,8,20,10],"width":189,"height":246}},"dog2_tail":{"dog2_tail":{"type":"mesh","uvs":[0.91855,0.46029,0.74591,0.61854,0.66335,0.69422,0.57649,0.77383,0.4221,0.91535,0.03622,0.91861,0.29289,0.53567,0.35879,0.43736,0.4148,0.35379,0.58549,0.09913,0.90943,0.05224,0.52218,0.56071,0.44135,0.62197,0.60465,0.49091],"triangles":[5,6,4,4,12,3,4,6,12,12,11,3,3,11,2,11,12,7,12,6,7,11,7,8,11,13,2,2,13,1,1,13,0,13,11,8,0,13,9,13,8,9,9,10,0],"vertices":[1,40,21.31,28.46,1,2,40,48.07,23.35,0.99691,41,-15.58,21.56,0.00309,2,40,60.86,20.91,0.82264,41,-2.63,22.94,0.17736,2,40,74.33,18.34,0.35931,41,11,24.4,0.64069,2,40,98.25,13.77,0.02759,41,35.22,26.98,0.97241,1,41,70.29,0.42,1,2,40,69.99,-24.43,0.0074,41,19.29,-17.79,0.9926,2,40,56.11,-25.1,0.20233,41,6.19,-22.47,0.79767,2,40,44.3,-25.67,0.57097,41,-4.94,-26.44,0.42903,2,40,8.33,-27.4,0.99542,41,-38.85,-38.55,0.00458,1,40,-17.64,-0.55,1,2,40,57.26,-1.41,0.0252,41,0.41,0.53,0.9748,2,40,68.54,-4.69,0.00619,41,12.16,0.68,0.99381,1,40,45.04,1.43,1],"hull":11,"edges":[0,20,8,10,18,20,10,12,12,14,4,6,6,8,14,16,16,18,0,2,2,4],"width":114,"height":119}},"dog2_tongue2":{"dog2_tongue2":{"type":"mesh","uvs":[0.42421,0.08394,0.54304,0.10941,0.60628,0.12296,0.69027,0.18321,0.76768,0.27132,0.85972,0.38174,0.9181,0.4511,0.92972,0.52728,0.93845,0.60568,0.94694,0.68191,0.90793,0.87397,0.48082,0.97081,0.37855,0.78758,0.34596,0.68088,0.32497,0.61216,0.29338,0.55848,0.25626,0.47682,0.21851,0.39503,0.18358,0.32419,0.1643,0.2788,0.1367,0.2138,0.11835,0.17343,0.08145,0.09228,0.26352,0.04949],"triangles":[11,12,10,10,12,9,12,13,9,13,8,9,13,14,8,14,7,8,14,6,7,14,15,6,15,5,6,15,16,5,16,4,5,17,3,4,16,17,4,17,18,3,18,2,3,18,19,2,19,1,2,19,20,1,20,0,1,20,21,0,21,23,0,21,22,23],"vertices":[3,35,20.48,7.2,0.33714,36,1.43,14.35,0.66048,37,-36.71,-12.97,0.00238,2,36,13.97,19.43,0.75429,37,-30.35,-1.02,0.24571,2,36,20.67,22.14,0.64981,37,-26.95,5.35,0.35019,2,36,33.24,20.93,0.46655,37,-16.53,12.49,0.53345,3,36,47.67,16.13,0.03749,37,-2.38,18.06,0.95907,38,-40.69,9.93,0.00344,2,37,15.23,24.52,0.86287,38,-24.73,19.77,0.13713,2,37,26.31,28.63,0.63576,38,-14.69,26.02,0.36424,2,37,37.21,27.51,0.36362,38,-3.78,27.1,0.63638,2,37,48.37,26.01,0.10825,38,7.44,27.87,0.89175,2,37,59.21,24.56,0.01272,38,18.36,28.61,0.98728,1,38,45.75,23.84,1,3,36,83.61,-82.4,2.0E-5,37,88.39,-34.47,0.00448,38,58.76,-23.38,0.9955,3,36,58.72,-68.46,0.03817,37,60.36,-39.74,0.12378,38,32.35,-34.16,0.83805,3,36,46.58,-58.52,0.1349,37,44.67,-39.9,0.295,38,17.01,-37.45,0.5701,3,36,38.76,-52.12,0.26267,37,34.57,-40.01,0.39687,38,7.13,-39.58,0.34046,4,35,20.73,-62.09,7.0E-4,36,31.35,-48.14,0.40927,37,26.33,-41.71,0.40529,38,-0.6,-42.9,0.18474,4,35,14.24,-51.53,0.01204,36,20.97,-41.38,0.63446,37,14.03,-43.19,0.29823,38,-12.36,-46.8,0.05527,4,35,7.54,-40.96,0.06298,36,10.38,-34.7,0.7914,37,1.61,-44.86,0.13772,38,-24.18,-50.92,0.00789,4,35,1.35,-31.68,0.18579,36,0.81,-28.97,0.76988,37,-9.4,-46.6,0.04422,38,-34.62,-54.83,1.1E-4,3,35,-2.29,-25.49,0.33243,36,-5.14,-24.94,0.65168,37,-16.55,-47.32,0.01589,3,35,-7.33,-16.19,0.66026,36,-13.67,-18.7,0.33851,37,-27.09,-48,0.00124,2,35,-10.28,-10.27,0.86754,36,-18.88,-14.61,0.13246,1,35,-15.65,1.16,1,2,35,3.59,9.37,0.98857,36,-14.76,9.08,0.01143],"hull":24,"edges":[20,22,44,46,34,8,12,14,28,14,34,36,4,6,6,8,36,6,32,34,8,10,10,12,32,10,22,24,18,20,24,18,42,44,0,46,42,0,40,42,0,2,2,4,40,2,28,30,30,32,30,12,24,26,26,28,14,16,16,18,26,16,36,38,38,40,38,4],"width":110,"height":143}},"fly":{"fly":{"x":148.18,"y":11,"rotation":-11.1,"width":34,"height":49}},"fly2":{"fly":{"x":81.96,"y":-14.38,"scaleX":-1,"rotation":176.39,"width":34,"height":49}},"fly3":{"fly":{"x":148.18,"y":11,"rotation":-11.1,"width":34,"height":49}},"fly4":{"fly":{"x":81.96,"y":-14.38,"scaleX":-1,"rotation":176.39,"width":34,"height":49}},"fly5":{"fly":{"x":148.18,"y":11,"rotation":-11.1,"width":34,"height":49}},"fly6":{"fly":{"x":81.96,"y":-14.38,"scaleX":-1,"rotation":176.39,"width":34,"height":49}},"Glass cage":{"Glass cage":{"x":-11,"y":557.5,"width":912,"height":963}},"Shadow":{"Shadow":{"x":-11.18,"y":-8.78,"width":582,"height":176}}}}],"animations":{"action":{"slots":{"bee1":{"attachment":[{"name":null}]},"bee2":{"attachment":[{"name":null}]},"bee2_body":{"attachment":[{"name":"bee2_body"}]},"bee2_body2":{"attachment":[{"name":"bee2_body"}]},"bee2_body3":{"attachment":[{"name":"bee2_body"}]},"bee2_hand1":{"attachment":[{"name":"bee2_hand1"}]},"bee2_hand2":{"attachment":[{"name":"bee2_hand2"}]},"bee2_hand3":{"attachment":[{"name":"bee2_hand2"}]},"bee2_hand4":{"attachment":[{"name":"bee2_hand1"}]},"bee2_hand5":{"attachment":[{"name":"bee2_hand2"}]},"bee2_hand6":{"attachment":[{"name":"bee2_hand1"}]},"bee2_head":{"attachment":[{"name":"bee2_head"}]},"bee2_head2":{"attachment":[{"name":"bee2_head"}]},"bee2_head3":{"attachment":[{"name":"bee2_head"}]},"bee2_leg1":{"attachment":[{"name":"bee2_leg1"}]},"bee2_leg2":{"attachment":[{"name":"bee2_leg2"}]},"bee2_leg3":{"attachment":[{"name":"bee2_leg1"}]},"bee2_leg4":{"attachment":[{"name":"bee2_leg2"}]},"bee2_leg5":{"attachment":[{"name":"bee2_leg1"}]},"bee2_leg6":{"attachment":[{"name":"bee2_leg2"}]},"bee2_wing1":{"attachment":[{"name":"bee2_wing1"}]},"bee2_wing2":{"attachment":[{"name":"bee2_wing2"}]},"bee2_wing3":{"attachment":[{"name":"bee2_wing1"}]},"bee2_wing4":{"attachment":[{"name":"bee2_wing2"}]},"bee2_wing5":{"attachment":[{"name":"bee2_wing1"}]},"bee2_wing6":{"attachment":[{"name":"bee2_wing2"}]},"bee3":{"attachment":[{"name":null}]},"dog1":{"attachment":[{"name":null}]},"dog2_ear1":{"attachment":[{"name":"dog2_ear1"}]},"dog2_ear2":{"attachment":[{"name":"dog2_ear2"}]},"dog2_eye":{"attachment":[{"name":"dog2_eye"}]},"dog2_hand1":{"attachment":[{"name":"dog2_hand1"}]},"dog2_hand2":{"attachment":[{"name":"dog2_hand2"}]},"dog2_head":{"attachment":[{"name":"dog2_head"}]},"dog2_leg1":{"attachment":[{"name":"dog2_leg1"}]},"dog2_leg2":{"attachment":[{"name":"dog2_leg2"}]},"dog2_tail":{"attachment":[{"name":"dog2_tail"}]},"dog2_tongue2":{"attachment":[{"name":"dog2_tongue2"}]},"fly":{"attachment":[{"name":"fly"}]},"fly2":{"attachment":[{"name":"fly"}]},"fly3":{"attachment":[{"name":"fly"}]},"fly4":{"attachment":[{"name":"fly"}]},"fly5":{"attachment":[{"name":"fly"}]},"fly6":{"attachment":[{"name":"fly"}]},"Glass cage":{"attachment":[{"name":"Glass cage"}]}},"bones":{"dog2_head":{"rotate":[{"angle":-2.56},{"time":0.2,"angle":-11.79},{"time":0.6,"angle":5.13},{"time":0.8,"angle":-2.56}]},"dog2_hand1":{"rotate":[{"angle":1.07},{"time":0.2,"angle":-3.15},{"time":0.6,"angle":4.7},{"time":0.8,"angle":1.07}]},"dog2_leg1":{"rotate":[{"angle":1.65,"curve":"stepped"},{"time":0.2,"angle":1.65},{"time":0.4,"angle":1.65,"curve":"stepped"},{"time":0.6,"angle":1.65},{"time":0.8,"angle":1.65}],"translate":[{"time":0.2},{"time":0.4,"curve":"stepped"},{"time":0.6},{"time":0.8}]},"dog2_leg4":{"rotate":[{"angle":-4.48,"curve":"stepped"},{"time":0.2,"angle":-4.48},{"time":0.4,"angle":-4.48},{"time":0.6,"angle":-4.48}]},"dog2_hand3":{"rotate":[{"angle":-0.2},{"time":0.2,"angle":4.82},{"time":0.6,"angle":-5.01},{"time":0.8,"angle":-0.2}]},"dog2_ear1":{"rotate":[{"angle":6.54},{"time":0.1},{"time":0.3,"angle":-10.84},{"time":0.7,"angle":9.91},{"time":0.8,"angle":6.54}],"translate":[{"time":0.1},{"time":0.3},{"time":0.5},{"time":0.7}]},"dog2_ear2":{"rotate":[{"angle":11.89},{"time":0.1,"angle":2.86},{"time":0.3,"angle":-14.45},{"time":0.7,"angle":20.92},{"time":0.8,"angle":11.89}],"translate":[{"time":0.3},{"time":0.5}]},"dog2_eye":{"translate":[{"time":0.4},{"time":0.6}],"scale":[{},{"time":0.4,"x":0.746},{"time":0.8}]},"dog2_tail":{"rotate":[{"angle":19.83},{"time":0.0667,"angle":6.51},{"time":0.2667,"angle":-26.46},{"time":0.6667,"angle":32.86},{"time":0.8,"angle":19.83}]},"dog2_tongue2":{"rotate":[{},{"time":0.1333,"angle":51.35},{"time":0.2667},{"time":0.4,"angle":51.35},{"time":0.5333},{"time":0.6667,"angle":51.35},{"time":0.8}],"translate":[{"time":0.4},{"time":0.5333,"curve":"stepped"},{"time":0.6667},{"time":0.8}]},"Shadow":{"translate":[{"x":-78.68,"y":-10.59}]},"bee2_body":{"rotate":[{},{"time":0.1667},{"time":0.3},{"time":0.4,"curve":"stepped"},{"time":0.5},{"time":0.6333}],"translate":[{},{"time":0.4,"y":-23.71},{"time":0.8}]},"bee2_wing1":{"rotate":[{"angle":23.81},{"time":0.1,"angle":-17.57},{"time":0.2,"angle":23.81},{"time":0.3,"angle":-17.57},{"time":0.4,"angle":13.24},{"time":0.5,"angle":-17.57},{"time":0.6,"angle":13.24},{"time":0.7,"angle":-17.57},{"time":0.8,"angle":23.81}],"scale":[{"x":0.849},{"time":0.1},{"time":0.2,"x":0.849},{"time":0.3},{"time":0.4,"x":0.849},{"time":0.5},{"time":0.6,"x":0.849},{"time":0.7},{"time":0.8,"x":0.849}]},"bee2_leg3":{"rotate":[{"angle":7.04},{"time":0.4,"angle":-18.18},{"time":0.8,"angle":7.04}],"translate":[{"time":0.4},{"time":0.8}]},"bee2_wing2":{"rotate":[{"angle":-46.16},{"time":0.1,"angle":30.82},{"time":0.2,"angle":-46.16},{"time":0.3,"angle":30.82},{"time":0.4,"angle":-46.16},{"time":0.5,"angle":30.82},{"time":0.6,"angle":-46.16},{"time":0.7,"angle":30.82},{"time":0.8,"angle":-46.16}],"scale":[{"x":0.884},{"time":0.1},{"time":0.2,"x":0.884},{"time":0.3},{"time":0.4,"x":0.884},{"time":0.5},{"time":0.6,"x":0.884},{"time":0.7},{"time":0.8,"x":0.884}]},"bee2_head":{"rotate":[{},{"time":0.1333,"angle":4.43},{"time":0.2667},{"time":0.4,"angle":4.43},{"time":0.5333},{"time":0.6667,"angle":4.43},{"time":0.8}]},"bee2_hand2":{"rotate":[{},{"time":0.1,"angle":-25.19},{"time":0.2},{"time":0.3,"angle":-26},{"time":0.4},{"time":0.5,"angle":-26},{"time":0.6},{"time":0.7,"angle":-26},{"time":0.8}],"translate":[{"time":0.1},{"time":0.2,"curve":"stepped"},{"time":0.3},{"time":0.4},{"time":0.5,"curve":"stepped"},{"time":0.6},{"time":0.7}]},"bee2_hand1":{"rotate":[{},{"time":0.4,"angle":-8.67},{"time":0.8}],"translate":[{},{"time":0.4}]},"bee2_leg1":{"rotate":[{"angle":5.36},{"time":0.4,"angle":-18.88},{"time":0.8,"angle":5.36}],"translate":[{"time":0.4},{"time":0.8}]},"dog2_head2":{"rotate":[{"angle":0.63},{"time":0.0333,"angle":-0.23},{"time":0.2333,"angle":-4.22},{"time":0.6333,"angle":3.39},{"time":0.8,"angle":0.63}]},"dog2_hand2":{"rotate":[{"angle":-1.11},{"time":0.0667,"angle":-1.68},{"time":0.2667,"angle":-2.86},{"time":0.6667,"angle":-0.47},{"time":0.8,"angle":-1.11}]},"dog2_head3":{"rotate":[{"angle":1.76},{"time":0.0333,"angle":0.81},{"time":0.0667,"angle":-0.08},{"time":0.2667,"angle":-4.18},{"time":0.6667,"angle":4.19},{"time":0.8,"angle":1.76}]},"dog2_leg2":{"rotate":[{"angle":-3.39}],"translate":[{},{"time":0.2,"curve":"stepped"},{"time":0.4},{"time":0.6}]},"dog2_leg3":{"rotate":[{"angle":-0.4}]},"dog2_leg5":{"rotate":[{"angle":3.94}]},"dog2_leg6":{"rotate":[{}],"translate":[{},{"time":0.2,"curve":"stepped"},{"time":0.4},{"time":0.6}]},"dog2_hand4":{"rotate":[{"angle":-10.17},{"time":0.0667,"angle":-2.41},{"time":0.2667,"angle":15.47},{"time":0.6667,"angle":-18.67},{"time":0.8,"angle":-10.17}]},"IK_Foot_L":{"translate":[{"time":0.2},{"time":0.4,"curve":"stepped"},{"time":0.6},{"time":0.8}]},"bone2":{"translate":[{},{"time":0.1333,"x":3.16,"y":0.34},{"time":0.2667,"x":3.48,"y":0.6},{"time":0.4,"x":3.16,"y":0.34},{"time":0.5333},{"time":0.6667,"x":3.16,"y":0.34},{"time":0.8}]},"dog2_tongue3":{"rotate":[{},{"time":0.1333,"angle":60.61},{"time":0.2667},{"time":0.4,"angle":60.61},{"time":0.5333},{"time":0.6667,"angle":60.61},{"time":0.8}]},"dog2_tongue4":{"rotate":[{},{"time":0.1333,"angle":48.86},{"time":0.2667},{"time":0.4,"angle":48.86},{"time":0.5333},{"time":0.6667,"angle":48.86},{"time":0.8}],"translate":[{"time":0.4},{"time":0.5333,"curve":"stepped"},{"time":0.6667},{"time":0.8}]},"dog2_tail2":{"rotate":[{"angle":28.44},{"time":0.0667,"angle":18.19},{"time":0.1333,"angle":6.04},{"time":0.3333,"angle":-18.04},{"time":0.7333,"angle":32.59},{"time":0.8,"angle":28.44}]},"bee2_hand3":{"rotate":[{},{"time":0.1,"angle":-54.24},{"time":0.2},{"time":0.3,"angle":-54.24},{"time":0.4},{"time":0.5,"angle":-54.24},{"time":0.6},{"time":0.7,"angle":-54.24},{"time":0.8}],"translate":[{},{"time":0.1,"curve":"stepped"},{"time":0.2},{"time":0.3},{"time":0.4,"curve":"stepped"},{"time":0.5},{"time":0.6,"curve":"stepped"},{"time":0.7},{"time":0.8}]},"bee2_hand4":{"rotate":[{},{"time":0.4,"angle":-8.67},{"time":0.8}],"translate":[{"time":0.4},{"time":0.8}]},"bee2_leg4":{"rotate":[{"angle":8.28},{"time":0.0667,"angle":10.54},{"time":0.4667,"angle":-18.21},{"time":0.8,"angle":8.28}],"translate":[{"time":0.0667},{"time":0.4667}]},"bee2_leg2":{"rotate":[{"angle":9.39},{"time":0.0667,"angle":10.85},{"time":0.4667,"angle":-7.7},{"time":0.8,"angle":9.39}]},"Bee":{"translate":[{},{"time":0.1667},{"time":0.3,"curve":"stepped"},{"time":0.4},{"time":0.5,"curve":"stepped"},{"time":0.6333},{"time":0.8}]},"bee2_body2":{"rotate":[{"time":0.1667},{"time":0.3333},{"time":0.4667},{"time":0.5667,"curve":"stepped"},{"time":0.6667},{"time":0.8}]},"bee2_head2":{"rotate":[{"angle":3.72},{"time":0.0333,"angle":4.43},{"time":0.1667},{"time":0.3,"angle":4.43},{"time":0.4333},{"time":0.5667,"angle":4.43},{"time":0.7},{"time":0.8,"angle":3.72}]},"bee2_wing3":{"rotate":[{"angle":5.19},{"time":0.0667,"angle":-17.57},{"time":0.1667,"angle":23.81},{"time":0.2667,"angle":-17.57},{"time":0.3667,"angle":23.81},{"time":0.4667,"angle":-17.57},{"time":0.5667,"angle":13.24},{"time":0.6667,"angle":-17.57},{"time":0.7667,"angle":13.24},{"time":0.8,"angle":5.19}],"scale":[{"x":0.888},{"time":0.0667},{"time":0.1667,"x":0.849},{"time":0.2667},{"time":0.3667,"x":0.849},{"time":0.4667},{"time":0.5667,"x":0.849},{"time":0.6667},{"time":0.7667,"x":0.849},{"time":0.8,"x":0.888}]},"bee2_wing4":{"rotate":[{"angle":-26.04},{"time":0.0667,"angle":30.82},{"time":0.1667,"angle":-46.16},{"time":0.2667,"angle":30.82},{"time":0.3667,"angle":-46.16},{"time":0.4667,"angle":30.82},{"time":0.5667,"angle":-46.16},{"time":0.6667,"angle":30.82},{"time":0.7667,"angle":-46.16},{"time":0.8,"angle":-26.04}],"scale":[{"x":0.915},{"time":0.0667},{"time":0.1667,"x":0.884},{"time":0.2667},{"time":0.3667,"x":0.884},{"time":0.4667},{"time":0.5667,"x":0.884},{"time":0.6667},{"time":0.7667,"x":0.884},{"time":0.8,"x":0.915}]},"bee2_hand5":{"rotate":[{"angle":-6.8},{"time":0.0667,"angle":-26},{"time":0.1667},{"time":0.2667,"angle":-25.19},{"time":0.3667},{"time":0.4667,"angle":-26},{"time":0.5667},{"time":0.6667,"angle":-26},{"time":0.7667},{"time":0.8,"angle":-6.8}],"translate":[{},{"time":0.0667,"curve":"stepped"},{"time":0.2667},{"time":0.3667,"curve":"stepped"},{"time":0.4667},{"time":0.5667},{"time":0.6667,"curve":"stepped"},{"time":0.7667},{"time":0.8}]},"bee2_hand6":{"rotate":[{"angle":-14.18},{"time":0.0667,"angle":-54.24},{"time":0.1667},{"time":0.2667,"angle":-54.24},{"time":0.3667},{"time":0.4667,"angle":-54.24},{"time":0.5667},{"time":0.6667,"angle":-54.24},{"time":0.7667},{"time":0.8,"angle":-14.18}],"translate":[{"time":0.0667},{"time":0.1667},{"time":0.2667,"curve":"stepped"},{"time":0.3667},{"time":0.4667},{"time":0.5667,"curve":"stepped"},{"time":0.6667},{"time":0.7667}]},"bee2_hand7":{"rotate":[{"angle":-3.27},{"time":0.1667},{"time":0.5667,"angle":-8.67},{"time":0.8,"angle":-3.27}],"translate":[{"time":0.1667},{"time":0.5667}]},"bee2_hand8":{"rotate":[{"angle":-3.27},{"time":0.1667},{"time":0.5667,"angle":-8.67},{"time":0.8,"angle":-3.27}],"translate":[{"time":0.5667},{"time":0.8}]},"bee2_leg5":{"rotate":[{"angle":-3.77},{"time":0.1667,"angle":5.36},{"time":0.5667,"angle":-18.88},{"time":0.8,"angle":-3.77}],"translate":[{"time":0.5667},{"time":0.8}]},"bee2_leg6":{"rotate":[{"angle":0.84},{"time":0.1667,"angle":9.39},{"time":0.2333,"angle":10.85},{"time":0.6333,"angle":-7.7},{"time":0.8,"angle":0.84}]},"bee2_leg7":{"rotate":[{"angle":-2.46},{"time":0.1667,"angle":7.04},{"time":0.5667,"angle":-18.18},{"time":0.8,"angle":-2.46}]},"bee2_leg8":{"rotate":[{"angle":-4.97},{"time":0.1667,"angle":8.28},{"time":0.2333,"angle":10.54},{"time":0.6333,"angle":-18.21},{"time":0.8,"angle":-4.97}],"translate":[{"time":0.2333},{"time":0.6333}]},"Bee2":{"translate":[{},{"time":0.1667},{"time":0.3333},{"time":0.4667,"curve":"stepped"},{"time":0.5667},{"time":0.6667}]},"bee2_body3":{"rotate":[{"time":0.1},{"time":0.2667},{"time":0.4},{"time":0.5,"curve":"stepped"},{"time":0.6},{"time":0.7333}]},"bee2_head3":{"rotate":[{"angle":3.72},{"time":0.1},{"time":0.2333,"angle":4.43},{"time":0.3667},{"time":0.5,"angle":4.43},{"time":0.6333},{"time":0.7667,"angle":4.43},{"time":0.8,"angle":3.72}]},"bee2_wing5":{"rotate":[{"angle":-17.57},{"time":0.1,"angle":23.81},{"time":0.2,"angle":-17.57},{"time":0.3,"angle":23.81},{"time":0.4,"angle":-17.57},{"time":0.5,"angle":13.24},{"time":0.6,"angle":-17.57},{"time":0.7,"angle":13.24},{"time":0.8,"angle":-17.57}],"scale":[{},{"time":0.1,"x":0.849},{"time":0.2},{"time":0.3,"x":0.849},{"time":0.4},{"time":0.5,"x":0.849},{"time":0.6},{"time":0.7,"x":0.849},{"time":0.8}]},"bee2_wing6":{"rotate":[{"angle":30.82},{"time":0.1,"angle":-46.16},{"time":0.2,"angle":30.82},{"time":0.3,"angle":-46.16},{"time":0.4,"angle":30.82},{"time":0.5,"angle":-46.16},{"time":0.6,"angle":30.82},{"time":0.7,"angle":-46.16},{"time":0.8,"angle":30.82}],"scale":[{},{"time":0.1,"x":0.884},{"time":0.2},{"time":0.3,"x":0.884},{"time":0.4},{"time":0.5,"x":0.884},{"time":0.6},{"time":0.7,"x":0.884},{"time":0.8}]},"bee2_hand9":{"rotate":[{"angle":-26},{"time":0.1},{"time":0.2,"angle":-25.19},{"time":0.3},{"time":0.4,"angle":-26},{"time":0.5},{"time":0.6,"angle":-26},{"time":0.7},{"time":0.8,"angle":-26}],"translate":[{"time":0.2},{"time":0.3,"curve":"stepped"},{"time":0.4},{"time":0.5},{"time":0.6,"curve":"stepped"},{"time":0.7},{"time":0.8}]},"bee2_hand10":{"rotate":[{"angle":-54.24},{"time":0.1},{"time":0.2,"angle":-54.24},{"time":0.3},{"time":0.4,"angle":-54.24},{"time":0.5},{"time":0.6,"angle":-54.24},{"time":0.7},{"time":0.8,"angle":-54.24}],"translate":[{},{"time":0.1},{"time":0.2,"curve":"stepped"},{"time":0.3},{"time":0.4},{"time":0.5,"curve":"stepped"},{"time":0.6},{"time":0.7}]},"bee2_hand11":{"rotate":[{"angle":-1.39},{"time":0.1},{"time":0.5,"angle":-8.67},{"time":0.8,"angle":-1.39}],"translate":[{"time":0.1},{"time":0.5}]},"bee2_hand12":{"rotate":[{"angle":-1.39},{"time":0.1},{"time":0.5,"angle":-8.67},{"time":0.8,"angle":-1.39}],"translate":[{"time":0.5},{"time":0.8}]},"bee2_leg9":{"rotate":[{"angle":1.49},{"time":0.1,"angle":5.36},{"time":0.5,"angle":-18.88},{"time":0.8,"angle":1.49}],"translate":[{"time":0.5},{"time":0.8}]},"bee2_leg10":{"rotate":[{"angle":5.7},{"time":0.1,"angle":9.39},{"time":0.1667,"angle":10.85},{"time":0.5667,"angle":-7.7},{"time":0.8,"angle":5.7}]},"bee2_leg11":{"rotate":[{"angle":3},{"time":0.1,"angle":7.04},{"time":0.5,"angle":-18.18},{"time":0.8,"angle":3}]},"bee2_leg12":{"rotate":[{"angle":2.56},{"time":0.1,"angle":8.28},{"time":0.1667,"angle":10.54},{"time":0.5667,"angle":-18.21},{"time":0.8,"angle":2.56}],"translate":[{"time":0.1667},{"time":0.5667}]},"Bee3":{"translate":[{},{"time":0.1},{"time":0.2667},{"time":0.4,"curve":"stepped"},{"time":0.5},{"time":0.6,"curve":"stepped"},{"time":0.7333},{"time":0.8}]}}},"draw":{}}}