{
  "__type__": "cc.Skeleton",
  "_name": "Skin-0",
  "_objFlags": 0,
  "_native": "",
  "_joints": [
    "Comp/root",
    "Comp/root/spine0",
    "Comp/root/spine0/spine1",
    "Comp/root/spine0/spine1/spine2",
    "Comp/root/spine0/spine1/spine2/spine3",
    "Comp/root/spine0/spine1/spine2/spine3/spine4",
    "Comp/root/spine0/spine1/spine2/spine3/spine4/spine5",
    "Comp/root/spine0/spine1/spine2/spine3/spine4/spine5/left arm0",
    "Comp/root/spine0/spine1/spine2/spine3/spine4/spine5/left arm0/left arm1",
    "Comp/root/spine0/spine1/spine2/spine3/spine4/spine5/left arm0/left arm1/left hand",
    "Comp/root/spine0/spine1/spine2/spine3/spine4/spine5/left arm0/left arm1/left hand/left finger3",
    "Comp/root/spine0/spine1/spine2/spine3/spine4/spine5/left arm0/left arm1/left hand/left finger3/left finger4",
    "Comp/root/spine0/spine1/spine2/spine3/spine4/spine5/left arm0/left arm1/left hand/left finger3/left finger4/left finger5",
    "Comp/root/spine0/spine1/spine2/spine3/spine4/spine5/left arm0/left arm1/left hand/left finger3/left finger4/left finger5/left finger5_end",
    "Comp/root/spine0/spine1/spine2/spine3/spine4/spine5/left arm0/left arm1/left hand/left finger3/left finger4/left finger5/left finger5_end/left finger5_end_end",
    "Comp/root/spine0/spine1/spine2/spine3/spine4/spine5/left arm0/left arm1/left hand/left finger3/left finger4/left finger5/left finger5_end/left finger5_end_end/left finger5_end_end_end",
    "Comp/root/spine0/spine1/spine2/spine3/spine4/spine5/right arm0",
    "Comp/root/spine0/spine1/spine2/spine3/spine4/spine5/right arm0/right arm1",
    "Comp/root/spine0/spine1/spine2/spine3/spine4/spine5/right arm0/right arm1/right hand",
    "Comp/root/spine0/spine1/spine2/spine3/spine4/spine5/right arm0/right arm1/right hand/right finger3",
    "Comp/root/spine0/spine1/spine2/spine3/spine4/spine5/right arm0/right arm1/right hand/right finger3/right finger4",
    "Comp/root/spine0/spine1/spine2/spine3/spine4/spine5/right arm0/right arm1/right hand/right finger3/right finger4/right finger5",
    "Comp/root/spine0/spine1/spine2/spine3/spine4/spine5/right arm0/right arm1/right hand/right finger3/right finger4/right finger5/right finger5_end",
    "Comp/root/spine0/spine1/spine2/spine3/spine4/spine5/right arm0/right arm1/right hand/right finger3/right finger4/right finger5/right finger5_end/right finger5_end_end",
    "Comp/root/spine0/spine1/spine2/spine3/spine4/spine5/right arm0/right arm1/right hand/right finger3/right finger4/right finger5/right finger5_end/right finger5_end_end/right finger5_end_end_end",
    "Comp/root/spine0/spine1/spine2/spine3/spine4/spine5/neck0",
    "Comp/root/spine0/spine1/spine2/spine3/spine4/spine5/neck0/neck1",
    "Comp/root/spine0/spine1/spine2/spine3/spine4/spine5/neck0/neck1/neck2",
    "Comp/root/spine0/spine1/spine2/spine3/spine4/spine5/neck0/neck1/neck2/neck3",
    "Comp/root/spine0/spine1/spine2/spine3/spine4/spine5/neck0/neck1/neck2/neck3/head",
    "Comp/root/spine0/spine1/spine2/spine3/spine4/spine5/neck0/neck1/neck2/neck3/head/eye0",
    "Comp/root/spine0/spine1/spine2/spine3/spine4/spine5/neck0/neck1/neck2/neck3/head/eye0/right eye",
    "Comp/root/spine0/spine1/spine2/spine3/spine4/spine5/neck0/neck1/neck2/neck3/head/eye0/right eye/right eye_end",
    "Comp/root/spine0/spine1/spine2/spine3/spine4/spine5/neck0/neck1/neck2/neck3/head/eye0/right eye/right eye_end/right eye_end_end",
    "Comp/root/spine0/spine1/spine2/spine3/spine4/spine5/neck0/neck1/neck2/neck3/head/eye0/right eye/right eye_end/right eye_end_end/right eye_end_end_end",
    "Comp/root/spine0/spine1/spine2/spine3/spine4/spine5/neck0/neck1/neck2/neck3/head/eye0/left eye",
    "Comp/root/spine0/spine1/spine2/spine3/spine4/spine5/neck0/neck1/neck2/neck3/head/eye0/left eye/left eye_end",
    "Comp/root/spine0/spine1/spine2/spine3/spine4/spine5/neck0/neck1/neck2/neck3/head/eye0/left eye/left eye_end/left eye_end_end",
    "Comp/root/spine0/spine1/spine2/spine3/spine4/spine5/neck0/neck1/neck2/neck3/head/eye0/left eye/left eye_end/left eye_end_end/left eye_end_end_end",
    "Comp/root/spine0/spine1/spine2/spine3/spine4/spine5/neck0/neck1/neck2/neck3/head/jaw0",
    "Comp/root/spine0/spine1/spine2/spine3/spine4/spine5/neck0/neck1/neck2/neck3/head/jaw0/jaw1",
    "Comp/root/spine0/spine1/spine2/spine3/spine4/spine5/neck0/neck1/neck2/neck3/head/jaw0/jaw1/jaw1_end",
    "Comp/root/spine0/spine1/spine2/spine3/spine4/spine5/neck0/neck1/neck2/neck3/head/jaw0/jaw1/jaw1_end/jaw1_end_end",
    "Comp/root/spine0/spine1/spine2/spine3/spine4/spine5/neck0/neck1/neck2/neck3/head/jaw0/jaw1/jaw1_end/jaw1_end_end/jaw1_end_end_end",
    "Comp/root/spine0/spine1/spine2/spine3/spine4/spine5/neck0/neck1/neck2/neck3/head/jaw0/tongue0",
    "Comp/root/spine0/spine1/spine2/spine3/spine4/spine5/neck0/neck1/neck2/neck3/head/jaw0/tongue0/tongue1",
    "Comp/root/spine0/spine1/spine2/spine3/spine4/spine5/neck0/neck1/neck2/neck3/head/jaw0/tongue0/tongue1/tongue2",
    "Comp/root/spine0/spine1/spine2/spine3/spine4/spine5/neck0/neck1/neck2/neck3/head/jaw0/tongue0/tongue1/tongue2/tongue2_end",
    "Comp/root/spine0/spine1/spine2/spine3/spine4/spine5/neck0/neck1/neck2/neck3/head/jaw0/tongue0/tongue1/tongue2/tongue2_end/tongue2_end_end",
    "Comp/root/spine0/spine1/spine2/spine3/spine4/spine5/neck0/neck1/neck2/neck3/head/jaw0/tongue0/tongue1/tongue2/tongue2_end/tongue2_end_end/tongue2_end_end_end",
    "Comp/root/spine0/spine1/spine2/Right Torso",
    "Comp/root/spine0/spine1/spine2/Right Torso/Right Torso_end",
    "Comp/root/spine0/spine1/spine2/Right Torso/Right Torso_end/Right Torso_end_end",
    "Comp/root/spine0/spine1/spine2/Right Torso/Right Torso_end/Right Torso_end_end/Right Torso_end_end_end",
    "Comp/root/spine0/spine1/spine2/Left Torso",
    "Comp/root/spine0/spine1/spine2/Left Torso/Left Torso_end",
    "Comp/root/spine0/spine1/spine2/Left Torso/Left Torso_end/Left Torso_end_end",
    "Comp/root/spine0/spine1/spine2/Left Torso/Left Torso_end/Left Torso_end_end/Left Torso_end_end_end",
    "Comp/root/pelvis",
    "Comp/root/pelvis/tail0",
    "Comp/root/pelvis/tail0/tail1",
    "Comp/root/pelvis/tail0/tail1/tail2",
    "Comp/root/pelvis/tail0/tail1/tail2/tail3",
    "Comp/root/pelvis/tail0/tail1/tail2/tail3/tail4",
    "Comp/root/pelvis/tail0/tail1/tail2/tail3/tail4/tail5",
    "Comp/root/pelvis/tail0/tail1/tail2/tail3/tail4/tail5/tail6",
    "Comp/root/pelvis/tail0/tail1/tail2/tail3/tail4/tail5/tail6/tail7",
    "Comp/root/pelvis/tail0/tail1/tail2/tail3/tail4/tail5/tail6/tail7/tail8",
    "Comp/root/pelvis/tail0/tail1/tail2/tail3/tail4/tail5/tail6/tail7/tail8/tail8_end",
    "Comp/root/pelvis/tail0/tail1/tail2/tail3/tail4/tail5/tail6/tail7/tail8/tail8_end/tail8_end_end",
    "Comp/root/pelvis/tail0/tail1/tail2/tail3/tail4/tail5/tail6/tail7/tail8/tail8_end/tail8_end_end/tail8_end_end_end",
    "Comp/root/pelvis/right leg0",
    "Comp/root/pelvis/right leg0/right leg1",
    "Comp/root/pelvis/right leg0/right leg1/right foot0",
    "Comp/root/pelvis/right leg0/right leg1/right foot0/right foot1",
    "Comp/root/pelvis/right leg0/right leg1/right foot0/right foot1/right foot2",
    "Comp/root/pelvis/right leg0/right leg1/right foot0/right foot1/right foot2/right toe0",
    "Comp/root/pelvis/right leg0/right leg1/right foot0/right foot1/right foot2/right toe0/right toe1",
    "Comp/root/pelvis/right leg0/right leg1/right foot0/right foot1/right foot2/right toe0/right toe1/right toe2",
    "Comp/root/pelvis/right leg0/right leg1/right foot0/right foot1/right foot2/right toe0/right toe1/right toe2/right toe2_end",
    "Comp/root/pelvis/right leg0/right leg1/right foot0/right foot1/right foot2/right toe0/right toe1/right toe2/right toe2_end/right toe2_end_end",
    "Comp/root/pelvis/right leg0/right leg1/right foot0/right foot1/right foot2/right toe0/right toe1/right toe2/right toe2_end/right toe2_end_end/right toe2_end_end_end",
    "Comp/root/pelvis/left leg0",
    "Comp/root/pelvis/left leg0/left leg1",
    "Comp/root/pelvis/left leg0/left leg1/left foot0",
    "Comp/root/pelvis/left leg0/left leg1/left foot0/left foot1",
    "Comp/root/pelvis/left leg0/left leg1/left foot0/left foot1/left foot2",
    "Comp/root/pelvis/left leg0/left leg1/left foot0/left foot1/left foot2/left toe0",
    "Comp/root/pelvis/left leg0/left leg1/left foot0/left foot1/left foot2/left toe0/left toe1",
    "Comp/root/pelvis/left leg0/left leg1/left foot0/left foot1/left foot2/left toe0/left toe1/left toe2",
    "Comp/root/pelvis/left leg0/left leg1/left foot0/left foot1/left foot2/left toe0/left toe1/left toe2/left toe2_end",
    "Comp/root/pelvis/left leg0/left leg1/left foot0/left foot1/left foot2/left toe0/left toe1/left toe2/left toe2_end/left toe2_end_end",
    "Comp/root/pelvis/left leg0/left leg1/left foot0/left foot1/left foot2/left toe0/left toe1/left toe2/left toe2_end/left toe2_end_end/left toe2_end_end_end"
  ],
  "_bindposes": [
    {
      "__type__": "cc.Mat4",
      "m00": 10,
      "m01": 0.0000012909898714497103,
      "m02": -5.6430968025603795e-14,
      "m03": 0,
      "m04": -5.6430968025603795e-14,
      "m05": -3.465204333327407e-14,
      "m06": -9.999999046325684,
      "m07": 0,
      "m08": -0.0000012909895303891972,
      "m09": 10.00000286102295,
      "m10": -3.4652023004483334e-14,
      "m11": 0,
      "m12": -0.000011803059351223055,
      "m13": -0.006815664935857058,
      "m14": 0.12852759659290314,
      "m15": 1
    },
    {
      "__type__": "cc.Mat4",
      "m00": 10,
      "m01": 0.0000012909025599583401,
      "m02": -5.642714960107757e-14,
      "m03": 0,
      "m04": -5.642714960107757e-14,
      "m05": -3.465092524978369e-14,
      "m06": -9.999999046325684,
      "m07": 0,
      "m08": -0.0000012909021052109892,
      "m09": 10.00000286102295,
      "m10": -3.465090492099296e-14,
      "m11": 0,
      "m12": -0.000011803809684352018,
      "m13": -0.010724741034209728,
      "m14": 0.12945276498794556,
      "m15": 1
    },
    {
      "__type__": "cc.Mat4",
      "m00": 10,
      "m01": 0.0000012908643611808657,
      "m02": -5.6425482640237376e-14,
      "m03": 0,
      "m04": -5.6425482640237376e-14,
      "m05": -3.4650437358806074e-14,
      "m06": -9.999999046325684,
      "m07": 0,
      "m08": -0.0000012908640201203525,
      "m09": 10.00000286102295,
      "m10": -3.465041703001534e-14,
      "m11": 0,
      "m12": -0.000011804465430031996,
      "m13": -0.018872950226068497,
      "m14": 0.13191109895706177,
      "m15": 1
    },
    {
      "__type__": "cc.Mat4",
      "m00": 10,
      "m01": 0.0000012904991990581038,
      "m02": -5.640951437511574e-14,
      "m03": 0,
      "m04": -5.640951437511574e-14,
      "m05": -3.420169963214148e-14,
      "m06": -9.999999046325684,
      "m07": 0,
      "m08": -0.000001290498744310753,
      "m09": 10.00000286102295,
      "m10": -3.4201679303350746e-14,
      "m11": 0,
      "m12": -0.000011805024769273587,
      "m13": -0.025435438379645348,
      "m14": 0.1339183747768402,
      "m15": 1
    },
    {
      "__type__": "cc.Mat4",
      "m00": 10,
      "m01": 0.0000012904000641356106,
      "m02": -5.6405184342689374e-14,
      "m03": 0,
      "m04": -5.6405184342689374e-14,
      "m05": -3.4200439247115966e-14,
      "m06": -9.999999046325684,
      "m07": 0,
      "m08": -0.0000012903997230750974,
      "m09": 10.00000286102295,
      "m10": -3.420041891832523e-14,
      "m11": 0,
      "m12": -0.000011805733265646268,
      "m13": -0.033023953437805176,
      "m14": 0.1358249932527542,
      "m15": 1
    },
    {
      "__type__": "cc.Mat4",
      "m00": 10,
      "m01": 0.0000012892056702185073,
      "m02": -5.635296984368883e-14,
      "m03": 0,
      "m04": -5.635297323182062e-14,
      "m05": -3.418522653538328e-14,
      "m06": -9.999999046325684,
      "m07": 0,
      "m08": -0.0000012892052154711564,
      "m09": 10.00000286102295,
      "m10": -3.4185206206592544e-14,
      "m11": 0,
      "m12": -0.000011806461770902388,
      "m13": -0.04120945930480957,
      "m14": 0.13689500093460083,
      "m15": 1
    },
    {
      "__type__": "cc.Mat4",
      "m00": 10,
      "m01": 0.000001290350041927013,
      "m02": -5.640299222142188e-14,
      "m03": 0,
      "m04": -5.640299222142188e-14,
      "m05": -3.419979889020784e-14,
      "m06": -9.999999046325684,
      "m07": 0,
      "m08": -0.0000012903495871796622,
      "m09": 10.00000286102295,
      "m10": -3.419977856141711e-14,
      "m11": 0,
      "m12": -0.000011806704605987761,
      "m13": -0.04531390592455864,
      "m14": 0.13715922832489014,
      "m15": 1
    },
    {
      "__type__": "cc.Mat4",
      "m00": 10,
      "m01": 0.0000012903499282401754,
      "m02": -5.640299222142188e-14,
      "m03": 0,
      "m04": -5.640299222142188e-14,
      "m05": -3.419979889020784e-14,
      "m06": -9.999999046325684,
      "m07": 0,
      "m08": -0.0000012903495871796622,
      "m09": 10.00000286102295,
      "m10": -3.419977856141711e-14,
      "m11": 0,
      "m12": -0.013963191770017147,
      "m13": -0.06210416182875633,
      "m14": 0.12106608599424362,
      "m15": 1
    },
    {
      "__type__": "cc.Mat4",
      "m00": 10,
      "m01": 0.0000014605494698116672,
      "m02": -6.38426350630869e-14,
      "m03": 0,
      "m04": -6.384264183935048e-14,
      "m05": -7.752015887118203e-15,
      "m06": -9.999999046325684,
      "m07": 0,
      "m08": -0.0000014605489013774786,
      "m09": 10.000003814697266,
      "m10": -7.752003181623994e-15,
      "m11": 0,
      "m12": -0.015018383972346783,
      "m13": -0.054361749440431595,
      "m14": 0.09924375265836716,
      "m15": 1
    },
    {
      "__type__": "cc.Mat4",
      "m00": 10,
      "m01": -0.0000022543877093994524,
      "m02": 0.0000021058569927845383,
      "m03": 0,
      "m04": 1.6541741663499837e-13,
      "m05": -6.826233863830566,
      "m06": -7.307705402374268,
      "m07": 0,
      "m08": 0.0000030849464565108065,
      "m09": 7.307704448699951,
      "m10": -6.826234340667725,
      "m11": 0,
      "m12": -0.01511258352547884,
      "m13": 0.009443355724215508,
      "m14": 0.11266597360372543,
      "m15": 1
    },
    {
      "__type__": "cc.Mat4",
      "m00": 10,
      "m01": -0.0000034854972454922972,
      "m02": 0.000003255853926020791,
      "m03": 0,
      "m04": 2.4480021959191745e-13,
      "m05": -6.826233863830566,
      "m06": -7.307706356048584,
      "m07": 0,
      "m08": 0.000004769620318256784,
      "m09": 7.307705879211426,
      "m10": -6.826234340667725,
      "m11": 0,
      "m12": -0.015112591907382011,
      "m13": 0.00021619422477670014,
      "m14": 0.1083710789680481,
      "m15": 1
    },
    {
      "__type__": "cc.Mat4",
      "m00": 7.836563753471637e-8,
      "m01": -10.000000953674316,
      "m02": -0.0000028396016205078922,
      "m03": 0,
      "m04": -6.826417446136475,
      "m05": 0.000002021552063524723,
      "m06": -7.307534694671631,
      "m07": 0,
      "m08": 7.307533264160156,
      "m09": 0.000001995695811274345,
      "m10": -6.826418399810791,
      "m11": 0,
      "m12": -0.00198533246293664,
      "m13": 0.015163128264248371,
      "m14": 0.10521519929170609,
      "m15": 1
    },
    {
      "__type__": "cc.Mat4",
      "m00": 10,
      "m01": -2.765009128324891e-7,
      "m02": 2.5828398975136224e-7,
      "m03": 0,
      "m04": 1.6814012272878438e-14,
      "m05": -6.826240539550781,
      "m06": -7.307701110839844,
      "m07": 0,
      "m08": 3.783692932302074e-7,
      "m09": 7.3077006340026855,
      "m10": -6.8262410163879395,
      "m11": 0,
      "m12": -0.01529723685234785,
      "m13": -0.00240886933170259,
      "m14": 0.09958764165639877,
      "m15": 1
    },
    {
      "__type__": "cc.Mat4",
      "m00": 10,
      "m01": 0.000002173492475776584,
      "m02": -0.000039942398871062323,
      "m03": 0,
      "m04": -0.000027606796720647253,
      "m05": -6.851036548614502,
      "m06": -7.284459590911865,
      "m07": 0,
      "m08": -0.00002894794124586042,
      "m09": 7.284459590911865,
      "m10": -6.85103702545166,
      "m11": 0,
      "m12": -0.015296838246285915,
      "m13": -0.007715178653597832,
      "m14": 0.09961447864770889,
      "m15": 1
    },
    {
      "__type__": "cc.Mat4",
      "m00": 10,
      "m01": -0.000012475985386117827,
      "m02": 0.000011653979527181946,
      "m03": 0,
      "m04": 1.27512984979955e-12,
      "m05": -6.82622766494751,
      "m06": -7.307713985443115,
      "m07": 0,
      "m08": 0.00001707235787762329,
      "m09": 7.307713508605957,
      "m10": -6.826228618621826,
      "m11": 0,
      "m12": -0.01529737189412117,
      "m13": -0.013698640279471874,
      "m14": 0.09958755970001221,
      "m15": 1
    },
    {
      "__type__": "cc.Mat4",
      "m00": 10,
      "m01": -0.000002525192485336447,
      "m02": 0.000002358820438530529,
      "m03": 0,
      "m04": 2.5809907054467895e-13,
      "m05": -6.826235771179199,
      "m06": -7.307705879211426,
      "m07": 0,
      "m08": 0.000003455520982242888,
      "m09": 7.307705402374268,
      "m10": -6.826236724853516,
      "m11": 0,
      "m12": -0.01529726479202509,
      "m13": -0.019343368709087372,
      "m14": 0.0995875895023346,
      "m15": 1
    },
    {
      "__type__": "cc.Mat4",
      "m00": 0.0000020663208033511182,
      "m01": -10.000000953674316,
      "m02": -0.0000016621313534415094,
      "m03": 0,
      "m04": -0.0000015099585652933456,
      "m05": 0.0000016621310123809963,
      "m06": -9.999999046325684,
      "m07": 0,
      "m08": 10.00000286102295,
      "m09": 0.0000020663203486037673,
      "m10": -0.0000015099576557986438,
      "m11": 0,
      "m12": -0.062104154378175735,
      "m13": -0.013963179662823677,
      "m14": 0.1210661381483078,
      "m15": 1
    },
    {
      "__type__": "cc.Mat4",
      "m00": 0.0000020663210307247937,
      "m01": -10.000000953674316,
      "m02": -0.0000016621313534415094,
      "m03": 0,
      "m04": -0.0000015099594747880474,
      "m05": 0.0000016621310123809963,
      "m06": -9.999999046325684,
      "m07": 0,
      "m08": 10.00000286102295,
      "m09": 0.0000020663203486037673,
      "m10": -0.0000015099585652933456,
      "m11": 0,
      "m12": -0.0543617345392704,
      "m13": -0.015018359757959843,
      "m14": 0.09924376755952835,
      "m15": 1
    },
    {
      "__type__": "cc.Mat4",
      "m00": 3.7533254726440646e-7,
      "m01": -10.000000953674316,
      "m02": -0.0000026251645977026783,
      "m03": 0,
      "m04": -6.826413154602051,
      "m05": 0.0000016621315808151849,
      "m06": -7.307539463043213,
      "m07": 0,
      "m08": 7.307539939880371,
      "m09": 0.0000020663210307247937,
      "m10": -6.826412677764893,
      "m11": 0,
      "m12": 0.00944604817777872,
      "m13": -0.015112524852156639,
      "m14": 0.11266584694385529,
      "m15": 1
    },
    {
      "__type__": "cc.Mat4",
      "m00": 3.7534704233621596e-7,
      "m01": -10.000001907348633,
      "m02": -0.0000026251627787132747,
      "m03": 0,
      "m04": -6.826371669769287,
      "m05": 0.0000016621316945020226,
      "m06": -7.307577133178711,
      "m07": 0,
      "m08": 7.307577133178711,
      "m09": 0.0000020663210307247937,
      "m10": -6.826371669769287,
      "m11": 0,
      "m12": 0.0002181456220569089,
      "m13": -0.015112513676285744,
      "m14": 0.10837115347385406,
      "m15": 1
    },
    {
      "__type__": "cc.Mat4",
      "m00": 3.753383737148397e-7,
      "m01": -10.000001907348633,
      "m02": -0.000002625163915581652,
      "m03": 0,
      "m04": -6.826395511627197,
      "m05": 0.0000016621318081888603,
      "m06": -7.307554721832275,
      "m07": 0,
      "m08": 7.307555675506592,
      "m09": 0.0000020663208033511182,
      "m10": -6.826395511627197,
      "m11": 0,
      "m12": -0.001985735259950161,
      "m13": -0.015163118951022625,
      "m14": 0.10521523654460907,
      "m15": 1
    },
    {
      "__type__": "cc.Mat4",
      "m00": 3.753384021365491e-7,
      "m01": -10.000000953674316,
      "m02": -0.000002625163915581652,
      "m03": 0,
      "m04": -6.826396465301514,
      "m05": 0.0000016621315808151849,
      "m06": -7.307555198669434,
      "m07": 0,
      "m08": 7.307555198669434,
      "m09": 0.0000020663208033511182,
      "m10": -6.826396465301514,
      "m11": 0,
      "m12": -0.0024068509228527546,
      "m13": -0.015297201462090015,
      "m14": 0.09958774596452713,
      "m15": 1
    },
    {
      "__type__": "cc.Mat4",
      "m00": 8.481374607072212e-7,
      "m01": -10.000000953674316,
      "m02": -0.000014581481991626788,
      "m03": 0,
      "m04": -6.826396465301514,
      "m05": 0.000010076522812596522,
      "m06": -7.307555198669434,
      "m07": 0,
      "m08": 7.307555198669434,
      "m09": 0.00001057367535395315,
      "m10": -6.826396465301514,
      "m11": 0,
      "m12": -0.0024068565107882023,
      "m13": -0.020942145958542824,
      "m14": 0.09958772361278534,
      "m15": 1
    },
    {
      "__type__": "cc.Mat4",
      "m00": 0.000005801707629871089,
      "m01": -10.000000953674316,
      "m02": 0.000015470250218641013,
      "m03": 0,
      "m04": -6.826396465301514,
      "m05": -0.000015265441106748767,
      "m06": -7.307555198669434,
      "m07": 0,
      "m08": 7.307555198669434,
      "m09": -0.000006320974080153974,
      "m10": -6.826396465301514,
      "m11": 0,
      "m12": -0.002406846499070525,
      "m13": -0.026586687192320824,
      "m14": 0.0995878130197525,
      "m15": 1
    },
    {
      "__type__": "cc.Mat4",
      "m00": 4.4168547219669563e-7,
      "m01": -10.000000953674316,
      "m02": -0.0000026420898393553216,
      "m03": 0,
      "m04": -6.826396465301514,
      "m05": 0.0000016292092368530575,
      "m06": -7.307555198669434,
      "m07": 0,
      "m08": 7.307555198669434,
      "m09": 0.0000021263588223519037,
      "m10": -6.826396465301514,
      "m11": 0,
      "m12": -0.0024068609345704317,
      "m13": -0.03223169967532158,
      "m14": 0.09958775341510773,
      "m15": 1
    },
    {
      "__type__": "cc.Mat4",
      "m00": 10,
      "m01": 0.0000012903988135803957,
      "m02": -5.640512674444896e-14,
      "m03": 0,
      "m04": -5.640512674444896e-14,
      "m05": -3.420042230645702e-14,
      "m06": -9.999999046325684,
      "m07": 0,
      "m08": -0.0000012903984725198825,
      "m09": 10.00000286102295,
      "m10": -3.4200401977666287e-14,
      "m11": 0,
      "m12": -0.000011804258974734694,
      "m13": -0.06056998670101166,
      "m14": 0.14311140775680542,
      "m15": 1
    },
    {
      "__type__": "cc.Mat4",
      "m00": 10,
      "m01": 0.000001290509771934012,
      "m02": -5.6409978549170833e-14,
      "m03": 0,
      "m04": -5.6409978549170833e-14,
      "m05": -3.420183515741304e-14,
      "m06": -9.999999046325684,
      "m07": 0,
      "m08": -0.0000012905094308734988,
      "m09": 10.00000286102295,
      "m10": -3.4201814828622307e-14,
      "m11": 0,
      "m12": -0.000011807338523794897,
      "m13": -0.0781131312251091,
      "m14": 0.1592836230993271,
      "m15": 1
    },
    {
      "__type__": "cc.Mat4",
      "m00": 10,
      "m01": 0.0000012906543815915938,
      "m02": -5.641629741495735e-14,
      "m03": 0,
      "m04": -5.641630080308914e-14,
      "m05": -3.4203678301106266e-14,
      "m06": -9.999999046325684,
      "m07": 0,
      "m08": -0.0000012906540405310807,
      "m09": 10.00000286102295,
      "m10": -3.420365797231553e-14,
      "m11": 0,
      "m12": -0.000011810538126155734,
      "m13": -0.09514087438583374,
      "m14": 0.1761401742696762,
      "m15": 1
    },
    {
      "__type__": "cc.Mat4",
      "m00": 10,
      "m01": 0.0000012905599078294472,
      "m02": -5.641216728230654e-14,
      "m03": 0,
      "m04": -5.641216728230654e-14,
      "m05": -3.4202475514321165e-14,
      "m06": -9.999999046325684,
      "m07": 0,
      "m08": -0.000001290559566768934,
      "m09": 10.00000286102295,
      "m10": -3.420245518553043e-14,
      "m11": 0,
      "m12": -0.000011812492630269844,
      "m13": -0.10280857235193253,
      "m14": 0.18766041100025177,
      "m15": 1
    },
    {
      "__type__": "cc.Mat4",
      "m00": 10,
      "m01": 0.0000012904855566375772,
      "m02": -5.640891806392087e-14,
      "m03": 0,
      "m04": -5.640891806392087e-14,
      "m05": -3.420152683742024e-14,
      "m06": -9.999999046325684,
      "m07": 0,
      "m08": -0.0000012904851018902264,
      "m09": 10.00000286102295,
      "m10": -3.4201506508629506e-14,
      "m11": 0,
      "m12": -0.000011814722711278591,
      "m13": -0.1162201389670372,
      "m14": 0.20055772364139557,
      "m15": 1
    },
    {
      "__type__": "cc.Mat4",
      "m00": 10,
      "m01": 0.000001290601630898891,
      "m02": -5.641399348534082e-14,
      "m03": 0,
      "m04": -5.641399348534082e-14,
      "m05": -3.420300745101204e-14,
      "m06": -9.999999046325684,
      "m07": 0,
      "m08": -0.0000012906012898383779,
      "m09": 10.00000286102295,
      "m10": -3.4202987122221307e-14,
      "m11": 0,
      "m12": -0.000011815094694611616,
      "m13": -0.1252829134464264,
      "m14": 0.19889234006404877,
      "m15": 1
    },
    {
      "__type__": "cc.Mat4",
      "m00": 0.000002066590013782843,
      "m01": -10.000000953674316,
      "m02": -0.0000016377121028199326,
      "m03": 0,
      "m04": -0.0000015099585652933456,
      "m05": 0.0000016377117617594195,
      "m06": -9.999999046325684,
      "m07": 0,
      "m08": 10.00000286102295,
      "m09": 0.0000020665893316618167,
      "m10": -0.0000015099576557986438,
      "m11": 0,
      "m12": -0.13337096571922302,
      "m13": -0.00782849546521902,
      "m14": 0.19808202981948853,
      "m15": 1
    },
    {
      "__type__": "cc.Mat4",
      "m00": 0.000010570007361820899,
      "m01": -10.000000953674316,
      "m02": 0.00003217308403691277,
      "m03": 0,
      "m04": -0.0000015099324173206696,
      "m05": -0.00003217308403691277,
      "m06": -9.999999046325684,
      "m07": 0,
      "m08": 10.00000286102295,
      "m09": 0.000010569998266873881,
      "m10": -0.0000015099658412509598,
      "m11": 0,
      "m12": -0.13337093591690063,
      "m13": -0.01911325566470623,
      "m14": 0.1980821043252945,
      "m15": 1
    },
    {
      "__type__": "cc.Mat4",
      "m00": 0.000010570007361820899,
      "m01": -10.000000953674316,
      "m02": -0.000018530359739088453,
      "m03": 0,
      "m04": -0.0000015099755046321661,
      "m05": 0.00001853035792009905,
      "m06": -9.999999046325684,
      "m07": 0,
      "m08": 10.00000286102295,
      "m09": 0.000010570005542831495,
      "m10": -0.0000015099552683750517,
      "m11": 0,
      "m12": -0.13337093591690063,
      "m13": -0.03039957955479622,
      "m14": 0.19808195531368256,
      "m15": 1
    },
    {
      "__type__": "cc.Mat4",
      "m00": 0.0000021194225610088324,
      "m01": -10.000000953674316,
      "m02": -0.0000016292024156427942,
      "m03": 0,
      "m04": -0.0000015099599295353983,
      "m05": 0.000001629202074582281,
      "m06": -9.999999046325684,
      "m07": 0,
      "m08": 10.00000286102295,
      "m09": 0.000002119421878887806,
      "m10": -0.0000015099590200406965,
      "m11": 0,
      "m12": -0.1333709955215454,
      "m13": -0.04168445244431496,
      "m14": 0.19808202981948853,
      "m15": 1
    },
    {
      "__type__": "cc.Mat4",
      "m00": 0.0000013736305390921189,
      "m01": -10.000000953674316,
      "m02": 0.0000023306708953896305,
      "m03": 0,
      "m04": 9.999999046325684,
      "m05": 0.0000013736305390921189,
      "m06": -4.286095531824685e-7,
      "m07": 0,
      "m08": 4.286090700134082e-7,
      "m09": 0.0000023306699858949287,
      "m10": 10.00000286102295,
      "m11": 0,
      "m12": -0.19808202981948853,
      "m13": 0.00782847311347723,
      "m14": -0.13337098062038422,
      "m15": 1
    },
    {
      "__type__": "cc.Mat4",
      "m00": -0.00003243717583245598,
      "m01": -10.000000953674316,
      "m02": 0.0000023835057163523743,
      "m03": 0,
      "m04": 9.999999046325684,
      "m05": -0.00003243717583245598,
      "m06": -4.371086390619894e-7,
      "m07": 0,
      "m08": 4.3711619923669787e-7,
      "m09": 0.00000238350344261562,
      "m10": 10.00000286102295,
      "m11": 0,
      "m12": -0.19808204472064972,
      "m13": -0.00345617881976068,
      "m14": -0.13337098062038422,
      "m15": 1
    },
    {
      "__type__": "cc.Mat4",
      "m00": 0.0000013651261951963534,
      "m01": -10.000000953674316,
      "m02": -0.000006067080903449096,
      "m03": 0,
      "m04": 9.999999046325684,
      "m05": 0.0000013651265362568665,
      "m06": -4.371119359802833e-7,
      "m07": 0,
      "m08": 4.371125896796002e-7,
      "m09": -0.000006067078629712341,
      "m10": 10.00000286102295,
      "m11": 0,
      "m12": -0.19808198511600494,
      "m13": -0.014742054976522923,
      "m14": -0.1333709955215454,
      "m15": 1
    },
    {
      "__type__": "cc.Mat4",
      "m00": 0.0000013651261951963534,
      "m01": -10.000000953674316,
      "m02": 0.0000023835023057472426,
      "m03": 0,
      "m04": 9.999999046325684,
      "m05": 0.0000013651260815095156,
      "m06": -4.371137265479774e-7,
      "m07": 0,
      "m08": 4.371132433789171e-7,
      "m09": 0.0000023835016236262163,
      "m10": 10.00000286102295,
      "m11": 0,
      "m12": -0.19808201491832733,
      "m13": -0.026027483865618706,
      "m14": -0.13337098062038422,
      "m15": 1
    },
    {
      "__type__": "cc.Mat4",
      "m00": 10,
      "m01": 8.33973317071468e-8,
      "m02": -1.733500631928564e-8,
      "m03": 0,
      "m04": -3.954125980636103e-15,
      "m05": -2.0351057052612305,
      "m06": -9.790728569030762,
      "m07": 0,
      "m08": -8.51798986900576e-8,
      "m09": 9.790731430053711,
      "m10": -2.0351052284240723,
      "m11": 0,
      "m12": -0.000011828137758129742,
      "m13": -0.08696012943983078,
      "m14": 0.21155788004398346,
      "m15": 1
    },
    {
      "__type__": "cc.Mat4",
      "m00": 10,
      "m01": -5.638756874759565e-7,
      "m02": 1.1720728565478566e-7,
      "m03": 0,
      "m04": 2.9001093518853105e-14,
      "m05": -2.0351028442382812,
      "m06": -9.790728569030762,
      "m07": 0,
      "m08": 5.759281407335948e-7,
      "m09": 9.790731430053711,
      "m10": -2.035102367401123,
      "m11": 0,
      "m12": -0.000011844265827676281,
      "m13": -0.13197419047355652,
      "m14": 0.1958482414484024,
      "m15": 1
    },
    {
      "__type__": "cc.Mat4",
      "m00": 10,
      "m01": -0.000016405374481109902,
      "m02": 0.0000034099939512088895,
      "m03": 0,
      "m04": 8.437318226896251e-13,
      "m05": -2.035086154937744,
      "m06": -9.790731430053711,
      "m07": 0,
      "m08": 0.000016756021068431437,
      "m09": 9.790735244750977,
      "m10": -2.035085439682007,
      "m11": 0,
      "m12": -0.00001216773125634063,
      "m13": -0.15941882133483887,
      "m14": 0.1958479881286621,
      "m15": 1
    },
    {
      "__type__": "cc.Mat4",
      "m00": 10,
      "m01": 0.0000017900865714182146,
      "m02": -0.00002213999323430471,
      "m03": 0,
      "m04": -0.00002151125590899028,
      "m05": -1.7038416862487793,
      "m06": -9.853777885437012,
      "m07": 0,
      "m08": -0.000005536214302992448,
      "m09": 9.853780746459961,
      "m10": -1.7038410902023315,
      "m11": 0,
      "m12": -0.000011390276085876394,
      "m13": -0.19335980713367462,
      "m14": 0.18943670392036438,
      "m15": 1
    },
    {
      "__type__": "cc.Mat4",
      "m00": 10,
      "m01": 8.338925283624121e-8,
      "m02": -1.7333325885715567e-8,
      "m03": 0,
      "m04": -4.288862813479162e-15,
      "m05": -2.0351057052612305,
      "m06": -9.790727615356445,
      "m07": 0,
      "m08": -8.517164218346807e-8,
      "m09": 9.790731430053711,
      "m10": -2.035104990005493,
      "m11": 0,
      "m12": -0.000011847067980852444,
      "m13": -0.2143070548772812,
      "m14": 0.1958482712507248,
      "m15": 1
    },
    {
      "__type__": "cc.Mat4",
      "m00": 10,
      "m01": -0.000003152004865114577,
      "m02": 6.551748015226622e-7,
      "m03": 0,
      "m04": 9.962992616237981e-14,
      "m05": -2.0350987911224365,
      "m06": -9.790728569030762,
      "m07": 0,
      "m08": 0.000003219376367269433,
      "m09": 9.790731430053711,
      "m10": -2.0350983142852783,
      "m11": 0,
      "m12": -0.00001187178168038372,
      "m13": -0.09138043969869614,
      "m14": 0.20585882663726807,
      "m15": 1
    },
    {
      "__type__": "cc.Mat4",
      "m00": 10,
      "m01": 7.868003422117908e-7,
      "m02": -5.6294588546279556e-8,
      "m03": 0,
      "m04": -3.6222737184949186e-14,
      "m05": -0.7136632800102234,
      "m06": -9.974501609802246,
      "m07": 0,
      "m08": -7.888114623710862e-7,
      "m09": 9.974505424499512,
      "m10": -0.7136630415916443,
      "m11": 0,
      "m12": -0.000011820306099252775,
      "m13": -0.12932632863521576,
      "m14": 0.19158107042312622,
      "m15": 1
    },
    {
      "__type__": "cc.Mat4",
      "m00": 10,
      "m01": -1.9577015564209432e-7,
      "m02": -4.0589810623714584e-8,
      "m03": 0,
      "m04": 7.853840258806484e-15,
      "m05": 2.030165195465088,
      "m06": -9.791752815246582,
      "m07": 0,
      "m08": 1.9993366606740892e-7,
      "m09": 9.791756629943848,
      "m10": 2.0301644802093506,
      "m11": 0,
      "m12": -0.000011837435522465967,
      "m13": -0.19010993838310242,
      "m14": 0.14469584822654724,
      "m15": 1
    },
    {
      "__type__": "cc.Mat4",
      "m00": 10,
      "m01": 0.0000022578883545065764,
      "m02": -0.000026847081244341098,
      "m03": 0,
      "m04": -0.00002664817111508455,
      "m05": 2.296257495880127,
      "m06": -9.73279094696045,
      "m07": 0,
      "m08": 0.00000396722452933318,
      "m09": 9.732792854309082,
      "m10": 2.2962567806243896,
      "m11": 0,
      "m12": -0.000011417139830882661,
      "m13": -0.20817241072654724,
      "m14": 0.1390743851661682,
      "m15": 1
    },
    {
      "__type__": "cc.Mat4",
      "m00": 10,
      "m01": 0.000002270258846692741,
      "m02": 0.000042060248233610764,
      "m03": 0,
      "m04": 0.00004090677248314023,
      "m05": 1.8573182821273804,
      "m06": -9.826003074645996,
      "m07": 0,
      "m08": -0.000010042685971711762,
      "m09": 9.826006889343262,
      "m10": 1.8573180437088013,
      "m11": 0,
      "m12": -0.000012416406207194086,
      "m13": -0.21591660380363464,
      "m14": 0.14852330088615417,
      "m15": 1
    },
    {
      "__type__": "cc.Mat4",
      "m00": 10,
      "m01": 9.014045190269826e-7,
      "m02": 1.8689182468278887e-7,
      "m03": 0,
      "m04": -1.8338818961669e-14,
      "m05": 2.030164957046509,
      "m06": -9.791753768920898,
      "m07": 0,
      "m08": -9.20575018881209e-7,
      "m09": 9.791756629943848,
      "m10": 2.0301644802093506,
      "m11": 0,
      "m12": -0.000011825675755972043,
      "m13": -0.23269511759281158,
      "m14": 0.14469587802886963,
      "m15": 1
    },
    {
      "__type__": "cc.Mat4",
      "m00": 0.0000020664799649239285,
      "m01": -10.000000953674316,
      "m02": -0.0000018943452460007393,
      "m03": 0,
      "m04": -0.0000015099585652933456,
      "m05": 0.0000018943450186270638,
      "m06": -9.999999046325684,
      "m07": 0,
      "m08": 10.00000286102295,
      "m09": 0.0000020664795101765776,
      "m10": -0.000001509957542111806,
      "m11": 0,
      "m12": -0.035008642822504044,
      "m13": -0.01745273917913437,
      "m14": 0.10346534848213196,
      "m15": 1
    },
    {
      "__type__": "cc.Mat4",
      "m00": 0.0000072650209403946064,
      "m01": -10.000000953674316,
      "m02": 0.0000054711749726266135,
      "m03": 0,
      "m04": -0.000001509956746303942,
      "m05": -0.000005471176336868666,
      "m06": -9.999999046325684,
      "m07": 0,
      "m08": 10.00000286102295,
      "m09": 0.000007265017302415799,
      "m10": -0.0000015099601569090737,
      "m11": 0,
      "m12": -0.03500862047076225,
      "m13": -0.044315289705991745,
      "m14": 0.10346537828445435,
      "m15": 1
    },
    {
      "__type__": "cc.Mat4",
      "m00": 1.646303928737325e-7,
      "m01": -10.000000953674316,
      "m02": 0.0000054711745178792626,
      "m03": 0,
      "m04": -0.0000015099608390301,
      "m05": -0.0000054711749726266135,
      "m06": -9.999999046325684,
      "m07": 0,
      "m08": 10.00000286102295,
      "m09": 1.6462949758988543e-7,
      "m10": -0.0000015099603842827491,
      "m11": 0,
      "m12": -0.03500867262482643,
      "m13": -0.0711778774857521,
      "m14": 0.10346537828445435,
      "m15": 1
    },
    {
      "__type__": "cc.Mat4",
      "m00": 0.000001939727553690318,
      "m01": -10.000000953674316,
      "m02": -0.000001629207417863654,
      "m03": 0,
      "m04": -0.0000015099594747880474,
      "m05": 0.0000016292071904899785,
      "m06": -9.999999046325684,
      "m07": 0,
      "m08": 10.00000286102295,
      "m09": 0.000001939727098942967,
      "m10": -0.0000015099585652933456,
      "m11": 0,
      "m12": -0.03500865772366524,
      "m13": -0.09804057329893112,
      "m14": 0.10346532613039017,
      "m15": 1
    },
    {
      "__type__": "cc.Mat4",
      "m00": 0.0000021728017145505873,
      "m01": -10.000000953674316,
      "m02": -5.961643410046236e-7,
      "m03": 0,
      "m04": 9.999999046325684,
      "m05": 0.0000021728017145505873,
      "m06": -1.7197568524807139e-7,
      "m07": 0,
      "m08": 1.7197574209149025e-7,
      "m09": -5.961640567875293e-7,
      "m10": 10.00000286102295,
      "m11": 0,
      "m12": -0.10346534848213196,
      "m13": 0.01745273359119892,
      "m14": -0.035008661448955536,
      "m15": 1
    },
    {
      "__type__": "cc.Mat4",
      "m00": 0.000005457856332213851,
      "m01": -10.000000953674316,
      "m02": 6.084043207010836e-7,
      "m03": 0,
      "m04": 9.999999046325684,
      "m05": 0.000005457856332213851,
      "m06": -4.3711366970455856e-7,
      "m07": 0,
      "m08": 4.371131581137888e-7,
      "m09": 6.084043207010836e-7,
      "m10": 10.00000286102295,
      "m11": 0,
      "m12": -0.10346535593271255,
      "m13": -0.009409925900399685,
      "m14": -0.035008661448955536,
      "m15": 1
    },
    {
      "__type__": "cc.Mat4",
      "m00": 0.000001907663545352989,
      "m01": -10.000000953674316,
      "m02": -0.0000011666928685372113,
      "m03": 0,
      "m04": 9.999999046325684,
      "m05": 0.0000019076637727266643,
      "m06": -4.371131296920794e-7,
      "m07": 0,
      "m08": 4.3711318653549824e-7,
      "m09": -0.0000011666923001030227,
      "m10": 10.00000286102295,
      "m11": 0,
      "m12": -0.10346535593271255,
      "m13": -0.03627248853445053,
      "m14": -0.03500865772366524,
      "m15": 1
    },
    {
      "__type__": "cc.Mat4",
      "m00": 0.0000019076637727266643,
      "m01": -10.000000953674316,
      "m02": -2.791438475924224e-7,
      "m03": 0,
      "m04": 9.999999046325684,
      "m05": 0.0000019076637727266643,
      "m06": -4.371132149572077e-7,
      "m07": 0,
      "m08": 4.3711310127036995e-7,
      "m09": -2.791436486404564e-7,
      "m10": 10.00000286102295,
      "m11": 0,
      "m12": -0.10346535593271255,
      "m13": -0.06313510984182358,
      "m14": -0.03500865772366524,
      "m15": 1
    },
    {
      "__type__": "cc.Mat4",
      "m00": 10,
      "m01": 0.0000012901954278277117,
      "m02": -5.639623967476637e-14,
      "m03": 0,
      "m04": -5.639623967476637e-14,
      "m05": -3.4641916207356696e-14,
      "m06": -9.999999046325684,
      "m07": 0,
      "m08": -0.0000012901950867671985,
      "m09": 10.00000286102295,
      "m10": -3.464189587856596e-14,
      "m11": 0,
      "m12": -0.000011801585969806183,
      "m13": 0.005695546045899391,
      "m14": 0.12563294172286987,
      "m15": 1
    },
    {
      "__type__": "cc.Mat4",
      "m00": 10,
      "m01": 0.0000012903462902613683,
      "m02": -5.6402832979227796e-14,
      "m03": 0,
      "m04": -5.6402832979227796e-14,
      "m05": -3.4199754844494584e-14,
      "m06": -9.999999046325684,
      "m07": 0,
      "m08": -0.000001290345949200855,
      "m09": 10.00000286102295,
      "m10": -3.419973451570385e-14,
      "m11": 0,
      "m12": -0.0000117999534268165,
      "m13": 0.02527664229273796,
      "m14": 0.1210150420665741,
      "m15": 1
    },
    {
      "__type__": "cc.Mat4",
      "m00": 10,
      "m01": 0.0000012902979733553366,
      "m02": -5.640071878499145e-14,
      "m03": 0,
      "m04": -5.640071878499145e-14,
      "m05": -3.419913820450898e-14,
      "m06": -9.999999046325684,
      "m07": 0,
      "m08": -0.0000012902976322948234,
      "m09": 10.00000286102295,
      "m10": -3.419911787571825e-14,
      "m11": 0,
      "m12": -0.000011798304512922186,
      "m13": 0.05150018259882927,
      "m14": 0.12173646688461304,
      "m15": 1
    },
    {
      "__type__": "cc.Mat4",
      "m00": 10,
      "m01": 0.000001290242266804853,
      "m02": -5.6398282718235146e-14,
      "m03": 0,
      "m04": -5.6398282718235146e-14,
      "m05": -3.419842669683329e-14,
      "m06": -9.999999046325684,
      "m07": 0,
      "m08": -0.000001290241812057502,
      "m09": 10.00000286102295,
      "m10": -3.4198406368042555e-14,
      "m11": 0,
      "m12": -0.000011796205399150494,
      "m13": 0.08293063193559647,
      "m14": 0.12163315713405609,
      "m15": 1
    },
    {
      "__type__": "cc.Mat4",
      "m00": 10,
      "m01": 0.0000012905378525829292,
      "m02": -5.641120505287846e-14,
      "m03": 0,
      "m04": -5.6411208441010247e-14,
      "m05": -3.4202194299382677e-14,
      "m06": -9.999999046325684,
      "m07": 0,
      "m08": -0.000001290537511522416,
      "m09": 10.00000286102295,
      "m10": -3.420217397059194e-14,
      "m11": 0,
      "m12": -0.000011794288184319157,
      "m13": 0.11220701038837433,
      "m14": 0.12143301218748093,
      "m15": 1
    },
    {
      "__type__": "cc.Mat4",
      "m00": 10,
      "m01": 0.0000012902070238851593,
      "m02": -5.639674450640293e-14,
      "m03": 0,
      "m04": -5.639674789453472e-14,
      "m05": -3.419797946343714e-14,
      "m06": -9.999999046325684,
      "m07": 0,
      "m08": -0.0000012902066828246461,
      "m09": 10.00000286102295,
      "m10": -3.4197959134646405e-14,
      "m11": 0,
      "m12": -0.00001179243281512754,
      "m13": 0.13959883153438568,
      "m14": 0.12123666703701019,
      "m15": 1
    },
    {
      "__type__": "cc.Mat4",
      "m00": 10,
      "m01": 0.000001290556724597991,
      "m02": -5.641203175703498e-14,
      "m03": 0,
      "m04": -5.641203175703498e-14,
      "m05": -3.42024348567397e-14,
      "m06": -9.999999046325684,
      "m07": 0,
      "m08": -0.0000012905563835374778,
      "m09": 10.00000286102295,
      "m10": -3.420241452794896e-14,
      "m11": 0,
      "m12": -0.000011790641110565048,
      "m13": 0.1667986661195755,
      "m14": 0.12093474715948105,
      "m15": 1
    },
    {
      "__type__": "cc.Mat4",
      "m00": 10,
      "m01": 0.0000012905014727948583,
      "m02": -5.640961601906941e-14,
      "m03": 0,
      "m04": -5.640961601906941e-14,
      "m05": -3.420173012532758e-14,
      "m06": -9.999999046325684,
      "m07": 0,
      "m08": -0.0000012905011317343451,
      "m09": 10.00000286102295,
      "m10": -3.420170979653685e-14,
      "m11": 0,
      "m12": -0.000011788915799115784,
      "m13": 0.19192783534526825,
      "m14": 0.11979008466005325,
      "m15": 1
    },
    {
      "__type__": "cc.Mat4",
      "m00": 10,
      "m01": 0.000001290377440454904,
      "m02": -5.640419162007519e-14,
      "m03": 0,
      "m04": -5.640419500820698e-14,
      "m05": -3.420014786778211e-14,
      "m06": -9.999999046325684,
      "m07": 0,
      "m08": -0.0000012903770993943908,
      "m09": 10.00000286102295,
      "m10": -3.4200127538991376e-14,
      "m11": 0,
      "m12": -0.000011787279618147295,
      "m13": 0.21646641194820404,
      "m14": 0.11917385458946228,
      "m15": 1
    },
    {
      "__type__": "cc.Mat4",
      "m00": 10,
      "m01": 0.000001290377440454904,
      "m02": -5.640419500820698e-14,
      "m03": 0,
      "m04": -5.640419500820698e-14,
      "m05": -3.42001512559139e-14,
      "m06": -9.999999046325684,
      "m07": 0,
      "m08": -0.0000012903770993943908,
      "m09": 10.00000286102295,
      "m10": -3.4200130927123165e-14,
      "m11": 0,
      "m12": -0.000011786478353315033,
      "m13": 0.22967258095741272,
      "m14": 0.1189044937491417,
      "m15": 1
    },
    {
      "__type__": "cc.Mat4",
      "m00": 10,
      "m01": -0.000005716669420507969,
      "m02": 4.377232517421836e-12,
      "m03": 0,
      "m04": 2.4988352858267004e-13,
      "m05": -0.00000721985406926251,
      "m06": -9.999999046325684,
      "m07": 0,
      "m08": 0.000005716667601518566,
      "m09": 10.00000286102295,
      "m10": -0.000007219851340778405,
      "m11": 0,
      "m12": -0.00001163582692242926,
      "m13": 0.21646374464035034,
      "m14": 0.11890432983636856,
      "m15": 1
    },
    {
      "__type__": "cc.Mat4",
      "m00": 10,
      "m01": -0.000005478547336679185,
      "m02": -3.715970673529023e-12,
      "m03": 0,
      "m04": 2.394752148318635e-13,
      "m05": 0.000007219885446829721,
      "m06": -9.999999046325684,
      "m07": 0,
      "m08": 0.000005478545517689781,
      "m09": 10.00000286102295,
      "m10": 0.000007219882718345616,
      "m11": 0,
      "m12": -0.000011650949090835638,
      "m13": 0.20325449109077454,
      "m14": 0.11890462040901184,
      "m15": 1
    },
    {
      "__type__": "cc.Mat4",
      "m00": 10,
      "m01": 0.0000012903757351523382,
      "m02": -5.640392734579565e-14,
      "m03": 0,
      "m04": -5.64041272455712e-14,
      "m05": 1.5014601974921993e-12,
      "m06": -9.999999046325684,
      "m07": 0,
      "m08": -0.000001290375394091825,
      "m09": 10.00000286102295,
      "m10": 1.501459655391113e-12,
      "m11": 0,
      "m12": -0.00001178955517389113,
      "m13": 0.19004561007022858,
      "m14": 0.1189044937491417,
      "m15": 1
    },
    {
      "__type__": "cc.Mat4",
      "m00": 0.0000032582495350652607,
      "m01": -10.000000953674316,
      "m02": -0.0000017790694073482882,
      "m03": 0,
      "m04": -0.0000015099583379196702,
      "m05": 0.0000017790689526009373,
      "m06": -9.999999046325684,
      "m07": 0,
      "m08": 10.00000286102295,
      "m09": 0.000003258248625570559,
      "m10": -0.0000015099570873644552,
      "m11": 0,
      "m12": 0.0029483891557902098,
      "m13": -0.018731215968728065,
      "m14": 0.11051031202077866,
      "m15": 1
    },
    {
      "__type__": "cc.Mat4",
      "m00": 0.0000029864220323361224,
      "m01": -10.000000953674316,
      "m02": -0.0000017790696347219637,
      "m03": 0,
      "m04": -0.000001509960043222236,
      "m05": 0.0000017790691799746128,
      "m06": -9.999999046325684,
      "m07": 0,
      "m08": 10.00000286102295,
      "m09": 0.0000029864211228414206,
      "m10": -0.0000015099589063538588,
      "m11": 0,
      "m12": -0.008355725556612015,
      "m13": -0.017161212861537933,
      "m14": 0.06895669549703598,
      "m15": 1
    },
    {
      "__type__": "cc.Mat4",
      "m00": 0.000002986421804962447,
      "m01": -10.000000953674316,
      "m02": -0.0000017790696347219637,
      "m03": 0,
      "m04": -0.000001509960043222236,
      "m05": 0.0000017790691799746128,
      "m06": -9.999999046325684,
      "m07": 0,
      "m08": 10.00000286102295,
      "m09": 0.000002986420895467745,
      "m10": -0.0000015099589063538588,
      "m11": 0,
      "m12": 0.021530717611312866,
      "m13": -0.01873120106756687,
      "m14": 0.03690082207322121,
      "m15": 1
    },
    {
      "__type__": "cc.Mat4",
      "m00": 0.0000024963276246126043,
      "m01": -10.000000953674316,
      "m02": -7.988817287696293e-7,
      "m03": 0,
      "m04": -0.0000015099599295353983,
      "m05": 7.988813308656972e-7,
      "m06": -9.999999046325684,
      "m07": 0,
      "m08": 10.00000286102295,
      "m09": 0.0000024963267151179025,
      "m10": -0.0000015099591337275342,
      "m11": 0,
      "m12": 0.01762363314628601,
      "m13": -0.018583519384264946,
      "m14": 0.018118107691407204,
      "m15": 1
    },
    {
      "__type__": "cc.Mat4",
      "m00": -0.0000024963278519862797,
      "m01": -10.000000953674316,
      "m02": -0.000004177457412879448,
      "m03": 0,
      "m04": 0.0000030199187222024193,
      "m05": -0.000004177457867626799,
      "m06": 9.999999046325684,
      "m07": 0,
      "m08": -10.00000286102295,
      "m09": 0.0000024963255782495253,
      "m10": 0.0000030199187222024193,
      "m11": 0,
      "m12": -0.012205800972878933,
      "m13": -0.018743006512522697,
      "m14": -0.007230831775814295,
      "m15": 1
    },
    {
      "__type__": "cc.Mat4",
      "m00": 0.0000032568791539233644,
      "m01": -10.000000953674316,
      "m02": -8.61184503264667e-7,
      "m03": 0,
      "m04": -0.000001509959247414372,
      "m05": 8.611839916738973e-7,
      "m06": -9.999999046325684,
      "m07": 0,
      "m08": 10.00000286102295,
      "m09": 0.000003256878017054987,
      "m10": -0.0000015099584516065079,
      "m11": 0,
      "m12": 0.007439755834639072,
      "m13": -0.019223231822252274,
      "m14": 0.007321810815483332,
      "m15": 1
    },
    {
      "__type__": "cc.Mat4",
      "m00": 0.0000013206894209361053,
      "m01": -10.000000953674316,
      "m02": -0.000001587255610502325,
      "m03": 0,
      "m04": -0.0000015099593611012097,
      "m05": 0.0000015872553831286496,
      "m06": -9.999999046325684,
      "m07": 0,
      "m08": 10.00000286102295,
      "m09": 0.0000013206890798755921,
      "m10": -0.0000015099585652933456,
      "m11": 0,
      "m12": -0.00036480638664215803,
      "m13": -0.018804611638188362,
      "m14": 0.006744801998138428,
      "m15": 1
    },
    {
      "__type__": "cc.Mat4",
      "m00": 0.000002288783889525803,
      "m01": -10.000000953674316,
      "m02": -0.000001629206963116303,
      "m03": 0,
      "m04": -0.0000015099594747880474,
      "m05": 0.00000162920662205579,
      "m06": -9.999999046325684,
      "m07": 0,
      "m08": 10.00000286102295,
      "m09": 0.0000022887832074047765,
      "m10": -0.0000015099585652933456,
      "m11": 0,
      "m12": -0.00651364354416728,
      "m13": -0.01911969855427742,
      "m14": 0.006744795478880405,
      "m15": 1
    },
    {
      "__type__": "cc.Mat4",
      "m00": 0.0000034371448691672413,
      "m01": -10.000000953674316,
      "m02": 0.000001275077465834329,
      "m03": 0,
      "m04": -0.0000015099591337275342,
      "m05": -0.0000012750780342685175,
      "m06": -9.999999046325684,
      "m07": 0,
      "m08": 10.00000286102295,
      "m09": 0.0000034371435049251886,
      "m10": -0.0000015099590200406965,
      "m11": 0,
      "m12": -0.006513639353215694,
      "m13": -0.025276601314544678,
      "m14": 0.00674480339512229,
      "m15": 1
    },
    {
      "__type__": "cc.Mat4",
      "m00": 0.000001500952407695877,
      "m01": -10.000000953674316,
      "m02": -0.000003565397491911426,
      "m03": 0,
      "m04": -0.0000015099593611012097,
      "m05": 0.0000035653972645377507,
      "m06": -9.999999046325684,
      "m07": 0,
      "m08": 10.00000286102295,
      "m09": 0.0000015009522940090392,
      "m10": -0.0000015099582242328324,
      "m11": 0,
      "m12": -0.006513645406812429,
      "m13": -0.03143351525068283,
      "m14": 0.006744787096977234,
      "m15": 1
    },
    {
      "__type__": "cc.Mat4",
      "m00": 0.0000024690484679013025,
      "m01": -10.000000953674316,
      "m02": -0.0000016292073041768163,
      "m03": 0,
      "m04": -0.0000015099594747880474,
      "m05": 0.000001629206963116303,
      "m06": -9.999999046325684,
      "m07": 0,
      "m08": 10.00000286102295,
      "m09": 0.000002469047785780276,
      "m10": -0.0000015099585652933456,
      "m11": 0,
      "m12": -0.006513641215860844,
      "m13": -0.03759040683507919,
      "m14": 0.0067447940818965435,
      "m15": 1
    },
    {
      "__type__": "cc.Mat4",
      "m00": 10,
      "m01": 0.0000012901954278277117,
      "m02": -5.639623967476637e-14,
      "m03": 0,
      "m04": -5.639623967476637e-14,
      "m05": -3.419783377377021e-14,
      "m06": -9.999999046325684,
      "m07": 0,
      "m08": -0.0000012901950867671985,
      "m09": 10.00000286102295,
      "m10": -3.419781344497948e-14,
      "m11": 0,
      "m12": -0.01873122528195381,
      "m13": 0.0029483684338629246,
      "m14": 0.11051027476787567,
      "m15": 1
    },
    {
      "__type__": "cc.Mat4",
      "m00": 10,
      "m01": 0.000001382991399623279,
      "m02": -6.045247717125987e-14,
      "m03": 0,
      "m04": -6.045247717125987e-14,
      "m05": -3.541340059197949e-14,
      "m06": -9.999999046325684,
      "m07": 0,
      "m08": -0.0000013829909448759281,
      "m09": 10.00000286102295,
      "m10": -3.541337687505697e-14,
      "m11": 0,
      "m12": -0.017161210998892784,
      "m13": -0.008355739526450634,
      "m14": 0.06895667314529419,
      "m15": 1
    },
    {
      "__type__": "cc.Mat4",
      "m00": 10,
      "m01": 0.0000014470175528913387,
      "m02": -6.325114856788744e-14,
      "m03": 0,
      "m04": -6.325114856788744e-14,
      "m05": -3.633959723848418e-14,
      "m06": -9.999999046325684,
      "m07": 0,
      "m08": -0.0000014470172118308255,
      "m09": 10.00000286102295,
      "m10": -3.6339576909693444e-14,
      "m11": 0,
      "m12": -0.018731221556663513,
      "m13": 0.021530702710151672,
      "m14": 0.03690082207322121,
      "m15": 1
    },
    {
      "__type__": "cc.Mat4",
      "m00": 10,
      "m01": 8.694317443769251e-7,
      "m02": -3.80040711899475e-14,
      "m03": 0,
      "m04": -3.80040711899475e-14,
      "m05": -2.903420234269538e-14,
      "m06": -9.999999046325684,
      "m07": 0,
      "m08": -8.694315170032496e-7,
      "m09": 10.00000286102295,
      "m10": -2.9034185402036436e-14,
      "m11": 0,
      "m12": -0.018583541736006737,
      "m13": 0.01762363314628601,
      "m14": 0.018118100240826607,
      "m15": 1
    },
    {
      "__type__": "cc.Mat4",
      "m00": -0.0000019473995962471236,
      "m01": -10.000000953674316,
      "m02": -0.000009115474313148297,
      "m03": 0,
      "m04": -7.24138069152832,
      "m05": 0.000007696718057559337,
      "m06": -6.896552085876465,
      "m07": 0,
      "m08": 6.896552085876465,
      "m09": 0.000005257826614979422,
      "m10": -7.241381645202637,
      "m11": 0,
      "m12": 0.01365390419960022,
      "m13": 0.018743036314845085,
      "m14": -0.0038519061636179686,
      "m15": 1
    },
    {
      "__type__": "cc.Mat4",
      "m00": -0.0000020714523998321965,
      "m01": -10,
      "m02": 0.000004821714355784934,
      "m03": 0,
      "m04": 8.00000286102295,
      "m05": 0.0000012358653975752532,
      "m06": 5.999998569488525,
      "m07": 0,
      "m08": -5.999998092651367,
      "m09": 0.000005100243015476735,
      "m10": 8.000001907348633,
      "m11": 0,
      "m12": -0.010321298614144325,
      "m13": 0.019223257899284363,
      "m14": 0.0015587180387228727,
      "m15": 1
    },
    {
      "__type__": "cc.Mat4",
      "m00": 0.0000020112679521844257,
      "m01": -10.000000953674316,
      "m02": 0.000004518693458521739,
      "m03": 0,
      "m04": 9.999999046325684,
      "m05": 0.0000020112668153160485,
      "m06": -0.0000025431195354030933,
      "m07": 0,
      "m08": 0.0000025431177164136898,
      "m09": 0.000004518692549027037,
      "m10": 10.00000286102295,
      "m11": 0,
      "m12": -0.006744799204170704,
      "m13": 0.019206557422876358,
      "m14": -0.0003647021949291229,
      "m15": 1
    },
    {
      "__type__": "cc.Mat4",
      "m00": 0.000001742159952300426,
      "m01": -10.000000953674316,
      "m02": 0.00000451869436801644,
      "m03": 0,
      "m04": 9.999999046325684,
      "m05": 0.000001742159611239913,
      "m06": -7.351378030762135e-7,
      "m07": 0,
      "m08": 7.351367230512551e-7,
      "m09": 0.000004518693003774388,
      "m10": 10.00000286102295,
      "m11": 0,
      "m12": -0.006744799204170704,
      "m13": 0.01911972276866436,
      "m14": -0.006513644475489855,
      "m15": 1
    },
    {
      "__type__": "cc.Mat4",
      "m00": -0.0000011655965863610618,
      "m01": -10.000000953674316,
      "m02": -6.31831767350377e-7,
      "m03": 0,
      "m04": 9.999999046325684,
      "m05": -0.0000011655965863610618,
      "m06": -7.351375188591192e-7,
      "m07": 0,
      "m08": 7.35137177798606e-7,
      "m09": -6.318315968201205e-7,
      "m10": 10.00000286102295,
      "m11": 0,
      "m12": -0.00674479641020298,
      "m13": 0.012970183044672012,
      "m14": -0.006513636559247971,
      "m15": 1
    },
    {
      "__type__": "cc.Mat4",
      "m00": 0.0000027114126623928314,
      "m01": -10.000000953674316,
      "m02": 0.000007122198439901695,
      "m03": 0,
      "m04": 9.999999046325684,
      "m05": 0.0000027114122076454805,
      "m06": -7.35139622065617e-7,
      "m07": 0,
      "m08": 7.351374051722814e-7,
      "m09": 0.000007122195711417589,
      "m10": 10.00000286102295,
      "m11": 0,
      "m12": -0.006744799204170704,
      "m13": 0.006820622831583023,
      "m14": -0.006513640750199556,
      "m15": 1
    },
    {
      "__type__": "cc.Mat4",
      "m00": 0.000001742159952300426,
      "m01": -10.000000953674316,
      "m02": 0.000004214435648464132,
      "m03": 0,
      "m04": 9.999999046325684,
      "m05": 0.000001742159611239913,
      "m06": -7.351382009801455e-7,
      "m07": 0,
      "m08": 7.351372346420249e-7,
      "m09": 0.0000042144342842220794,
      "m10": 10.00000286102295,
      "m11": 0,
      "m12": -0.006744798738509417,
      "m13": 0.0006710799061693251,
      "m14": -0.006513640750199556,
      "m15": 1
    }
  ],
  "_hash": 4199602079
}