{
  "__type__": "cc.Mesh",
  "_name": "",
  "_objFlags": 0,
  "_native": ".bin",
  "_struct": {
    "primitives": [
      {
        "primitiveMode": 7,
        "jointMapIndex": 0,
        "vertexBundelIndices": [
          0
        ],
        "indexView": {
          "offset": 149472,
          "length": 17004,
          "count": 4251,
          "stride": 4
        }
      }
    ],
    "vertexBundles": [
      {
        "view": {
          "offset": 0,
          "length": 149472,
          "count": 2076,
          "stride": 72
        },
        "attributes": [
          {
            "name": "a_position",
            "format": 32,
            "isNormalized": false
          },
          {
            "name": "a_normal",
            "format": 32,
            "isNormalized": false
          },
          {
            "name": "a_texCoord",
            "format": 21,
            "isNormalized": false
          },
          {
            "name": "a_tangent",
            "format": 44,
            "isNormalized": false
          },
          {
            "name": "a_joints",
            "format": 42,
            "isNormalized": false
          },
          {
            "name": "a_weights",
            "format": 44,
            "isNormalized": false
          }
        ]
      }
    ],
    "minPosition": {
      "__type__": "cc.Vec3",
      "x": -0.01094001904129982,
      "y": 0.01523931510746479,
      "z": -0.0032927049323916435
    },
    "maxPosition": {
      "__type__": "cc.Vec3",
      "x": -0.002762042684480548,
      "y": 0.031005149707198143,
      "z": 0.00286426255479455
    },
    "jointMaps": [
      [
        0,
        5,
        6,
        7,
        8
      ]
    ]
  },
  "_hash": 3629128062
}