{
  "__type__": "cc.Mesh",
  "_name": "",
  "_objFlags": 0,
  "_native": ".bin",
  "_struct": {
    "primitives": [
      {
        "primitiveMode": 7,
        "jointMapIndex": 0,
        "vertexBundelIndices": [
          0
        ],
        "indexView": {
          "offset": 76032,
          "length": 7908,
          "count": 1977,
          "stride": 4
        }
      }
    ],
    "vertexBundles": [
      {
        "view": {
          "offset": 0,
          "length": 76032,
          "count": 1056,
          "stride": 72
        },
        "attributes": [
          {
            "name": "a_position",
            "format": 32,
            "isNormalized": false
          },
          {
            "name": "a_normal",
            "format": 32,
            "isNormalized": false
          },
          {
            "name": "a_texCoord",
            "format": 21,
            "isNormalized": false
          },
          {
            "name": "a_tangent",
            "format": 44,
            "isNormalized": false
          },
          {
            "name": "a_joints",
            "format": 42,
            "isNormalized": false
          },
          {
            "name": "a_weights",
            "format": 44,
            "isNormalized": false
          }
        ]
      }
    ],
    "minPosition": {
      "__type__": "cc.Vec3",
      "x": -0.0019124604295939207,
      "y": 0.029204759746789932,
      "z": -0.003246339038014412
    },
    "maxPosition": {
      "__type__": "cc.Vec3",
      "x": 0.0019124604295939207,
      "y": 0.03494063764810562,
      "z": 0.0021485798060894012
    },
    "jointMaps": [
      [
        0,
        1,
        2,
        3,
        4,
        5,
        9
      ]
    ]
  },
  "_hash": 1190738828
}