{
  "__type__": "cc.Mesh",
  "_name": "",
  "_objFlags": 0,
  "_native": ".bin",
  "_struct": {
    "primitives": [
      {
        "primitiveMode": 7,
        "jointMapIndex": 0,
        "vertexBundelIndices": [
          0
        ],
        "indexView": {
          "offset": 149400,
          "length": 17016,
          "count": 4254,
          "stride": 4
        }
      }
    ],
    "vertexBundles": [
      {
        "view": {
          "offset": 0,
          "length": 149400,
          "count": 2075,
          "stride": 72
        },
        "attributes": [
          {
            "name": "a_position",
            "format": 32,
            "isNormalized": false
          },
          {
            "name": "a_normal",
            "format": 32,
            "isNormalized": false
          },
          {
            "name": "a_texCoord",
            "format": 21,
            "isNormalized": false
          },
          {
            "name": "a_tangent",
            "format": 44,
            "isNormalized": false
          },
          {
            "name": "a_joints",
            "format": 42,
            "isNormalized": false
          },
          {
            "name": "a_weights",
            "format": 44,
            "isNormalized": false
          }
        ]
      }
    ],
    "minPosition": {
      "__type__": "cc.Vec3",
      "x": 0.0027620994951575994,
      "y": 0.015239289961755276,
      "z": -0.003292680950835347
    },
    "maxPosition": {
      "__type__": "cc.Vec3",
      "x": 0.01094001904129982,
      "y": 0.031005149707198143,
      "z": 0.0028642856050282717
    },
    "jointMaps": [
      [
        0,
        2,
        9,
        10,
        11,
        12
      ]
    ]
  },
  "_hash": 3410698223
}