[
  {
    "__type__": "cc.Prefab",
    "_name": "",
    "_objFlags": 0,
    "_native": "",
    "data": {
      "__id__": 1
    },
    "optimizationPolicy": 0,
    "persistent": false
  },
  {
    "__type__": "cc.Node",
    "_name": "Robot_melee02_base",
    "_objFlags": 0,
    "_parent": null,
    "_children": [
      {
        "__id__": 2
      },
      {
        "__id__": 54
      }
    ],
    "_active": true,
    "_components": [
      {
        "__id__": 91
      }
    ],
    "_prefab": {
      "__id__": 93
    },
    "_lpos": {
      "__type__": "cc.Vec3",
      "x": 0,
      "y": 0,
      "z": 0
    },
    "_lrot": {
      "__type__": "cc.Quat",
      "x": 0,
      "y": 0,
      "z": 0,
      "w": 1
    },
    "_lscale": {
      "__type__": "cc.Vec3",
      "x": 1,
      "y": 1,
      "z": 1
    },
    "_layer": 1073741824,
    "_euler": {
      "__type__": "cc.Vec3",
      "x": 0,
      "y": 0,
      "z": 0
    },
    "_id": ""
  },
  {
    "__type__": "cc.Node",
    "_name": "Root_M",
    "_objFlags": 0,
    "_parent": {
      "__id__": 1
    },
    "_children": [
      {
        "__id__": 3
      },
      {
        "__id__": 33
      },
      {
        "__id__": 43
      }
    ],
    "_active": true,
    "_components": [],
    "_prefab": {
      "__id__": 53
    },
    "_lpos": {
      "__type__": "cc.Vec3",
      "x": 3.7055132352355554e-19,
      "y": 0.019516220316290855,
      "z": 0.00017755031876731664
    },
    "_lrot": {
      "__type__": "cc.Quat",
      "x": 0.507803838505377,
      "y": 0.49207241499519655,
      "z": 0.507803838505377,
      "w": 0.49207241499519655
    },
    "_lscale": {
      "__type__": "cc.Vec3",
      "x": 1,
      "y": 1,
      "z": 1
    },
    "_layer": 1073741824,
    "_euler": {
      "__type__": "cc.Vec3",
      "x": 180,
      "y": -90,
      "z": 88.1972372917958
    },
    "_id": ""
  },
  {
    "__type__": "cc.Node",
    "_name": "Spine1_M",
    "_objFlags": 0,
    "_parent": {
      "__id__": 2
    },
    "_children": [
      {
        "__id__": 4
      }
    ],
    "_active": true,
    "_components": [],
    "_prefab": {
      "__id__": 32
    },
    "_lpos": {
      "__type__": "cc.Vec3",
      "x": 0.005334464367479086,
      "y": -1.734723475976807e-18,
      "z": 4.299679912665751e-19
    },
    "_lrot": {
      "__type__": "cc.Quat",
      "x": 2.1271160548415487e-31,
      "y": -7.387287067052785e-18,
      "z": 0.014618982679226592,
      "w": 0.999893136962858
    },
    "_lscale": {
      "__type__": "cc.Vec3",
      "x": 1,
      "y": 1,
      "z": 1
    },
    "_layer": 1073741824,
    "_euler": {
      "__type__": "cc.Vec3",
      "x": 1.2380563880610636e-17,
      "y": -8.467922240252193e-16,
      "z": 1.6752716918878972
    },
    "_id": ""
  },
  {
    "__type__": "cc.Node",
    "_name": "Chest_M",
    "_objFlags": 0,
    "_parent": {
      "__id__": 3
    },
    "_children": [
      {
        "__id__": 5
      },
      {
        "__id__": 11
      },
      {
        "__id__": 21
      }
    ],
    "_active": true,
    "_components": [],
    "_prefab": {
      "__id__": 31
    },
    "_lpos": {
      "__type__": "cc.Vec3",
      "x": 0.0024785464629530907,
      "y": 4.5796701585585055e-18,
      "z": -1.2831691984992892e-18
    },
    "_lrot": {
      "__type__": "cc.Quat",
      "x": -9.49830208270153e-33,
      "y": 7.54892463334064e-18,
      "z": -0.01493885351669035,
      "w": 0.9998884091015391
    },
    "_lscale": {
      "__type__": "cc.Vec3",
      "x": 1,
      "y": 1,
      "z": 1
    },
    "_layer": 1073741824,
    "_euler": {
      "__type__": "cc.Vec3",
      "x": 1.2928521800077017e-17,
      "y": 8.653327432571688e-16,
      "z": -1.711930193624262
    },
    "_id": ""
  },
  {
    "__type__": "cc.Node",
    "_name": "Neck_M",
    "_objFlags": 0,
    "_parent": {
      "__id__": 4
    },
    "_children": [
      {
        "__id__": 6
      }
    ],
    "_active": true,
    "_components": [],
    "_prefab": {
      "__id__": 10
    },
    "_lpos": {
      "__type__": "cc.Vec3",
      "x": 0.002714349888265133,
      "y": -9.57567355430475e-18,
      "z": 8.572243914273824e-18
    },
    "_lrot": {
      "__type__": "cc.Quat",
      "x": 2.334849548498401e-33,
      "y": 1.210279147626834e-32,
      "z": -0.18942549962218294,
      "w": 0.9818950962770342
    },
    "_lscale": {
      "__type__": "cc.Vec3",
      "x": 1,
      "y": 1,
      "z": 1
    },
    "_layer": 1073741824,
    "_euler": {
      "__type__": "cc.Vec3",
      "x": 5.66041439480744e-31,
      "y": 1.5216497485115417e-30,
      "z": -21.83851784031204
    },
    "_id": ""
  },
  {
    "__type__": "cc.Node",
    "_name": "Head_M",
    "_objFlags": 0,
    "_parent": {
      "__id__": 5
    },
    "_children": [
      {
        "__id__": 7
      }
    ],
    "_active": true,
    "_components": [],
    "_prefab": {
      "__id__": 9
    },
    "_lpos": {
      "__type__": "cc.Vec3",
      "x": 0.002050594659522176,
      "y": -1.1102230411687688e-17,
      "z": -1.1397885028539148e-18
    },
    "_lrot": {
      "__type__": "cc.Quat",
      "x": 1.3712628330747433e-33,
      "y": -7.748182116840672e-33,
      "z": 0.17427049577586698,
      "w": 0.9846978187759095
    },
    "_lscale": {
      "__type__": "cc.Vec3",
      "x": 1,
      "y": 1,
      "z": 1
    },
    "_layer": 1073741824,
    "_euler": {
      "__type__": "cc.Vec3",
      "x": 3.2947363714137558e-31,
      "y": -9.59983646203496e-31,
      "z": 20.07241655059164
    },
    "_id": ""
  },
  {
    "__type__": "cc.Node",
    "_name": "HeadEnd_M",
    "_objFlags": 0,
    "_parent": {
      "__id__": 6
    },
    "_children": [],
    "_active": true,
    "_components": [],
    "_prefab": {
      "__id__": 8
    },
    "_lpos": {
      "__type__": "cc.Vec3",
      "x": 0.002823290415108204,
      "y": 5.377642816887133e-19,
      "z": 2.8810669715948983e-19
    },
    "_lrot": {
      "__type__": "cc.Quat",
      "x": 0,
      "y": 0,
      "z": 0,
      "w": 1
    },
    "_lscale": {
      "__type__": "cc.Vec3",
      "x": 1,
      "y": 1,
      "z": 1
    },
    "_layer": 1073741824,
    "_euler": {
      "__type__": "cc.Vec3",
      "x": 0,
      "y": 0,
      "z": 0
    },
    "_id": ""
  },
  {
    "__type__": "cc.PrefabInfo",
    "root": {
      "__id__": 1
    },
    "asset": {
      "__id__": 0
    },
    "fileId": "d7VPrEK+9QLJ7qSzTjp2kq"
  },
  {
    "__type__": "cc.PrefabInfo",
    "root": {
      "__id__": 1
    },
    "asset": {
      "__id__": 0
    },
    "fileId": "93gWGSkzRTF5fr5c9e/hKQ"
  },
  {
    "__type__": "cc.PrefabInfo",
    "root": {
      "__id__": 1
    },
    "asset": {
      "__id__": 0
    },
    "fileId": "b6AUZQdNhdMYruKCoBqog9"
  },
  {
    "__type__": "cc.Node",
    "_name": "Scapula_R",
    "_objFlags": 0,
    "_parent": {
      "__id__": 4
    },
    "_children": [
      {
        "__id__": 12
      }
    ],
    "_active": true,
    "_components": [],
    "_prefab": {
      "__id__": 20
    },
    "_lpos": {
      "__type__": "cc.Vec3",
      "x": 0.0011061389232054353,
      "y": -0.0006425591418519616,
      "z": -0.003000000026077032
    },
    "_lrot": {
      "__type__": "cc.Quat",
      "x": 0.011006418236851384,
      "y": 0.7112698310246427,
      "z": -0.010875604672522158,
      "w": 0.7027487513007612
    },
    "_lscale": {
      "__type__": "cc.Vec3",
      "x": 1,
      "y": 1,
      "z": 1
    },
    "_layer": 1073741824,
    "_euler": {
      "__type__": "cc.Vec3",
      "x": 1.7730415728863935,
      "y": 90.69020757969066,
      "z": 0.021281444783464887
    },
    "_id": ""
  },
  {
    "__type__": "cc.Node",
    "_name": "Shoulder_R",
    "_objFlags": 0,
    "_parent": {
      "__id__": 11
    },
    "_children": [
      {
        "__id__": 13
      }
    ],
    "_active": true,
    "_components": [],
    "_prefab": {
      "__id__": 19
    },
    "_lpos": {
      "__type__": "cc.Vec3",
      "x": 0.002950000111013651,
      "y": 2.9599587517625207e-16,
      "z": 4.440891999238953e-18
    },
    "_lrot": {
      "__type__": "cc.Quat",
      "x": -0.036766301506691725,
      "y": 0.6917510565886625,
      "z": -0.038273904125047865,
      "w": 0.7201831871440867
    },
    "_lscale": {
      "__type__": "cc.Vec3",
      "x": 1,
      "y": 1,
      "z": 1
    },
    "_layer": 1073741824,
    "_euler": {
      "__type__": "cc.Vec3",
      "x": -0.0002833286279134703,
      "y": 87.69276567497838,
      "z": -6.0844785186711885
    },
    "_id": ""
  },
  {
    "__type__": "cc.Node",
    "_name": "Elbow_R",
    "_objFlags": 0,
    "_parent": {
      "__id__": 12
    },
    "_children": [
      {
        "__id__": 14
      }
    ],
    "_active": true,
    "_components": [],
    "_prefab": {
      "__id__": 18
    },
    "_lpos": {
      "__type__": "cc.Vec3",
      "x": 0.005175452213734388,
      "y": -5.828670614584276e-17,
      "z": -2.2204459996194763e-18
    },
    "_lrot": {
      "__type__": "cc.Quat",
      "x": -7.709045863072825e-19,
      "y": 8.488711171147105e-19,
      "z": 0.12233098131469163,
      "w": 0.9924893606535964
    },
    "_lscale": {
      "__type__": "cc.Vec3",
      "x": 1,
      "y": 1,
      "z": 1
    },
    "_layer": 1073741824,
    "_euler": {
      "__type__": "cc.Vec3",
      "x": -1.0264744435556117e-16,
      "y": 1.1066156643491841e-16,
      "z": 14.053298599928233
    },
    "_id": ""
  },
  {
    "__type__": "cc.Node",
    "_name": "Wrist_R",
    "_objFlags": 0,
    "_parent": {
      "__id__": 13
    },
    "_children": [
      {
        "__id__": 15
      }
    ],
    "_active": true,
    "_components": [],
    "_prefab": {
      "__id__": 17
    },
    "_lpos": {
      "__type__": "cc.Vec3",
      "x": 0.005389300640672445,
      "y": -6.272760062662355e-17,
      "z": -7.77156120546332e-18
    },
    "_lrot": {
      "__type__": "cc.Quat",
      "x": -0.004768474014740153,
      "y": 0.012352902409124579,
      "z": 0.0011546335850644365,
      "w": 0.999911663237771
    },
    "_lscale": {
      "__type__": "cc.Vec3",
      "x": 1,
      "y": 1,
      "z": 1
    },
    "_layer": 1073741824,
    "_euler": {
      "__type__": "cc.Vec3",
      "x": -0.5480227017072393,
      "y": 1.4161918210299922,
      "z": 0.12554971732357223
    },
    "_id": ""
  },
  {
    "__type__": "cc.Node",
    "_name": "Cup_R",
    "_objFlags": 0,
    "_parent": {
      "__id__": 14
    },
    "_children": [],
    "_active": true,
    "_components": [],
    "_prefab": {
      "__id__": 16
    },
    "_lpos": {
      "__type__": "cc.Vec3",
      "x": 0.0033151672687381506,
      "y": 5.218048202503346e-17,
      "z": -2.2204459996194763e-18
    },
    "_lrot": {
      "__type__": "cc.Quat",
      "x": 0,
      "y": 0,
      "z": 0,
      "w": 1
    },
    "_lscale": {
      "__type__": "cc.Vec3",
      "x": 1,
      "y": 1,
      "z": 1
    },
    "_layer": 1073741824,
    "_euler": {
      "__type__": "cc.Vec3",
      "x": 0,
      "y": 0,
      "z": 0
    },
    "_id": ""
  },
  {
    "__type__": "cc.PrefabInfo",
    "root": {
      "__id__": 1
    },
    "asset": {
      "__id__": 0
    },
    "fileId": "0bHUdlMPJUiatoMUW86jk4"
  },
  {
    "__type__": "cc.PrefabInfo",
    "root": {
      "__id__": 1
    },
    "asset": {
      "__id__": 0
    },
    "fileId": "6cYy8trEtZnoSHMrhSahbT"
  },
  {
    "__type__": "cc.PrefabInfo",
    "root": {
      "__id__": 1
    },
    "asset": {
      "__id__": 0
    },
    "fileId": "295/0Ooc1UqL202qUXNsBL"
  },
  {
    "__type__": "cc.PrefabInfo",
    "root": {
      "__id__": 1
    },
    "asset": {
      "__id__": 0
    },
    "fileId": "47wXOLGLpX34vtkA0jPkiu"
  },
  {
    "__type__": "cc.PrefabInfo",
    "root": {
      "__id__": 1
    },
    "asset": {
      "__id__": 0
    },
    "fileId": "44T2nga2NaMIm+bTb8gnco"
  },
  {
    "__type__": "cc.Node",
    "_name": "Scapula_L",
    "_objFlags": 0,
    "_parent": {
      "__id__": 4
    },
    "_children": [
      {
        "__id__": 22
      }
    ],
    "_active": true,
    "_components": [],
    "_prefab": {
      "__id__": 30
    },
    "_lpos": {
      "__type__": "cc.Vec3",
      "x": 0.0011061389232054353,
      "y": -0.0006425591418519616,
      "z": 0.003000000026077032
    },
    "_lrot": {
      "__type__": "cc.Quat",
      "x": 0.7112698310319335,
      "y": -0.011006417305641662,
      "z": -0.7027487513079647,
      "w": -0.010875604672633637
    },
    "_lscale": {
      "__type__": "cc.Vec3",
      "x": 1,
      "y": 1,
      "z": 1
    },
    "_layer": 1073741824,
    "_euler": {
      "__type__": "cc.Vec3",
      "x": -178.2269585021126,
      "y": 89.30979241912084,
      "z": -0.021281368875969202
    },
    "_id": ""
  },
  {
    "__type__": "cc.Node",
    "_name": "Shoulder_L",
    "_objFlags": 0,
    "_parent": {
      "__id__": 21
    },
    "_children": [
      {
        "__id__": 23
      }
    ],
    "_active": true,
    "_components": [],
    "_prefab": {
      "__id__": 29
    },
    "_lpos": {
      "__type__": "cc.Vec3",
      "x": -0.0029548665042966604,
      "y": 2.608999682962576e-9,
      "z": 0.000021150273823877797
    },
    "_lrot": {
      "__type__": "cc.Quat",
      "x": -0.03882624986063326,
      "y": 0.6508737856280458,
      "z": -0.03618252307268142,
      "w": 0.7573286357507361
    },
    "_lscale": {
      "__type__": "cc.Vec3",
      "x": 1,
      "y": 1,
      "z": 1
    },
    "_layer": 1073741824,
    "_euler": {
      "__type__": "cc.Vec3",
      "x": -0.6745852782266888,
      "y": 81.31811907479812,
      "z": -6.047107114000744
    },
    "_id": ""
  },
  {
    "__type__": "cc.Node",
    "_name": "Elbow_L",
    "_objFlags": 0,
    "_parent": {
      "__id__": 22
    },
    "_children": [
      {
        "__id__": 24
      }
    ],
    "_active": true,
    "_components": [],
    "_prefab": {
      "__id__": 28
    },
    "_lpos": {
      "__type__": "cc.Vec3",
      "x": -0.005175452213734388,
      "y": 2.609024101251673e-17,
      "z": 0
    },
    "_lrot": {
      "__type__": "cc.Quat",
      "x": 3.278061266432535e-19,
      "y": 1.8611321017625682e-17,
      "z": 0.12233098131469163,
      "w": 0.9924893606535964
    },
    "_lscale": {
      "__type__": "cc.Vec3",
      "x": 1,
      "y": 1,
      "z": 1
    },
    "_layer": 1073741824,
    "_euler": {
      "__type__": "cc.Vec3",
      "x": -2.305128209301622e-16,
      "y": 2.17725170284255e-15,
      "z": 14.053298599928233
    },
    "_id": ""
  },
  {
    "__type__": "cc.Node",
    "_name": "Wrist_L",
    "_objFlags": 0,
    "_parent": {
      "__id__": 23
    },
    "_children": [
      {
        "__id__": 25
      }
    ],
    "_active": true,
    "_components": [],
    "_prefab": {
      "__id__": 27
    },
    "_lpos": {
      "__type__": "cc.Vec3",
      "x": -0.005389300640672445,
      "y": 5.134781555065798e-17,
      "z": 1.6653346031121838e-17
    },
    "_lrot": {
      "__type__": "cc.Quat",
      "x": -0.004768474014740153,
      "y": 0.012352902409124579,
      "z": 0.0011546335850644365,
      "w": 0.999911663237771
    },
    "_lscale": {
      "__type__": "cc.Vec3",
      "x": 1,
      "y": 1,
      "z": 1
    },
    "_layer": 1073741824,
    "_euler": {
      "__type__": "cc.Vec3",
      "x": -0.5480227017072393,
      "y": 1.4161918210299922,
      "z": 0.12554971732357223
    },
    "_id": ""
  },
  {
    "__type__": "cc.Node",
    "_name": "Cup_L",
    "_objFlags": 0,
    "_parent": {
      "__id__": 24
    },
    "_children": [],
    "_active": true,
    "_components": [],
    "_prefab": {
      "__id__": 26
    },
    "_lpos": {
      "__type__": "cc.Vec3",
      "x": -0.0033151672687381506,
      "y": -1.415534329927295e-16,
      "z": 0
    },
    "_lrot": {
      "__type__": "cc.Quat",
      "x": 0,
      "y": 0,
      "z": 0,
      "w": 1
    },
    "_lscale": {
      "__type__": "cc.Vec3",
      "x": 1,
      "y": 1,
      "z": 1
    },
    "_layer": 1073741824,
    "_euler": {
      "__type__": "cc.Vec3",
      "x": 0,
      "y": 0,
      "z": 0
    },
    "_id": ""
  },
  {
    "__type__": "cc.PrefabInfo",
    "root": {
      "__id__": 1
    },
    "asset": {
      "__id__": 0
    },
    "fileId": "e29slJTXlUT6kbDNU33dhm"
  },
  {
    "__type__": "cc.PrefabInfo",
    "root": {
      "__id__": 1
    },
    "asset": {
      "__id__": 0
    },
    "fileId": "07iaUDvRVXpY45/R7Uun1W"
  },
  {
    "__type__": "cc.PrefabInfo",
    "root": {
      "__id__": 1
    },
    "asset": {
      "__id__": 0
    },
    "fileId": "eaYEeC5RtXVYjDxHhId0dm"
  },
  {
    "__type__": "cc.PrefabInfo",
    "root": {
      "__id__": 1
    },
    "asset": {
      "__id__": 0
    },
    "fileId": "dcMswXQgJTVah/zzSnJiA8"
  },
  {
    "__type__": "cc.PrefabInfo",
    "root": {
      "__id__": 1
    },
    "asset": {
      "__id__": 0
    },
    "fileId": "71HQspP8pS859y/ztMpgc1"
  },
  {
    "__type__": "cc.PrefabInfo",
    "root": {
      "__id__": 1
    },
    "asset": {
      "__id__": 0
    },
    "fileId": "0d61GBoU9V4rjv9Q4jznZn"
  },
  {
    "__type__": "cc.PrefabInfo",
    "root": {
      "__id__": 1
    },
    "asset": {
      "__id__": 0
    },
    "fileId": "dbNkfEY+FVdqENo0Dk6qZO"
  },
  {
    "__type__": "cc.Node",
    "_name": "Hip_R",
    "_objFlags": 0,
    "_parent": {
      "__id__": 2
    },
    "_children": [
      {
        "__id__": 34
      }
    ],
    "_active": true,
    "_components": [],
    "_prefab": {
      "__id__": 42
    },
    "_lpos": {
      "__type__": "cc.Vec3",
      "x": -0.0005149218486621976,
      "y": -0.000035732064134208485,
      "z": -0.0025951904244720936
    },
    "_lrot": {
      "__type__": "cc.Quat",
      "x": -0.0013684586941045457,
      "y": 0.9999846538917857,
      "z": -0.00017622552207276294,
      "w": 0.0053654679472844545
    },
    "_lscale": {
      "__type__": "cc.Vec3",
      "x": 1,
      "y": 1,
      "z": 1
    },
    "_layer": 1073741824,
    "_euler": {
      "__type__": "cc.Vec3",
      "x": 0.019352340864127352,
      "y": 179.38518562853085,
      "z": -0.1569199549416445
    },
    "_id": ""
  },
  {
    "__type__": "cc.Node",
    "_name": "Knee_R",
    "_objFlags": 0,
    "_parent": {
      "__id__": 33
    },
    "_children": [
      {
        "__id__": 35
      }
    ],
    "_active": true,
    "_components": [],
    "_prefab": {
      "__id__": 41
    },
    "_lpos": {
      "__type__": "cc.Vec3",
      "x": 0.008524451404809952,
      "y": 1.2628998541375225e-11,
      "z": -1.1102229998097382e-18
    },
    "_lrot": {
      "__type__": "cc.Quat",
      "x": 3.403632747743931e-20,
      "y": -9.107188358042246e-19,
      "z": -0.03350002364301262,
      "w": 0.9994387166884808
    },
    "_lscale": {
      "__type__": "cc.Vec3",
      "x": 1,
      "y": 1,
      "z": 1
    },
    "_layer": 1073741824,
    "_euler": {
      "__type__": "cc.Vec3",
      "x": 4.029053682243933e-19,
      "y": -1.0440579512036528e-16,
      "z": -3.839538319810826
    },
    "_id": ""
  },
  {
    "__type__": "cc.Node",
    "_name": "Ankle_R",
    "_objFlags": 0,
    "_parent": {
      "__id__": 34
    },
    "_children": [
      {
        "__id__": 36
      }
    ],
    "_active": true,
    "_components": [],
    "_prefab": {
      "__id__": 40
    },
    "_lpos": {
      "__type__": "cc.Vec3",
      "x": 0.007810377050191164,
      "y": 1.1571134675425476e-11,
      "z": -8.311684436687009e-15
    },
    "_lrot": {
      "__type__": "cc.Quat",
      "x": 0.0005231972268350271,
      "y": 0.005401740730554813,
      "z": 0.05058017697477186,
      "w": 0.998705258401568
    },
    "_lscale": {
      "__type__": "cc.Vec3",
      "x": 1,
      "y": 1,
      "z": 1
    },
    "_layer": 1073741824,
    "_euler": {
      "__type__": "cc.Vec3",
      "x": 0.028714477331547906,
      "y": 0.6183360190684839,
      "z": 5.79877519893503
    },
    "_id": ""
  },
  {
    "__type__": "cc.Node",
    "_name": "Toes_R",
    "_objFlags": 0,
    "_parent": {
      "__id__": 35
    },
    "_children": [
      {
        "__id__": 37
      }
    ],
    "_active": true,
    "_components": [],
    "_prefab": {
      "__id__": 39
    },
    "_lpos": {
      "__type__": "cc.Vec3",
      "x": 0.002095116302371025,
      "y": 0.002573760924860835,
      "z": -1.1551194029069123e-11
    },
    "_lrot": {
      "__type__": "cc.Quat",
      "x": -0.0005855765799607817,
      "y": 0.0005394552157793537,
      "z": 0.6775491861260131,
      "w": 0.7354770332703235
    },
    "_lscale": {
      "__type__": "cc.Vec3",
      "x": 1,
      "y": 1,
      "z": 1
    },
    "_layer": 1073741824,
    "_euler": {
      "__type__": "cc.Vec3",
      "x": -1.1144865141882583,
      "y": 1.1107462304259765,
      "z": 85.3039958375585
    },
    "_id": ""
  },
  {
    "__type__": "cc.Node",
    "_name": "ToesEnd_R",
    "_objFlags": 0,
    "_parent": {
      "__id__": 36
    },
    "_children": [],
    "_active": true,
    "_components": [],
    "_prefab": {
      "__id__": 38
    },
    "_lpos": {
      "__type__": "cc.Vec3",
      "x": 0.0019366915803402662,
      "y": -1.9886869822718998e-16,
      "z": 3.063116871260263e-9
    },
    "_lrot": {
      "__type__": "cc.Quat",
      "x": 0,
      "y": 0,
      "z": 0,
      "w": 1
    },
    "_lscale": {
      "__type__": "cc.Vec3",
      "x": 1,
      "y": 1,
      "z": 1
    },
    "_layer": 1073741824,
    "_euler": {
      "__type__": "cc.Vec3",
      "x": 0,
      "y": 0,
      "z": 0
    },
    "_id": ""
  },
  {
    "__type__": "cc.PrefabInfo",
    "root": {
      "__id__": 1
    },
    "asset": {
      "__id__": 0
    },
    "fileId": "6f3MkzIyVQvJj9R+/LU2zR"
  },
  {
    "__type__": "cc.PrefabInfo",
    "root": {
      "__id__": 1
    },
    "asset": {
      "__id__": 0
    },
    "fileId": "c2zFYvV1JfQ4JfD3CqMzvm"
  },
  {
    "__type__": "cc.PrefabInfo",
    "root": {
      "__id__": 1
    },
    "asset": {
      "__id__": 0
    },
    "fileId": "f1EfB1JoZS5ZkZ5W5ALERK"
  },
  {
    "__type__": "cc.PrefabInfo",
    "root": {
      "__id__": 1
    },
    "asset": {
      "__id__": 0
    },
    "fileId": "83FbfLEIRT2Jp9dhVEoyJL"
  },
  {
    "__type__": "cc.PrefabInfo",
    "root": {
      "__id__": 1
    },
    "asset": {
      "__id__": 0
    },
    "fileId": "28XDbiOapU6J8TOmCc+JNL"
  },
  {
    "__type__": "cc.Node",
    "_name": "Hip_L",
    "_objFlags": 0,
    "_parent": {
      "__id__": 2
    },
    "_children": [
      {
        "__id__": 44
      }
    ],
    "_active": true,
    "_components": [],
    "_prefab": {
      "__id__": 52
    },
    "_lpos": {
      "__type__": "cc.Vec3",
      "x": -0.0005149218486621976,
      "y": -0.000035732064134208485,
      "z": 0.0025951904244720936
    },
    "_lrot": {
      "__type__": "cc.Quat",
      "x": 0.9999846538908325,
      "y": 0.0013684593925951528,
      "z": -0.00536546794727934,
      "w": -0.00017622550752068012
    },
    "_lscale": {
      "__type__": "cc.Vec3",
      "x": 1,
      "y": 1,
      "z": 1
    },
    "_layer": 1073741824,
    "_euler": {
      "__type__": "cc.Vec3",
      "x": -179.9806476612328,
      "y": 0.6148143714585114,
      "z": 0.15692003497274723
    },
    "_id": ""
  },
  {
    "__type__": "cc.Node",
    "_name": "Knee_L",
    "_objFlags": 0,
    "_parent": {
      "__id__": 43
    },
    "_children": [
      {
        "__id__": 45
      }
    ],
    "_active": true,
    "_components": [],
    "_prefab": {
      "__id__": 51
    },
    "_lpos": {
      "__type__": "cc.Vec3",
      "x": -0.008524451404809952,
      "y": -1.2628998541375225e-11,
      "z": 4.6312953641644995e-15
    },
    "_lrot": {
      "__type__": "cc.Quat",
      "x": 4.9250421584690475e-20,
      "y": 1.2367185778725194e-18,
      "z": -0.03350002364301262,
      "w": 0.9994387166884808
    },
    "_lscale": {
      "__type__": "cc.Vec3",
      "x": 1,
      "y": 1,
      "z": 1
    },
    "_layer": 1073741824,
    "_euler": {
      "__type__": "cc.Vec3",
      "x": 1.0411423292578889e-17,
      "y": 1.42146077062345e-16,
      "z": -3.839538319810826
    },
    "_id": ""
  },
  {
    "__type__": "cc.Node",
    "_name": "Ankle_L",
    "_objFlags": 0,
    "_parent": {
      "__id__": 44
    },
    "_children": [
      {
        "__id__": 46
      }
    ],
    "_active": true,
    "_components": [],
    "_prefab": {
      "__id__": 50
    },
    "_lpos": {
      "__type__": "cc.Vec3",
      "x": -0.007810377050191164,
      "y": -1.1571218809514061e-11,
      "z": 1.2550515978587175e-14
    },
    "_lrot": {
      "__type__": "cc.Quat",
      "x": 0.0005231972268350271,
      "y": 0.005401740730554813,
      "z": 0.05058017697477186,
      "w": 0.998705258401568
    },
    "_lscale": {
      "__type__": "cc.Vec3",
      "x": 1,
      "y": 1,
      "z": 1
    },
    "_layer": 1073741824,
    "_euler": {
      "__type__": "cc.Vec3",
      "x": 0.028714477331547906,
      "y": 0.6183360190684839,
      "z": 5.79877519893503
    },
    "_id": ""
  },
  {
    "__type__": "cc.Node",
    "_name": "Toes_L",
    "_objFlags": 0,
    "_parent": {
      "__id__": 45
    },
    "_children": [
      {
        "__id__": 47
      }
    ],
    "_active": true,
    "_components": [],
    "_prefab": {
      "__id__": 49
    },
    "_lpos": {
      "__type__": "cc.Vec3",
      "x": -0.002095116302371025,
      "y": -0.002573760924860835,
      "z": 8.517709974842358e-12
    },
    "_lrot": {
      "__type__": "cc.Quat",
      "x": -0.0005849927574888355,
      "y": 0.0005389178429919117,
      "z": 0.6775491865538494,
      "w": 0.7354770337347383
    },
    "_lscale": {
      "__type__": "cc.Vec3",
      "x": 1,
      "y": 1,
      "z": 1
    },
    "_layer": 1073741824,
    "_euler": {
      "__type__": "cc.Vec3",
      "x": -1.1133760861696482,
      "y": 1.1096395693191319,
      "z": 85.30399759925989
    },
    "_id": ""
  },
  {
    "__type__": "cc.Node",
    "_name": "ToesEnd_L",
    "_objFlags": 0,
    "_parent": {
      "__id__": 46
    },
    "_children": [],
    "_active": true,
    "_components": [],
    "_prefab": {
      "__id__": 48
    },
    "_lpos": {
      "__type__": "cc.Vec3",
      "x": -0.0019366915803402662,
      "y": 2.7755574995243454e-19,
      "z": 1.6754419032705137e-11
    },
    "_lrot": {
      "__type__": "cc.Quat",
      "x": 0,
      "y": 0,
      "z": 0,
      "w": 1
    },
    "_lscale": {
      "__type__": "cc.Vec3",
      "x": 1,
      "y": 1,
      "z": 1
    },
    "_layer": 1073741824,
    "_euler": {
      "__type__": "cc.Vec3",
      "x": 0,
      "y": 0,
      "z": 0
    },
    "_id": ""
  },
  {
    "__type__": "cc.PrefabInfo",
    "root": {
      "__id__": 1
    },
    "asset": {
      "__id__": 0
    },
    "fileId": "cfup5WFTJWCp3+0t2u4p5o"
  },
  {
    "__type__": "cc.PrefabInfo",
    "root": {
      "__id__": 1
    },
    "asset": {
      "__id__": 0
    },
    "fileId": "187Xdi0jBTqankfupwlA/u"
  },
  {
    "__type__": "cc.PrefabInfo",
    "root": {
      "__id__": 1
    },
    "asset": {
      "__id__": 0
    },
    "fileId": "b9bHe2oe9e1JxB6OVkcueb"
  },
  {
    "__type__": "cc.PrefabInfo",
    "root": {
      "__id__": 1
    },
    "asset": {
      "__id__": 0
    },
    "fileId": "d8kxPk4spbALOOS22gSUTS"
  },
  {
    "__type__": "cc.PrefabInfo",
    "root": {
      "__id__": 1
    },
    "asset": {
      "__id__": 0
    },
    "fileId": "4dEp85ORVXhq0ad6OcC+p/"
  },
  {
    "__type__": "cc.PrefabInfo",
    "root": {
      "__id__": 1
    },
    "asset": {
      "__id__": 0
    },
    "fileId": "f1qioUo4hSEbaG1iRv5tAC"
  },
  {
    "__type__": "cc.Node",
    "_name": "melee_02",
    "_objFlags": 0,
    "_parent": {
      "__id__": 1
    },
    "_children": [
      {
        "__id__": 55
      },
      {
        "__id__": 60
      },
      {
        "__id__": 65
      },
      {
        "__id__": 70
      },
      {
        "__id__": 75
      },
      {
        "__id__": 80
      },
      {
        "__id__": 85
      }
    ],
    "_active": true,
    "_components": [],
    "_prefab": {
      "__id__": 90
    },
    "_lpos": {
      "__type__": "cc.Vec3",
      "x": 0,
      "y": 0,
      "z": 0
    },
    "_lrot": {
      "__type__": "cc.Quat",
      "x": 0,
      "y": 0,
      "z": 0,
      "w": 1
    },
    "_lscale": {
      "__type__": "cc.Vec3",
      "x": 1,
      "y": 1,
      "z": 1
    },
    "_layer": 1073741824,
    "_euler": {
      "__type__": "cc.Vec3",
      "x": 0,
      "y": 0,
      "z": 0
    },
    "_id": ""
  },
  {
    "__type__": "cc.Node",
    "_name": "melee_02_body",
    "_objFlags": 0,
    "_parent": {
      "__id__": 54
    },
    "_children": [],
    "_active": true,
    "_components": [
      {
        "__id__": 56
      }
    ],
    "_prefab": {
      "__id__": 59
    },
    "_lpos": {
      "__type__": "cc.Vec3",
      "x": 0,
      "y": 0,
      "z": 0
    },
    "_lrot": {
      "__type__": "cc.Quat",
      "x": 0,
      "y": 0,
      "z": 0,
      "w": 1
    },
    "_lscale": {
      "__type__": "cc.Vec3",
      "x": 1,
      "y": 1,
      "z": 1
    },
    "_layer": 1073741824,
    "_euler": {
      "__type__": "cc.Vec3",
      "x": 0,
      "y": 0,
      "z": 0
    },
    "_id": ""
  },
  {
    "__type__": "cc.SkinnedMeshRenderer",
    "_name": "",
    "_objFlags": 0,
    "node": {
      "__id__": 55
    },
    "_enabled": true,
    "__prefab": {
      "__id__": 57
    },
    "_materials": [
      {
        "__uuid__": "1e38734c-0cd1-4572-a21c-dd53ce1e6056@2eddb",
        "__expectedType__": "cc.Material"
      }
    ],
    "_visFlags": 0,
    "lightmapSettings": {
      "__id__": 58
    },
    "_mesh": {
      "__uuid__": "1e38734c-0cd1-4572-a21c-dd53ce1e6056@3566d",
      "__expectedType__": "cc.Mesh"
    },
    "_shadowCastingMode": 0,
    "_shadowReceivingMode": 1,
    "_enableMorph": true,
    "_skeleton": {
      "__uuid__": "1e38734c-0cd1-4572-a21c-dd53ce1e6056@30732",
      "__expectedType__": "cc.Skeleton"
    },
    "_skinningRoot": {
      "__id__": 1
    },
    "_id": ""
  },
  {
    "__type__": "cc.CompPrefabInfo",
    "fileId": "d9C3XH2SRenbpUO2d4tPvu"
  },
  {
    "__type__": "cc.ModelLightmapSettings",
    "texture": null,
    "uvParam": {
      "__type__": "cc.Vec4",
      "x": 0,
      "y": 0,
      "z": 0,
      "w": 0
    },
    "_bakeable": false,
    "_castShadow": false,
    "_receiveShadow": false,
    "_recieveShadow": false,
    "_lightmapSize": 64
  },
  {
    "__type__": "cc.PrefabInfo",
    "root": {
      "__id__": 1
    },
    "asset": {
      "__id__": 0
    },
    "fileId": "27GrqvRS1Sa7LECxDcsgFi"
  },
  {
    "__type__": "cc.Node",
    "_name": "melee_02_wing",
    "_objFlags": 0,
    "_parent": {
      "__id__": 54
    },
    "_children": [],
    "_active": true,
    "_components": [
      {
        "__id__": 61
      }
    ],
    "_prefab": {
      "__id__": 64
    },
    "_lpos": {
      "__type__": "cc.Vec3",
      "x": 0,
      "y": 0,
      "z": 0
    },
    "_lrot": {
      "__type__": "cc.Quat",
      "x": 0,
      "y": 0,
      "z": 0,
      "w": 1
    },
    "_lscale": {
      "__type__": "cc.Vec3",
      "x": 1,
      "y": 1,
      "z": 1
    },
    "_layer": 1073741824,
    "_euler": {
      "__type__": "cc.Vec3",
      "x": 0,
      "y": 0,
      "z": 0
    },
    "_id": ""
  },
  {
    "__type__": "cc.SkinnedMeshRenderer",
    "_name": "",
    "_objFlags": 0,
    "node": {
      "__id__": 60
    },
    "_enabled": true,
    "__prefab": {
      "__id__": 62
    },
    "_materials": [
      {
        "__uuid__": "1e38734c-0cd1-4572-a21c-dd53ce1e6056@2eddb",
        "__expectedType__": "cc.Material"
      }
    ],
    "_visFlags": 0,
    "lightmapSettings": {
      "__id__": 63
    },
    "_mesh": {
      "__uuid__": "1e38734c-0cd1-4572-a21c-dd53ce1e6056@5fd49",
      "__expectedType__": "cc.Mesh"
    },
    "_shadowCastingMode": 0,
    "_shadowReceivingMode": 1,
    "_enableMorph": true,
    "_skeleton": {
      "__uuid__": "1e38734c-0cd1-4572-a21c-dd53ce1e6056@f1394",
      "__expectedType__": "cc.Skeleton"
    },
    "_skinningRoot": {
      "__id__": 1
    },
    "_id": ""
  },
  {
    "__type__": "cc.CompPrefabInfo",
    "fileId": "f0LWu/k6dRhYcBLMxRKkyN"
  },
  {
    "__type__": "cc.ModelLightmapSettings",
    "texture": null,
    "uvParam": {
      "__type__": "cc.Vec4",
      "x": 0,
      "y": 0,
      "z": 0,
      "w": 0
    },
    "_bakeable": false,
    "_castShadow": false,
    "_receiveShadow": false,
    "_recieveShadow": false,
    "_lightmapSize": 64
  },
  {
    "__type__": "cc.PrefabInfo",
    "root": {
      "__id__": 1
    },
    "asset": {
      "__id__": 0
    },
    "fileId": "081XD5QctfOKlBBGkEmAmi"
  },
  {
    "__type__": "cc.Node",
    "_name": "melee_02_head",
    "_objFlags": 0,
    "_parent": {
      "__id__": 54
    },
    "_children": [],
    "_active": true,
    "_components": [
      {
        "__id__": 66
      }
    ],
    "_prefab": {
      "__id__": 69
    },
    "_lpos": {
      "__type__": "cc.Vec3",
      "x": 0,
      "y": 0,
      "z": 0
    },
    "_lrot": {
      "__type__": "cc.Quat",
      "x": 0,
      "y": 0,
      "z": 0,
      "w": 1
    },
    "_lscale": {
      "__type__": "cc.Vec3",
      "x": 1,
      "y": 1,
      "z": 1
    },
    "_layer": 1073741824,
    "_euler": {
      "__type__": "cc.Vec3",
      "x": 0,
      "y": 0,
      "z": 0
    },
    "_id": ""
  },
  {
    "__type__": "cc.SkinnedMeshRenderer",
    "_name": "",
    "_objFlags": 0,
    "node": {
      "__id__": 65
    },
    "_enabled": true,
    "__prefab": {
      "__id__": 67
    },
    "_materials": [
      {
        "__uuid__": "1e38734c-0cd1-4572-a21c-dd53ce1e6056@2eddb",
        "__expectedType__": "cc.Material"
      }
    ],
    "_visFlags": 0,
    "lightmapSettings": {
      "__id__": 68
    },
    "_mesh": {
      "__uuid__": "1e38734c-0cd1-4572-a21c-dd53ce1e6056@398a7",
      "__expectedType__": "cc.Mesh"
    },
    "_shadowCastingMode": 0,
    "_shadowReceivingMode": 1,
    "_enableMorph": true,
    "_skeleton": {
      "__uuid__": "1e38734c-0cd1-4572-a21c-dd53ce1e6056@75ee4",
      "__expectedType__": "cc.Skeleton"
    },
    "_skinningRoot": {
      "__id__": 1
    },
    "_id": ""
  },
  {
    "__type__": "cc.CompPrefabInfo",
    "fileId": "d017eWZHFWV6YQ3n8W2FcE"
  },
  {
    "__type__": "cc.ModelLightmapSettings",
    "texture": null,
    "uvParam": {
      "__type__": "cc.Vec4",
      "x": 0,
      "y": 0,
      "z": 0,
      "w": 0
    },
    "_bakeable": false,
    "_castShadow": false,
    "_receiveShadow": false,
    "_recieveShadow": false,
    "_lightmapSize": 64
  },
  {
    "__type__": "cc.PrefabInfo",
    "root": {
      "__id__": 1
    },
    "asset": {
      "__id__": 0
    },
    "fileId": "ddrBXT8ENSGIaDRu71wmiI"
  },
  {
    "__type__": "cc.Node",
    "_name": "melee_02_arm_L",
    "_objFlags": 0,
    "_parent": {
      "__id__": 54
    },
    "_children": [],
    "_active": true,
    "_components": [
      {
        "__id__": 71
      }
    ],
    "_prefab": {
      "__id__": 74
    },
    "_lpos": {
      "__type__": "cc.Vec3",
      "x": 0,
      "y": 0,
      "z": 0
    },
    "_lrot": {
      "__type__": "cc.Quat",
      "x": 0,
      "y": 0,
      "z": 0,
      "w": 1
    },
    "_lscale": {
      "__type__": "cc.Vec3",
      "x": 1,
      "y": 1,
      "z": 1
    },
    "_layer": 1073741824,
    "_euler": {
      "__type__": "cc.Vec3",
      "x": 0,
      "y": 0,
      "z": 0
    },
    "_id": ""
  },
  {
    "__type__": "cc.SkinnedMeshRenderer",
    "_name": "",
    "_objFlags": 0,
    "node": {
      "__id__": 70
    },
    "_enabled": true,
    "__prefab": {
      "__id__": 72
    },
    "_materials": [
      {
        "__uuid__": "1e38734c-0cd1-4572-a21c-dd53ce1e6056@2eddb",
        "__expectedType__": "cc.Material"
      }
    ],
    "_visFlags": 0,
    "lightmapSettings": {
      "__id__": 73
    },
    "_mesh": {
      "__uuid__": "1e38734c-0cd1-4572-a21c-dd53ce1e6056@0f0b7",
      "__expectedType__": "cc.Mesh"
    },
    "_shadowCastingMode": 0,
    "_shadowReceivingMode": 1,
    "_enableMorph": true,
    "_skeleton": {
      "__uuid__": "1e38734c-0cd1-4572-a21c-dd53ce1e6056@a72ab",
      "__expectedType__": "cc.Skeleton"
    },
    "_skinningRoot": {
      "__id__": 1
    },
    "_id": ""
  },
  {
    "__type__": "cc.CompPrefabInfo",
    "fileId": "d0QI3Q1OVbP4JFUkJTtzXt"
  },
  {
    "__type__": "cc.ModelLightmapSettings",
    "texture": null,
    "uvParam": {
      "__type__": "cc.Vec4",
      "x": 0,
      "y": 0,
      "z": 0,
      "w": 0
    },
    "_bakeable": false,
    "_castShadow": false,
    "_receiveShadow": false,
    "_recieveShadow": false,
    "_lightmapSize": 64
  },
  {
    "__type__": "cc.PrefabInfo",
    "root": {
      "__id__": 1
    },
    "asset": {
      "__id__": 0
    },
    "fileId": "5blU+BvHpZJac+z027/dw1"
  },
  {
    "__type__": "cc.Node",
    "_name": "melee_02_leg_R",
    "_objFlags": 0,
    "_parent": {
      "__id__": 54
    },
    "_children": [],
    "_active": true,
    "_components": [
      {
        "__id__": 76
      }
    ],
    "_prefab": {
      "__id__": 79
    },
    "_lpos": {
      "__type__": "cc.Vec3",
      "x": 0,
      "y": 0,
      "z": 0
    },
    "_lrot": {
      "__type__": "cc.Quat",
      "x": 0,
      "y": 0,
      "z": 0,
      "w": 1
    },
    "_lscale": {
      "__type__": "cc.Vec3",
      "x": 1,
      "y": 1,
      "z": 1
    },
    "_layer": 1073741824,
    "_euler": {
      "__type__": "cc.Vec3",
      "x": 0,
      "y": 0,
      "z": 0
    },
    "_id": ""
  },
  {
    "__type__": "cc.SkinnedMeshRenderer",
    "_name": "",
    "_objFlags": 0,
    "node": {
      "__id__": 75
    },
    "_enabled": true,
    "__prefab": {
      "__id__": 77
    },
    "_materials": [
      {
        "__uuid__": "1e38734c-0cd1-4572-a21c-dd53ce1e6056@2eddb",
        "__expectedType__": "cc.Material"
      }
    ],
    "_visFlags": 0,
    "lightmapSettings": {
      "__id__": 78
    },
    "_mesh": {
      "__uuid__": "1e38734c-0cd1-4572-a21c-dd53ce1e6056@55a28",
      "__expectedType__": "cc.Mesh"
    },
    "_shadowCastingMode": 0,
    "_shadowReceivingMode": 1,
    "_enableMorph": true,
    "_skeleton": {
      "__uuid__": "1e38734c-0cd1-4572-a21c-dd53ce1e6056@2224c",
      "__expectedType__": "cc.Skeleton"
    },
    "_skinningRoot": {
      "__id__": 1
    },
    "_id": ""
  },
  {
    "__type__": "cc.CompPrefabInfo",
    "fileId": "8bzFM1cDVSEIyKZnSNGlOS"
  },
  {
    "__type__": "cc.ModelLightmapSettings",
    "texture": null,
    "uvParam": {
      "__type__": "cc.Vec4",
      "x": 0,
      "y": 0,
      "z": 0,
      "w": 0
    },
    "_bakeable": false,
    "_castShadow": false,
    "_receiveShadow": false,
    "_recieveShadow": false,
    "_lightmapSize": 64
  },
  {
    "__type__": "cc.PrefabInfo",
    "root": {
      "__id__": 1
    },
    "asset": {
      "__id__": 0
    },
    "fileId": "bcElPglgBdsaHFSpIr3FgS"
  },
  {
    "__type__": "cc.Node",
    "_name": "melee_02_leg_L",
    "_objFlags": 0,
    "_parent": {
      "__id__": 54
    },
    "_children": [],
    "_active": true,
    "_components": [
      {
        "__id__": 81
      }
    ],
    "_prefab": {
      "__id__": 84
    },
    "_lpos": {
      "__type__": "cc.Vec3",
      "x": 0,
      "y": 0,
      "z": 0
    },
    "_lrot": {
      "__type__": "cc.Quat",
      "x": 0,
      "y": 0,
      "z": 0,
      "w": 1
    },
    "_lscale": {
      "__type__": "cc.Vec3",
      "x": 1,
      "y": 1,
      "z": 1
    },
    "_layer": 1073741824,
    "_euler": {
      "__type__": "cc.Vec3",
      "x": 0,
      "y": 0,
      "z": 0
    },
    "_id": ""
  },
  {
    "__type__": "cc.SkinnedMeshRenderer",
    "_name": "",
    "_objFlags": 0,
    "node": {
      "__id__": 80
    },
    "_enabled": true,
    "__prefab": {
      "__id__": 82
    },
    "_materials": [
      {
        "__uuid__": "1e38734c-0cd1-4572-a21c-dd53ce1e6056@2eddb",
        "__expectedType__": "cc.Material"
      }
    ],
    "_visFlags": 0,
    "lightmapSettings": {
      "__id__": 83
    },
    "_mesh": {
      "__uuid__": "1e38734c-0cd1-4572-a21c-dd53ce1e6056@03d47",
      "__expectedType__": "cc.Mesh"
    },
    "_shadowCastingMode": 0,
    "_shadowReceivingMode": 1,
    "_enableMorph": true,
    "_skeleton": {
      "__uuid__": "1e38734c-0cd1-4572-a21c-dd53ce1e6056@62756",
      "__expectedType__": "cc.Skeleton"
    },
    "_skinningRoot": {
      "__id__": 1
    },
    "_id": ""
  },
  {
    "__type__": "cc.CompPrefabInfo",
    "fileId": "5f5F3hMSVcVrzwdvL6VTcC"
  },
  {
    "__type__": "cc.ModelLightmapSettings",
    "texture": null,
    "uvParam": {
      "__type__": "cc.Vec4",
      "x": 0,
      "y": 0,
      "z": 0,
      "w": 0
    },
    "_bakeable": false,
    "_castShadow": false,
    "_receiveShadow": false,
    "_recieveShadow": false,
    "_lightmapSize": 64
  },
  {
    "__type__": "cc.PrefabInfo",
    "root": {
      "__id__": 1
    },
    "asset": {
      "__id__": 0
    },
    "fileId": "8fw0hOWRFe/ZqhC2//3Mrd"
  },
  {
    "__type__": "cc.Node",
    "_name": "melee_02_arm_R",
    "_objFlags": 0,
    "_parent": {
      "__id__": 54
    },
    "_children": [],
    "_active": true,
    "_components": [
      {
        "__id__": 86
      }
    ],
    "_prefab": {
      "__id__": 89
    },
    "_lpos": {
      "__type__": "cc.Vec3",
      "x": 0,
      "y": 0,
      "z": 0
    },
    "_lrot": {
      "__type__": "cc.Quat",
      "x": 0,
      "y": 0,
      "z": 0,
      "w": 1
    },
    "_lscale": {
      "__type__": "cc.Vec3",
      "x": 1,
      "y": 1,
      "z": 1
    },
    "_layer": 1073741824,
    "_euler": {
      "__type__": "cc.Vec3",
      "x": 0,
      "y": 0,
      "z": 0
    },
    "_id": ""
  },
  {
    "__type__": "cc.SkinnedMeshRenderer",
    "_name": "",
    "_objFlags": 0,
    "node": {
      "__id__": 85
    },
    "_enabled": true,
    "__prefab": {
      "__id__": 87
    },
    "_materials": [
      {
        "__uuid__": "1e38734c-0cd1-4572-a21c-dd53ce1e6056@2eddb",
        "__expectedType__": "cc.Material"
      }
    ],
    "_visFlags": 0,
    "lightmapSettings": {
      "__id__": 88
    },
    "_mesh": {
      "__uuid__": "1e38734c-0cd1-4572-a21c-dd53ce1e6056@79a0e",
      "__expectedType__": "cc.Mesh"
    },
    "_shadowCastingMode": 0,
    "_shadowReceivingMode": 1,
    "_enableMorph": true,
    "_skeleton": {
      "__uuid__": "1e38734c-0cd1-4572-a21c-dd53ce1e6056@7d08b",
      "__expectedType__": "cc.Skeleton"
    },
    "_skinningRoot": {
      "__id__": 1
    },
    "_id": ""
  },
  {
    "__type__": "cc.CompPrefabInfo",
    "fileId": "d3G0KRRbNZfL0VbM6foQZp"
  },
  {
    "__type__": "cc.ModelLightmapSettings",
    "texture": null,
    "uvParam": {
      "__type__": "cc.Vec4",
      "x": 0,
      "y": 0,
      "z": 0,
      "w": 0
    },
    "_bakeable": false,
    "_castShadow": false,
    "_receiveShadow": false,
    "_recieveShadow": false,
    "_lightmapSize": 64
  },
  {
    "__type__": "cc.PrefabInfo",
    "root": {
      "__id__": 1
    },
    "asset": {
      "__id__": 0
    },
    "fileId": "d25RHdLGxfUqz8+l3937vL"
  },
  {
    "__type__": "cc.PrefabInfo",
    "root": {
      "__id__": 1
    },
    "asset": {
      "__id__": 0
    },
    "fileId": "49wTiSMyRfmbdYsJAWaFTZ"
  },
  {
    "__type__": "cc.SkeletalAnimation",
    "_name": "",
    "_objFlags": 0,
    "node": {
      "__id__": 1
    },
    "_enabled": true,
    "__prefab": {
      "__id__": 92
    },
    "playOnLoad": false,
    "_clips": [],
    "_defaultClip": null,
    "_useBakedAnimation": true,
    "_sockets": [],
    "_id": ""
  },
  {
    "__type__": "cc.CompPrefabInfo",
    "fileId": "697DWG0DpUiZnQGm6ljiyG"
  },
  {
    "__type__": "cc.PrefabInfo",
    "root": {
      "__id__": 1
    },
    "asset": {
      "__id__": 0
    },
    "fileId": "59cBtBPsNQK78GJmhHDy3t"
  }
]