{
  "__type__": "cc.Mesh",
  "_name": "",
  "_objFlags": 0,
  "_native": ".bin",
  "_struct": {
    "primitives": [
      {
        "primitiveMode": 7,
        "jointMapIndex": 0,
        "vertexBundelIndices": [
          0
        ],
        "indexView": {
          "offset": 149688,
          "length": 14628,
          "count": 3657,
          "stride": 4
        }
      }
    ],
    "vertexBundles": [
      {
        "view": {
          "offset": 0,
          "length": 149688,
          "count": 2079,
          "stride": 72
        },
        "attributes": [
          {
            "name": "a_position",
            "format": 32,
            "isNormalized": false
          },
          {
            "name": "a_normal",
            "format": 32,
            "isNormalized": false
          },
          {
            "name": "a_texCoord",
            "format": 21,
            "isNormalized": false
          },
          {
            "name": "a_tangent",
            "format": 44,
            "isNormalized": false
          },
          {
            "name": "a_joints",
            "format": 42,
            "isNormalized": false
          },
          {
            "name": "a_weights",
            "format": 44,
            "isNormalized": false
          }
        ]
      }
    ],
    "minPosition": {
      "__type__": "cc.Vec3",
      "x": -0.004253585822880268,
      "y": 0.017822612076997757,
      "z": -0.0038464791141450405
    },
    "maxPosition": {
      "__type__": "cc.Vec3",
      "x": 0.004253585822880268,
      "y": 0.031113214790821075,
      "z": 0.004096930380910635
    },
    "jointMaps": [
      [
        0,
        1,
        2,
        3,
        4,
        5,
        9,
        13,
        17
      ]
    ]
  },
  "_hash": 3282262026
}