[
  {
    "__type__": "cc.Prefab",
    "_name": "",
    "_objFlags": 0,
    "_native": "",
    "data": {
      "__id__": 1
    },
    "optimizationPolicy": 0,
    "persistent": false,
    "asyncLoadAssets": false
  },
  {
    "__type__": "cc.Node",
    "_name": "Explosion",
    "_objFlags": 0,
    "__editorExtras__": {},
    "_parent": null,
    "_children": [
      {
        "__id__": 2
      },
      {
        "__id__": 58
      },
      {
        "__id__": 119
      }
    ],
    "_active": true,
    "_components": [
      {
        "__id__": 179
      }
    ],
    "_prefab": {
      "__id__": 241
    },
    "_lpos": {
      "__type__": "cc.Vec3",
      "x": 0,
      "y": 0,
      "z": 0
    },
    "_lrot": {
      "__type__": "cc.Quat",
      "x": 0.7071067811865475,
      "y": 0,
      "z": 0,
      "w": 0.7071067811865476
    },
    "_lscale": {
      "__type__": "cc.Vec3",
      "x": 1,
      "y": 1,
      "z": 1
    },
    "_layer": 1073741824,
    "_euler": {
      "__type__": "cc.Vec3",
      "x": 90,
      "y": 0,
      "z": 0
    },
    "_id": ""
  },
  {
    "__type__": "cc.Node",
    "_name": "Flash",
    "_objFlags": 0,
    "_parent": {
      "__id__": 1
    },
    "_children": [],
    "_active": true,
    "_components": [
      {
        "__id__": 3
      }
    ],
    "_prefab": {
      "__id__": 57
    },
    "_lpos": {
      "__type__": "cc.Vec3",
      "x": 0,
      "y": 0,
      "z": 0
    },
    "_lrot": {
      "__type__": "cc.Quat",
      "x": 0.7071067811865475,
      "y": 0,
      "z": 0,
      "w": 0.7071067811865476
    },
    "_lscale": {
      "__type__": "cc.Vec3",
      "x": 1,
      "y": 1,
      "z": 1
    },
    "_layer": 1073741824,
    "_euler": {
      "__type__": "cc.Vec3",
      "x": 90,
      "y": 0,
      "z": 0
    },
    "_id": ""
  },
  {
    "__type__": "cc.ParticleSystem",
    "_name": "",
    "_objFlags": 0,
    "node": {
      "__id__": 2
    },
    "_enabled": true,
    "__prefab": {
      "__id__": 4
    },
    "_materials": [
      {
        "__uuid__": "11b6bb35-a087-4f5b-a2a0-c8f41a5d7509",
        "__expectedType__": "cc.Material"
      }
    ],
    "_visFlags": 0,
    "startColor": {
      "__id__": 5
    },
    "scaleSpace": 1,
    "startSize3D": false,
    "startSizeX": {
      "__id__": 6
    },
    "startSize": {
      "__id__": 6
    },
    "startSizeY": {
      "__id__": 7
    },
    "startSizeZ": {
      "__id__": 8
    },
    "startSpeed": {
      "__id__": 9
    },
    "startRotation3D": false,
    "startRotationX": {
      "__id__": 10
    },
    "startRotationY": {
      "__id__": 11
    },
    "startRotationZ": {
      "__id__": 12
    },
    "startRotation": {
      "__id__": 12
    },
    "startDelay": {
      "__id__": 13
    },
    "startLifetime": {
      "__id__": 14
    },
    "duration": 0.1,
    "loop": false,
    "simulationSpeed": 1,
    "playOnAwake": true,
    "gravityModifier": {
      "__id__": 15
    },
    "rateOverTime": {
      "__id__": 16
    },
    "rateOverDistance": {
      "__id__": 17
    },
    "bursts": [
      {
        "__id__": 18
      }
    ],
    "_renderCulling": false,
    "_cullingMode": 0,
    "_aabbHalfX": 0,
    "_aabbHalfY": 0,
    "_aabbHalfZ": 0,
    "_dataCulling": false,
    "enableCulling": false,
    "_colorOverLifetimeModule": {
      "__id__": 20
    },
    "_shapeModule": {
      "__id__": 22
    },
    "_sizeOvertimeModule": {
      "__id__": 24
    },
    "_velocityOvertimeModule": {
      "__id__": 29
    },
    "_forceOvertimeModule": {
      "__id__": 34
    },
    "_limitVelocityOvertimeModule": {
      "__id__": 38
    },
    "_rotationOvertimeModule": {
      "__id__": 43
    },
    "_textureAnimationModule": {
      "__id__": 47
    },
    "_trailModule": {
      "__id__": 51
    },
    "renderer": {
      "__id__": 56
    },
    "_prewarm": false,
    "_capacity": 100,
    "_simulationSpace": 1,
    "_id": ""
  },
  {
    "__type__": "cc.CompPrefabInfo",
    "fileId": "1a5XFpr71Goa79jcek6A/V"
  },
  {
    "__type__": "cc.GradientRange",
    "_mode": 0,
    "color": {
      "__type__": "cc.Color",
      "r": 255,
      "g": 134,
      "b": 3,
      "a": 255
    }
  },
  {
    "__type__": "cc.CurveRange",
    "mode": 3,
    "constantMin": 0.5,
    "constantMax": 0.3,
    "multiplier": 1
  },
  {
    "__type__": "cc.CurveRange",
    "mode": 0,
    "constant": 0,
    "multiplier": 1
  },
  {
    "__type__": "cc.CurveRange",
    "mode": 0,
    "constant": 0,
    "multiplier": 1
  },
  {
    "__type__": "cc.CurveRange",
    "mode": 0,
    "constant": 5,
    "multiplier": 1
  },
  {
    "__type__": "cc.CurveRange",
    "mode": 0,
    "constant": 0,
    "multiplier": 1
  },
  {
    "__type__": "cc.CurveRange",
    "mode": 0,
    "constant": 0,
    "multiplier": 1
  },
  {
    "__type__": "cc.CurveRange",
    "mode": 0,
    "constant": 0,
    "multiplier": 1
  },
  {
    "__type__": "cc.CurveRange",
    "mode": 0,
    "constant": 0,
    "multiplier": 1
  },
  {
    "__type__": "cc.CurveRange",
    "mode": 3,
    "constantMin": 0.1,
    "constantMax": 0.3,
    "multiplier": 1
  },
  {
    "__type__": "cc.CurveRange",
    "mode": 0,
    "constant": 0,
    "multiplier": 1
  },
  {
    "__type__": "cc.CurveRange",
    "mode": 0,
    "constant": 0,
    "multiplier": 1
  },
  {
    "__type__": "cc.CurveRange",
    "mode": 0,
    "constant": 0,
    "multiplier": 1
  },
  {
    "__type__": "cc.Burst",
    "_time": 0,
    "_repeatCount": 1,
    "repeatInterval": 1,
    "count": {
      "__id__": 19
    }
  },
  {
    "__type__": "cc.CurveRange",
    "mode": 0,
    "constant": 15,
    "multiplier": 1
  },
  {
    "__type__": "cc.ColorOvertimeModule",
    "_enable": false,
    "color": {
      "__id__": 21
    }
  },
  {
    "__type__": "cc.GradientRange",
    "_mode": 0,
    "color": {
      "__type__": "cc.Color",
      "r": 255,
      "g": 255,
      "b": 255,
      "a": 255
    }
  },
  {
    "__type__": "cc.ShapeModule",
    "_enable": true,
    "_shapeType": 3,
    "shapeType": 3,
    "emitFrom": 3,
    "alignToDirection": false,
    "randomDirectionAmount": 0,
    "sphericalDirectionAmount": 0,
    "randomPositionAmount": 0,
    "radius": 0.125,
    "radiusThickness": 0.25,
    "arcMode": 0,
    "arcSpread": 0,
    "arcSpeed": {
      "__id__": 23
    },
    "length": 5,
    "boxThickness": {
      "__type__": "cc.Vec3",
      "x": 0,
      "y": 0,
      "z": 0
    },
    "_position": {
      "__type__": "cc.Vec3",
      "x": 0,
      "y": 0,
      "z": 0
    },
    "_rotation": {
      "__type__": "cc.Vec3",
      "x": 0,
      "y": 0,
      "z": 0
    },
    "_scale": {
      "__type__": "cc.Vec3",
      "x": 1,
      "y": 1,
      "z": 1
    },
    "_arc": 6.283185307179586,
    "_angle": 0.4363323129985824
  },
  {
    "__type__": "cc.CurveRange",
    "mode": 0,
    "constant": 1,
    "multiplier": 1
  },
  {
    "__type__": "cc.SizeOvertimeModule",
    "_enable": false,
    "separateAxes": false,
    "size": {
      "__id__": 25
    },
    "x": {
      "__id__": 26
    },
    "y": {
      "__id__": 27
    },
    "z": {
      "__id__": 28
    }
  },
  {
    "__type__": "cc.CurveRange",
    "mode": 0,
    "constant": 0,
    "multiplier": 1
  },
  {
    "__type__": "cc.CurveRange",
    "mode": 0,
    "constant": 0,
    "multiplier": 1
  },
  {
    "__type__": "cc.CurveRange",
    "mode": 0,
    "constant": 0,
    "multiplier": 1
  },
  {
    "__type__": "cc.CurveRange",
    "mode": 0,
    "constant": 0,
    "multiplier": 1
  },
  {
    "__type__": "cc.VelocityOvertimeModule",
    "_enable": false,
    "x": {
      "__id__": 30
    },
    "y": {
      "__id__": 31
    },
    "z": {
      "__id__": 32
    },
    "speedModifier": {
      "__id__": 33
    },
    "space": 1
  },
  {
    "__type__": "cc.CurveRange",
    "mode": 0,
    "constant": 0,
    "multiplier": 1
  },
  {
    "__type__": "cc.CurveRange",
    "mode": 0,
    "constant": 0,
    "multiplier": 1
  },
  {
    "__type__": "cc.CurveRange",
    "mode": 0,
    "constant": 0,
    "multiplier": 1
  },
  {
    "__type__": "cc.CurveRange",
    "mode": 0,
    "constant": 1,
    "multiplier": 1
  },
  {
    "__type__": "cc.ForceOvertimeModule",
    "_enable": false,
    "x": {
      "__id__": 35
    },
    "y": {
      "__id__": 36
    },
    "z": {
      "__id__": 37
    },
    "space": 1
  },
  {
    "__type__": "cc.CurveRange",
    "mode": 0,
    "constant": 0,
    "multiplier": 1
  },
  {
    "__type__": "cc.CurveRange",
    "mode": 0,
    "constant": 0,
    "multiplier": 1
  },
  {
    "__type__": "cc.CurveRange",
    "mode": 0,
    "constant": 0,
    "multiplier": 1
  },
  {
    "__type__": "cc.LimitVelocityOvertimeModule",
    "_enable": false,
    "limitX": {
      "__id__": 39
    },
    "limitY": {
      "__id__": 40
    },
    "limitZ": {
      "__id__": 41
    },
    "limit": {
      "__id__": 42
    },
    "dampen": 3,
    "separateAxes": false,
    "space": 1
  },
  {
    "__type__": "cc.CurveRange",
    "mode": 0,
    "constant": 0,
    "multiplier": 1
  },
  {
    "__type__": "cc.CurveRange",
    "mode": 0,
    "constant": 0,
    "multiplier": 1
  },
  {
    "__type__": "cc.CurveRange",
    "mode": 0,
    "constant": 0,
    "multiplier": 1
  },
  {
    "__type__": "cc.CurveRange",
    "mode": 0,
    "constant": 0,
    "multiplier": 1
  },
  {
    "__type__": "cc.RotationOvertimeModule",
    "_enable": false,
    "_separateAxes": false,
    "x": {
      "__id__": 44
    },
    "y": {
      "__id__": 45
    },
    "z": {
      "__id__": 46
    }
  },
  {
    "__type__": "cc.CurveRange",
    "mode": 0,
    "constant": 0,
    "multiplier": 1
  },
  {
    "__type__": "cc.CurveRange",
    "mode": 0,
    "constant": 0,
    "multiplier": 1
  },
  {
    "__type__": "cc.CurveRange",
    "mode": 0,
    "constant": 0,
    "multiplier": 1
  },
  {
    "__type__": "cc.TextureAnimationModule",
    "_enable": true,
    "_numTilesX": 3,
    "numTilesX": 3,
    "_numTilesY": 3,
    "numTilesY": 3,
    "_mode": 0,
    "animation": 0,
    "frameOverTime": {
      "__id__": 48
    },
    "startFrame": {
      "__id__": 50
    },
    "cycleCount": 0,
    "_flipU": 0,
    "_flipV": 0,
    "_uvChannelMask": -1,
    "randomRow": false,
    "rowIndex": 0
  },
  {
    "__type__": "cc.CurveRange",
    "mode": 1,
    "spline": {
      "__id__": 49
    },
    "multiplier": 1
  },
  {
    "__type__": "cc.RealCurve",
    "_times": [
      0,
      1
    ],
    "_values": [
      {
        "__type__": "cc.RealKeyframeValue",
        "interpolationMode": 2,
        "tangentWeightMode": 0,
        "value": 1,
        "rightTangent": 0,
        "rightTangentWeight": 0,
        "leftTangent": 0,
        "leftTangentWeight": 0,
        "easingMethod": 0
      },
      {
        "__type__": "cc.RealKeyframeValue",
        "interpolationMode": 2,
        "tangentWeightMode": 0,
        "value": 1,
        "rightTangent": 0,
        "rightTangentWeight": 0,
        "leftTangent": 0,
        "leftTangentWeight": 0,
        "easingMethod": 0
      }
    ],
    "preExtrapolation": 1,
    "postExtrapolation": 1
  },
  {
    "__type__": "cc.CurveRange",
    "mode": 0,
    "constant": 0,
    "multiplier": 1
  },
  {
    "__type__": "cc.TrailModule",
    "_enable": false,
    "mode": 0,
    "lifeTime": {
      "__id__": 52
    },
    "_minParticleDistance": 0.1,
    "existWithParticles": true,
    "textureMode": 0,
    "widthFromParticle": true,
    "widthRatio": {
      "__id__": 53
    },
    "colorFromParticle": false,
    "colorOverTrail": {
      "__id__": 54
    },
    "colorOvertime": {
      "__id__": 55
    },
    "_space": 0,
    "_particleSystem": {
      "__id__": 3
    }
  },
  {
    "__type__": "cc.CurveRange",
    "mode": 0,
    "constant": 1,
    "multiplier": 1
  },
  {
    "__type__": "cc.CurveRange",
    "mode": 0,
    "constant": 0,
    "multiplier": 1
  },
  {
    "__type__": "cc.GradientRange",
    "_mode": 0,
    "color": {
      "__type__": "cc.Color",
      "r": 255,
      "g": 255,
      "b": 255,
      "a": 255
    }
  },
  {
    "__type__": "cc.GradientRange",
    "_mode": 0,
    "color": {
      "__type__": "cc.Color",
      "r": 255,
      "g": 255,
      "b": 255,
      "a": 255
    }
  },
  {
    "__type__": "cc.ParticleSystemRenderer",
    "_renderMode": 1,
    "_velocityScale": 1,
    "_lengthScale": -15,
    "_mesh": null,
    "_mainTexture": {
      "__uuid__": "9aaf0096-b410-426b-a65a-9b7a31096bda@6c48a",
      "__expectedType__": "cc.Texture2D"
    },
    "_useGPU": false,
    "_alignSpace": 2
  },
  {
    "__type__": "cc.PrefabInfo",
    "root": {
      "__id__": 1
    },
    "asset": {
      "__id__": 0
    },
    "fileId": "ddmC47K1ZH4K7SJ1/5sfm3"
  },
  {
    "__type__": "cc.Node",
    "_name": "Smoke",
    "_objFlags": 0,
    "_parent": {
      "__id__": 1
    },
    "_children": [],
    "_active": true,
    "_components": [
      {
        "__id__": 59
      }
    ],
    "_prefab": {
      "__id__": 118
    },
    "_lpos": {
      "__type__": "cc.Vec3",
      "x": 0,
      "y": 0,
      "z": 0
    },
    "_lrot": {
      "__type__": "cc.Quat",
      "x": 0.7071067811865475,
      "y": 0,
      "z": 0,
      "w": 0.7071067811865476
    },
    "_lscale": {
      "__type__": "cc.Vec3",
      "x": 1,
      "y": 1,
      "z": 1
    },
    "_layer": 1073741824,
    "_euler": {
      "__type__": "cc.Vec3",
      "x": 90,
      "y": 0,
      "z": 0
    },
    "_id": ""
  },
  {
    "__type__": "cc.ParticleSystem",
    "_name": "",
    "_objFlags": 0,
    "node": {
      "__id__": 58
    },
    "_enabled": true,
    "__prefab": {
      "__id__": 60
    },
    "_materials": [
      {
        "__uuid__": "1491ecb1-b549-44e6-a447-45fd67b6cc01",
        "__expectedType__": "cc.Material"
      }
    ],
    "_visFlags": 0,
    "startColor": {
      "__id__": 61
    },
    "scaleSpace": 1,
    "startSize3D": false,
    "startSizeX": {
      "__id__": 62
    },
    "startSize": {
      "__id__": 62
    },
    "startSizeY": {
      "__id__": 63
    },
    "startSizeZ": {
      "__id__": 64
    },
    "startSpeed": {
      "__id__": 65
    },
    "startRotation3D": false,
    "startRotationX": {
      "__id__": 66
    },
    "startRotationY": {
      "__id__": 67
    },
    "startRotationZ": {
      "__id__": 68
    },
    "startRotation": {
      "__id__": 68
    },
    "startDelay": {
      "__id__": 69
    },
    "startLifetime": {
      "__id__": 70
    },
    "duration": 0.1,
    "loop": false,
    "simulationSpeed": 1,
    "playOnAwake": true,
    "gravityModifier": {
      "__id__": 71
    },
    "rateOverTime": {
      "__id__": 72
    },
    "rateOverDistance": {
      "__id__": 73
    },
    "bursts": [
      {
        "__id__": 74
      }
    ],
    "_renderCulling": false,
    "_cullingMode": 0,
    "_aabbHalfX": 0,
    "_aabbHalfY": 0,
    "_aabbHalfZ": 0,
    "_dataCulling": false,
    "enableCulling": false,
    "_colorOverLifetimeModule": {
      "__id__": 76
    },
    "_shapeModule": {
      "__id__": 83
    },
    "_sizeOvertimeModule": {
      "__id__": 85
    },
    "_velocityOvertimeModule": {
      "__id__": 90
    },
    "_forceOvertimeModule": {
      "__id__": 95
    },
    "_limitVelocityOvertimeModule": {
      "__id__": 99
    },
    "_rotationOvertimeModule": {
      "__id__": 104
    },
    "_textureAnimationModule": {
      "__id__": 108
    },
    "_trailModule": {
      "__id__": 112
    },
    "renderer": {
      "__id__": 117
    },
    "_prewarm": false,
    "_capacity": 100,
    "_simulationSpace": 1,
    "_id": ""
  },
  {
    "__type__": "cc.CompPrefabInfo",
    "fileId": "98W1MkTLZEdphH7O84NDja"
  },
  {
    "__type__": "cc.GradientRange",
    "_mode": 0,
    "color": {
      "__type__": "cc.Color",
      "r": 0,
      "g": 0,
      "b": 0,
      "a": 255
    }
  },
  {
    "__type__": "cc.CurveRange",
    "mode": 3,
    "constantMin": 2,
    "constantMax": 1,
    "multiplier": 1
  },
  {
    "__type__": "cc.CurveRange",
    "mode": 0,
    "constant": 0,
    "multiplier": 1
  },
  {
    "__type__": "cc.CurveRange",
    "mode": 0,
    "constant": 0,
    "multiplier": 1
  },
  {
    "__type__": "cc.CurveRange",
    "mode": 0,
    "constant": 1,
    "multiplier": 1
  },
  {
    "__type__": "cc.CurveRange",
    "mode": 0,
    "constant": 0,
    "multiplier": 1
  },
  {
    "__type__": "cc.CurveRange",
    "mode": 0,
    "constant": 0,
    "multiplier": 1
  },
  {
    "__type__": "cc.CurveRange",
    "mode": 0,
    "constant": 0,
    "multiplier": 1
  },
  {
    "__type__": "cc.CurveRange",
    "mode": 0,
    "constant": 0,
    "multiplier": 1
  },
  {
    "__type__": "cc.CurveRange",
    "mode": 3,
    "constantMin": 0.1,
    "constantMax": 0.3,
    "multiplier": 1
  },
  {
    "__type__": "cc.CurveRange",
    "mode": 0,
    "constant": 0,
    "multiplier": 1
  },
  {
    "__type__": "cc.CurveRange",
    "mode": 0,
    "constant": 0,
    "multiplier": 1
  },
  {
    "__type__": "cc.CurveRange",
    "mode": 0,
    "constant": 0,
    "multiplier": 1
  },
  {
    "__type__": "cc.Burst",
    "_time": 0,
    "_repeatCount": 1,
    "repeatInterval": 1,
    "count": {
      "__id__": 75
    }
  },
  {
    "__type__": "cc.CurveRange",
    "mode": 0,
    "constant": 5,
    "multiplier": 1
  },
  {
    "__type__": "cc.ColorOvertimeModule",
    "_enable": true,
    "color": {
      "__id__": 77
    }
  },
  {
    "__type__": "cc.GradientRange",
    "_mode": 1,
    "gradient": {
      "__id__": 78
    }
  },
  {
    "__type__": "cc.Gradient",
    "colorKeys": [
      {
        "__id__": 79
      },
      {
        "__id__": 80
      }
    ],
    "alphaKeys": [
      {
        "__id__": 81
      },
      {
        "__id__": 82
      }
    ],
    "mode": 0
  },
  {
    "__type__": "cc.ColorKey",
    "color": {
      "__type__": "cc.Color",
      "r": 255,
      "g": 255,
      "b": 255,
      "a": 255
    },
    "time": 0
  },
  {
    "__type__": "cc.ColorKey",
    "color": {
      "__type__": "cc.Color",
      "r": 255,
      "g": 255,
      "b": 255,
      "a": 255
    },
    "time": 1
  },
  {
    "__type__": "cc.AlphaKey",
    "alpha": 255,
    "time": 0
  },
  {
    "__type__": "cc.AlphaKey",
    "alpha": 0,
    "time": 1
  },
  {
    "__type__": "cc.ShapeModule",
    "_enable": true,
    "_shapeType": 3,
    "shapeType": 3,
    "emitFrom": 3,
    "alignToDirection": false,
    "randomDirectionAmount": 0,
    "sphericalDirectionAmount": 0,
    "randomPositionAmount": 0,
    "radius": 1,
    "radiusThickness": 1,
    "arcMode": 0,
    "arcSpread": 0,
    "arcSpeed": {
      "__id__": 84
    },
    "length": 5,
    "boxThickness": {
      "__type__": "cc.Vec3",
      "x": 0,
      "y": 0,
      "z": 0
    },
    "_position": {
      "__type__": "cc.Vec3",
      "x": 0,
      "y": 0,
      "z": 0
    },
    "_rotation": {
      "__type__": "cc.Vec3",
      "x": 0,
      "y": 0,
      "z": 0
    },
    "_scale": {
      "__type__": "cc.Vec3",
      "x": 1,
      "y": 1,
      "z": 1
    },
    "_arc": 6.283185307179586,
    "_angle": 0.4363323129985824
  },
  {
    "__type__": "cc.CurveRange",
    "mode": 0,
    "constant": 1,
    "multiplier": 1
  },
  {
    "__type__": "cc.SizeOvertimeModule",
    "_enable": false,
    "separateAxes": false,
    "size": {
      "__id__": 86
    },
    "x": {
      "__id__": 87
    },
    "y": {
      "__id__": 88
    },
    "z": {
      "__id__": 89
    }
  },
  {
    "__type__": "cc.CurveRange",
    "mode": 0,
    "constant": 0,
    "multiplier": 1
  },
  {
    "__type__": "cc.CurveRange",
    "mode": 0,
    "constant": 0,
    "multiplier": 1
  },
  {
    "__type__": "cc.CurveRange",
    "mode": 0,
    "constant": 0,
    "multiplier": 1
  },
  {
    "__type__": "cc.CurveRange",
    "mode": 0,
    "constant": 0,
    "multiplier": 1
  },
  {
    "__type__": "cc.VelocityOvertimeModule",
    "_enable": false,
    "x": {
      "__id__": 91
    },
    "y": {
      "__id__": 92
    },
    "z": {
      "__id__": 93
    },
    "speedModifier": {
      "__id__": 94
    },
    "space": 1
  },
  {
    "__type__": "cc.CurveRange",
    "mode": 0,
    "constant": 0,
    "multiplier": 1
  },
  {
    "__type__": "cc.CurveRange",
    "mode": 0,
    "constant": 0,
    "multiplier": 1
  },
  {
    "__type__": "cc.CurveRange",
    "mode": 0,
    "constant": 0,
    "multiplier": 1
  },
  {
    "__type__": "cc.CurveRange",
    "mode": 0,
    "constant": 1,
    "multiplier": 1
  },
  {
    "__type__": "cc.ForceOvertimeModule",
    "_enable": false,
    "x": {
      "__id__": 96
    },
    "y": {
      "__id__": 97
    },
    "z": {
      "__id__": 98
    },
    "space": 1
  },
  {
    "__type__": "cc.CurveRange",
    "mode": 0,
    "constant": 0,
    "multiplier": 1
  },
  {
    "__type__": "cc.CurveRange",
    "mode": 0,
    "constant": 0,
    "multiplier": 1
  },
  {
    "__type__": "cc.CurveRange",
    "mode": 0,
    "constant": 0,
    "multiplier": 1
  },
  {
    "__type__": "cc.LimitVelocityOvertimeModule",
    "_enable": false,
    "limitX": {
      "__id__": 100
    },
    "limitY": {
      "__id__": 101
    },
    "limitZ": {
      "__id__": 102
    },
    "limit": {
      "__id__": 103
    },
    "dampen": 3,
    "separateAxes": false,
    "space": 1
  },
  {
    "__type__": "cc.CurveRange",
    "mode": 0,
    "constant": 0,
    "multiplier": 1
  },
  {
    "__type__": "cc.CurveRange",
    "mode": 0,
    "constant": 0,
    "multiplier": 1
  },
  {
    "__type__": "cc.CurveRange",
    "mode": 0,
    "constant": 0,
    "multiplier": 1
  },
  {
    "__type__": "cc.CurveRange",
    "mode": 0,
    "constant": 0,
    "multiplier": 1
  },
  {
    "__type__": "cc.RotationOvertimeModule",
    "_enable": false,
    "_separateAxes": false,
    "x": {
      "__id__": 105
    },
    "y": {
      "__id__": 106
    },
    "z": {
      "__id__": 107
    }
  },
  {
    "__type__": "cc.CurveRange",
    "mode": 0,
    "constant": 0,
    "multiplier": 1
  },
  {
    "__type__": "cc.CurveRange",
    "mode": 0,
    "constant": 0,
    "multiplier": 1
  },
  {
    "__type__": "cc.CurveRange",
    "mode": 0,
    "constant": 0,
    "multiplier": 1
  },
  {
    "__type__": "cc.TextureAnimationModule",
    "_enable": true,
    "_numTilesX": 4,
    "numTilesX": 4,
    "_numTilesY": 4,
    "numTilesY": 4,
    "_mode": 0,
    "animation": 0,
    "frameOverTime": {
      "__id__": 109
    },
    "startFrame": {
      "__id__": 111
    },
    "cycleCount": 1,
    "_flipU": 0,
    "_flipV": 0,
    "_uvChannelMask": -1,
    "randomRow": false,
    "rowIndex": 0
  },
  {
    "__type__": "cc.CurveRange",
    "mode": 1,
    "spline": {
      "__id__": 110
    },
    "multiplier": 1
  },
  {
    "__type__": "cc.RealCurve",
    "_times": [
      0,
      1
    ],
    "_values": [
      {
        "__type__": "cc.RealKeyframeValue",
        "interpolationMode": 0,
        "tangentWeightMode": 0,
        "value": 0,
        "rightTangent": 1,
        "rightTangentWeight": 1,
        "leftTangent": 1,
        "leftTangentWeight": 1,
        "easingMethod": 0
      },
      {
        "__type__": "cc.RealKeyframeValue",
        "interpolationMode": 0,
        "tangentWeightMode": 0,
        "value": 1,
        "rightTangent": 1,
        "rightTangentWeight": 1,
        "leftTangent": 1,
        "leftTangentWeight": 1,
        "easingMethod": 0
      }
    ],
    "preExtrapolation": 1,
    "postExtrapolation": 1
  },
  {
    "__type__": "cc.CurveRange",
    "mode": 0,
    "constant": 0,
    "multiplier": 1
  },
  {
    "__type__": "cc.TrailModule",
    "_enable": false,
    "mode": 0,
    "lifeTime": {
      "__id__": 113
    },
    "_minParticleDistance": 0.1,
    "existWithParticles": true,
    "textureMode": 0,
    "widthFromParticle": true,
    "widthRatio": {
      "__id__": 114
    },
    "colorFromParticle": false,
    "colorOverTrail": {
      "__id__": 115
    },
    "colorOvertime": {
      "__id__": 116
    },
    "_space": 0,
    "_particleSystem": {
      "__id__": 59
    }
  },
  {
    "__type__": "cc.CurveRange",
    "mode": 0,
    "constant": 1,
    "multiplier": 1
  },
  {
    "__type__": "cc.CurveRange",
    "mode": 0,
    "constant": 0,
    "multiplier": 1
  },
  {
    "__type__": "cc.GradientRange",
    "_mode": 0,
    "color": {
      "__type__": "cc.Color",
      "r": 255,
      "g": 255,
      "b": 255,
      "a": 255
    }
  },
  {
    "__type__": "cc.GradientRange",
    "_mode": 0,
    "color": {
      "__type__": "cc.Color",
      "r": 255,
      "g": 255,
      "b": 255,
      "a": 255
    }
  },
  {
    "__type__": "cc.ParticleSystemRenderer",
    "_renderMode": 0,
    "_velocityScale": 1,
    "_lengthScale": -15,
    "_mesh": null,
    "_mainTexture": {
      "__uuid__": "24a45faf-5b18-4187-9937-9f985310e553@6c48a",
      "__expectedType__": "cc.Texture2D"
    },
    "_useGPU": false,
    "_alignSpace": 2
  },
  {
    "__type__": "cc.PrefabInfo",
    "root": {
      "__id__": 1
    },
    "asset": {
      "__id__": 0
    },
    "fileId": "bbz6s1pE1ABrEsfn2pOoO8"
  },
  {
    "__type__": "cc.Node",
    "_name": "FireBall",
    "_objFlags": 0,
    "_parent": {
      "__id__": 1
    },
    "_children": [],
    "_active": true,
    "_components": [
      {
        "__id__": 120
      }
    ],
    "_prefab": {
      "__id__": 178
    },
    "_lpos": {
      "__type__": "cc.Vec3",
      "x": 0,
      "y": 0,
      "z": 0
    },
    "_lrot": {
      "__type__": "cc.Quat",
      "x": 0.7071067811865475,
      "y": 0,
      "z": 0,
      "w": 0.7071067811865476
    },
    "_lscale": {
      "__type__": "cc.Vec3",
      "x": 1,
      "y": 1,
      "z": 1
    },
    "_layer": 1073741824,
    "_euler": {
      "__type__": "cc.Vec3",
      "x": 90,
      "y": 0,
      "z": 0
    },
    "_id": ""
  },
  {
    "__type__": "cc.ParticleSystem",
    "_name": "",
    "_objFlags": 0,
    "node": {
      "__id__": 119
    },
    "_enabled": true,
    "__prefab": {
      "__id__": 121
    },
    "_materials": [
      {
        "__uuid__": "929427f5-080c-478d-8788-57048e9619b7",
        "__expectedType__": "cc.Material"
      }
    ],
    "_visFlags": 0,
    "startColor": {
      "__id__": 122
    },
    "scaleSpace": 1,
    "startSize3D": false,
    "startSizeX": {
      "__id__": 123
    },
    "startSize": {
      "__id__": 123
    },
    "startSizeY": {
      "__id__": 124
    },
    "startSizeZ": {
      "__id__": 125
    },
    "startSpeed": {
      "__id__": 126
    },
    "startRotation3D": false,
    "startRotationX": {
      "__id__": 127
    },
    "startRotationY": {
      "__id__": 128
    },
    "startRotationZ": {
      "__id__": 129
    },
    "startRotation": {
      "__id__": 129
    },
    "startDelay": {
      "__id__": 130
    },
    "startLifetime": {
      "__id__": 131
    },
    "duration": 0.1,
    "loop": false,
    "simulationSpeed": 1,
    "playOnAwake": true,
    "gravityModifier": {
      "__id__": 132
    },
    "rateOverTime": {
      "__id__": 133
    },
    "rateOverDistance": {
      "__id__": 134
    },
    "bursts": [
      {
        "__id__": 135
      }
    ],
    "_renderCulling": false,
    "_cullingMode": 0,
    "_aabbHalfX": 0,
    "_aabbHalfY": 0,
    "_aabbHalfZ": 0,
    "_dataCulling": false,
    "enableCulling": false,
    "_colorOverLifetimeModule": {
      "__id__": 137
    },
    "_shapeModule": {
      "__id__": 143
    },
    "_sizeOvertimeModule": {
      "__id__": 145
    },
    "_velocityOvertimeModule": {
      "__id__": 150
    },
    "_forceOvertimeModule": {
      "__id__": 155
    },
    "_limitVelocityOvertimeModule": {
      "__id__": 159
    },
    "_rotationOvertimeModule": {
      "__id__": 164
    },
    "_textureAnimationModule": {
      "__id__": 168
    },
    "_trailModule": {
      "__id__": 172
    },
    "renderer": {
      "__id__": 177
    },
    "_prewarm": false,
    "_capacity": 100,
    "_simulationSpace": 1,
    "_id": ""
  },
  {
    "__type__": "cc.CompPrefabInfo",
    "fileId": "3e8xvzsxhFxZvZjhC6cvgn"
  },
  {
    "__type__": "cc.GradientRange",
    "_mode": 0,
    "color": {
      "__type__": "cc.Color",
      "r": 255,
      "g": 255,
      "b": 255,
      "a": 255
    }
  },
  {
    "__type__": "cc.CurveRange",
    "mode": 3,
    "constantMin": 3,
    "constantMax": 1,
    "multiplier": 1
  },
  {
    "__type__": "cc.CurveRange",
    "mode": 0,
    "constant": 0,
    "multiplier": 1
  },
  {
    "__type__": "cc.CurveRange",
    "mode": 0,
    "constant": 0,
    "multiplier": 1
  },
  {
    "__type__": "cc.CurveRange",
    "mode": 0,
    "constant": 1,
    "multiplier": 1
  },
  {
    "__type__": "cc.CurveRange",
    "mode": 0,
    "constant": 0,
    "multiplier": 1
  },
  {
    "__type__": "cc.CurveRange",
    "mode": 0,
    "constant": 0,
    "multiplier": 1
  },
  {
    "__type__": "cc.CurveRange",
    "mode": 3,
    "constantMin": 0,
    "constantMax": 4.71238898038469,
    "multiplier": 1
  },
  {
    "__type__": "cc.CurveRange",
    "mode": 0,
    "constant": 0,
    "multiplier": 1
  },
  {
    "__type__": "cc.CurveRange",
    "mode": 3,
    "constantMin": 0.1,
    "constantMax": 0.3,
    "multiplier": 1
  },
  {
    "__type__": "cc.CurveRange",
    "mode": 0,
    "constant": 0,
    "multiplier": 1
  },
  {
    "__type__": "cc.CurveRange",
    "mode": 0,
    "constant": 0,
    "multiplier": 1
  },
  {
    "__type__": "cc.CurveRange",
    "mode": 0,
    "constant": 0,
    "multiplier": 1
  },
  {
    "__type__": "cc.Burst",
    "_time": 0,
    "_repeatCount": 1,
    "repeatInterval": 1,
    "count": {
      "__id__": 136
    }
  },
  {
    "__type__": "cc.CurveRange",
    "mode": 0,
    "constant": 2,
    "multiplier": 1
  },
  {
    "__type__": "cc.ColorOvertimeModule",
    "_enable": true,
    "color": {
      "__id__": 138
    }
  },
  {
    "__type__": "cc.GradientRange",
    "_mode": 1,
    "gradient": {
      "__id__": 139
    }
  },
  {
    "__type__": "cc.Gradient",
    "colorKeys": [
      {
        "__id__": 140
      },
      {
        "__id__": 141
      },
      {
        "__id__": 142
      }
    ],
    "alphaKeys": [],
    "mode": 0
  },
  {
    "__type__": "cc.ColorKey",
    "color": {
      "__type__": "cc.Color",
      "r": 255,
      "g": 255,
      "b": 255,
      "a": 255
    },
    "time": 0
  },
  {
    "__type__": "cc.ColorKey",
    "color": {
      "__type__": "cc.Color",
      "r": 255,
      "g": 227,
      "b": 49,
      "a": 255
    },
    "time": 0.4955357142857143
  },
  {
    "__type__": "cc.ColorKey",
    "color": {
      "__type__": "cc.Color",
      "r": 255,
      "g": 81,
      "b": 0,
      "a": 255
    },
    "time": 1
  },
  {
    "__type__": "cc.ShapeModule",
    "_enable": true,
    "_shapeType": 3,
    "shapeType": 3,
    "emitFrom": 3,
    "alignToDirection": false,
    "randomDirectionAmount": 0,
    "sphericalDirectionAmount": 0,
    "randomPositionAmount": 0,
    "radius": 1,
    "radiusThickness": 1,
    "arcMode": 0,
    "arcSpread": 0,
    "arcSpeed": {
      "__id__": 144
    },
    "length": 5,
    "boxThickness": {
      "__type__": "cc.Vec3",
      "x": 0,
      "y": 0,
      "z": 0
    },
    "_position": {
      "__type__": "cc.Vec3",
      "x": 0,
      "y": 0,
      "z": 0
    },
    "_rotation": {
      "__type__": "cc.Vec3",
      "x": 0,
      "y": 0,
      "z": 0
    },
    "_scale": {
      "__type__": "cc.Vec3",
      "x": 1,
      "y": 1,
      "z": 1
    },
    "_arc": 6.283185307179586,
    "_angle": 0.4363323129985824
  },
  {
    "__type__": "cc.CurveRange",
    "mode": 0,
    "constant": 1,
    "multiplier": 1
  },
  {
    "__type__": "cc.SizeOvertimeModule",
    "_enable": false,
    "separateAxes": false,
    "size": {
      "__id__": 146
    },
    "x": {
      "__id__": 147
    },
    "y": {
      "__id__": 148
    },
    "z": {
      "__id__": 149
    }
  },
  {
    "__type__": "cc.CurveRange",
    "mode": 0,
    "constant": 0,
    "multiplier": 1
  },
  {
    "__type__": "cc.CurveRange",
    "mode": 0,
    "constant": 0,
    "multiplier": 1
  },
  {
    "__type__": "cc.CurveRange",
    "mode": 0,
    "constant": 0,
    "multiplier": 1
  },
  {
    "__type__": "cc.CurveRange",
    "mode": 0,
    "constant": 0,
    "multiplier": 1
  },
  {
    "__type__": "cc.VelocityOvertimeModule",
    "_enable": false,
    "x": {
      "__id__": 151
    },
    "y": {
      "__id__": 152
    },
    "z": {
      "__id__": 153
    },
    "speedModifier": {
      "__id__": 154
    },
    "space": 1
  },
  {
    "__type__": "cc.CurveRange",
    "mode": 0,
    "constant": 0,
    "multiplier": 1
  },
  {
    "__type__": "cc.CurveRange",
    "mode": 0,
    "constant": 0,
    "multiplier": 1
  },
  {
    "__type__": "cc.CurveRange",
    "mode": 0,
    "constant": 0,
    "multiplier": 1
  },
  {
    "__type__": "cc.CurveRange",
    "mode": 0,
    "constant": 1,
    "multiplier": 1
  },
  {
    "__type__": "cc.ForceOvertimeModule",
    "_enable": false,
    "x": {
      "__id__": 156
    },
    "y": {
      "__id__": 157
    },
    "z": {
      "__id__": 158
    },
    "space": 1
  },
  {
    "__type__": "cc.CurveRange",
    "mode": 0,
    "constant": 0,
    "multiplier": 1
  },
  {
    "__type__": "cc.CurveRange",
    "mode": 0,
    "constant": 0,
    "multiplier": 1
  },
  {
    "__type__": "cc.CurveRange",
    "mode": 0,
    "constant": 0,
    "multiplier": 1
  },
  {
    "__type__": "cc.LimitVelocityOvertimeModule",
    "_enable": false,
    "limitX": {
      "__id__": 160
    },
    "limitY": {
      "__id__": 161
    },
    "limitZ": {
      "__id__": 162
    },
    "limit": {
      "__id__": 163
    },
    "dampen": 3,
    "separateAxes": false,
    "space": 1
  },
  {
    "__type__": "cc.CurveRange",
    "mode": 0,
    "constant": 0,
    "multiplier": 1
  },
  {
    "__type__": "cc.CurveRange",
    "mode": 0,
    "constant": 0,
    "multiplier": 1
  },
  {
    "__type__": "cc.CurveRange",
    "mode": 0,
    "constant": 0,
    "multiplier": 1
  },
  {
    "__type__": "cc.CurveRange",
    "mode": 0,
    "constant": 0,
    "multiplier": 1
  },
  {
    "__type__": "cc.RotationOvertimeModule",
    "_enable": false,
    "_separateAxes": false,
    "x": {
      "__id__": 165
    },
    "y": {
      "__id__": 166
    },
    "z": {
      "__id__": 167
    }
  },
  {
    "__type__": "cc.CurveRange",
    "mode": 0,
    "constant": 0,
    "multiplier": 1
  },
  {
    "__type__": "cc.CurveRange",
    "mode": 0,
    "constant": 0,
    "multiplier": 1
  },
  {
    "__type__": "cc.CurveRange",
    "mode": 0,
    "constant": 0,
    "multiplier": 1
  },
  {
    "__type__": "cc.TextureAnimationModule",
    "_enable": true,
    "_numTilesX": 3,
    "numTilesX": 3,
    "_numTilesY": 3,
    "numTilesY": 3,
    "_mode": 0,
    "animation": 0,
    "frameOverTime": {
      "__id__": 169
    },
    "startFrame": {
      "__id__": 171
    },
    "cycleCount": 1,
    "_flipU": 0,
    "_flipV": 0,
    "_uvChannelMask": -1,
    "randomRow": false,
    "rowIndex": 0
  },
  {
    "__type__": "cc.CurveRange",
    "mode": 1,
    "spline": {
      "__id__": 170
    },
    "multiplier": 1
  },
  {
    "__type__": "cc.RealCurve",
    "_times": [
      0,
      1
    ],
    "_values": [
      {
        "__type__": "cc.RealKeyframeValue",
        "interpolationMode": 0,
        "tangentWeightMode": 0,
        "value": 0,
        "rightTangent": 1,
        "rightTangentWeight": 1,
        "leftTangent": 1,
        "leftTangentWeight": 1,
        "easingMethod": 0
      },
      {
        "__type__": "cc.RealKeyframeValue",
        "interpolationMode": 0,
        "tangentWeightMode": 0,
        "value": 1,
        "rightTangent": 1,
        "rightTangentWeight": 1,
        "leftTangent": 1,
        "leftTangentWeight": 1,
        "easingMethod": 0
      }
    ],
    "preExtrapolation": 1,
    "postExtrapolation": 1
  },
  {
    "__type__": "cc.CurveRange",
    "mode": 0,
    "constant": 0,
    "multiplier": 1
  },
  {
    "__type__": "cc.TrailModule",
    "_enable": false,
    "mode": 0,
    "lifeTime": {
      "__id__": 173
    },
    "_minParticleDistance": 0.1,
    "existWithParticles": true,
    "textureMode": 0,
    "widthFromParticle": true,
    "widthRatio": {
      "__id__": 174
    },
    "colorFromParticle": false,
    "colorOverTrail": {
      "__id__": 175
    },
    "colorOvertime": {
      "__id__": 176
    },
    "_space": 0,
    "_particleSystem": {
      "__id__": 120
    }
  },
  {
    "__type__": "cc.CurveRange",
    "mode": 0,
    "constant": 1,
    "multiplier": 1
  },
  {
    "__type__": "cc.CurveRange",
    "mode": 0,
    "constant": 0,
    "multiplier": 1
  },
  {
    "__type__": "cc.GradientRange",
    "_mode": 0,
    "color": {
      "__type__": "cc.Color",
      "r": 255,
      "g": 255,
      "b": 255,
      "a": 255
    }
  },
  {
    "__type__": "cc.GradientRange",
    "_mode": 0,
    "color": {
      "__type__": "cc.Color",
      "r": 255,
      "g": 255,
      "b": 255,
      "a": 255
    }
  },
  {
    "__type__": "cc.ParticleSystemRenderer",
    "_renderMode": 0,
    "_velocityScale": 1,
    "_lengthScale": -15,
    "_mesh": null,
    "_mainTexture": {
      "__uuid__": "4d724fd5-ccc2-4425-aad4-c132699ff292@6c48a",
      "__expectedType__": "cc.Texture2D"
    },
    "_useGPU": false,
    "_alignSpace": 2
  },
  {
    "__type__": "cc.PrefabInfo",
    "root": {
      "__id__": 1
    },
    "asset": {
      "__id__": 0
    },
    "fileId": "8dhtG/vBFB6YXR4v1CwjwD"
  },
  {
    "__type__": "cc.ParticleSystem",
    "_name": "",
    "_objFlags": 0,
    "node": {
      "__id__": 1
    },
    "_enabled": true,
    "__prefab": {
      "__id__": 180
    },
    "_materials": [
      {
        "__uuid__": "ea7478b0-408d-4052-b703-f0d2355e095f",
        "__expectedType__": "cc.Material"
      }
    ],
    "_visFlags": 0,
    "startColor": {
      "__id__": 181
    },
    "scaleSpace": 1,
    "startSize3D": false,
    "startSizeX": {
      "__id__": 182
    },
    "startSize": {
      "__id__": 182
    },
    "startSizeY": {
      "__id__": 183
    },
    "startSizeZ": {
      "__id__": 184
    },
    "startSpeed": {
      "__id__": 185
    },
    "startRotation3D": false,
    "startRotationX": {
      "__id__": 186
    },
    "startRotationY": {
      "__id__": 187
    },
    "startRotationZ": {
      "__id__": 188
    },
    "startRotation": {
      "__id__": 188
    },
    "startDelay": {
      "__id__": 189
    },
    "startLifetime": {
      "__id__": 190
    },
    "duration": 0.1,
    "loop": false,
    "simulationSpeed": 1,
    "playOnAwake": true,
    "gravityModifier": {
      "__id__": 191
    },
    "rateOverTime": {
      "__id__": 192
    },
    "rateOverDistance": {
      "__id__": 193
    },
    "bursts": [
      {
        "__id__": 194
      }
    ],
    "_renderCulling": false,
    "_cullingMode": 0,
    "_aabbHalfX": 0,
    "_aabbHalfY": 0,
    "_aabbHalfZ": 0,
    "_dataCulling": false,
    "enableCulling": false,
    "_colorOverLifetimeModule": {
      "__id__": 196
    },
    "_shapeModule": {
      "__id__": 205
    },
    "_sizeOvertimeModule": {
      "__id__": 207
    },
    "_velocityOvertimeModule": {
      "__id__": 213
    },
    "_forceOvertimeModule": {
      "__id__": 218
    },
    "_limitVelocityOvertimeModule": {
      "__id__": 222
    },
    "_rotationOvertimeModule": {
      "__id__": 227
    },
    "_textureAnimationModule": {
      "__id__": 231
    },
    "_trailModule": {
      "__id__": 235
    },
    "renderer": {
      "__id__": 240
    },
    "_prewarm": false,
    "_capacity": 100,
    "_simulationSpace": 1,
    "_id": ""
  },
  {
    "__type__": "cc.CompPrefabInfo",
    "fileId": "7fj9l9lHtIto1yJR03fBry"
  },
  {
    "__type__": "cc.GradientRange",
    "_mode": 0,
    "color": {
      "__type__": "cc.Color",
      "r": 255,
      "g": 255,
      "b": 255,
      "a": 255
    }
  },
  {
    "__type__": "cc.CurveRange",
    "mode": 0,
    "constant": 4,
    "multiplier": 1
  },
  {
    "__type__": "cc.CurveRange",
    "mode": 0,
    "constant": 0,
    "multiplier": 1
  },
  {
    "__type__": "cc.CurveRange",
    "mode": 0,
    "constant": 0,
    "multiplier": 1
  },
  {
    "__type__": "cc.CurveRange",
    "mode": 0,
    "constant": 0,
    "multiplier": 1
  },
  {
    "__type__": "cc.CurveRange",
    "mode": 0,
    "constant": 0,
    "multiplier": 1
  },
  {
    "__type__": "cc.CurveRange",
    "mode": 0,
    "constant": 0,
    "multiplier": 1
  },
  {
    "__type__": "cc.CurveRange",
    "mode": 0,
    "constant": 0,
    "multiplier": 1
  },
  {
    "__type__": "cc.CurveRange",
    "mode": 0,
    "constant": 0,
    "multiplier": 1
  },
  {
    "__type__": "cc.CurveRange",
    "mode": 0,
    "constant": 0.12,
    "multiplier": 1
  },
  {
    "__type__": "cc.CurveRange",
    "mode": 0,
    "constant": 0,
    "multiplier": 1
  },
  {
    "__type__": "cc.CurveRange",
    "mode": 0,
    "constant": 1,
    "multiplier": 1
  },
  {
    "__type__": "cc.CurveRange",
    "mode": 0,
    "constant": 0,
    "multiplier": 1
  },
  {
    "__type__": "cc.Burst",
    "_time": 0,
    "_repeatCount": 1,
    "repeatInterval": 1,
    "count": {
      "__id__": 195
    }
  },
  {
    "__type__": "cc.CurveRange",
    "mode": 0,
    "constant": 0,
    "multiplier": 1
  },
  {
    "__type__": "cc.ColorOvertimeModule",
    "_enable": true,
    "color": {
      "__id__": 197
    }
  },
  {
    "__type__": "cc.GradientRange",
    "_mode": 1,
    "gradient": {
      "__id__": 198
    }
  },
  {
    "__type__": "cc.Gradient",
    "colorKeys": [
      {
        "__id__": 199
      },
      {
        "__id__": 200
      },
      {
        "__id__": 201
      },
      {
        "__id__": 202
      },
      {
        "__id__": 203
      }
    ],
    "alphaKeys": [
      {
        "__id__": 204
      }
    ],
    "mode": 0
  },
  {
    "__type__": "cc.ColorKey",
    "color": {
      "__type__": "cc.Color",
      "r": 135,
      "g": 4,
      "b": 0,
      "a": 255
    },
    "time": 0.004464285714285714
  },
  {
    "__type__": "cc.ColorKey",
    "color": {
      "__type__": "cc.Color",
      "r": 191,
      "g": 15,
      "b": 0,
      "a": 255
    },
    "time": 0.359375
  },
  {
    "__type__": "cc.ColorKey",
    "color": {
      "__type__": "cc.Color",
      "r": 255,
      "g": 184,
      "b": 0,
      "a": 255
    },
    "time": 0.47767857142857145
  },
  {
    "__type__": "cc.ColorKey",
    "color": {
      "__type__": "cc.Color",
      "r": 255,
      "g": 243,
      "b": 0,
      "a": 255
    },
    "time": 0.7120535714285714
  },
  {
    "__type__": "cc.ColorKey",
    "color": {
      "__type__": "cc.Color",
      "r": 255,
      "g": 255,
      "b": 255,
      "a": 255
    },
    "time": 0.9955357142857143
  },
  {
    "__type__": "cc.AlphaKey",
    "alpha": 255,
    "time": 0
  },
  {
    "__type__": "cc.ShapeModule",
    "_enable": false,
    "_shapeType": 2,
    "shapeType": 2,
    "emitFrom": 0,
    "alignToDirection": false,
    "randomDirectionAmount": 0,
    "sphericalDirectionAmount": 0,
    "randomPositionAmount": 0,
    "radius": 1,
    "radiusThickness": 1,
    "arcMode": 0,
    "arcSpread": 0,
    "arcSpeed": {
      "__id__": 206
    },
    "length": 5,
    "boxThickness": {
      "__type__": "cc.Vec3",
      "x": 0,
      "y": 0,
      "z": 0
    },
    "_position": {
      "__type__": "cc.Vec3",
      "x": 0,
      "y": 0,
      "z": 0
    },
    "_rotation": {
      "__type__": "cc.Vec3",
      "x": 0,
      "y": 0,
      "z": 0
    },
    "_scale": {
      "__type__": "cc.Vec3",
      "x": 1,
      "y": 1,
      "z": 1
    },
    "_arc": 6.283185307179586,
    "_angle": 0.4363323129985824
  },
  {
    "__type__": "cc.CurveRange",
    "mode": 0,
    "constant": 1,
    "multiplier": 1
  },
  {
    "__type__": "cc.SizeOvertimeModule",
    "_enable": true,
    "separateAxes": false,
    "size": {
      "__id__": 208
    },
    "x": {
      "__id__": 210
    },
    "y": {
      "__id__": 211
    },
    "z": {
      "__id__": 212
    }
  },
  {
    "__type__": "cc.CurveRange",
    "mode": 1,
    "spline": {
      "__id__": 209
    },
    "multiplier": 1
  },
  {
    "__type__": "cc.RealCurve",
    "_times": [
      0,
      1
    ],
    "_values": [
      {
        "__type__": "cc.RealKeyframeValue",
        "interpolationMode": 2,
        "tangentWeightMode": 0,
        "value": 0,
        "rightTangent": 2.7004830917874396,
        "rightTangentWeight": 1,
        "leftTangent": 2.7004830917874396,
        "leftTangentWeight": 1,
        "easingMethod": 0
      },
      {
        "__type__": "cc.RealKeyframeValue",
        "interpolationMode": 2,
        "tangentWeightMode": 0,
        "value": 1,
        "rightTangent": 0.0641975308641976,
        "rightTangentWeight": 1,
        "leftTangent": 0.0641975308641976,
        "leftTangentWeight": 1,
        "easingMethod": 0
      }
    ],
    "preExtrapolation": 1,
    "postExtrapolation": 1
  },
  {
    "__type__": "cc.CurveRange",
    "mode": 0,
    "constant": 0,
    "multiplier": 1
  },
  {
    "__type__": "cc.CurveRange",
    "mode": 0,
    "constant": 0,
    "multiplier": 1
  },
  {
    "__type__": "cc.CurveRange",
    "mode": 0,
    "constant": 0,
    "multiplier": 1
  },
  {
    "__type__": "cc.VelocityOvertimeModule",
    "_enable": false,
    "x": {
      "__id__": 214
    },
    "y": {
      "__id__": 215
    },
    "z": {
      "__id__": 216
    },
    "speedModifier": {
      "__id__": 217
    },
    "space": 1
  },
  {
    "__type__": "cc.CurveRange",
    "mode": 0,
    "constant": 0,
    "multiplier": 1
  },
  {
    "__type__": "cc.CurveRange",
    "mode": 0,
    "constant": 0,
    "multiplier": 1
  },
  {
    "__type__": "cc.CurveRange",
    "mode": 0,
    "constant": 0,
    "multiplier": 1
  },
  {
    "__type__": "cc.CurveRange",
    "mode": 0,
    "constant": 1,
    "multiplier": 1
  },
  {
    "__type__": "cc.ForceOvertimeModule",
    "_enable": false,
    "x": {
      "__id__": 219
    },
    "y": {
      "__id__": 220
    },
    "z": {
      "__id__": 221
    },
    "space": 1
  },
  {
    "__type__": "cc.CurveRange",
    "mode": 0,
    "constant": 0,
    "multiplier": 1
  },
  {
    "__type__": "cc.CurveRange",
    "mode": 0,
    "constant": 0,
    "multiplier": 1
  },
  {
    "__type__": "cc.CurveRange",
    "mode": 0,
    "constant": 0,
    "multiplier": 1
  },
  {
    "__type__": "cc.LimitVelocityOvertimeModule",
    "_enable": false,
    "limitX": {
      "__id__": 223
    },
    "limitY": {
      "__id__": 224
    },
    "limitZ": {
      "__id__": 225
    },
    "limit": {
      "__id__": 226
    },
    "dampen": 3,
    "separateAxes": false,
    "space": 1
  },
  {
    "__type__": "cc.CurveRange",
    "mode": 0,
    "constant": 0,
    "multiplier": 1
  },
  {
    "__type__": "cc.CurveRange",
    "mode": 0,
    "constant": 0,
    "multiplier": 1
  },
  {
    "__type__": "cc.CurveRange",
    "mode": 0,
    "constant": 0,
    "multiplier": 1
  },
  {
    "__type__": "cc.CurveRange",
    "mode": 0,
    "constant": 0,
    "multiplier": 1
  },
  {
    "__type__": "cc.RotationOvertimeModule",
    "_enable": false,
    "_separateAxes": false,
    "x": {
      "__id__": 228
    },
    "y": {
      "__id__": 229
    },
    "z": {
      "__id__": 230
    }
  },
  {
    "__type__": "cc.CurveRange",
    "mode": 0,
    "constant": 0,
    "multiplier": 1
  },
  {
    "__type__": "cc.CurveRange",
    "mode": 0,
    "constant": 0,
    "multiplier": 1
  },
  {
    "__type__": "cc.CurveRange",
    "mode": 0,
    "constant": 0,
    "multiplier": 1
  },
  {
    "__type__": "cc.TextureAnimationModule",
    "_enable": false,
    "_numTilesX": 0,
    "numTilesX": 0,
    "_numTilesY": 0,
    "numTilesY": 0,
    "_mode": 0,
    "animation": 0,
    "frameOverTime": {
      "__id__": 232
    },
    "startFrame": {
      "__id__": 234
    },
    "cycleCount": 0,
    "_flipU": 0,
    "_flipV": 0,
    "_uvChannelMask": -1,
    "randomRow": false,
    "rowIndex": 0
  },
  {
    "__type__": "cc.CurveRange",
    "mode": 1,
    "spline": {
      "__id__": 233
    },
    "multiplier": 1
  },
  {
    "__type__": "cc.RealCurve",
    "_times": [
      0,
      1
    ],
    "_values": [
      {
        "__type__": "cc.RealKeyframeValue",
        "interpolationMode": 2,
        "tangentWeightMode": 0,
        "value": 1,
        "rightTangent": 0,
        "rightTangentWeight": 0,
        "leftTangent": 0,
        "leftTangentWeight": 0,
        "easingMethod": 0
      },
      {
        "__type__": "cc.RealKeyframeValue",
        "interpolationMode": 2,
        "tangentWeightMode": 0,
        "value": 1,
        "rightTangent": 0,
        "rightTangentWeight": 0,
        "leftTangent": 0,
        "leftTangentWeight": 0,
        "easingMethod": 0
      }
    ],
    "preExtrapolation": 1,
    "postExtrapolation": 1
  },
  {
    "__type__": "cc.CurveRange",
    "mode": 0,
    "constant": 0,
    "multiplier": 1
  },
  {
    "__type__": "cc.TrailModule",
    "_enable": false,
    "mode": 0,
    "lifeTime": {
      "__id__": 236
    },
    "_minParticleDistance": 0.1,
    "existWithParticles": true,
    "textureMode": 0,
    "widthFromParticle": true,
    "widthRatio": {
      "__id__": 237
    },
    "colorFromParticle": false,
    "colorOverTrail": {
      "__id__": 238
    },
    "colorOvertime": {
      "__id__": 239
    },
    "_space": 0,
    "_particleSystem": {
      "__id__": 179
    }
  },
  {
    "__type__": "cc.CurveRange",
    "mode": 0,
    "constant": 1,
    "multiplier": 1
  },
  {
    "__type__": "cc.CurveRange",
    "mode": 0,
    "constant": 0,
    "multiplier": 1
  },
  {
    "__type__": "cc.GradientRange",
    "_mode": 0,
    "color": {
      "__type__": "cc.Color",
      "r": 255,
      "g": 255,
      "b": 255,
      "a": 255
    }
  },
  {
    "__type__": "cc.GradientRange",
    "_mode": 0,
    "color": {
      "__type__": "cc.Color",
      "r": 255,
      "g": 255,
      "b": 255,
      "a": 255
    }
  },
  {
    "__type__": "cc.ParticleSystemRenderer",
    "_renderMode": 0,
    "_velocityScale": 1,
    "_lengthScale": 1,
    "_mesh": null,
    "_mainTexture": {
      "__uuid__": "b5b27ab1-e740-4398-b407-848fc2b2c897@6c48a",
      "__expectedType__": "cc.Texture2D"
    },
    "_useGPU": false,
    "_alignSpace": 2
  },
  {
    "__type__": "cc.PrefabInfo",
    "root": {
      "__id__": 1
    },
    "asset": {
      "__id__": 0
    },
    "fileId": "4bLhWqrAxBE4bKfo4Zln14"
  }
]