{"skeleton":{"hash":"ebiOAQQlslbqZaOL99erMq79k0k","spine":"3.8.99","x":-49.97,"y":-49.97,"width":99.95,"height":99.95,"images":"","audio":""},"bones":[{"name":"root"},{"name":"bone","parent":"root"},{"name":"bone12","parent":"root","rotation":270},{"name":"bone14","parent":"root"},{"name":"bone3","parent":"root","rotation":-57.35},{"name":"bone5","parent":"root","scaleX":3.864,"scaleY":3.864},{"name":"boo","parent":"root","scaleY":0.242},{"name":"boo2","parent":"root","scaleY":0.242},{"name":"lizi","parent":"root"},{"name":"smoke","parent":"root"},{"name":"smoke2","parent":"root"},{"name":"smoke3","parent":"root"},{"name":"smoke4","parent":"root"},{"name":"bone4","parent":"lizi","scaleX":0.25,"scaleY":0.25},{"name":"bone6","parent":"lizi","scaleX":0.25,"scaleY":0.25},{"name":"bone7","parent":"lizi","scaleX":0.25,"scaleY":0.25},{"name":"bone8","parent":"lizi","scaleX":0.25,"scaleY":0.25},{"name":"bone9","parent":"lizi","scaleX":0.25,"scaleY":0.25}],"slots":[{"name":"smoke22","bone":"smoke"},{"name":"smoke23","bone":"smoke2"},{"name":"smoke25","bone":"smoke4"},{"name":"smoke24","bone":"smoke3"},{"name":"fire","bone":"bone","blend":"additive"},{"name":"fire2","bone":"bone3","blend":"additive"},{"name":"root","bone":"bone5","blend":"additive"},{"name":"boo0","bone":"boo","blend":"additive"},{"name":"boo1","bone":"boo2","blend":"additive"},{"name":"Deng","bone":"bone4","blend":"additive"},{"name":"Deng2","bone":"bone6","blend":"additive"},{"name":"Deng3","bone":"bone7","blend":"additive"},{"name":"Deng4","bone":"bone8","blend":"additive"},{"name":"Deng5","bone":"bone9","blend":"additive"},{"name":"wave","bone":"bone14","blend":"additive"},{"name":"wave2","bone":"bone14","blend":"additive"},{"name":"root3","bone":"bone12"}],"skins":[{"name":"default","attachments":{"Deng":{"Deng":{"width":60,"height":60},"Deng1":{"scaleX":3.986,"scaleY":3.986,"width":64,"height":64},"Deng2":{"scaleX":2,"scaleY":2,"width":60,"height":60},"Deng3":{"scaleX":3.986,"scaleY":3.986,"width":60,"height":60}},"Deng2":{"Deng":{"width":60,"height":60},"Deng1":{"scaleX":3.986,"scaleY":3.986,"width":64,"height":64},"Deng2":{"scaleX":2,"scaleY":2,"width":60,"height":60},"Deng3":{"scaleX":3.986,"scaleY":3.986,"width":60,"height":60}},"Deng3":{"Deng":{"width":60,"height":60},"Deng1":{"scaleX":3.986,"scaleY":3.986,"width":64,"height":64},"Deng2":{"scaleX":2,"scaleY":2,"width":60,"height":60},"Deng3":{"scaleX":3.986,"scaleY":3.986,"width":60,"height":60}},"Deng4":{"Deng":{"width":60,"height":60},"Deng1":{"scaleX":3.986,"scaleY":3.986,"width":64,"height":64},"Deng2":{"scaleX":2,"scaleY":2,"width":60,"height":60},"Deng3":{"scaleX":3.986,"scaleY":3.986,"width":60,"height":60}},"Deng5":{"Deng":{"width":60,"height":60},"Deng1":{"scaleX":3.986,"scaleY":3.986,"width":64,"height":64},"Deng2":{"scaleX":2,"scaleY":2,"width":60,"height":60},"Deng3":{"scaleX":3.986,"scaleY":3.986,"width":60,"height":60}},"boo0":{"boo0":{"width":80,"height":80}},"boo1":{"boo0":{"width":80,"height":80}},"fire":{"fire":{"width":100,"height":100}},"fire2":{"fire":{"width":100,"height":100}},"root":{"fire_core":{"width":128,"height":128}},"root3":{"bullet":{"width":100,"height":32}},"smoke22":{"smoke22":{"width":80,"height":80}},"smoke23":{"smoke22":{"width":80,"height":80}},"smoke24":{"smoke22":{"width":80,"height":80}},"smoke25":{"smoke22":{"width":80,"height":80}},"wave":{"guangq2":{"scaleX":1.65,"scaleY":1.65,"rotation":-66.44,"width":100,"height":100},"wave":{"width":128,"height":128}},"wave2":{"guangq2":{"width":100,"height":100},"wave":{"scaleX":0.603,"scaleY":0.603,"rotation":-55.2,"width":128,"height":128}}}}],"animations":{"2":{"slots":{"Deng":{"attachment":[{"name":"Deng"}]},"Deng2":{"attachment":[{"name":"Deng"}]},"Deng3":{"attachment":[{"name":"Deng"}]},"Deng4":{"attachment":[{"name":"Deng"}]},"Deng5":{"attachment":[{"name":"Deng"}]},"fire":{"attachment":[{"name":"fire"}]},"fire2":{"attachment":[{"name":"fire"}]},"root":{"color":[{"color":"ffffff00"},{"time":0.0667,"color":"ffffff5d"},{"time":0.4667,"color":"ffffff00"}],"attachment":[{"name":"fire_core"}]},"smoke22":{"color":[{"color":"ffffff00","curve":"stepped"},{"time":0.0333,"color":"ffffff00","curve":0,"c2":0.15,"c3":0.75},{"time":0.1333,"color":"ffffffff","curve":0,"c2":0.15,"c3":0.75},{"time":0.5667,"color":"ffffff00"}],"attachment":[{"name":"smoke22"}]},"smoke23":{"color":[{"color":"ffffff00","curve":"stepped"},{"time":0.0333,"color":"ffffff00","curve":0,"c2":0.15,"c3":0.75},{"time":0.1333,"color":"ffffffff","curve":0,"c2":0.15,"c3":0.75},{"time":0.5333,"color":"ffffff00"}],"attachment":[{"name":"smoke22"}]},"smoke24":{"color":[{"color":"ffffff00","curve":"stepped"},{"time":0.0333,"color":"ffffff00","curve":0,"c2":0.15,"c3":0.75},{"time":0.1333,"color":"ffffffff","curve":0,"c2":0.15,"c3":0.75},{"time":0.5667,"color":"ffffff00"}],"attachment":[{"name":"smoke22"}]},"smoke25":{"color":[{"color":"21202000","curve":"stepped"},{"time":0.0333,"color":"21202000"},{"time":0.1667,"color":"f9fffcff"},{"time":0.4667,"color":"f8fff900"}],"attachment":[{"name":"smoke22"}]}},"bones":{"bone4":{"rotate":[{"time":0.0333,"curve":0,"c2":0.32,"c3":0.682},{"time":0.3,"angle":-117.79}],"translate":[{"time":0.0333,"curve":0,"c2":0.3,"c3":0.623,"c4":0.89},{"time":0.3,"x":93.91,"y":96.7}],"scale":[{"x":0,"y":0,"curve":"stepped"},{"time":0.0333,"x":0,"y":0,"curve":0,"c2":0.32,"c3":0.682},{"time":0.1,"x":0.996,"y":0.996,"curve":0,"c2":0.32,"c3":0.682},{"time":0.3,"x":0,"y":0}]},"bone6":{"translate":[{"time":0.0333,"curve":0,"c2":0.32,"c3":0.682},{"time":0.3333,"x":-46.95,"y":64.84}],"scale":[{"x":0,"y":0,"curve":"stepped"},{"time":0.0333,"x":0,"y":0,"curve":0,"c2":0.32,"c3":0.682},{"time":0.1333,"x":1.456,"y":1.456,"curve":0,"c2":0.32,"c3":0.682},{"time":0.3333,"x":0,"y":0}]},"bone7":{"translate":[{"time":0.0333,"curve":0,"c2":0.32,"c3":0.682},{"time":0.4,"x":-101.73,"y":4.47}],"scale":[{"x":0,"y":0,"curve":"stepped"},{"time":0.0333,"x":0,"y":0,"curve":0,"c2":0.32,"c3":0.682},{"time":0.1,"x":0.996,"y":0.996,"curve":0,"c2":0.32,"c3":0.682},{"time":0.4,"x":0,"y":0}]},"bone8":{"translate":[{"time":0.0333,"curve":0,"c2":0.32,"c3":0.682},{"time":0.4,"x":79.93,"y":-15.09}],"scale":[{"x":0,"y":0,"curve":"stepped"},{"time":0.0333,"x":0,"y":0,"curve":0,"c2":0.32,"c3":0.682},{"time":0.1667,"x":0.996,"y":0.996,"curve":0,"c2":0.32,"c3":0.682},{"time":0.4,"x":0,"y":0}]},"bone9":{"translate":[{"time":0.0333,"curve":0,"c2":0.3,"c3":0.623,"c4":0.89},{"time":0.3667,"x":3.4,"y":74.82,"curve":0.359,"c2":0.65,"c3":0.695},{"time":0.4,"x":0.55,"y":-54.78}],"scale":[{"x":0,"y":0,"curve":"stepped"},{"time":0.0333,"x":0,"y":0,"curve":0,"c2":0.32,"c3":0.682},{"time":0.1667,"x":0.996,"y":0.996,"curve":0,"c2":0.32,"c3":0.682},{"time":0.4,"x":0,"y":0}]},"bone":{"scale":[{"x":0,"y":0},{"time":0.0667,"x":5.051,"y":5.051},{"time":0.2,"x":0,"y":0}]},"bone3":{"scale":[{"x":0,"y":0},{"time":0.0333,"x":4.684,"y":4.684},{"time":0.2,"x":0,"y":0}]},"smoke":{"rotate":[{"time":0.0333,"curve":0,"c2":0.15,"c3":0.75},{"time":0.5667,"angle":-135.21}],"translate":[{"time":0.0333,"curve":0,"c2":0.15,"c3":0.75},{"time":0.5667,"x":0.63,"y":33.08}],"scale":[{"time":0.0333,"curve":0,"c2":0.15,"c3":0.75},{"time":0.5667,"x":3.29,"y":3.29}]},"smoke2":{"rotate":[{"time":0.0333,"curve":0,"c2":0.15,"c3":0.75},{"time":0.5333,"angle":123.24}],"translate":[{"time":0.0333,"curve":0,"c2":0.15,"c3":0.75},{"time":0.5333,"x":-37.92,"y":13.32},{"time":0.5667,"x":-98.7,"y":44.17}],"scale":[{"time":0.0333,"curve":0,"c2":0.15,"c3":0.75},{"time":0.5333,"x":2.872,"y":2.872},{"time":0.5667,"x":3.752,"y":3.752}]},"smoke3":{"rotate":[{"time":0.0333,"curve":0,"c2":0.15,"c3":0.75},{"time":0.5667,"angle":-120.87}],"translate":[{"time":0.0333,"curve":0,"c2":0.15,"c3":0.75},{"time":0.5667,"x":65.66,"y":40.99}],"scale":[{"time":0.0333,"curve":0,"c2":0.15,"c3":0.75},{"time":0.5667,"x":3.359,"y":3.359}]},"smoke4":{"rotate":[{"time":0.0333},{"time":0.4667,"angle":-53.61}],"scale":[{"time":0.0333},{"time":0.4667,"x":4.368,"y":4.368},{"time":0.5667,"x":4.789,"y":4.789}]},"lizi":{"scale":[{"x":2.08,"y":2.08}]}}}}}