{
  "__type__": "cc.Material",
  "_name": "megatexture1",
  "_objFlags": 0,
  "_native": "",
  "_effectAsset": {
    "__uuid__": "1baf0fc9-befa-459c-8bdd-af1a450a0319",
    "__expectedType__": "cc.EffectAsset"
  },
  "_techIdx": 0,
  "_defines": [
    {
      "USE_ALBEDO_MAP": true
    }
  ],
  "_states": [
    {
      "rasterizerState": {},
      "blendState": {
        "targets": [
          {}
        ]
      },
      "depthStencilState": {}
    }
  ],
  "_props": [
    {
      "mainTexture": {
        "__uuid__": "4d09c814-98a9-4a95-87da-c8c89e0def03@36c77",
        "__expectedType__": "cc.Texture2D"
      },
      "metallic": 0.4000000059604645,
      "roughness": 0.7071067690849304
    }
  ]
}