{
  "__type__": "cc.Mesh",
  "_name": "",
  "_objFlags": 0,
  "_native": ".bin",
  "_struct": {
    "primitives": [
      {
        "primitiveMode": 7,
        "jointMapIndex": 0,
        "vertexBundelIndices": [
          0
        ],
        "indexView": {
          "offset": 53424,
          "length": 5952,
          "count": 1488,
          "stride": 4
        }
      }
    ],
    "vertexBundles": [
      {
        "view": {
          "offset": 0,
          "length": 53424,
          "count": 742,
          "stride": 72
        },
        "attributes": [
          {
            "name": "a_position",
            "format": 32,
            "isNormalized": false
          },
          {
            "name": "a_normal",
            "format": 32,
            "isNormalized": false
          },
          {
            "name": "a_texCoord",
            "format": 21,
            "isNormalized": false
          },
          {
            "name": "a_tangent",
            "format": 44,
            "isNormalized": false
          },
          {
            "name": "a_joints",
            "format": 42,
            "isNormalized": false
          },
          {
            "name": "a_weights",
            "format": 44,
            "isNormalized": false
          }
        ]
      }
    ],
    "minPosition": {
      "__type__": "cc.Vec3",
      "x": 0.003725956892594695,
      "y": 0.014783668331801891,
      "z": -0.0029849016573280096
    },
    "maxPosition": {
      "__type__": "cc.Vec3",
      "x": 0.011450743302702904,
      "y": 0.0316593274474144,
      "z": 0.0030465873423963785
    },
    "jointMaps": [
      [
        0,
        1,
        2,
        3,
        5,
        6,
        7,
        8
      ]
    ]
  },
  "_hash": 3923920747
}