{
  "__type__": "cc.Mesh",
  "_name": "",
  "_objFlags": 0,
  "_native": ".bin",
  "_struct": {
    "primitives": [
      {
        "primitiveMode": 7,
        "jointMapIndex": 0,
        "vertexBundelIndices": [
          0
        ],
        "indexView": {
          "offset": 121536,
          "length": 13656,
          "count": 3414,
          "stride": 4
        }
      }
    ],
    "vertexBundles": [
      {
        "view": {
          "offset": 0,
          "length": 121536,
          "count": 1688,
          "stride": 72
        },
        "attributes": [
          {
            "name": "a_position",
            "format": 32,
            "isNormalized": false
          },
          {
            "name": "a_normal",
            "format": 32,
            "isNormalized": false
          },
          {
            "name": "a_texCoord",
            "format": 21,
            "isNormalized": false
          },
          {
            "name": "a_tangent",
            "format": 44,
            "isNormalized": false
          },
          {
            "name": "a_joints",
            "format": 42,
            "isNormalized": false
          },
          {
            "name": "a_weights",
            "format": 44,
            "isNormalized": false
          }
        ]
      }
    ],
    "minPosition": {
      "__type__": "cc.Vec3",
      "x": -0.008162803947925568,
      "y": -2.770612539393369e-8,
      "z": -0.0028996625915169716
    },
    "maxPosition": {
      "__type__": "cc.Vec3",
      "x": -0.0003719171218108386,
      "y": 0.019594445824623108,
      "z": 0.004642312414944172
    },
    "jointMaps": [
      [
        0,
        5,
        6,
        7,
        8,
        9
      ]
    ]
  },
  "_hash": 4291740134
}