{
  "__type__": "cc.Mesh",
  "_name": "",
  "_objFlags": 0,
  "_native": ".bin",
  "_struct": {
    "primitives": [
      {
        "primitiveMode": 7,
        "jointMapIndex": 0,
        "vertexBundelIndices": [
          0
        ],
        "indexView": {
          "offset": 171144,
          "length": 20664,
          "count": 5166,
          "stride": 4
        }
      }
    ],
    "vertexBundles": [
      {
        "view": {
          "offset": 0,
          "length": 171144,
          "count": 2377,
          "stride": 72
        },
        "attributes": [
          {
            "name": "a_position",
            "format": 32,
            "isNormalized": false
          },
          {
            "name": "a_normal",
            "format": 32,
            "isNormalized": false
          },
          {
            "name": "a_texCoord",
            "format": 21,
            "isNormalized": false
          },
          {
            "name": "a_tangent",
            "format": 44,
            "isNormalized": false
          },
          {
            "name": "a_joints",
            "format": 42,
            "isNormalized": false
          },
          {
            "name": "a_weights",
            "format": 44,
            "isNormalized": false
          }
        ]
      }
    ],
    "minPosition": {
      "__type__": "cc.Vec3",
      "x": -0.005051802843809128,
      "y": 0.016844069585204124,
      "z": -0.005326585378497839
    },
    "maxPosition": {
      "__type__": "cc.Vec3",
      "x": 0.005051802843809128,
      "y": 0.03112988919019699,
      "z": 0.004788977559655905
    },
    "jointMaps": [
      [
        0,
        1,
        2,
        3,
        4,
        5,
        9,
        13,
        14,
        15,
        16
      ]
    ]
  },
  "_hash": 3090674825
}