{
  "__type__": "cc.Mesh",
  "_name": "",
  "_objFlags": 0,
  "_native": ".bin",
  "_struct": {
    "primitives": [
      {
        "primitiveMode": 7,
        "jointMapIndex": 0,
        "vertexBundelIndices": [
          0
        ],
        "indexView": {
          "offset": 47016,
          "length": 4344,
          "count": 1086,
          "stride": 4
        }
      }
    ],
    "vertexBundles": [
      {
        "view": {
          "offset": 0,
          "length": 47016,
          "count": 653,
          "stride": 72
        },
        "attributes": [
          {
            "name": "a_position",
            "format": 32,
            "isNormalized": false
          },
          {
            "name": "a_normal",
            "format": 32,
            "isNormalized": false
          },
          {
            "name": "a_texCoord",
            "format": 21,
            "isNormalized": false
          },
          {
            "name": "a_tangent",
            "format": 44,
            "isNormalized": false
          },
          {
            "name": "a_joints",
            "format": 42,
            "isNormalized": false
          },
          {
            "name": "a_weights",
            "format": 44,
            "isNormalized": false
          }
        ]
      }
    ],
    "minPosition": {
      "__type__": "cc.Vec3",
      "x": -0.00273256772197783,
      "y": 0.029378218576312065,
      "z": -0.0009605669765733182
    },
    "maxPosition": {
      "__type__": "cc.Vec3",
      "x": 0.00273256772197783,
      "y": 0.034015607088804245,
      "z": 0.003367869183421135
    },
    "jointMaps": [
      [
        0,
        1,
        2,
        3,
        4,
        5
      ]
    ]
  },
  "_hash": 3857417360
}