[
  {
    "__type__": "cc.Prefab",
    "_name": "",
    "_objFlags": 0,
    "_native": "",
    "data": {
      "__id__": 1
    },
    "optimizationPolicy": 0,
    "persistent": false
  },
  {
    "__type__": "cc.Node",
    "_name": "Robo_Melee_walk",
    "_objFlags": 0,
    "_parent": null,
    "_children": [
      {
        "__id__": 2
      }
    ],
    "_active": true,
    "_components": [
      {
        "__id__": 54
      }
    ],
    "_prefab": {
      "__id__": 56
    },
    "_lpos": {
      "__type__": "cc.Vec3",
      "x": 0,
      "y": 0,
      "z": 0
    },
    "_lrot": {
      "__type__": "cc.Quat",
      "x": 0,
      "y": 0,
      "z": 0,
      "w": 1
    },
    "_lscale": {
      "__type__": "cc.Vec3",
      "x": 1,
      "y": 1,
      "z": 1
    },
    "_layer": 1073741824,
    "_euler": {
      "__type__": "cc.Vec3",
      "x": 0,
      "y": 0,
      "z": 0
    },
    "_id": ""
  },
  {
    "__type__": "cc.Node",
    "_name": "Root_M",
    "_objFlags": 0,
    "_parent": {
      "__id__": 1
    },
    "_children": [
      {
        "__id__": 3
      },
      {
        "__id__": 33
      },
      {
        "__id__": 43
      }
    ],
    "_active": true,
    "_components": [],
    "_prefab": {
      "__id__": 53
    },
    "_lpos": {
      "__type__": "cc.Vec3",
      "x": 0.000677931762766093,
      "y": 0.0192911084741354,
      "z": -0.00036156096030026674
    },
    "_lrot": {
      "__type__": "cc.Quat",
      "x": 0.5330482819904736,
      "y": 0.512737283651913,
      "z": 0.5343401530852259,
      "w": 0.4091950730655491
    },
    "_lscale": {
      "__type__": "cc.Vec3",
      "x": 1,
      "y": 1,
      "z": 1
    },
    "_layer": 1073741824,
    "_euler": {
      "__type__": "cc.Vec3",
      "x": -141.2763079425296,
      "y": -122.83890781324963,
      "z": 79.71318953955503
    },
    "_id": ""
  },
  {
    "__type__": "cc.Node",
    "_name": "Spine1_M",
    "_objFlags": 0,
    "_parent": {
      "__id__": 2
    },
    "_children": [
      {
        "__id__": 4
      }
    ],
    "_active": true,
    "_components": [],
    "_prefab": {
      "__id__": 32
    },
    "_lpos": {
      "__type__": "cc.Vec3",
      "x": 0.00533400010317564,
      "y": 0,
      "z": 0
    },
    "_lrot": {
      "__type__": "cc.Quat",
      "x": 0.014335819323337677,
      "y": -0.02179419591918849,
      "z": 0.08566751213536498,
      "w": 0.9959822160425866
    },
    "_lscale": {
      "__type__": "cc.Vec3",
      "x": 1,
      "y": 1,
      "z": 1
    },
    "_layer": 1073741824,
    "_euler": {
      "__type__": "cc.Vec3",
      "x": 1.8777834994781206,
      "y": -2.667922335249537,
      "z": 9.789084338547967
    },
    "_id": ""
  },
  {
    "__type__": "cc.Node",
    "_name": "Chest_M",
    "_objFlags": 0,
    "_parent": {
      "__id__": 3
    },
    "_children": [
      {
        "__id__": 5
      },
      {
        "__id__": 11
      },
      {
        "__id__": 21
      }
    ],
    "_active": true,
    "_components": [],
    "_prefab": {
      "__id__": 31
    },
    "_lpos": {
      "__type__": "cc.Vec3",
      "x": 0.0024790000170469284,
      "y": 1.1102229998097382e-18,
      "z": 0
    },
    "_lrot": {
      "__type__": "cc.Quat",
      "x": 0.029147734185811812,
      "y": -0.04022581408987344,
      "z": 0.12695294322548273,
      "w": 0.9906640417815858
    },
    "_lscale": {
      "__type__": "cc.Vec3",
      "x": 1,
      "y": 1,
      "z": 1
    },
    "_layer": 1073741824,
    "_euler": {
      "__type__": "cc.Vec3",
      "x": 4.02424631851366,
      "y": -5.160067347605245,
      "z": 14.429612311851907
    },
    "_id": ""
  },
  {
    "__type__": "cc.Node",
    "_name": "Neck_M",
    "_objFlags": 0,
    "_parent": {
      "__id__": 4
    },
    "_children": [
      {
        "__id__": 6
      }
    ],
    "_active": true,
    "_components": [],
    "_prefab": {
      "__id__": 10
    },
    "_lpos": {
      "__type__": "cc.Vec3",
      "x": 0.002713999943807721,
      "y": 2.2204459996194763e-18,
      "z": -6.938893748810864e-20
    },
    "_lrot": {
      "__type__": "cc.Quat",
      "x": -0.012280850478405903,
      "y": 0.007715385751728766,
      "z": -0.1870564789011884,
      "w": 0.9822420919688375
    },
    "_lscale": {
      "__type__": "cc.Vec3",
      "x": 1,
      "y": 1,
      "z": 1
    },
    "_layer": 1073741824,
    "_euler": {
      "__type__": "cc.Vec3",
      "x": -1.308676003446563,
      "y": 0.6507692659574529,
      "z": -21.571313840986043
    },
    "_id": ""
  },
  {
    "__type__": "cc.Node",
    "_name": "Head_M",
    "_objFlags": 0,
    "_parent": {
      "__id__": 5
    },
    "_children": [
      {
        "__id__": 7
      }
    ],
    "_active": true,
    "_components": [],
    "_prefab": {
      "__id__": 9
    },
    "_lpos": {
      "__type__": "cc.Vec3",
      "x": 0.002051000017672777,
      "y": 1.1102229998097382e-18,
      "z": 1.3877787497621727e-19
    },
    "_lrot": {
      "__type__": "cc.Quat",
      "x": -0.0123982894860404,
      "y": 0.007525264266975678,
      "z": 0.17660656527903157,
      "w": 0.9841746663656182
    },
    "_lscale": {
      "__type__": "cc.Vec3",
      "x": 1,
      "y": 1,
      "z": 1
    },
    "_layer": 1073741824,
    "_euler": {
      "__type__": "cc.Vec3",
      "x": -1.6537899168527819,
      "y": 1.1727309012176579,
      "z": 20.33061912466708
    },
    "_id": ""
  },
  {
    "__type__": "cc.Node",
    "_name": "HeadEnd_M",
    "_objFlags": 0,
    "_parent": {
      "__id__": 6
    },
    "_children": [],
    "_active": true,
    "_components": [],
    "_prefab": {
      "__id__": 8
    },
    "_lpos": {
      "__type__": "cc.Vec3",
      "x": 0.002822999842464924,
      "y": 0,
      "z": -1.3877787497621727e-19
    },
    "_lrot": {
      "__type__": "cc.Quat",
      "x": 0,
      "y": 0,
      "z": 0,
      "w": 1
    },
    "_lscale": {
      "__type__": "cc.Vec3",
      "x": 1,
      "y": 1,
      "z": 1
    },
    "_layer": 1073741824,
    "_euler": {
      "__type__": "cc.Vec3",
      "x": 0,
      "y": 0,
      "z": 0
    },
    "_id": ""
  },
  {
    "__type__": "cc.PrefabInfo",
    "root": {
      "__id__": 1
    },
    "asset": {
      "__id__": 0
    },
    "fileId": "9bYqoIBtpTGZDm6hxMJRQ1"
  },
  {
    "__type__": "cc.PrefabInfo",
    "root": {
      "__id__": 1
    },
    "asset": {
      "__id__": 0
    },
    "fileId": "60RejiYXJdqp2xCnH1jnIu"
  },
  {
    "__type__": "cc.PrefabInfo",
    "root": {
      "__id__": 1
    },
    "asset": {
      "__id__": 0
    },
    "fileId": "91YVzL8kpWdo41XP4us8Ye"
  },
  {
    "__type__": "cc.Node",
    "_name": "Scapula_R",
    "_objFlags": 0,
    "_parent": {
      "__id__": 4
    },
    "_children": [
      {
        "__id__": 12
      }
    ],
    "_active": true,
    "_components": [],
    "_prefab": {
      "__id__": 20
    },
    "_lpos": {
      "__type__": "cc.Vec3",
      "x": 0.0011060000397264957,
      "y": -0.0006430000066757202,
      "z": -0.003522000042721629
    },
    "_lrot": {
      "__type__": "cc.Quat",
      "x": 0.027535693723464767,
      "y": 0.6843616963298181,
      "z": 0.01298812031910135,
      "w": 0.7285068036046871
    },
    "_lscale": {
      "__type__": "cc.Vec3",
      "x": 1,
      "y": 1,
      "z": 1
    },
    "_layer": 1073741824,
    "_euler": {
      "__type__": "cc.Vec3",
      "x": 1.2823079087290195,
      "y": 86.3844206232807,
      "z": 3.2453991282387578
    },
    "_id": ""
  },
  {
    "__type__": "cc.Node",
    "_name": "Shoulder_R",
    "_objFlags": 0,
    "_parent": {
      "__id__": 11
    },
    "_children": [
      {
        "__id__": 13
      }
    ],
    "_active": true,
    "_components": [],
    "_prefab": {
      "__id__": 19
    },
    "_lpos": {
      "__type__": "cc.Vec3",
      "x": 0.00471000000834465,
      "y": 0,
      "z": -4.440891999238953e-18
    },
    "_lrot": {
      "__type__": "cc.Quat",
      "x": -0.0949979181474623,
      "y": 0.43399002257942104,
      "z": -0.07800816584567032,
      "w": 0.8924924548199589
    },
    "_lscale": {
      "__type__": "cc.Vec3",
      "x": 1,
      "y": 1,
      "z": 1
    },
    "_layer": 1073741824,
    "_euler": {
      "__type__": "cc.Vec3",
      "x": -5.996044355171253,
      "y": 51.190650203089824,
      "z": -12.808883962312791
    },
    "_id": ""
  },
  {
    "__type__": "cc.Node",
    "_name": "Elbow_R",
    "_objFlags": 0,
    "_parent": {
      "__id__": 12
    },
    "_children": [
      {
        "__id__": 14
      }
    ],
    "_active": true,
    "_components": [],
    "_prefab": {
      "__id__": 18
    },
    "_lpos": {
      "__type__": "cc.Vec3",
      "x": 0.0051750000566244125,
      "y": 0,
      "z": 0
    },
    "_lrot": {
      "__type__": "cc.Quat",
      "x": 0.03134391936626979,
      "y": 0.022659002647310217,
      "z": 0.5856626830236888,
      "w": 0.8096316137795536
    },
    "_lscale": {
      "__type__": "cc.Vec3",
      "x": 1,
      "y": 1,
      "z": 1
    },
    "_layer": 1073741824,
    "_euler": {
      "__type__": "cc.Vec3",
      "x": 4.4371116790066925,
      "y": -0.004217583861804587,
      "z": 71.76159651462265
    },
    "_id": ""
  },
  {
    "__type__": "cc.Node",
    "_name": "Wrist_R",
    "_objFlags": 0,
    "_parent": {
      "__id__": 13
    },
    "_children": [
      {
        "__id__": 15
      }
    ],
    "_active": true,
    "_components": [],
    "_prefab": {
      "__id__": 17
    },
    "_lpos": {
      "__type__": "cc.Vec3",
      "x": 0.005389000289142132,
      "y": 1.1102229998097382e-18,
      "z": 0
    },
    "_lrot": {
      "__type__": "cc.Quat",
      "x": 0.14583418003605278,
      "y": 0.15742536137816562,
      "z": -0.0008108454186027299,
      "w": 0.9767031227849501
    },
    "_lscale": {
      "__type__": "cc.Vec3",
      "x": 1,
      "y": 1,
      "z": 1
    },
    "_layer": 1073741824,
    "_euler": {
      "__type__": "cc.Vec3",
      "x": 16.58331557772695,
      "y": 17.942057585739597,
      "z": 2.5408741940425825
    },
    "_id": ""
  },
  {
    "__type__": "cc.Node",
    "_name": "Cup_R",
    "_objFlags": 0,
    "_parent": {
      "__id__": 14
    },
    "_children": [],
    "_active": true,
    "_components": [],
    "_prefab": {
      "__id__": 16
    },
    "_lpos": {
      "__type__": "cc.Vec3",
      "x": 0.0033149998635053635,
      "y": 0,
      "z": 2.2204459996194763e-18
    },
    "_lrot": {
      "__type__": "cc.Quat",
      "x": 0,
      "y": 0,
      "z": 0,
      "w": 1
    },
    "_lscale": {
      "__type__": "cc.Vec3",
      "x": 1,
      "y": 1,
      "z": 1
    },
    "_layer": 1073741824,
    "_euler": {
      "__type__": "cc.Vec3",
      "x": 0,
      "y": 0,
      "z": 0
    },
    "_id": ""
  },
  {
    "__type__": "cc.PrefabInfo",
    "root": {
      "__id__": 1
    },
    "asset": {
      "__id__": 0
    },
    "fileId": "cbMSyiplhcALE9AtkkP7Gp"
  },
  {
    "__type__": "cc.PrefabInfo",
    "root": {
      "__id__": 1
    },
    "asset": {
      "__id__": 0
    },
    "fileId": "c4EUha2+tfXoXAwCtAn0ub"
  },
  {
    "__type__": "cc.PrefabInfo",
    "root": {
      "__id__": 1
    },
    "asset": {
      "__id__": 0
    },
    "fileId": "14QuJHqh1aj6G16YrmhCzi"
  },
  {
    "__type__": "cc.PrefabInfo",
    "root": {
      "__id__": 1
    },
    "asset": {
      "__id__": 0
    },
    "fileId": "27YLFj9PRTz7tcsx+hdgtk"
  },
  {
    "__type__": "cc.PrefabInfo",
    "root": {
      "__id__": 1
    },
    "asset": {
      "__id__": 0
    },
    "fileId": "40wH43cKlccoz2mrNX1pmG"
  },
  {
    "__type__": "cc.Node",
    "_name": "Scapula_L",
    "_objFlags": 0,
    "_parent": {
      "__id__": 4
    },
    "_children": [
      {
        "__id__": 22
      }
    ],
    "_active": true,
    "_components": [],
    "_prefab": {
      "__id__": 30
    },
    "_lpos": {
      "__type__": "cc.Vec3",
      "x": 0.0011060000397264957,
      "y": -0.0006430000066757202,
      "z": 0.003522000042721629
    },
    "_lrot": {
      "__type__": "cc.Quat",
      "x": -0.6441174061134823,
      "y": 0.012555526397213095,
      "z": 0.7648154988253821,
      "w": 0.0035183312819950584
    },
    "_lscale": {
      "__type__": "cc.Vec3",
      "x": 1,
      "y": 1,
      "z": 1
    },
    "_layer": 1073741824,
    "_euler": {
      "__type__": "cc.Vec3",
      "x": -178.63971957881662,
      "y": 99.80006927308797,
      "z": -0.6183891737337394
    },
    "_id": ""
  },
  {
    "__type__": "cc.Node",
    "_name": "Shoulder_L",
    "_objFlags": 0,
    "_parent": {
      "__id__": 21
    },
    "_children": [
      {
        "__id__": 23
      }
    ],
    "_active": true,
    "_components": [],
    "_prefab": {
      "__id__": 29
    },
    "_lpos": {
      "__type__": "cc.Vec3",
      "x": -0.00471000000834465,
      "y": -2.2204459996194763e-18,
      "z": -4.440891999238953e-18
    },
    "_lrot": {
      "__type__": "cc.Quat",
      "x": 0.015551923795898783,
      "y": 0.42109659372955555,
      "z": 0.16607168340030606,
      "w": 0.8915469658903007
    },
    "_lscale": {
      "__type__": "cc.Vec3",
      "x": 1,
      "y": 1,
      "z": 1
    },
    "_layer": 1073741824,
    "_euler": {
      "__type__": "cc.Vec3",
      "x": -6.771654131201491,
      "y": 51.63920643731967,
      "z": 18.012178261845122
    },
    "_id": ""
  },
  {
    "__type__": "cc.Node",
    "_name": "Elbow_L",
    "_objFlags": 0,
    "_parent": {
      "__id__": 22
    },
    "_children": [
      {
        "__id__": 24
      }
    ],
    "_active": true,
    "_components": [],
    "_prefab": {
      "__id__": 28
    },
    "_lpos": {
      "__type__": "cc.Vec3",
      "x": -0.0051750000566244125,
      "y": 0,
      "z": 0
    },
    "_lrot": {
      "__type__": "cc.Quat",
      "x": 0.006755460442857348,
      "y": 0.003799949729632402,
      "z": 0.49118765632491995,
      "w": 0.8710192939368734
    },
    "_lscale": {
      "__type__": "cc.Vec3",
      "x": 1,
      "y": 1,
      "z": 1
    },
    "_layer": 1073741824,
    "_euler": {
      "__type__": "cc.Vec3",
      "x": 0.8897777760758576,
      "y": -0.00185344136439986,
      "z": 58.83927906384545
    },
    "_id": ""
  },
  {
    "__type__": "cc.Node",
    "_name": "Wrist_L",
    "_objFlags": 0,
    "_parent": {
      "__id__": 23
    },
    "_children": [
      {
        "__id__": 25
      }
    ],
    "_active": true,
    "_components": [],
    "_prefab": {
      "__id__": 27
    },
    "_lpos": {
      "__type__": "cc.Vec3",
      "x": -0.005389000289142132,
      "y": 1.387778801460961e-18,
      "z": 0
    },
    "_lrot": {
      "__type__": "cc.Quat",
      "x": 0.1099016266719325,
      "y": 0.09915341936846984,
      "z": 0.10806551308558976,
      "w": 0.9830626006333227
    },
    "_lscale": {
      "__type__": "cc.Vec3",
      "x": 1,
      "y": 1,
      "z": 1
    },
    "_layer": 1073741824,
    "_euler": {
      "__type__": "cc.Vec3",
      "x": 11.54993100271838,
      "y": 10.142392729823841,
      "z": 13.548275834850791
    },
    "_id": ""
  },
  {
    "__type__": "cc.Node",
    "_name": "Cup_L",
    "_objFlags": 0,
    "_parent": {
      "__id__": 24
    },
    "_children": [],
    "_active": true,
    "_components": [],
    "_prefab": {
      "__id__": 26
    },
    "_lpos": {
      "__type__": "cc.Vec3",
      "x": -0.0033149998635053635,
      "y": -1.1102229998097382e-18,
      "z": 2.2204459996194763e-18
    },
    "_lrot": {
      "__type__": "cc.Quat",
      "x": 0,
      "y": 0,
      "z": 0,
      "w": 1
    },
    "_lscale": {
      "__type__": "cc.Vec3",
      "x": 1,
      "y": 1,
      "z": 1
    },
    "_layer": 1073741824,
    "_euler": {
      "__type__": "cc.Vec3",
      "x": 0,
      "y": 0,
      "z": 0
    },
    "_id": ""
  },
  {
    "__type__": "cc.PrefabInfo",
    "root": {
      "__id__": 1
    },
    "asset": {
      "__id__": 0
    },
    "fileId": "43SfZVxohXNIp8Mwo/80nA"
  },
  {
    "__type__": "cc.PrefabInfo",
    "root": {
      "__id__": 1
    },
    "asset": {
      "__id__": 0
    },
    "fileId": "fbsNC5Ir5WRYGjHOtgubA6"
  },
  {
    "__type__": "cc.PrefabInfo",
    "root": {
      "__id__": 1
    },
    "asset": {
      "__id__": 0
    },
    "fileId": "93NjYdkrRbXIazhELG2icP"
  },
  {
    "__type__": "cc.PrefabInfo",
    "root": {
      "__id__": 1
    },
    "asset": {
      "__id__": 0
    },
    "fileId": "e8z9TOMk1Xb4RDrbqL2XH5"
  },
  {
    "__type__": "cc.PrefabInfo",
    "root": {
      "__id__": 1
    },
    "asset": {
      "__id__": 0
    },
    "fileId": "4cyklgjg9YVKv9jLzqEJ1/"
  },
  {
    "__type__": "cc.PrefabInfo",
    "root": {
      "__id__": 1
    },
    "asset": {
      "__id__": 0
    },
    "fileId": "c6guJgRDRXer+ut4RLEYRd"
  },
  {
    "__type__": "cc.PrefabInfo",
    "root": {
      "__id__": 1
    },
    "asset": {
      "__id__": 0
    },
    "fileId": "cfvB07T0RTIL6eVcAFIa/y"
  },
  {
    "__type__": "cc.Node",
    "_name": "Hip_R",
    "_objFlags": 0,
    "_parent": {
      "__id__": 2
    },
    "_children": [
      {
        "__id__": 34
      }
    ],
    "_active": true,
    "_components": [],
    "_prefab": {
      "__id__": 42
    },
    "_lpos": {
      "__type__": "cc.Vec3",
      "x": -0.0005150000215508044,
      "y": -0.00003599999763537198,
      "z": -0.0025949999690055847
    },
    "_lrot": {
      "__type__": "cc.Quat",
      "x": 0.15383106511341252,
      "y": 0.9818026449770739,
      "z": -0.07577820887611793,
      "w": 0.08159186712915825
    },
    "_lscale": {
      "__type__": "cc.Vec3",
      "x": 1,
      "y": 1,
      "z": 1
    },
    "_layer": 1073741824,
    "_euler": {
      "__type__": "cc.Vec3",
      "x": 10.46836006744996,
      "y": 168.94501562112202,
      "z": 16.83985995524166
    },
    "_id": ""
  },
  {
    "__type__": "cc.Node",
    "_name": "Knee_R",
    "_objFlags": 0,
    "_parent": {
      "__id__": 33
    },
    "_children": [
      {
        "__id__": 35
      }
    ],
    "_active": true,
    "_components": [],
    "_prefab": {
      "__id__": 41
    },
    "_lpos": {
      "__type__": "cc.Vec3",
      "x": 0.008523999713361263,
      "y": 5.551114999048691e-19,
      "z": 0
    },
    "_lrot": {
      "__type__": "cc.Quat",
      "x": 0.06773660338941058,
      "y": -0.021674001611740705,
      "z": -0.24598203624788015,
      "w": 0.9666616926612674
    },
    "_lscale": {
      "__type__": "cc.Vec3",
      "x": 1,
      "y": 1,
      "z": 1
    },
    "_layer": 1073741824,
    "_euler": {
      "__type__": "cc.Vec3",
      "x": 7.8740137698222785,
      "y": -0.5597859679730154,
      "z": -28.587419687594533
    },
    "_id": ""
  },
  {
    "__type__": "cc.Node",
    "_name": "Ankle_R",
    "_objFlags": 0,
    "_parent": {
      "__id__": 34
    },
    "_children": [
      {
        "__id__": 36
      }
    ],
    "_active": true,
    "_components": [],
    "_prefab": {
      "__id__": 40
    },
    "_lpos": {
      "__type__": "cc.Vec3",
      "x": 0.007810000330209732,
      "y": 2.7755574995243454e-19,
      "z": 5.551114999048691e-19
    },
    "_lrot": {
      "__type__": "cc.Quat",
      "x": 0.0017225360638151257,
      "y": 0.05287934137743305,
      "z": 0.16828479009861966,
      "w": 0.9843175491407542
    },
    "_lscale": {
      "__type__": "cc.Vec3",
      "x": 1,
      "y": 1,
      "z": 1
    },
    "_layer": 1073741824,
    "_euler": {
      "__type__": "cc.Vec3",
      "x": -0.8749302019772821,
      "y": 6.299385636744559,
      "z": 19.358236421821957
    },
    "_id": ""
  },
  {
    "__type__": "cc.Node",
    "_name": "Toes_R",
    "_objFlags": 0,
    "_parent": {
      "__id__": 35
    },
    "_children": [
      {
        "__id__": 37
      }
    ],
    "_active": true,
    "_components": [],
    "_prefab": {
      "__id__": 39
    },
    "_lpos": {
      "__type__": "cc.Vec3",
      "x": 0.002094999887049198,
      "y": 0.0025740000419318676,
      "z": 0
    },
    "_lrot": {
      "__type__": "cc.Quat",
      "x": -0.0006654955960338691,
      "y": 0.0004020679142913792,
      "z": 0.6776220369813729,
      "w": 0.7354099336113289
    },
    "_lscale": {
      "__type__": "cc.Vec3",
      "x": 1,
      "y": 1,
      "z": 1
    },
    "_layer": 1073741824,
    "_euler": {
      "__type__": "cc.Vec3",
      "x": -1.0690333319060428,
      "y": 1.0476703415278814,
      "z": 85.31543157212893
    },
    "_id": ""
  },
  {
    "__type__": "cc.Node",
    "_name": "ToesEnd_R",
    "_objFlags": 0,
    "_parent": {
      "__id__": 36
    },
    "_children": [],
    "_active": true,
    "_components": [],
    "_prefab": {
      "__id__": 38
    },
    "_lpos": {
      "__type__": "cc.Vec3",
      "x": 0.0019369999645277858,
      "y": 0,
      "z": 0
    },
    "_lrot": {
      "__type__": "cc.Quat",
      "x": 0,
      "y": 0,
      "z": 0,
      "w": 1
    },
    "_lscale": {
      "__type__": "cc.Vec3",
      "x": 1,
      "y": 1,
      "z": 1
    },
    "_layer": 1073741824,
    "_euler": {
      "__type__": "cc.Vec3",
      "x": 0,
      "y": 0,
      "z": 0
    },
    "_id": ""
  },
  {
    "__type__": "cc.PrefabInfo",
    "root": {
      "__id__": 1
    },
    "asset": {
      "__id__": 0
    },
    "fileId": "28N8UlTppVr56/rNPkw4+g"
  },
  {
    "__type__": "cc.PrefabInfo",
    "root": {
      "__id__": 1
    },
    "asset": {
      "__id__": 0
    },
    "fileId": "fcRmOiUkteza/VpzchCmjI"
  },
  {
    "__type__": "cc.PrefabInfo",
    "root": {
      "__id__": 1
    },
    "asset": {
      "__id__": 0
    },
    "fileId": "2e4hINltJRNYT0WpAI5y9S"
  },
  {
    "__type__": "cc.PrefabInfo",
    "root": {
      "__id__": 1
    },
    "asset": {
      "__id__": 0
    },
    "fileId": "69sYzi0jJfa61T0kxi0IV5"
  },
  {
    "__type__": "cc.PrefabInfo",
    "root": {
      "__id__": 1
    },
    "asset": {
      "__id__": 0
    },
    "fileId": "d9reSPC1RbdrsMU1Yo9DHi"
  },
  {
    "__type__": "cc.Node",
    "_name": "Hip_L",
    "_objFlags": 0,
    "_parent": {
      "__id__": 2
    },
    "_children": [
      {
        "__id__": 44
      }
    ],
    "_active": true,
    "_components": [],
    "_prefab": {
      "__id__": 52
    },
    "_lpos": {
      "__type__": "cc.Vec3",
      "x": -0.0005150000215508044,
      "y": -0.00003599999763537198,
      "z": 0.0025949999690055847
    },
    "_lrot": {
      "__type__": "cc.Quat",
      "x": 0.9533701421083309,
      "y": -0.29582196108067793,
      "z": 0.02490474811675214,
      "w": -0.05435524813634716
    },
    "_lscale": {
      "__type__": "cc.Vec3",
      "x": 1,
      "y": 1,
      "z": 1
    },
    "_layer": 1073741824,
    "_euler": {
      "__type__": "cc.Vec3",
      "x": -173.80503668039543,
      "y": -1.0660238401231035,
      "z": -34.52481096550598
    },
    "_id": ""
  },
  {
    "__type__": "cc.Node",
    "_name": "Knee_L",
    "_objFlags": 0,
    "_parent": {
      "__id__": 43
    },
    "_children": [
      {
        "__id__": 45
      }
    ],
    "_active": true,
    "_components": [],
    "_prefab": {
      "__id__": 51
    },
    "_lpos": {
      "__type__": "cc.Vec3",
      "x": -0.008523999713361263,
      "y": -2.2204459996194763e-18,
      "z": 5.551114999048691e-19
    },
    "_lrot": {
      "__type__": "cc.Quat",
      "x": -0.06776113169737191,
      "y": 0.049618811196152114,
      "z": -0.5227063976533626,
      "w": 0.8483657374380562
    },
    "_lscale": {
      "__type__": "cc.Vec3",
      "x": 1,
      "y": 1,
      "z": 1
    },
    "_layer": 1073741824,
    "_euler": {
      "__type__": "cc.Vec3",
      "x": -8.081886331457211,
      "y": 1.7046392568903745,
      "z": -63.33131761707546
    },
    "_id": ""
  },
  {
    "__type__": "cc.Node",
    "_name": "Ankle_L",
    "_objFlags": 0,
    "_parent": {
      "__id__": 44
    },
    "_children": [
      {
        "__id__": 46
      }
    ],
    "_active": true,
    "_components": [],
    "_prefab": {
      "__id__": 50
    },
    "_lpos": {
      "__type__": "cc.Vec3",
      "x": -0.007810000330209732,
      "y": 0,
      "z": 0
    },
    "_lrot": {
      "__type__": "cc.Quat",
      "x": 0.006679558548336387,
      "y": 0.04650958176600865,
      "z": 0.14339573439844172,
      "w": 0.9885493946474713
    },
    "_lscale": {
      "__type__": "cc.Vec3",
      "x": 1,
      "y": 1,
      "z": 1
    },
    "_layer": 1073741824,
    "_euler": {
      "__type__": "cc.Vec3",
      "x": -0.007912295475878366,
      "y": 5.388514578786329,
      "z": 16.50678339293771
    },
    "_id": ""
  },
  {
    "__type__": "cc.Node",
    "_name": "Toes_L",
    "_objFlags": 0,
    "_parent": {
      "__id__": 45
    },
    "_children": [
      {
        "__id__": 47
      }
    ],
    "_active": true,
    "_components": [],
    "_prefab": {
      "__id__": 49
    },
    "_lpos": {
      "__type__": "cc.Vec3",
      "x": -0.002094999887049198,
      "y": -0.0025740000419318676,
      "z": 0
    },
    "_lrot": {
      "__type__": "cc.Quat",
      "x": -0.0008055477950870359,
      "y": -0.0014004644210111395,
      "z": 0.6831521264044141,
      "w": 0.7302743059845956
    },
    "_lscale": {
      "__type__": "cc.Vec3",
      "x": 1,
      "y": 1,
      "z": 1
    },
    "_layer": 1073741824,
    "_euler": {
      "__type__": "cc.Vec3",
      "x": 0.633895108830189,
      "y": -0.8127442997176256,
      "z": 86.18075062039401
    },
    "_id": ""
  },
  {
    "__type__": "cc.Node",
    "_name": "ToesEnd_L",
    "_objFlags": 0,
    "_parent": {
      "__id__": 46
    },
    "_children": [],
    "_active": true,
    "_components": [],
    "_prefab": {
      "__id__": 48
    },
    "_lpos": {
      "__type__": "cc.Vec3",
      "x": -0.0019369999645277858,
      "y": 0,
      "z": 0
    },
    "_lrot": {
      "__type__": "cc.Quat",
      "x": 0,
      "y": 0,
      "z": 0,
      "w": 1
    },
    "_lscale": {
      "__type__": "cc.Vec3",
      "x": 1,
      "y": 1,
      "z": 1
    },
    "_layer": 1073741824,
    "_euler": {
      "__type__": "cc.Vec3",
      "x": 0,
      "y": 0,
      "z": 0
    },
    "_id": ""
  },
  {
    "__type__": "cc.PrefabInfo",
    "root": {
      "__id__": 1
    },
    "asset": {
      "__id__": 0
    },
    "fileId": "dc2RmyTdpbcb7gg2jJooeP"
  },
  {
    "__type__": "cc.PrefabInfo",
    "root": {
      "__id__": 1
    },
    "asset": {
      "__id__": 0
    },
    "fileId": "4bXxqAeZ9Uwo2YWfyKcIzc"
  },
  {
    "__type__": "cc.PrefabInfo",
    "root": {
      "__id__": 1
    },
    "asset": {
      "__id__": 0
    },
    "fileId": "8cSx+UN2lfX4CZfACm/rm+"
  },
  {
    "__type__": "cc.PrefabInfo",
    "root": {
      "__id__": 1
    },
    "asset": {
      "__id__": 0
    },
    "fileId": "ab6A1RYs9Z1rBx3j0wlfR/"
  },
  {
    "__type__": "cc.PrefabInfo",
    "root": {
      "__id__": 1
    },
    "asset": {
      "__id__": 0
    },
    "fileId": "56pYhb3C5TtLqZ/K4xZS45"
  },
  {
    "__type__": "cc.PrefabInfo",
    "root": {
      "__id__": 1
    },
    "asset": {
      "__id__": 0
    },
    "fileId": "54AhjMHkhca47/dWom8m5+"
  },
  {
    "__type__": "cc.Animation",
    "_name": "",
    "_objFlags": 0,
    "node": {
      "__id__": 1
    },
    "_enabled": true,
    "__prefab": {
      "__id__": 55
    },
    "playOnLoad": false,
    "_clips": [
      {
        "__uuid__": "21c2b731-62b9-4927-a22c-705cddd85d0d@7f3dc",
        "__expectedType__": "cc.AnimationClip"
      }
    ],
    "_defaultClip": {
      "__uuid__": "21c2b731-62b9-4927-a22c-705cddd85d0d@7f3dc",
      "__expectedType__": "cc.AnimationClip"
    },
    "_id": ""
  },
  {
    "__type__": "cc.CompPrefabInfo",
    "fileId": "2fzFHWCpRZ/pTdAHYnNlPI"
  },
  {
    "__type__": "cc.PrefabInfo",
    "root": {
      "__id__": 1
    },
    "asset": {
      "__id__": 0
    },
    "fileId": "beTCy809BTl5OXg5xj/BgF"
  }
]