{
  "__type__": "cc.TextAsset",
  "_name": "Bee.atlas",
  "_objFlags": 0,
  "_native": "",
  "text": "\nBee.png\nsize: 512, 512\nformat: RGBA8888\nfilter: Linear, Linear\nrepeat: none\nbee_b_wing\n  rotate: false\n  xy: 161, 99\n  size: 95, 95\n  orig: 95, 95\n  offset: 0, 0\n  index: -1\nbee_body\n  rotate: false\n  xy: 2, 196\n  size: 248, 293\n  orig: 248, 293\n  offset: 0, 0\n  index: -1\nbee_eb\n  rotate: false\n  xy: 2, 17\n  size: 61, 41\n  orig: 61, 41\n  offset: 0, 0\n  index: -1\nbee_eye\n  rotate: false\n  xy: 2, 60\n  size: 157, 134\n  orig: 157, 134\n  offset: 0, 0\n  index: -1\nbee_f_wing\n  rotate: false\n  xy: 161, 2\n  size: 95, 95\n  orig: 95, 95\n  offset: 0, 0\n  index: -1\n"
}