{
  "__type__": "cc.AnimationClip",
  "_name": "Hand_Anim",
  "_objFlags": 0,
  "_native": "",
  "_duration": 1.1666666666666667,
  "sample": 60,
  "speed": 1,
  "wrapMode": 2,
  "curveData": {
    "paths": {},
    "props": {
      "position": [
        {
          "frame": 0,
          "value": [
            0,
            0,
            0
          ]
        },
        {
          "frame": 0.4166666666666667,
          "value": [
            0,
            0,
            0
          ]
        },
        {
          "frame": 0.8333333333333334,
          "value": [
            45,
            0,
            0
          ]
        },
        {
          "frame": 1.1666666666666667,
          "value": [
            45,
            0,
            0
          ]
        }
      ],
      "scale": [
        {
          "frame": 0,
          "value": {
            "__type__": "cc.Vec3",
            "x": 0.25,
            "y": 0.25,
            "z": 1
          }
        },
        {
          "frame": 0.4166666666666667,
          "value": {
            "__type__": "cc.Vec3",
            "x": 0.3,
            "y": 0.3,
            "z": 1
          }
        }
      ],
      "opacity": [
        {
          "frame": 0,
          "value": 0
        },
        {
          "frame": 0.4166666666666667,
          "value": 255
        },
        {
          "frame": 0.6666666666666666,
          "value": 255
        },
        {
          "frame": 1,
          "value": 0
        }
      ]
    }
  },
  "events": []
}