[
  {
    "__type__": "cc.Prefab",
    "_name": "",
    "_objFlags": 0,
    "_native": "",
    "data": {
      "__id__": 1
    },
    "optimizationPolicy": 0,
    "persistent": false,
    "asyncLoadAssets": false
  },
  {
    "__type__": "cc.Node",
    "_name": "Sparkle",
    "_objFlags": 0,
    "__editorExtras__": {},
    "_parent": null,
    "_children": [
      {
        "__id__": 2
      }
    ],
    "_active": true,
    "_components": [
      {
        "__id__": 64
      }
    ],
    "_prefab": {
      "__id__": 119
    },
    "_lpos": {
      "__type__": "cc.Vec3",
      "x": 0,
      "y": 0,
      "z": 0
    },
    "_lrot": {
      "__type__": "cc.Quat",
      "x": 0.7071067811865475,
      "y": 0,
      "z": 0,
      "w": 0.7071067811865476
    },
    "_lscale": {
      "__type__": "cc.Vec3",
      "x": 1,
      "y": 1,
      "z": 1
    },
    "_layer": 1073741824,
    "_euler": {
      "__type__": "cc.Vec3",
      "x": 90,
      "y": 0,
      "z": 0
    },
    "_id": ""
  },
  {
    "__type__": "cc.Node",
    "_name": "Ring",
    "_objFlags": 0,
    "_parent": {
      "__id__": 1
    },
    "_children": [],
    "_active": true,
    "_components": [
      {
        "__id__": 3
      }
    ],
    "_prefab": {
      "__id__": 63
    },
    "_lpos": {
      "__type__": "cc.Vec3",
      "x": 0,
      "y": 0,
      "z": 0
    },
    "_lrot": {
      "__type__": "cc.Quat",
      "x": 0.7071067811865475,
      "y": 0,
      "z": 0,
      "w": 0.7071067811865476
    },
    "_lscale": {
      "__type__": "cc.Vec3",
      "x": 1,
      "y": 1,
      "z": 1
    },
    "_layer": 1073741824,
    "_euler": {
      "__type__": "cc.Vec3",
      "x": 90,
      "y": 0,
      "z": 0
    },
    "_id": ""
  },
  {
    "__type__": "cc.ParticleSystem",
    "_name": "",
    "_objFlags": 0,
    "node": {
      "__id__": 2
    },
    "_enabled": true,
    "__prefab": {
      "__id__": 4
    },
    "_materials": [
      {
        "__uuid__": "82625195-1b69-4053-8deb-dca5fafd252b",
        "__expectedType__": "cc.Material"
      }
    ],
    "_visFlags": 0,
    "startColor": {
      "__id__": 5
    },
    "scaleSpace": 1,
    "startSize3D": false,
    "startSizeX": {
      "__id__": 6
    },
    "startSize": {
      "__id__": 6
    },
    "startSizeY": {
      "__id__": 7
    },
    "startSizeZ": {
      "__id__": 8
    },
    "startSpeed": {
      "__id__": 9
    },
    "startRotation3D": false,
    "startRotationX": {
      "__id__": 10
    },
    "startRotationY": {
      "__id__": 11
    },
    "startRotationZ": {
      "__id__": 12
    },
    "startRotation": {
      "__id__": 12
    },
    "startDelay": {
      "__id__": 13
    },
    "startLifetime": {
      "__id__": 14
    },
    "duration": 1,
    "loop": false,
    "simulationSpeed": 1,
    "playOnAwake": false,
    "gravityModifier": {
      "__id__": 15
    },
    "rateOverTime": {
      "__id__": 16
    },
    "rateOverDistance": {
      "__id__": 17
    },
    "bursts": [
      {
        "__id__": 18
      }
    ],
    "_renderCulling": false,
    "_cullingMode": 0,
    "_aabbHalfX": 0,
    "_aabbHalfY": 0,
    "_aabbHalfZ": 0,
    "_dataCulling": false,
    "enableCulling": false,
    "_colorOverLifetimeModule": {
      "__id__": 20
    },
    "_shapeModule": {
      "__id__": 27
    },
    "_sizeOvertimeModule": {
      "__id__": 29
    },
    "_velocityOvertimeModule": {
      "__id__": 35
    },
    "_forceOvertimeModule": {
      "__id__": 40
    },
    "_limitVelocityOvertimeModule": {
      "__id__": 44
    },
    "_rotationOvertimeModule": {
      "__id__": 49
    },
    "_textureAnimationModule": {
      "__id__": 53
    },
    "_trailModule": {
      "__id__": 57
    },
    "renderer": {
      "__id__": 62
    },
    "_prewarm": false,
    "_capacity": 100,
    "_simulationSpace": 1,
    "_id": ""
  },
  {
    "__type__": "cc.CompPrefabInfo",
    "fileId": "52AUbb+u1E05Xq5t+UtJJA"
  },
  {
    "__type__": "cc.GradientRange",
    "_mode": 0,
    "color": {
      "__type__": "cc.Color",
      "r": 255,
      "g": 255,
      "b": 255,
      "a": 255
    }
  },
  {
    "__type__": "cc.CurveRange",
    "mode": 0,
    "constant": 0.3,
    "multiplier": 1
  },
  {
    "__type__": "cc.CurveRange",
    "mode": 0,
    "constant": 0,
    "multiplier": 1
  },
  {
    "__type__": "cc.CurveRange",
    "mode": 0,
    "constant": 0,
    "multiplier": 1
  },
  {
    "__type__": "cc.CurveRange",
    "mode": 0,
    "constant": 0.01,
    "multiplier": 1
  },
  {
    "__type__": "cc.CurveRange",
    "mode": 0,
    "constant": 0,
    "multiplier": 1
  },
  {
    "__type__": "cc.CurveRange",
    "mode": 0,
    "constant": 0,
    "multiplier": 1
  },
  {
    "__type__": "cc.CurveRange",
    "mode": 0,
    "constant": 0,
    "multiplier": 1
  },
  {
    "__type__": "cc.CurveRange",
    "mode": 0,
    "constant": 0,
    "multiplier": 1
  },
  {
    "__type__": "cc.CurveRange",
    "mode": 0,
    "constant": 0.5,
    "multiplier": 1
  },
  {
    "__type__": "cc.CurveRange",
    "mode": 0,
    "constant": 0,
    "multiplier": 1
  },
  {
    "__type__": "cc.CurveRange",
    "mode": 0,
    "constant": 0,
    "multiplier": 1
  },
  {
    "__type__": "cc.CurveRange",
    "mode": 0,
    "constant": 0,
    "multiplier": 1
  },
  {
    "__type__": "cc.Burst",
    "_time": 0,
    "_repeatCount": 1,
    "repeatInterval": 1,
    "count": {
      "__id__": 19
    }
  },
  {
    "__type__": "cc.CurveRange",
    "mode": 0,
    "constant": 1,
    "multiplier": 1
  },
  {
    "__type__": "cc.ColorOvertimeModule",
    "_enable": true,
    "color": {
      "__id__": 21
    }
  },
  {
    "__type__": "cc.GradientRange",
    "_mode": 1,
    "gradient": {
      "__id__": 22
    }
  },
  {
    "__type__": "cc.Gradient",
    "colorKeys": [
      {
        "__id__": 23
      },
      {
        "__id__": 24
      }
    ],
    "alphaKeys": [
      {
        "__id__": 25
      },
      {
        "__id__": 26
      }
    ],
    "mode": 0
  },
  {
    "__type__": "cc.ColorKey",
    "color": {
      "__type__": "cc.Color",
      "r": 0,
      "g": 214,
      "b": 255,
      "a": 255
    },
    "time": 0
  },
  {
    "__type__": "cc.ColorKey",
    "color": {
      "__type__": "cc.Color",
      "r": 255,
      "g": 255,
      "b": 255,
      "a": 255
    },
    "time": 0.9888392857142857
  },
  {
    "__type__": "cc.AlphaKey",
    "alpha": 255,
    "time": 0
  },
  {
    "__type__": "cc.AlphaKey",
    "alpha": 0,
    "time": 0.9955357142857143
  },
  {
    "__type__": "cc.ShapeModule",
    "_enable": false,
    "_shapeType": 2,
    "shapeType": 2,
    "emitFrom": 0,
    "alignToDirection": false,
    "randomDirectionAmount": 0,
    "sphericalDirectionAmount": 0,
    "randomPositionAmount": 0,
    "radius": 1,
    "radiusThickness": 1,
    "arcMode": 0,
    "arcSpread": 0,
    "arcSpeed": {
      "__id__": 28
    },
    "length": 5,
    "boxThickness": {
      "__type__": "cc.Vec3",
      "x": 0,
      "y": 0,
      "z": 0
    },
    "_position": {
      "__type__": "cc.Vec3",
      "x": 0,
      "y": 0,
      "z": 0
    },
    "_rotation": {
      "__type__": "cc.Vec3",
      "x": 0,
      "y": 0,
      "z": 0
    },
    "_scale": {
      "__type__": "cc.Vec3",
      "x": 1,
      "y": 1,
      "z": 1
    },
    "_arc": 6.283185307179586,
    "_angle": 0.4363323129985824
  },
  {
    "__type__": "cc.CurveRange",
    "mode": 0,
    "constant": 1,
    "multiplier": 1
  },
  {
    "__type__": "cc.SizeOvertimeModule",
    "_enable": true,
    "separateAxes": false,
    "size": {
      "__id__": 30
    },
    "x": {
      "__id__": 32
    },
    "y": {
      "__id__": 33
    },
    "z": {
      "__id__": 34
    }
  },
  {
    "__type__": "cc.CurveRange",
    "mode": 1,
    "spline": {
      "__id__": 31
    },
    "multiplier": 1
  },
  {
    "__type__": "cc.RealCurve",
    "_times": [
      0,
      1
    ],
    "_values": [
      {
        "__type__": "cc.RealKeyframeValue",
        "interpolationMode": 2,
        "tangentWeightMode": 3,
        "value": 0,
        "rightTangent": 2.6376811594202896,
        "rightTangentWeight": 0.49907870413964467,
        "leftTangent": 2.6376811594202896,
        "leftTangentWeight": 1,
        "easingMethod": 0
      },
      {
        "__type__": "cc.RealKeyframeValue",
        "interpolationMode": 2,
        "tangentWeightMode": 3,
        "value": 1,
        "rightTangent": 0,
        "rightTangentWeight": 1,
        "leftTangent": 0,
        "leftTangentWeight": 0.4714045207910316,
        "easingMethod": 0
      }
    ],
    "preExtrapolation": 1,
    "postExtrapolation": 1
  },
  {
    "__type__": "cc.CurveRange",
    "mode": 0,
    "constant": 0,
    "multiplier": 1
  },
  {
    "__type__": "cc.CurveRange",
    "mode": 0,
    "constant": 0,
    "multiplier": 1
  },
  {
    "__type__": "cc.CurveRange",
    "mode": 0,
    "constant": 0,
    "multiplier": 1
  },
  {
    "__type__": "cc.VelocityOvertimeModule",
    "_enable": false,
    "x": {
      "__id__": 36
    },
    "y": {
      "__id__": 37
    },
    "z": {
      "__id__": 38
    },
    "speedModifier": {
      "__id__": 39
    },
    "space": 1
  },
  {
    "__type__": "cc.CurveRange",
    "mode": 0,
    "constant": 0,
    "multiplier": 1
  },
  {
    "__type__": "cc.CurveRange",
    "mode": 0,
    "constant": 0,
    "multiplier": 1
  },
  {
    "__type__": "cc.CurveRange",
    "mode": 0,
    "constant": 0,
    "multiplier": 1
  },
  {
    "__type__": "cc.CurveRange",
    "mode": 0,
    "constant": 1,
    "multiplier": 1
  },
  {
    "__type__": "cc.ForceOvertimeModule",
    "_enable": false,
    "x": {
      "__id__": 41
    },
    "y": {
      "__id__": 42
    },
    "z": {
      "__id__": 43
    },
    "space": 1
  },
  {
    "__type__": "cc.CurveRange",
    "mode": 0,
    "constant": 0,
    "multiplier": 1
  },
  {
    "__type__": "cc.CurveRange",
    "mode": 0,
    "constant": 0,
    "multiplier": 1
  },
  {
    "__type__": "cc.CurveRange",
    "mode": 0,
    "constant": 0,
    "multiplier": 1
  },
  {
    "__type__": "cc.LimitVelocityOvertimeModule",
    "_enable": false,
    "limitX": {
      "__id__": 45
    },
    "limitY": {
      "__id__": 46
    },
    "limitZ": {
      "__id__": 47
    },
    "limit": {
      "__id__": 48
    },
    "dampen": 3,
    "separateAxes": false,
    "space": 1
  },
  {
    "__type__": "cc.CurveRange",
    "mode": 0,
    "constant": 0,
    "multiplier": 1
  },
  {
    "__type__": "cc.CurveRange",
    "mode": 0,
    "constant": 0,
    "multiplier": 1
  },
  {
    "__type__": "cc.CurveRange",
    "mode": 0,
    "constant": 0,
    "multiplier": 1
  },
  {
    "__type__": "cc.CurveRange",
    "mode": 0,
    "constant": 0,
    "multiplier": 1
  },
  {
    "__type__": "cc.RotationOvertimeModule",
    "_enable": false,
    "_separateAxes": false,
    "x": {
      "__id__": 50
    },
    "y": {
      "__id__": 51
    },
    "z": {
      "__id__": 52
    }
  },
  {
    "__type__": "cc.CurveRange",
    "mode": 0,
    "constant": 0,
    "multiplier": 1
  },
  {
    "__type__": "cc.CurveRange",
    "mode": 0,
    "constant": 0,
    "multiplier": 1
  },
  {
    "__type__": "cc.CurveRange",
    "mode": 0,
    "constant": 0,
    "multiplier": 1
  },
  {
    "__type__": "cc.TextureAnimationModule",
    "_enable": false,
    "_numTilesX": 0,
    "numTilesX": 0,
    "_numTilesY": 0,
    "numTilesY": 0,
    "_mode": 0,
    "animation": 0,
    "frameOverTime": {
      "__id__": 54
    },
    "startFrame": {
      "__id__": 56
    },
    "cycleCount": 0,
    "_flipU": 0,
    "_flipV": 0,
    "_uvChannelMask": -1,
    "randomRow": false,
    "rowIndex": 0
  },
  {
    "__type__": "cc.CurveRange",
    "mode": 1,
    "spline": {
      "__id__": 55
    },
    "multiplier": 1
  },
  {
    "__type__": "cc.RealCurve",
    "_times": [
      0,
      1
    ],
    "_values": [
      {
        "__type__": "cc.RealKeyframeValue",
        "interpolationMode": 2,
        "tangentWeightMode": 0,
        "value": 1,
        "rightTangent": 0,
        "rightTangentWeight": 0,
        "leftTangent": 0,
        "leftTangentWeight": 0,
        "easingMethod": 0
      },
      {
        "__type__": "cc.RealKeyframeValue",
        "interpolationMode": 2,
        "tangentWeightMode": 0,
        "value": 1,
        "rightTangent": 0,
        "rightTangentWeight": 0,
        "leftTangent": 0,
        "leftTangentWeight": 0,
        "easingMethod": 0
      }
    ],
    "preExtrapolation": 1,
    "postExtrapolation": 1
  },
  {
    "__type__": "cc.CurveRange",
    "mode": 0,
    "constant": 0,
    "multiplier": 1
  },
  {
    "__type__": "cc.TrailModule",
    "_enable": false,
    "mode": 0,
    "lifeTime": {
      "__id__": 58
    },
    "_minParticleDistance": 0.1,
    "existWithParticles": true,
    "textureMode": 0,
    "widthFromParticle": true,
    "widthRatio": {
      "__id__": 59
    },
    "colorFromParticle": false,
    "colorOverTrail": {
      "__id__": 60
    },
    "colorOvertime": {
      "__id__": 61
    },
    "_space": 0,
    "_particleSystem": {
      "__id__": 3
    }
  },
  {
    "__type__": "cc.CurveRange",
    "mode": 0,
    "constant": 1,
    "multiplier": 1
  },
  {
    "__type__": "cc.CurveRange",
    "mode": 0,
    "constant": 0,
    "multiplier": 1
  },
  {
    "__type__": "cc.GradientRange",
    "_mode": 0,
    "color": {
      "__type__": "cc.Color",
      "r": 255,
      "g": 255,
      "b": 255,
      "a": 255
    }
  },
  {
    "__type__": "cc.GradientRange",
    "_mode": 0,
    "color": {
      "__type__": "cc.Color",
      "r": 255,
      "g": 255,
      "b": 255,
      "a": 255
    }
  },
  {
    "__type__": "cc.ParticleSystemRenderer",
    "_renderMode": 0,
    "_velocityScale": 1,
    "_lengthScale": 1,
    "_mesh": null,
    "_mainTexture": {
      "__uuid__": "c6ab8a88-986f-49f2-ab3b-8f75cc913663@6c48a",
      "__expectedType__": "cc.Texture2D"
    },
    "_useGPU": false,
    "_alignSpace": 2
  },
  {
    "__type__": "cc.PrefabInfo",
    "root": {
      "__id__": 1
    },
    "asset": {
      "__id__": 0
    },
    "fileId": "ae9ZKGTv5CT5LuTbzCTtLC"
  },
  {
    "__type__": "cc.ParticleSystem",
    "_name": "",
    "_objFlags": 0,
    "node": {
      "__id__": 1
    },
    "_enabled": true,
    "__prefab": {
      "__id__": 65
    },
    "_materials": [
      {
        "__uuid__": "5ba8437c-a05c-42b0-bcd9-36489a5c2d01",
        "__expectedType__": "cc.Material"
      }
    ],
    "_visFlags": 0,
    "startColor": {
      "__id__": 66
    },
    "scaleSpace": 1,
    "startSize3D": false,
    "startSizeX": {
      "__id__": 67
    },
    "startSize": {
      "__id__": 67
    },
    "startSizeY": {
      "__id__": 68
    },
    "startSizeZ": {
      "__id__": 69
    },
    "startSpeed": {
      "__id__": 70
    },
    "startRotation3D": false,
    "startRotationX": {
      "__id__": 71
    },
    "startRotationY": {
      "__id__": 72
    },
    "startRotationZ": {
      "__id__": 73
    },
    "startRotation": {
      "__id__": 73
    },
    "startDelay": {
      "__id__": 74
    },
    "startLifetime": {
      "__id__": 75
    },
    "duration": 1,
    "loop": false,
    "simulationSpeed": 1,
    "playOnAwake": false,
    "gravityModifier": {
      "__id__": 76
    },
    "rateOverTime": {
      "__id__": 77
    },
    "rateOverDistance": {
      "__id__": 78
    },
    "bursts": [
      {
        "__id__": 79
      }
    ],
    "_renderCulling": false,
    "_cullingMode": 0,
    "_aabbHalfX": 0,
    "_aabbHalfY": 0,
    "_aabbHalfZ": 0,
    "_dataCulling": false,
    "enableCulling": false,
    "_colorOverLifetimeModule": {
      "__id__": 81
    },
    "_shapeModule": {
      "__id__": 83
    },
    "_sizeOvertimeModule": {
      "__id__": 85
    },
    "_velocityOvertimeModule": {
      "__id__": 91
    },
    "_forceOvertimeModule": {
      "__id__": 96
    },
    "_limitVelocityOvertimeModule": {
      "__id__": 100
    },
    "_rotationOvertimeModule": {
      "__id__": 105
    },
    "_textureAnimationModule": {
      "__id__": 109
    },
    "_trailModule": {
      "__id__": 113
    },
    "renderer": {
      "__id__": 118
    },
    "_prewarm": false,
    "_capacity": 100,
    "_simulationSpace": 0,
    "_id": ""
  },
  {
    "__type__": "cc.CompPrefabInfo",
    "fileId": "c5Rp5PSBNLDI25Q88T+UP8"
  },
  {
    "__type__": "cc.GradientRange",
    "_mode": 0,
    "color": {
      "__type__": "cc.Color",
      "r": 255,
      "g": 255,
      "b": 255,
      "a": 129
    }
  },
  {
    "__type__": "cc.CurveRange",
    "mode": 0,
    "constant": 0.05,
    "multiplier": 1
  },
  {
    "__type__": "cc.CurveRange",
    "mode": 0,
    "constant": 0,
    "multiplier": 1
  },
  {
    "__type__": "cc.CurveRange",
    "mode": 0,
    "constant": 0,
    "multiplier": 1
  },
  {
    "__type__": "cc.CurveRange",
    "mode": 0,
    "constant": 0.15,
    "multiplier": 1
  },
  {
    "__type__": "cc.CurveRange",
    "mode": 0,
    "constant": 0,
    "multiplier": 1
  },
  {
    "__type__": "cc.CurveRange",
    "mode": 0,
    "constant": 0,
    "multiplier": 1
  },
  {
    "__type__": "cc.CurveRange",
    "mode": 3,
    "constantMin": 4.71238898038469,
    "constantMax": 0,
    "multiplier": 1
  },
  {
    "__type__": "cc.CurveRange",
    "mode": 0,
    "constant": 0,
    "multiplier": 1
  },
  {
    "__type__": "cc.CurveRange",
    "mode": 3,
    "constantMin": 0.3,
    "constantMax": 0.6,
    "multiplier": 1
  },
  {
    "__type__": "cc.CurveRange",
    "mode": 0,
    "constant": 0,
    "multiplier": 1
  },
  {
    "__type__": "cc.CurveRange",
    "mode": 0,
    "constant": 0,
    "multiplier": 1
  },
  {
    "__type__": "cc.CurveRange",
    "mode": 0,
    "constant": 0,
    "multiplier": 1
  },
  {
    "__type__": "cc.Burst",
    "_time": 0,
    "_repeatCount": 1,
    "repeatInterval": 1,
    "count": {
      "__id__": 80
    }
  },
  {
    "__type__": "cc.CurveRange",
    "mode": 0,
    "constant": 50,
    "multiplier": 1
  },
  {
    "__type__": "cc.ColorOvertimeModule",
    "_enable": false,
    "color": {
      "__id__": 82
    }
  },
  {
    "__type__": "cc.GradientRange",
    "_mode": 0,
    "color": {
      "__type__": "cc.Color",
      "r": 255,
      "g": 255,
      "b": 255,
      "a": 255
    }
  },
  {
    "__type__": "cc.ShapeModule",
    "_enable": true,
    "_shapeType": 3,
    "shapeType": 3,
    "emitFrom": 3,
    "alignToDirection": false,
    "randomDirectionAmount": 0,
    "sphericalDirectionAmount": 0,
    "randomPositionAmount": 0,
    "radius": 0.1,
    "radiusThickness": 1,
    "arcMode": 0,
    "arcSpread": 0,
    "arcSpeed": {
      "__id__": 84
    },
    "length": 5,
    "boxThickness": {
      "__type__": "cc.Vec3",
      "x": 0,
      "y": 0,
      "z": 0
    },
    "_position": {
      "__type__": "cc.Vec3",
      "x": 0,
      "y": 0,
      "z": 0
    },
    "_rotation": {
      "__type__": "cc.Vec3",
      "x": 0,
      "y": 0,
      "z": 0
    },
    "_scale": {
      "__type__": "cc.Vec3",
      "x": 1,
      "y": 1,
      "z": 1
    },
    "_arc": 6.283185307179586,
    "_angle": 0.4363323129985824
  },
  {
    "__type__": "cc.CurveRange",
    "mode": 0,
    "constant": 1,
    "multiplier": 1
  },
  {
    "__type__": "cc.SizeOvertimeModule",
    "_enable": true,
    "separateAxes": false,
    "size": {
      "__id__": 86
    },
    "x": {
      "__id__": 88
    },
    "y": {
      "__id__": 89
    },
    "z": {
      "__id__": 90
    }
  },
  {
    "__type__": "cc.CurveRange",
    "mode": 1,
    "spline": {
      "__id__": 87
    },
    "multiplier": 1
  },
  {
    "__type__": "cc.RealCurve",
    "_times": [
      0,
      0.2846153846153846,
      0.49230769230769234,
      0.6846153846153846,
      1
    ],
    "_values": [
      {
        "__type__": "cc.RealKeyframeValue",
        "interpolationMode": 2,
        "tangentWeightMode": 0,
        "value": 0,
        "rightTangent": 6.066666666666666,
        "rightTangentWeight": 0,
        "leftTangent": 6.066666666666666,
        "leftTangentWeight": 0,
        "easingMethod": 0
      },
      {
        "__type__": "cc.RealKeyframeValue",
        "interpolationMode": 2,
        "tangentWeightMode": 0,
        "value": 0.9925925925925926,
        "rightTangent": 0,
        "rightTangentWeight": 0,
        "leftTangent": 0,
        "leftTangentWeight": 0,
        "easingMethod": 0
      },
      {
        "__type__": "cc.RealKeyframeValue",
        "interpolationMode": 2,
        "tangentWeightMode": 0,
        "value": 0.5148148148148148,
        "rightTangent": 0,
        "rightTangentWeight": 0,
        "leftTangent": 0,
        "leftTangentWeight": 0,
        "easingMethod": 0
      },
      {
        "__type__": "cc.RealKeyframeValue",
        "interpolationMode": 2,
        "tangentWeightMode": 0,
        "value": 0.9962962962962965,
        "rightTangent": 0,
        "rightTangentWeight": 0,
        "leftTangent": 0,
        "leftTangentWeight": 0,
        "easingMethod": 0
      },
      {
        "__type__": "cc.RealKeyframeValue",
        "interpolationMode": 2,
        "tangentWeightMode": 0,
        "value": 0,
        "rightTangent": -5.149758454106279,
        "rightTangentWeight": 0,
        "leftTangent": -5.149758454106279,
        "leftTangentWeight": 0,
        "easingMethod": 0
      }
    ],
    "preExtrapolation": 1,
    "postExtrapolation": 1
  },
  {
    "__type__": "cc.CurveRange",
    "mode": 0,
    "constant": 0,
    "multiplier": 1
  },
  {
    "__type__": "cc.CurveRange",
    "mode": 0,
    "constant": 0,
    "multiplier": 1
  },
  {
    "__type__": "cc.CurveRange",
    "mode": 0,
    "constant": 0,
    "multiplier": 1
  },
  {
    "__type__": "cc.VelocityOvertimeModule",
    "_enable": false,
    "x": {
      "__id__": 92
    },
    "y": {
      "__id__": 93
    },
    "z": {
      "__id__": 94
    },
    "speedModifier": {
      "__id__": 95
    },
    "space": 1
  },
  {
    "__type__": "cc.CurveRange",
    "mode": 0,
    "constant": 0,
    "multiplier": 1
  },
  {
    "__type__": "cc.CurveRange",
    "mode": 0,
    "constant": 0,
    "multiplier": 1
  },
  {
    "__type__": "cc.CurveRange",
    "mode": 0,
    "constant": 0,
    "multiplier": 1
  },
  {
    "__type__": "cc.CurveRange",
    "mode": 0,
    "constant": 1,
    "multiplier": 1
  },
  {
    "__type__": "cc.ForceOvertimeModule",
    "_enable": false,
    "x": {
      "__id__": 97
    },
    "y": {
      "__id__": 98
    },
    "z": {
      "__id__": 99
    },
    "space": 1
  },
  {
    "__type__": "cc.CurveRange",
    "mode": 0,
    "constant": 0,
    "multiplier": 1
  },
  {
    "__type__": "cc.CurveRange",
    "mode": 0,
    "constant": 0,
    "multiplier": 1
  },
  {
    "__type__": "cc.CurveRange",
    "mode": 0,
    "constant": 0,
    "multiplier": 1
  },
  {
    "__type__": "cc.LimitVelocityOvertimeModule",
    "_enable": false,
    "limitX": {
      "__id__": 101
    },
    "limitY": {
      "__id__": 102
    },
    "limitZ": {
      "__id__": 103
    },
    "limit": {
      "__id__": 104
    },
    "dampen": 3,
    "separateAxes": false,
    "space": 1
  },
  {
    "__type__": "cc.CurveRange",
    "mode": 0,
    "constant": 0,
    "multiplier": 1
  },
  {
    "__type__": "cc.CurveRange",
    "mode": 0,
    "constant": 0,
    "multiplier": 1
  },
  {
    "__type__": "cc.CurveRange",
    "mode": 0,
    "constant": 0,
    "multiplier": 1
  },
  {
    "__type__": "cc.CurveRange",
    "mode": 0,
    "constant": 0,
    "multiplier": 1
  },
  {
    "__type__": "cc.RotationOvertimeModule",
    "_enable": true,
    "_separateAxes": false,
    "x": {
      "__id__": 106
    },
    "y": {
      "__id__": 107
    },
    "z": {
      "__id__": 108
    }
  },
  {
    "__type__": "cc.CurveRange",
    "mode": 0,
    "constant": 0,
    "multiplier": 1
  },
  {
    "__type__": "cc.CurveRange",
    "mode": 0,
    "constant": 0,
    "multiplier": 1
  },
  {
    "__type__": "cc.CurveRange",
    "mode": 3,
    "constantMin": -0.7853981633974483,
    "constantMax": 0.7853981633974483,
    "multiplier": 180
  },
  {
    "__type__": "cc.TextureAnimationModule",
    "_enable": true,
    "_numTilesX": 2,
    "numTilesX": 2,
    "_numTilesY": 2,
    "numTilesY": 2,
    "_mode": 0,
    "animation": 0,
    "frameOverTime": {
      "__id__": 110
    },
    "startFrame": {
      "__id__": 112
    },
    "cycleCount": 0,
    "_flipU": 0,
    "_flipV": 0,
    "_uvChannelMask": -1,
    "randomRow": false,
    "rowIndex": 0
  },
  {
    "__type__": "cc.CurveRange",
    "mode": 1,
    "spline": {
      "__id__": 111
    },
    "multiplier": 1
  },
  {
    "__type__": "cc.RealCurve",
    "_times": [
      0,
      1
    ],
    "_values": [
      {
        "__type__": "cc.RealKeyframeValue",
        "interpolationMode": 2,
        "tangentWeightMode": 0,
        "value": 1,
        "rightTangent": 0,
        "rightTangentWeight": 0,
        "leftTangent": 0,
        "leftTangentWeight": 0,
        "easingMethod": 0
      },
      {
        "__type__": "cc.RealKeyframeValue",
        "interpolationMode": 2,
        "tangentWeightMode": 0,
        "value": 1,
        "rightTangent": 0,
        "rightTangentWeight": 0,
        "leftTangent": 0,
        "leftTangentWeight": 0,
        "easingMethod": 0
      }
    ],
    "preExtrapolation": 1,
    "postExtrapolation": 1
  },
  {
    "__type__": "cc.CurveRange",
    "mode": 0,
    "constant": 3,
    "multiplier": 1
  },
  {
    "__type__": "cc.TrailModule",
    "_enable": false,
    "mode": 0,
    "lifeTime": {
      "__id__": 114
    },
    "_minParticleDistance": 0.1,
    "existWithParticles": true,
    "textureMode": 0,
    "widthFromParticle": true,
    "widthRatio": {
      "__id__": 115
    },
    "colorFromParticle": false,
    "colorOverTrail": {
      "__id__": 116
    },
    "colorOvertime": {
      "__id__": 117
    },
    "_space": 0,
    "_particleSystem": {
      "__id__": 64
    }
  },
  {
    "__type__": "cc.CurveRange",
    "mode": 0,
    "constant": 1,
    "multiplier": 1
  },
  {
    "__type__": "cc.CurveRange",
    "mode": 0,
    "constant": 0,
    "multiplier": 1
  },
  {
    "__type__": "cc.GradientRange",
    "_mode": 0,
    "color": {
      "__type__": "cc.Color",
      "r": 255,
      "g": 255,
      "b": 255,
      "a": 255
    }
  },
  {
    "__type__": "cc.GradientRange",
    "_mode": 0,
    "color": {
      "__type__": "cc.Color",
      "r": 255,
      "g": 255,
      "b": 255,
      "a": 255
    }
  },
  {
    "__type__": "cc.ParticleSystemRenderer",
    "_renderMode": 0,
    "_velocityScale": 1,
    "_lengthScale": 1,
    "_mesh": null,
    "_mainTexture": {
      "__uuid__": "0f89d8a2-04ea-45dc-9b18-c3d12e58b696@6c48a",
      "__expectedType__": "cc.Texture2D"
    },
    "_useGPU": false,
    "_alignSpace": 2
  },
  {
    "__type__": "cc.PrefabInfo",
    "root": {
      "__id__": 1
    },
    "asset": {
      "__id__": 0
    },
    "fileId": "b8bvJHdTxMLZLIxUBWkl3n"
  }
]