{
  "__type__": "cc.AnimationClip",
  "_name": "Boss_IconAnim",
  "_objFlags": 0,
  "_native": "",
  "_duration": 1,
  "sample": 60,
  "speed": 1,
  "wrapMode": 2,
  "curveData": {
    "props": {
      "scale": [
        {
          "frame": 0,
          "value": {
            "__type__": "cc.Vec3",
            "x": 0,
            "y": 0,
            "z": 0.05
          }
        },
        {
          "frame": 0.5,
          "value": {
            "__type__": "cc.Vec3",
            "x": 0.05,
            "y": 0.05,
            "z": 0.05
          }
        },
        {
          "frame": 1,
          "value": {
            "__type__": "cc.Vec3",
            "x": 0.09,
            "y": 0.09,
            "z": 0.05
          }
        }
      ],
      "opacity": [
        {
          "frame": 0,
          "value": 0
        },
        {
          "frame": 0.5,
          "value": 255
        },
        {
          "frame": 1,
          "value": 0
        }
      ]
    }
  },
  "events": []
}