{
  "title": "Egg",
  "packageName": "org.cocos2d.demo",
  "startScene": "dbb70360-cb83-4b99-9182-22bbb5ba61e8",
  "excludeScenes": [],
  "orientation": {
    "landscapeRight": true,
    "landscapeLeft": true,
    "portrait": false,
    "upsideDown": false
  },
  "webOrientation": "auto",
  "inlineSpriteFrames": false,
  "inlineSpriteFrames_native": true,
  "mainCompressionType": "default",
  "mainIsRemote": false,
  "optimizeHotUpdate": false,
  "md5Cache": false,
  "nativeMd5Cache": true,
  "encryptJs": true,
  "xxteaKey": "2ac6847d-e138-47",
  "zipCompressJs": true,
  "fb-instant-games": {},
  "android": {
    "packageName": "org.cocos2d.demo",
    "REMOTE_SERVER_ROOT": ""
  },
  "ios": {
    "packageName": "org.cocos2d.demo",
    "REMOTE_SERVER_ROOT": "",
    "ios_enable_jit": true
  },
  "mac": {
    "packageName": "org.cocos2d.demo",
    "REMOTE_SERVER_ROOT": "",
    "width": 1280,
    "height": 720
  },
  "win32": {
    "REMOTE_SERVER_ROOT": "",
    "width": 1280,
    "height": 720
  },
  "android-instant": {
    "packageName": "org.cocos2d.demo",
    "REMOTE_SERVER_ROOT": "",
    "pathPattern": "",
    "scheme": "https",
    "host": "",
    "skipRecord": false,
    "recordPath": ""
  },
  "appBundle": false,
  "agreements": {}
}
