{
  "__type__": "cc.AnimationClip",
  "_name": "baseHand_Anim",
  "_objFlags": 0,
  "_native": "",
  "_duration": 1,
  "sample": 60,
  "speed": 1,
  "wrapMode": 2,
  "curveData": {
    "paths": {
      "hand": {
        "props": {
          "opacity": [
            {
              "frame": 0,
              "value": 0
            },
            {
              "frame": 0.4166666666666667,
              "value": 255
            },
            {
              "frame": 0.75,
              "value": 255
            },
            {
              "frame": 1,
              "value": 0
            }
          ],
          "scale": [
            {
              "frame": 0,
              "value": {
                "__type__": "cc.Vec3",
                "x": 1,
                "y": 1,
                "z": 1.42857
              }
            },
            {
              "frame": 0.4166666666666667,
              "value": {
                "__type__": "cc.Vec3",
                "x": 1.04,
                "y": 1.07,
                "z": 1.42857
              }
            },
            {
              "frame": 0.8333333333333334,
              "value": {
                "__type__": "cc.Vec3",
                "x": 1,
                "y": 1,
                "z": 1.42857
              }
            }
          ]
        }
      }
    }
  },
  "events": []
}