{
  "__type__": "cc.BitmapFont",
  "_name": "minecraft_alpha",
  "_objFlags": 0,
  "_native": "",
  "fntDataStr": "",
  "spriteFrame": {
    "__uuid__": "63461ee4-e539-4bf2-80c0-72cd5a432403"
  },
  "fontSize": 128,
  "_fntConfig": {
    "commonHeight": 128,
    "fontSize": 128,
    "atlasName": "minecraft_alpha_0.png",
    "fontDefDictionary": {
      "32": {
        "rect": {
          "x": 504,
          "y": 72,
          "width": 7,
          "height": 5
        },
        "xOffset": -3,
        "yOffset": 125,
        "xAdvance": 23
      },
      "33": {
        "rect": {
          "x": 477,
          "y": 144,
          "width": 26,
          "height": 71
        },
        "xOffset": -3,
        "yOffset": 36,
        "xAdvance": 26
      },
      "46": {
        "rect": {
          "x": 0,
          "y": 288,
          "width": 26,
          "height": 25
        },
        "xOffset": -3,
        "yOffset": 82,
        "xAdvance": 26
      },
      "47": {
        "rect": {
          "x": 157,
          "y": 0,
          "width": 64,
          "height": 71
        },
        "xOffset": -3,
        "yOffset": 36,
        "xAdvance": 64
      },
      "48": {
        "rect": {
          "x": 455,
          "y": 0,
          "width": 52,
          "height": 71
        },
        "xOffset": -3,
        "yOffset": 36,
        "xAdvance": 52
      },
      "49": {
        "rect": {
          "x": 467,
          "y": 216,
          "width": 41,
          "height": 71
        },
        "xOffset": -3,
        "yOffset": 36,
        "xAdvance": 41
      },
      "50": {
        "rect": {
          "x": 0,
          "y": 72,
          "width": 52,
          "height": 71
        },
        "xOffset": -3,
        "yOffset": 36,
        "xAdvance": 52
      },
      "51": {
        "rect": {
          "x": 53,
          "y": 72,
          "width": 52,
          "height": 71
        },
        "xOffset": -3,
        "yOffset": 36,
        "xAdvance": 52
      },
      "52": {
        "rect": {
          "x": 222,
          "y": 0,
          "width": 61,
          "height": 71
        },
        "xOffset": -3,
        "yOffset": 36,
        "xAdvance": 61
      },
      "53": {
        "rect": {
          "x": 106,
          "y": 72,
          "width": 52,
          "height": 71
        },
        "xOffset": -3,
        "yOffset": 36,
        "xAdvance": 52
      },
      "54": {
        "rect": {
          "x": 159,
          "y": 72,
          "width": 52,
          "height": 71
        },
        "xOffset": -3,
        "yOffset": 36,
        "xAdvance": 52
      },
      "55": {
        "rect": {
          "x": 212,
          "y": 72,
          "width": 52,
          "height": 71
        },
        "xOffset": -3,
        "yOffset": 36,
        "xAdvance": 52
      },
      "56": {
        "rect": {
          "x": 265,
          "y": 72,
          "width": 52,
          "height": 71
        },
        "xOffset": -3,
        "yOffset": 36,
        "xAdvance": 52
      },
      "57": {
        "rect": {
          "x": 318,
          "y": 72,
          "width": 52,
          "height": 71
        },
        "xOffset": -3,
        "yOffset": 36,
        "xAdvance": 52
      },
      "65": {
        "rect": {
          "x": 371,
          "y": 72,
          "width": 52,
          "height": 71
        },
        "xOffset": -3,
        "yOffset": 36,
        "xAdvance": 52
      },
      "66": {
        "rect": {
          "x": 424,
          "y": 72,
          "width": 52,
          "height": 71
        },
        "xOffset": -3,
        "yOffset": 36,
        "xAdvance": 52
      },
      "67": {
        "rect": {
          "x": 419,
          "y": 216,
          "width": 47,
          "height": 71
        },
        "xOffset": -3,
        "yOffset": 36,
        "xAdvance": 47
      },
      "68": {
        "rect": {
          "x": 0,
          "y": 144,
          "width": 52,
          "height": 71
        },
        "xOffset": -3,
        "yOffset": 36,
        "xAdvance": 52
      },
      "69": {
        "rect": {
          "x": 53,
          "y": 144,
          "width": 52,
          "height": 71
        },
        "xOffset": -3,
        "yOffset": 36,
        "xAdvance": 52
      },
      "70": {
        "rect": {
          "x": 106,
          "y": 144,
          "width": 52,
          "height": 71
        },
        "xOffset": -3,
        "yOffset": 36,
        "xAdvance": 52
      },
      "71": {
        "rect": {
          "x": 402,
          "y": 0,
          "width": 52,
          "height": 71
        },
        "xOffset": -3,
        "yOffset": 36,
        "xAdvance": 52
      },
      "72": {
        "rect": {
          "x": 212,
          "y": 144,
          "width": 52,
          "height": 71
        },
        "xOffset": -3,
        "yOffset": 36,
        "xAdvance": 52
      },
      "73": {
        "rect": {
          "x": 477,
          "y": 72,
          "width": 26,
          "height": 71
        },
        "xOffset": -3,
        "yOffset": 36,
        "xAdvance": 26
      },
      "74": {
        "rect": {
          "x": 265,
          "y": 144,
          "width": 52,
          "height": 71
        },
        "xOffset": -3,
        "yOffset": 36,
        "xAdvance": 52
      },
      "75": {
        "rect": {
          "x": 318,
          "y": 144,
          "width": 52,
          "height": 71
        },
        "xOffset": -3,
        "yOffset": 36,
        "xAdvance": 52
      },
      "76": {
        "rect": {
          "x": 371,
          "y": 216,
          "width": 47,
          "height": 71
        },
        "xOffset": -3,
        "yOffset": 36,
        "xAdvance": 47
      },
      "77": {
        "rect": {
          "x": 80,
          "y": 0,
          "width": 76,
          "height": 71
        },
        "xOffset": -3,
        "yOffset": 36,
        "xAdvance": 76
      },
      "78": {
        "rect": {
          "x": 343,
          "y": 0,
          "width": 58,
          "height": 71
        },
        "xOffset": -3,
        "yOffset": 36,
        "xAdvance": 58
      },
      "79": {
        "rect": {
          "x": 371,
          "y": 144,
          "width": 52,
          "height": 71
        },
        "xOffset": -3,
        "yOffset": 36,
        "xAdvance": 52
      },
      "80": {
        "rect": {
          "x": 424,
          "y": 144,
          "width": 52,
          "height": 71
        },
        "xOffset": -3,
        "yOffset": 36,
        "xAdvance": 52
      },
      "81": {
        "rect": {
          "x": 284,
          "y": 0,
          "width": 58,
          "height": 71
        },
        "xOffset": -3,
        "yOffset": 36,
        "xAdvance": 58
      },
      "82": {
        "rect": {
          "x": 0,
          "y": 216,
          "width": 52,
          "height": 71
        },
        "xOffset": -3,
        "yOffset": 36,
        "xAdvance": 52
      },
      "83": {
        "rect": {
          "x": 53,
          "y": 216,
          "width": 52,
          "height": 71
        },
        "xOffset": -3,
        "yOffset": 36,
        "xAdvance": 52
      },
      "84": {
        "rect": {
          "x": 106,
          "y": 216,
          "width": 52,
          "height": 71
        },
        "xOffset": -3,
        "yOffset": 36,
        "xAdvance": 52
      },
      "85": {
        "rect": {
          "x": 159,
          "y": 216,
          "width": 52,
          "height": 71
        },
        "xOffset": -3,
        "yOffset": 36,
        "xAdvance": 52
      },
      "86": {
        "rect": {
          "x": 212,
          "y": 216,
          "width": 52,
          "height": 71
        },
        "xOffset": -3,
        "yOffset": 36,
        "xAdvance": 52
      },
      "87": {
        "rect": {
          "x": 0,
          "y": 0,
          "width": 79,
          "height": 71
        },
        "xOffset": -3,
        "yOffset": 36,
        "xAdvance": 79
      },
      "88": {
        "rect": {
          "x": 265,
          "y": 216,
          "width": 52,
          "height": 71
        },
        "xOffset": -3,
        "yOffset": 36,
        "xAdvance": 52
      },
      "89": {
        "rect": {
          "x": 318,
          "y": 216,
          "width": 52,
          "height": 71
        },
        "xOffset": -3,
        "yOffset": 36,
        "xAdvance": 52
      },
      "90": {
        "rect": {
          "x": 159,
          "y": 144,
          "width": 52,
          "height": 71
        },
        "xOffset": -3,
        "yOffset": 36,
        "xAdvance": 52
      }
    },
    "kerningDict": {
      "4259906": 3
    }
  },
  "_fontDefDictionary": null
}