{
  "__type__": "cc.Material",
  "_name": "",
  "_objFlags": 0,
  "_native": "",
  "_effectAsset": {
    "__uuid__": "1baf0fc9-befa-459c-8bdd-af1a450a0319",
    "__expectedType__": "cc.EffectAsset"
  },
  "_techIdx": 0,
  "_defines": [
    {
      "USE_LIGHTMAP": true,
      "USE_ALBEDO_MAP": true
    },
    {},
    {}
  ],
  "_states": [
    {
      "rasterizerState": {},
      "depthStencilState": {},
      "blendState": {
        "targets": [
          {}
        ]
      }
    },
    {},
    {}
  ],
  "_props": [
    {
      "mainTexture": {
        "__uuid__": "8fd668fd-5e3f-4eaa-a66c-8d612489a480@6c48a",
        "__expectedType__": "cc.Texture2D"
      }
    },
    {},
    {}
  ]
}