{
  "__type__": "cc.Mesh",
  "_name": "",
  "_objFlags": 0,
  "_native": ".bin",
  "_struct": {
    "primitives": [
      {
        "primitiveMode": 7,
        "jointMapIndex": 0,
        "vertexBundelIndices": [
          0
        ],
        "indexView": {
          "offset": 6552,
          "length": 318,
          "count": 159,
          "stride": 2
        }
      },
      {
        "primitiveMode": 7,
        "jointMapIndex": 1,
        "vertexBundelIndices": [
          1
        ],
        "indexView": {
          "offset": 21774,
          "length": 660,
          "count": 330,
          "stride": 2
        }
      },
      {
        "primitiveMode": 7,
        "jointMapIndex": 2,
        "vertexBundelIndices": [
          2
        ],
        "indexView": {
          "offset": 29922,
          "length": 378,
          "count": 189,
          "stride": 2
        }
      },
      {
        "primitiveMode": 7,
        "jointMapIndex": 3,
        "vertexBundelIndices": [
          3
        ],
        "indexView": {
          "offset": 44772,
          "length": 678,
          "count": 339,
          "stride": 2
        }
      },
      {
        "primitiveMode": 7,
        "jointMapIndex": 4,
        "vertexBundelIndices": [
          4
        ],
        "indexView": {
          "offset": 46818,
          "length": 144,
          "count": 72,
          "stride": 2
        }
      },
      {
        "primitiveMode": 7,
        "jointMapIndex": 3,
        "vertexBundelIndices": [
          5
        ],
        "indexView": {
          "offset": 48548,
          "length": 336,
          "count": 84,
          "stride": 4
        }
      }
    ],
    "vertexBundles": [
      {
        "view": {
          "offset": 0,
          "length": 6552,
          "count": 91,
          "stride": 72
        },
        "attributes": [
          {
            "name": "a_position",
            "format": 32,
            "isNormalized": false
          },
          {
            "name": "a_normal",
            "format": 32,
            "isNormalized": false
          },
          {
            "name": "a_texCoord",
            "format": 21,
            "isNormalized": false
          },
          {
            "name": "a_tangent",
            "format": 44,
            "isNormalized": false
          },
          {
            "name": "a_joints",
            "format": 42,
            "isNormalized": false
          },
          {
            "name": "a_weights",
            "format": 44,
            "isNormalized": false
          }
        ]
      },
      {
        "view": {
          "offset": 6870,
          "length": 14904,
          "count": 207,
          "stride": 72
        },
        "attributes": [
          {
            "name": "a_position",
            "format": 32,
            "isNormalized": false
          },
          {
            "name": "a_normal",
            "format": 32,
            "isNormalized": false
          },
          {
            "name": "a_texCoord",
            "format": 21,
            "isNormalized": false
          },
          {
            "name": "a_tangent",
            "format": 44,
            "isNormalized": false
          },
          {
            "name": "a_joints",
            "format": 42,
            "isNormalized": false
          },
          {
            "name": "a_weights",
            "format": 44,
            "isNormalized": false
          }
        ]
      },
      {
        "view": {
          "offset": 22434,
          "length": 7488,
          "count": 104,
          "stride": 72
        },
        "attributes": [
          {
            "name": "a_position",
            "format": 32,
            "isNormalized": false
          },
          {
            "name": "a_normal",
            "format": 32,
            "isNormalized": false
          },
          {
            "name": "a_texCoord",
            "format": 21,
            "isNormalized": false
          },
          {
            "name": "a_tangent",
            "format": 44,
            "isNormalized": false
          },
          {
            "name": "a_joints",
            "format": 42,
            "isNormalized": false
          },
          {
            "name": "a_weights",
            "format": 44,
            "isNormalized": false
          }
        ]
      },
      {
        "view": {
          "offset": 30300,
          "length": 14472,
          "count": 201,
          "stride": 72
        },
        "attributes": [
          {
            "name": "a_position",
            "format": 32,
            "isNormalized": false
          },
          {
            "name": "a_normal",
            "format": 32,
            "isNormalized": false
          },
          {
            "name": "a_texCoord",
            "format": 21,
            "isNormalized": false
          },
          {
            "name": "a_tangent",
            "format": 44,
            "isNormalized": false
          },
          {
            "name": "a_joints",
            "format": 42,
            "isNormalized": false
          },
          {
            "name": "a_weights",
            "format": 44,
            "isNormalized": false
          }
        ]
      },
      {
        "view": {
          "offset": 45450,
          "length": 1368,
          "count": 19,
          "stride": 72
        },
        "attributes": [
          {
            "name": "a_position",
            "format": 32,
            "isNormalized": false
          },
          {
            "name": "a_normal",
            "format": 32,
            "isNormalized": false
          },
          {
            "name": "a_texCoord",
            "format": 21,
            "isNormalized": false
          },
          {
            "name": "a_tangent",
            "format": 44,
            "isNormalized": false
          },
          {
            "name": "a_joints",
            "format": 42,
            "isNormalized": false
          },
          {
            "name": "a_weights",
            "format": 44,
            "isNormalized": false
          }
        ]
      },
      {
        "view": {
          "offset": 46962,
          "length": 1584,
          "count": 22,
          "stride": 72
        },
        "attributes": [
          {
            "name": "a_position",
            "format": 32,
            "isNormalized": false
          },
          {
            "name": "a_normal",
            "format": 32,
            "isNormalized": false
          },
          {
            "name": "a_texCoord",
            "format": 21,
            "isNormalized": false
          },
          {
            "name": "a_tangent",
            "format": 44,
            "isNormalized": false
          },
          {
            "name": "a_joints",
            "format": 42,
            "isNormalized": false
          },
          {
            "name": "a_weights",
            "format": 44,
            "isNormalized": false
          }
        ]
      }
    ],
    "minPosition": {
      "__type__": "cc.Vec3",
      "x": -0.002649865113198757,
      "y": 0.0005072757485322654,
      "z": -0.023691222071647644
    },
    "maxPosition": {
      "__type__": "cc.Vec3",
      "x": 0.002649865113198757,
      "y": 0.020600700750947,
      "z": 0.01760418526828289
    },
    "jointMaps": [
      [
        0,
        3,
        4,
        5,
        6,
        7,
        8,
        25,
        26,
        27,
        28,
        29,
        39,
        54,
        58,
        59,
        60,
        61,
        62,
        63,
        64,
        65,
        66,
        67,
        82,
        85,
        86,
        87,
        88
      ],
      [
        0,
        1,
        2,
        3,
        4,
        5,
        6,
        7,
        8,
        9,
        10,
        11,
        25,
        26,
        27,
        28,
        29,
        39,
        54,
        58,
        59,
        60,
        61,
        82,
        83,
        84,
        85,
        86,
        87,
        88
      ],
      [
        0,
        1,
        2,
        3,
        4,
        5,
        6,
        16,
        17,
        25,
        26,
        27,
        28,
        29,
        39,
        50,
        58,
        59,
        60,
        61,
        62,
        63,
        64,
        65,
        66,
        71,
        74,
        75,
        76,
        77
      ],
      [
        0,
        1,
        2,
        3,
        5,
        6,
        16,
        17,
        18,
        19,
        20,
        27,
        28,
        29,
        31,
        35,
        39,
        50,
        58,
        59,
        60,
        61,
        71,
        72,
        73,
        74,
        75,
        76,
        77
      ],
      [
        0,
        29,
        31,
        39,
        44,
        45,
        46
      ]
    ]
  },
  "_hash": 396937407
}