[
    1,
    [
        "1brw/JvvpFnIvdrxpFCgMZ"
    ],
    [
        "_effectAsset"
    ],
    [
        [
            "cc.Material",
            [
                "_name",
                "_states",
                "_defines",
                "_props"
            ],
            0,
            12
        ]
    ],
    [
        [
            0,
            0,
            1,
            2,
            3,
            4
        ]
    ],
    [
        [
            0,
            "da_bg02_mat",
            [
                {
                    "rasterizerState": {},
                    "blendState": {
                        "targets": [
                            {}
                        ]
                    },
                    "depthStencilState": {}
                }
            ],
            [
                {}
            ],
            [
                [
                    [
                        {
                            "metallic": 0.4000000059604645,
                            "roughness": 0.49053239822387695
                        },
                        "albedoScale",
                        8,
                        [
                            1,
                            0.35183998942375183,
                            0.3452800214290619,
                            0.013760000467300415
                        ]
                    ]
                ],
                11
            ]
        ]
    ],
    0,
    0,
    [
        0
    ],
    [
        0
    ],
    [
        0
    ]
]
