{
  "__type__": "cc.TextAsset",
  "_name": "Rope02.atlas",
  "_objFlags": 0,
  "_native": "",
  "text": "\nRope02.png\nsize: 1024,128\nformat: RGBA8888\nfilter: Linear,Linear\nrepeat: none\n1\n  rotate: false\n  xy: 217, 2\n  size: 128, 47\n  orig: 128, 47\n  offset: 0, 0\n  index: -1\n2\n  rotate: false\n  xy: 347, 7\n  size: 115, 45\n  orig: 115, 45\n  offset: 0, 0\n  index: -1\n3\n  rotate: false\n  xy: 217, 51\n  size: 125, 50\n  orig: 125, 50\n  offset: 0, 0\n  index: -1\n4\n  rotate: false\n  xy: 464, 15\n  size: 140, 42\n  orig: 140, 42\n  offset: 0, 0\n  index: -1\n5\n  rotate: false\n  xy: 344, 54\n  size: 79, 47\n  orig: 79, 47\n  offset: 0, 0\n  index: -1\n6\n  rotate: false\n  xy: 425, 59\n  size: 156, 42\n  orig: 156, 42\n  offset: 0, 0\n  index: -1\nbase\n  rotate: false\n  xy: 2, 2\n  size: 213, 99\n  orig: 213, 99\n  offset: 0, 0\n  index: -1\n"
}