{
  "__type__": "cc.Skeleton",
  "_name": "Skin-0",
  "_objFlags": 0,
  "_native": "",
  "_joints": [
    "Rap/root",
    "Rap/root/spine0",
    "Rap/root/spine0/spine1",
    "Rap/root/spine0/spine1/spine2",
    "Rap/root/spine0/spine1/spine2/spine3",
    "Rap/root/spine0/spine1/spine2/spine3/spine4",
    "Rap/root/spine0/spine1/spine2/spine3/spine4/spine5",
    "Rap/root/spine0/spine1/spine2/spine3/spine4/spine5/left arm0",
    "Rap/root/spine0/spine1/spine2/spine3/spine4/spine5/left arm0/left arm1",
    "Rap/root/spine0/spine1/spine2/spine3/spine4/spine5/left arm0/left arm1/left hand",
    "Rap/root/spine0/spine1/spine2/spine3/spine4/spine5/left arm0/left arm1/left hand/left finger6",
    "Rap/root/spine0/spine1/spine2/spine3/spine4/spine5/left arm0/left arm1/left hand/left finger6/left finger7",
    "Rap/root/spine0/spine1/spine2/spine3/spine4/spine5/left arm0/left arm1/left hand/left finger6/left finger7/left finger8",
    "Rap/root/spine0/spine1/spine2/spine3/spine4/spine5/left arm0/left arm1/left hand/left finger6/left finger7/left finger8/left finger8_end",
    "Rap/root/spine0/spine1/spine2/spine3/spine4/spine5/left arm0/left arm1/left hand/left finger3",
    "Rap/root/spine0/spine1/spine2/spine3/spine4/spine5/left arm0/left arm1/left hand/left finger3/left finger4",
    "Rap/root/spine0/spine1/spine2/spine3/spine4/spine5/left arm0/left arm1/left hand/left finger3/left finger4/left finger5",
    "Rap/root/spine0/spine1/spine2/spine3/spine4/spine5/left arm0/left arm1/left hand/left finger3/left finger4/left finger5/left finger5_end",
    "Rap/root/spine0/spine1/spine2/spine3/spine4/spine5/left arm0/left arm1/left hand/left finger0",
    "Rap/root/spine0/spine1/spine2/spine3/spine4/spine5/left arm0/left arm1/left hand/left finger0/left finger1",
    "Rap/root/spine0/spine1/spine2/spine3/spine4/spine5/left arm0/left arm1/left hand/left finger0/left finger1/left finger2",
    "Rap/root/spine0/spine1/spine2/spine3/spine4/spine5/left arm0/left arm1/left hand/left finger0/left finger1/left finger2/left finger2_end",
    "Rap/root/spine0/spine1/spine2/spine3/spine4/spine5/right arm0",
    "Rap/root/spine0/spine1/spine2/spine3/spine4/spine5/right arm0/right arm1",
    "Rap/root/spine0/spine1/spine2/spine3/spine4/spine5/right arm0/right arm1/right hand",
    "Rap/root/spine0/spine1/spine2/spine3/spine4/spine5/right arm0/right arm1/right hand/right finger6",
    "Rap/root/spine0/spine1/spine2/spine3/spine4/spine5/right arm0/right arm1/right hand/right finger6/right finger7",
    "Rap/root/spine0/spine1/spine2/spine3/spine4/spine5/right arm0/right arm1/right hand/right finger6/right finger7/right finger8",
    "Rap/root/spine0/spine1/spine2/spine3/spine4/spine5/right arm0/right arm1/right hand/right finger6/right finger7/right finger8/right finger8_end",
    "Rap/root/spine0/spine1/spine2/spine3/spine4/spine5/right arm0/right arm1/right hand/right finger3",
    "Rap/root/spine0/spine1/spine2/spine3/spine4/spine5/right arm0/right arm1/right hand/right finger3/right finger4",
    "Rap/root/spine0/spine1/spine2/spine3/spine4/spine5/right arm0/right arm1/right hand/right finger3/right finger4/right finger5",
    "Rap/root/spine0/spine1/spine2/spine3/spine4/spine5/right arm0/right arm1/right hand/right finger3/right finger4/right finger5/right finger5_end",
    "Rap/root/spine0/spine1/spine2/spine3/spine4/spine5/right arm0/right arm1/right hand/right finger0",
    "Rap/root/spine0/spine1/spine2/spine3/spine4/spine5/right arm0/right arm1/right hand/right finger0/right finger1",
    "Rap/root/spine0/spine1/spine2/spine3/spine4/spine5/right arm0/right arm1/right hand/right finger0/right finger1/right finger2",
    "Rap/root/spine0/spine1/spine2/spine3/spine4/spine5/right arm0/right arm1/right hand/right finger0/right finger1/right finger2/right finger2_end",
    "Rap/root/spine0/spine1/spine2/spine3/spine4/spine5/neck0",
    "Rap/root/spine0/spine1/spine2/spine3/spine4/spine5/neck0/neck1",
    "Rap/root/spine0/spine1/spine2/spine3/spine4/spine5/neck0/neck1/neck2",
    "Rap/root/spine0/spine1/spine2/spine3/spine4/spine5/neck0/neck1/neck2/neck3",
    "Rap/root/spine0/spine1/spine2/spine3/spine4/spine5/neck0/neck1/neck2/neck3/head",
    "Rap/root/spine0/spine1/spine2/spine3/spine4/spine5/neck0/neck1/neck2/neck3/head/eye0",
    "Rap/root/spine0/spine1/spine2/spine3/spine4/spine5/neck0/neck1/neck2/neck3/head/eye0/facial right",
    "Rap/root/spine0/spine1/spine2/spine3/spine4/spine5/neck0/neck1/neck2/neck3/head/eye0/facial right/facial right_end",
    "Rap/root/spine0/spine1/spine2/spine3/spine4/spine5/neck0/neck1/neck2/neck3/head/eye0/facial left",
    "Rap/root/spine0/spine1/spine2/spine3/spine4/spine5/neck0/neck1/neck2/neck3/head/eye0/facial left/facial left_end",
    "Rap/root/spine0/spine1/spine2/spine3/spine4/spine5/neck0/neck1/neck2/neck3/head/eye0/left eye",
    "Rap/root/spine0/spine1/spine2/spine3/spine4/spine5/neck0/neck1/neck2/neck3/head/eye0/left eye/left eye_end",
    "Rap/root/spine0/spine1/spine2/spine3/spine4/spine5/neck0/neck1/neck2/neck3/head/eye0/facial down",
    "Rap/root/spine0/spine1/spine2/spine3/spine4/spine5/neck0/neck1/neck2/neck3/head/eye0/facial down/facial down_end",
    "Rap/root/spine0/spine1/spine2/spine3/spine4/spine5/neck0/neck1/neck2/neck3/head/eye0/right eye",
    "Rap/root/spine0/spine1/spine2/spine3/spine4/spine5/neck0/neck1/neck2/neck3/head/eye0/right eye/right eye_end",
    "Rap/root/spine0/spine1/spine2/spine3/spine4/spine5/neck0/neck1/neck2/neck3/head/jaw0",
    "Rap/root/spine0/spine1/spine2/spine3/spine4/spine5/neck0/neck1/neck2/neck3/head/jaw0/tongue0",
    "Rap/root/spine0/spine1/spine2/spine3/spine4/spine5/neck0/neck1/neck2/neck3/head/jaw0/tongue0/tongue1",
    "Rap/root/spine0/spine1/spine2/spine3/spine4/spine5/neck0/neck1/neck2/neck3/head/jaw0/tongue0/tongue1/tongue2",
    "Rap/root/spine0/spine1/spine2/spine3/spine4/spine5/neck0/neck1/neck2/neck3/head/jaw0/tongue0/tongue1/tongue2/tongue2_end",
    "Rap/root/spine0/spine1/spine2/spine3/spine4/spine5/neck0/neck1/neck2/neck3/head/jaw0/jaw1",
    "Rap/root/spine0/spine1/spine2/spine3/spine4/spine5/neck0/neck1/neck2/neck3/head/jaw0/jaw1/jaw1_end",
    "Rap/root/pelvis",
    "Rap/root/pelvis/right leg0",
    "Rap/root/pelvis/right leg0/right leg1",
    "Rap/root/pelvis/right leg0/right leg1/right foot0",
    "Rap/root/pelvis/right leg0/right leg1/right foot0/right foot1",
    "Rap/root/pelvis/right leg0/right leg1/right foot0/right foot1/right foot2",
    "Rap/root/pelvis/right leg0/right leg1/right foot0/right foot1/right foot2/right toe3",
    "Rap/root/pelvis/right leg0/right leg1/right foot0/right foot1/right foot2/right toe3/right toe4",
    "Rap/root/pelvis/right leg0/right leg1/right foot0/right foot1/right foot2/right toe3/right toe4/right toe5",
    "Rap/root/pelvis/right leg0/right leg1/right foot0/right foot1/right foot2/right toe3/right toe4/right toe5/right toe5_end",
    "Rap/root/pelvis/right leg0/right leg1/right foot0/right foot1/right foot2/right toe0",
    "Rap/root/pelvis/right leg0/right leg1/right foot0/right foot1/right foot2/right toe0/right toe1",
    "Rap/root/pelvis/right leg0/right leg1/right foot0/right foot1/right foot2/right toe0/right toe1/right toe2",
    "Rap/root/pelvis/right leg0/right leg1/right foot0/right foot1/right foot2/right toe0/right toe1/right toe2/right toe2_end",
    "Rap/root/pelvis/right leg0/right leg1/right foot0/right foot1/right claw0",
    "Rap/root/pelvis/right leg0/right leg1/right foot0/right foot1/right claw0/right claw1",
    "Rap/root/pelvis/right leg0/right leg1/right foot0/right foot1/right claw0/right claw1/right claw1_end",
    "Rap/root/pelvis/tail0",
    "Rap/root/pelvis/tail0/tail1",
    "Rap/root/pelvis/tail0/tail1/tail2",
    "Rap/root/pelvis/tail0/tail1/tail2/tail3",
    "Rap/root/pelvis/tail0/tail1/tail2/tail3/tail4",
    "Rap/root/pelvis/tail0/tail1/tail2/tail3/tail4/tail5",
    "Rap/root/pelvis/tail0/tail1/tail2/tail3/tail4/tail5/tail6",
    "Rap/root/pelvis/tail0/tail1/tail2/tail3/tail4/tail5/tail6/tail7",
    "Rap/root/pelvis/tail0/tail1/tail2/tail3/tail4/tail5/tail6/tail7/tail8",
    "Rap/root/pelvis/tail0/tail1/tail2/tail3/tail4/tail5/tail6/tail7/tail8/tail9",
    "Rap/root/pelvis/tail0/tail1/tail2/tail3/tail4/tail5/tail6/tail7/tail8/tail9/tail10",
    "Rap/root/pelvis/tail0/tail1/tail2/tail3/tail4/tail5/tail6/tail7/tail8/tail9/tail10/tail11",
    "Rap/root/pelvis/tail0/tail1/tail2/tail3/tail4/tail5/tail6/tail7/tail8/tail9/tail10/tail11/tail11_end",
    "Rap/root/pelvis/left leg0",
    "Rap/root/pelvis/left leg0/left leg1",
    "Rap/root/pelvis/left leg0/left leg1/left foot0",
    "Rap/root/pelvis/left leg0/left leg1/left foot0/left foot1",
    "Rap/root/pelvis/left leg0/left leg1/left foot0/left foot1/left foot2",
    "Rap/root/pelvis/left leg0/left leg1/left foot0/left foot1/left foot2/left toe0",
    "Rap/root/pelvis/left leg0/left leg1/left foot0/left foot1/left foot2/left toe0/left toe1",
    "Rap/root/pelvis/left leg0/left leg1/left foot0/left foot1/left foot2/left toe0/left toe1/left toe2",
    "Rap/root/pelvis/left leg0/left leg1/left foot0/left foot1/left foot2/left toe0/left toe1/left toe2/left toe2_end",
    "Rap/root/pelvis/left leg0/left leg1/left foot0/left foot1/left foot2/left toe3",
    "Rap/root/pelvis/left leg0/left leg1/left foot0/left foot1/left foot2/left toe3/left toe4",
    "Rap/root/pelvis/left leg0/left leg1/left foot0/left foot1/left foot2/left toe3/left toe4/left toe5",
    "Rap/root/pelvis/left leg0/left leg1/left foot0/left foot1/left foot2/left toe3/left toe4/left toe5/left toe5_end",
    "Rap/root/pelvis/left leg0/left leg1/left foot0/left foot1/left claw0",
    "Rap/root/pelvis/left leg0/left leg1/left foot0/left foot1/left claw0/left claw1",
    "Rap/root/pelvis/left leg0/left leg1/left foot0/left foot1/left claw0/left claw1/left claw1_end"
  ],
  "_bindposes": [
    {
      "__type__": "cc.Mat4",
      "m00": 0.028571419417858124,
      "m01": 2.130702503322368e-9,
      "m02": -9.313598417137942e-17,
      "m03": 0,
      "m04": -2.130702503322368e-9,
      "m05": 0.028571419417858124,
      "m06": -2.410769058542434e-16,
      "m07": 0,
      "m08": 9.313596431904472e-17,
      "m09": 2.41076932324023e-16,
      "m10": 0.028571419417858124,
      "m11": 0,
      "m12": -0.00001180260005639866,
      "m13": 0.0039984178729355335,
      "m14": 0.12694741785526276,
      "m15": 1
    },
    {
      "__type__": "cc.Mat4",
      "m00": 0.028571419417858124,
      "m01": 2.1324217946983026e-9,
      "m02": -9.321113187566864e-17,
      "m03": 0,
      "m04": -2.1324217946983026e-9,
      "m05": 0.028571419417858124,
      "m06": -2.410769058542434e-16,
      "m07": 0,
      "m08": 9.321111202333394e-17,
      "m09": 2.41076932324023e-16,
      "m10": 0.028571419417858124,
      "m11": 0,
      "m12": -0.00001180337949335808,
      "m13": -0.0021379240788519382,
      "m14": 0.12837447226047516,
      "m15": 1
    },
    {
      "__type__": "cc.Mat4",
      "m00": 0.028571419417858124,
      "m01": 2.1310797571061357e-9,
      "m02": -9.315246822662638e-17,
      "m03": 0,
      "m04": -2.1310797571061357e-9,
      "m05": 0.028571419417858124,
      "m06": -2.410769058542434e-16,
      "m07": 0,
      "m08": 9.315245499173658e-17,
      "m09": 2.41076932324023e-16,
      "m10": 0.028571419417858124,
      "m11": 0,
      "m12": -0.000011803783309005667,
      "m13": -0.011450748890638351,
      "m14": 0.1307666152715683,
      "m15": 1
    },
    {
      "__type__": "cc.Mat4",
      "m00": 0.028571419417858124,
      "m01": 2.132655163578079e-9,
      "m02": -9.32213359757051e-17,
      "m03": 0,
      "m04": -2.132655163578079e-9,
      "m05": 0.028571419417858124,
      "m06": -2.410769058542434e-16,
      "m07": 0,
      "m08": 9.32213161233704e-17,
      "m09": 2.41076932324023e-16,
      "m10": 0.028571419417858124,
      "m11": 0,
      "m12": -0.000011804060704889707,
      "m13": -0.01883998140692711,
      "m14": 0.1314743310213089,
      "m15": 1
    },
    {
      "__type__": "cc.Mat4",
      "m00": 0.028571419417858124,
      "m01": 2.131218312939609e-9,
      "m02": -9.315852980615517e-17,
      "m03": 0,
      "m04": -2.131218312939609e-9,
      "m05": 0.028571419417858124,
      "m06": -2.410769058542434e-16,
      "m07": 0,
      "m08": 9.315851657126537e-17,
      "m09": 2.41076932324023e-16,
      "m10": 0.028571419417858124,
      "m11": 0,
      "m12": -0.000011804387213487644,
      "m13": -0.027272887527942657,
      "m14": 0.13318489491939545,
      "m15": 1
    },
    {
      "__type__": "cc.Mat4",
      "m00": 0.028571419417858124,
      "m01": 2.1317549947497128e-9,
      "m02": -9.318198203088227e-17,
      "m03": 0,
      "m04": -2.131754772705108e-9,
      "m05": 0.028571421280503273,
      "m06": -2.410769058542434e-16,
      "m07": 0,
      "m08": 9.318196217854757e-17,
      "m09": 2.410769587938026e-16,
      "m10": 0.028571419417858124,
      "m11": 0,
      "m12": -0.000011804656423919369,
      "m13": -0.036033451557159424,
      "m14": 0.13227641582489014,
      "m15": 1
    },
    {
      "__type__": "cc.Mat4",
      "m00": 0.028571419417858124,
      "m01": 2.1318127263469933e-9,
      "m02": -9.318450327738933e-17,
      "m03": 0,
      "m04": -2.1318125043023883e-9,
      "m05": 0.028571421280503273,
      "m06": -2.410769058542434e-16,
      "m07": 0,
      "m08": 9.318448342505463e-17,
      "m09": 2.410769587938026e-16,
      "m10": 0.028571419417858124,
      "m11": 0,
      "m12": -0.000011803921552200336,
      "m13": -0.052532486617565155,
      "m14": 0.12958188354969025,
      "m15": 1
    },
    {
      "__type__": "cc.Mat4",
      "m00": 0.028571419417858124,
      "m01": 2.1318127263469933e-9,
      "m02": -9.318450327738933e-17,
      "m03": 0,
      "m04": -2.1318125043023883e-9,
      "m05": 0.028571421280503273,
      "m06": -2.410769058542434e-16,
      "m07": 0,
      "m08": 9.318448342505463e-17,
      "m09": 2.410769587938026e-16,
      "m10": 0.028571419417858124,
      "m11": 0,
      "m12": -0.016793468967080116,
      "m13": -0.05637620761990547,
      "m14": 0.11253698915243149,
      "m15": 1
    },
    {
      "__type__": "cc.Mat4",
      "m00": 0.028571419417858124,
      "m01": 1.96419769338263e-9,
      "m02": -8.585781386742745e-17,
      "m03": 0,
      "m04": -1.964197471338025e-9,
      "m05": 0.028571421280503273,
      "m06": -2.410769058542434e-16,
      "m07": 0,
      "m08": 8.585779401509274e-17,
      "m09": 2.410769587938026e-16,
      "m10": 0.028571419417858124,
      "m11": 0,
      "m12": -0.018833601847290993,
      "m13": -0.059229638427495956,
      "m14": 0.0847618505358696,
      "m15": 1
    },
    {
      "__type__": "cc.Mat4",
      "m00": 0.028571419417858124,
      "m01": 1.8210941643559408e-9,
      "m02": -7.960255496129324e-17,
      "m03": 0,
      "m04": -1.8210938312890335e-9,
      "m05": 0.028571421280503273,
      "m06": -2.410769058542434e-16,
      "m07": 0,
      "m08": 7.960254172640344e-17,
      "m09": 2.410769587938026e-16,
      "m10": 0.028571419417858124,
      "m11": 0,
      "m12": -0.018438737839460373,
      "m13": -0.08132186532020569,
      "m14": 0.07268201559782028,
      "m15": 1
    },
    {
      "__type__": "cc.Mat4",
      "m00": -4.000376030433017e-9,
      "m01": -0.028571419417858124,
      "m02": -8.507116788791791e-9,
      "m03": 0,
      "m04": 0.028571421280503273,
      "m05": -4.000373809986968e-9,
      "m06": -4.314164137042553e-9,
      "m07": 0,
      "m08": 4.314163692953343e-9,
      "m09": -8.50711767697021e-9,
      "m10": 0.028571419417858124,
      "m11": 0,
      "m12": -0.07852213829755783,
      "m13": 0.014092969708144665,
      "m14": 0.051559265702962875,
      "m15": 1
    },
    {
      "__type__": "cc.Mat4",
      "m00": 0.028571421280503273,
      "m01": 3.1568390124192547e-9,
      "m02": -1.398516379225772e-16,
      "m03": 0,
      "m04": -3.156838568330045e-9,
      "m05": 0.02857142500579357,
      "m06": -1.685085057601121e-11,
      "m07": 0,
      "m08": 1.3798981979984285e-16,
      "m09": 1.685085578018164e-11,
      "m10": 0.028571419417858124,
      "m11": 0,
      "m12": -0.011422717012465,
      "m13": -0.07517792284488678,
      "m14": 0.04439925774931908,
      "m15": 1
    },
    {
      "__type__": "cc.Mat4",
      "m00": 0.028571421280503273,
      "m01": 3.0257814032097485e-9,
      "m02": -1.340456373507328e-16,
      "m03": 0,
      "m04": -3.0257811811651436e-9,
      "m05": 0.02857142500579357,
      "m06": -1.685086445379902e-11,
      "m07": 0,
      "m08": 1.322611109844354e-16,
      "m09": 1.685086792324597e-11,
      "m10": 0.028571419417858124,
      "m11": 0,
      "m12": -0.010926246643066406,
      "m13": -0.06727490574121475,
      "m14": 0.044737715274095535,
      "m15": 1
    },
    {
      "__type__": "cc.Mat4",
      "m00": 0.028571421280503273,
      "m01": 3.097746503755161e-9,
      "m02": -1.3540677959230106e-16,
      "m03": 0,
      "m04": -3.097746281710556e-9,
      "m05": 0.02857142500579357,
      "m06": 7.315684620297064e-24,
      "m07": 0,
      "m08": 1.3540679282719086e-16,
      "m09": 7.315682253714349e-24,
      "m10": 0.028571419417858124,
      "m11": 0,
      "m12": -0.01092624757438898,
      "m13": -0.07520074397325516,
      "m14": 0.044737715274095535,
      "m15": 1
    },
    {
      "__type__": "cc.Mat4",
      "m00": 0.028571419417858124,
      "m01": 3.3587572723092762e-9,
      "m02": -1.4681595604979186e-16,
      "m03": 0,
      "m04": -3.3587568282200664e-9,
      "m05": 0.028571421280503273,
      "m06": -2.157003810896558e-16,
      "m07": 0,
      "m08": 1.4681592958001226e-16,
      "m09": 2.15700434029215e-16,
      "m10": 0.028571419417858124,
      "m11": 0,
      "m12": -0.018438730388879776,
      "m13": -0.0776570737361908,
      "m14": 0.04906284436583519,
      "m15": 1
    },
    {
      "__type__": "cc.Mat4",
      "m00": 1.2488944323152396e-9,
      "m01": -0.028571419417858124,
      "m02": -5.256981516765791e-9,
      "m03": 0,
      "m04": 0.028571421280503273,
      "m05": 1.2488949874267519e-9,
      "m06": -4.314164137042553e-9,
      "m07": 0,
      "m08": 4.314165025220973e-9,
      "m09": -5.256981072676581e-9,
      "m10": 0.028571419417858124,
      "m11": 0,
      "m12": -0.07623638212680817,
      "m13": 0.01850046031177044,
      "m14": 0.0422440804541111,
      "m15": 1
    },
    {
      "__type__": "cc.Mat4",
      "m00": 0.028571419417858124,
      "m01": 1.6179442230424002e-9,
      "m02": -3.6626482189051747e-17,
      "m03": 0,
      "m04": -1.6179438899754928e-9,
      "m05": 0.028571421280503273,
      "m06": 6.021060316996341e-10,
      "m07": 0,
      "m08": 7.072257917963438e-17,
      "m09": -6.021061427219365e-10,
      "m10": 0.028571419417858124,
      "m11": 0,
      "m12": -0.018664056435227394,
      "m13": -0.06744726002216339,
      "m14": 0.0367017425596714,
      "m15": 1
    },
    {
      "__type__": "cc.Mat4",
      "m00": 0.028571419417858124,
      "m01": 1.4902575840025634e-9,
      "m02": -6.514122762726958e-17,
      "m03": 0,
      "m04": -1.4902573619579584e-9,
      "m05": 0.028571421280503273,
      "m06": -1.078501971622728e-16,
      "m07": 0,
      "m08": 6.514122100982468e-17,
      "m09": 1.078502170146075e-16,
      "m10": 0.028571419417858124,
      "m11": 0,
      "m12": -0.018664062023162842,
      "m13": -0.07783921808004379,
      "m14": 0.0367017425596714,
      "m15": 1
    },
    {
      "__type__": "cc.Mat4",
      "m00": 6.2175633530614505e-9,
      "m01": -0.028571419417858124,
      "m02": -5.291492133352449e-9,
      "m03": 0,
      "m04": 0.028571421280503273,
      "m05": 6.2175633530614505e-9,
      "m06": -4.3141632488641335e-9,
      "m07": 0,
      "m08": 4.314165025220973e-9,
      "m09": -5.291491245174029e-9,
      "m10": 0.028571419417858124,
      "m11": 0,
      "m12": -0.07643871754407883,
      "m13": 0.02294609136879444,
      "m14": 0.05299324542284012,
      "m15": 1
    },
    {
      "__type__": "cc.Mat4",
      "m00": 3.5065284009760944e-9,
      "m01": -0.028571419417858124,
      "m02": -5.291492133352449e-9,
      "m03": 0,
      "m04": 0.028571421280503273,
      "m05": 3.5065288450653043e-9,
      "m06": -4.314165469310183e-9,
      "m07": 0,
      "m08": 4.314166801577812e-9,
      "m09": -5.291491689263239e-9,
      "m10": 0.028571419417858124,
      "m11": 0,
      "m12": -0.07203830778598785,
      "m13": 0.02485138177871704,
      "m14": 0.04806007072329521,
      "m15": 1
    },
    {
      "__type__": "cc.Mat4",
      "m00": 0.028571419417858124,
      "m01": 4.299169908961176e-9,
      "m02": -1.7418930804797227e-16,
      "m03": 0,
      "m04": -4.299169464871966e-9,
      "m05": 0.028571421280503273,
      "m06": 9.12691033860824e-11,
      "m07": 0,
      "m08": 1.8792266350339007e-16,
      "m09": -9.126911726387021e-11,
      "m10": 0.028571419417858124,
      "m11": 0,
      "m12": -0.026706641539931297,
      "m13": -0.06614065915346146,
      "m14": 0.046948570758104324,
      "m15": 1
    },
    {
      "__type__": "cc.Mat4",
      "m00": 0.028571419417858124,
      "m01": 3.358754607774017e-9,
      "m02": -1.4681582370089385e-16,
      "m03": 0,
      "m04": -3.3587539416402024e-9,
      "m05": 0.028571421280503273,
      "m06": -1.078501905448279e-16,
      "m07": 0,
      "m08": 1.4681581046600405e-16,
      "m09": 1.078502236320524e-16,
      "m10": 0.028571419417858124,
      "m11": 0,
      "m12": -0.026706641539931297,
      "m13": -0.07242234796285629,
      "m14": 0.046948570758104324,
      "m15": 1
    },
    {
      "__type__": "cc.Mat4",
      "m00": 7.607279250976262e-9,
      "m01": -0.028571421280503273,
      "m02": -5.207131170692492e-9,
      "m03": 0,
      "m04": 0.028571421280503273,
      "m05": 7.607280139154682e-9,
      "m06": -4.314161916596504e-9,
      "m07": 0,
      "m08": 4.314164137042553e-9,
      "m09": -5.207130726603282e-9,
      "m10": 0.028571419417858124,
      "m11": 0,
      "m12": -0.05637619271874428,
      "m13": -0.016793465241789818,
      "m14": 0.11253701150417328,
      "m15": 1
    },
    {
      "__type__": "cc.Mat4",
      "m00": 7.607280139154682e-9,
      "m01": -0.028571421280503273,
      "m02": -5.207131170692492e-9,
      "m03": 0,
      "m04": 0.028571421280503273,
      "m05": 7.607281027333102e-9,
      "m06": -4.3141632488641335e-9,
      "m07": 0,
      "m08": 4.314165469310183e-9,
      "m09": -5.207130726603282e-9,
      "m10": 0.028571419417858124,
      "m11": 0,
      "m12": -0.059229619801044464,
      "m13": -0.01883358508348465,
      "m14": 0.08476188033819199,
      "m15": 1
    },
    {
      "__type__": "cc.Mat4",
      "m00": 7.607280139154682e-9,
      "m01": -0.028571421280503273,
      "m02": -5.207131170692492e-9,
      "m03": 0,
      "m04": 0.028571421280503273,
      "m05": 7.607281027333102e-9,
      "m06": -4.3141632488641335e-9,
      "m07": 0,
      "m08": 4.314165469310183e-9,
      "m09": -5.207130726603282e-9,
      "m10": 0.028571419417858124,
      "m11": 0,
      "m12": -0.0813218504190445,
      "m13": -0.018438728526234627,
      "m14": 0.07268205285072327,
      "m15": 1
    },
    {
      "__type__": "cc.Mat4",
      "m00": 7.607280139154682e-9,
      "m01": -0.028571421280503273,
      "m02": -5.207131170692492e-9,
      "m03": 0,
      "m04": 0.028571421280503273,
      "m05": 7.607281027333102e-9,
      "m06": -4.314161916596504e-9,
      "m07": 0,
      "m08": 4.314164137042553e-9,
      "m09": -5.207130726603282e-9,
      "m10": 0.028571419417858124,
      "m11": 0,
      "m12": -0.07852211594581604,
      "m13": -0.014092952013015747,
      "m14": 0.05155926197767258,
      "m15": 1
    },
    {
      "__type__": "cc.Mat4",
      "m00": 7.607280139154682e-9,
      "m01": -0.028571421280503273,
      "m02": -3.0584685895007624e-9,
      "m03": 0,
      "m04": 0.028571421280503273,
      "m05": 7.607281027333102e-9,
      "m06": -4.314163692953343e-9,
      "m07": 0,
      "m08": 4.314165025220973e-9,
      "m09": -3.0584679233669476e-9,
      "m10": 0.028571419417858124,
      "m11": 0,
      "m12": -0.0751778706908226,
      "m13": -0.011422698386013508,
      "m14": 0.04439925029873848,
      "m15": 1
    },
    {
      "__type__": "cc.Mat4",
      "m00": 7.607280139154682e-9,
      "m01": -0.028571421280503273,
      "m02": -4.669961306547066e-9,
      "m03": 0,
      "m04": 0.028571421280503273,
      "m05": 7.607281027333102e-9,
      "m06": -4.314162360685714e-9,
      "m07": 0,
      "m08": 4.314164581131763e-9,
      "m09": -4.669960862457856e-9,
      "m10": 0.028571419417858124,
      "m11": 0,
      "m12": -0.06727486848831177,
      "m13": -0.010926229879260063,
      "m14": 0.04473773390054703,
      "m15": 1
    },
    {
      "__type__": "cc.Mat4",
      "m00": 7.540537971806316e-9,
      "m01": -0.02857142500579357,
      "m02": -4.6548747079100394e-9,
      "m03": 0,
      "m04": 0.028571421280503273,
      "m05": 7.540539748163155e-9,
      "m06": -4.3141632488641335e-9,
      "m07": 0,
      "m08": 4.314165469310183e-9,
      "m09": -4.6548742638208296e-9,
      "m10": 0.028571419417858124,
      "m11": 0,
      "m12": -0.06727486103773117,
      "m13": -0.01885206252336502,
      "m14": 0.04473772644996643,
      "m15": 1
    },
    {
      "__type__": "cc.Mat4",
      "m00": 7.607280139154682e-9,
      "m01": -0.028571421280503273,
      "m02": -5.207131170692492e-9,
      "m03": 0,
      "m04": 0.028571421280503273,
      "m05": 7.607281027333102e-9,
      "m06": -4.314161916596504e-9,
      "m07": 0,
      "m08": 4.314164137042553e-9,
      "m09": -5.207130726603282e-9,
      "m10": 0.028571419417858124,
      "m11": 0,
      "m12": -0.077657051384449,
      "m13": -0.01843872107565403,
      "m14": 0.04906286299228668,
      "m15": 1
    },
    {
      "__type__": "cc.Mat4",
      "m00": 7.607280139154682e-9,
      "m01": -0.028571421280503273,
      "m02": -5.207131170692492e-9,
      "m03": 0,
      "m04": 0.028571421280503273,
      "m05": 7.607281027333102e-9,
      "m06": -4.3141632488641335e-9,
      "m07": 0,
      "m08": 4.314165469310183e-9,
      "m09": -5.207130726603282e-9,
      "m10": 0.028571419417858124,
      "m11": 0,
      "m12": -0.07623633742332458,
      "m13": -0.018500449135899544,
      "m14": 0.0422440804541111,
      "m15": 1
    },
    {
      "__type__": "cc.Mat4",
      "m00": 7.607280139154682e-9,
      "m01": -0.028571421280503273,
      "m02": -5.207131170692492e-9,
      "m03": 0,
      "m04": 0.028571421280503273,
      "m05": 7.607281027333102e-9,
      "m06": -4.314161916596504e-9,
      "m07": 0,
      "m08": 4.314164137042553e-9,
      "m09": -5.207130726603282e-9,
      "m10": 0.028571419417858124,
      "m11": 0,
      "m12": -0.0674472525715828,
      "m13": -0.018664037808775902,
      "m14": 0.03670177608728409,
      "m15": 1
    },
    {
      "__type__": "cc.Mat4",
      "m00": 7.540537971806316e-9,
      "m01": -0.02857142500579357,
      "m02": -4.6548747079100394e-9,
      "m03": 0,
      "m04": 0.028571421280503273,
      "m05": 7.540539748163155e-9,
      "m06": -4.314162360685714e-9,
      "m07": 0,
      "m08": 4.314164581131763e-9,
      "m09": -4.6548742638208296e-9,
      "m10": 0.028571419417858124,
      "m11": 0,
      "m12": -0.0674472451210022,
      "m13": -0.02905598096549511,
      "m14": 0.03670177608728409,
      "m15": 1
    },
    {
      "__type__": "cc.Mat4",
      "m00": 7.607280139154682e-9,
      "m01": -0.028571421280503273,
      "m02": -5.207131170692492e-9,
      "m03": 0,
      "m04": 0.028571421280503273,
      "m05": 7.607281027333102e-9,
      "m06": -4.3141632488641335e-9,
      "m07": 0,
      "m08": 4.314165469310183e-9,
      "m09": -5.207130726603282e-9,
      "m10": 0.028571419417858124,
      "m11": 0,
      "m12": -0.07643873244524002,
      "m13": -0.022946130484342575,
      "m14": 0.05299312621355057,
      "m15": 1
    },
    {
      "__type__": "cc.Mat4",
      "m00": 7.607280139154682e-9,
      "m01": -0.028571421280503273,
      "m02": -5.207131170692492e-9,
      "m03": 0,
      "m04": 0.028571421280503273,
      "m05": 7.607281027333102e-9,
      "m06": -4.314161916596504e-9,
      "m07": 0,
      "m08": 4.314164137042553e-9,
      "m09": -5.207130726603282e-9,
      "m10": 0.028571419417858124,
      "m11": 0,
      "m12": -0.07203830033540726,
      "m13": -0.024851415306329727,
      "m14": 0.04805992916226387,
      "m15": 1
    },
    {
      "__type__": "cc.Mat4",
      "m00": 7.607280139154682e-9,
      "m01": -0.028571421280503273,
      "m02": -4.868252023726427e-9,
      "m03": 0,
      "m04": 0.028571421280503273,
      "m05": 7.607281027333102e-9,
      "m06": -4.314162360685714e-9,
      "m07": 0,
      "m08": 4.314164581131763e-9,
      "m09": -4.868251579637217e-9,
      "m10": 0.028571419417858124,
      "m11": 0,
      "m12": -0.06614063680171967,
      "m13": -0.026706669479608536,
      "m14": 0.04694847762584686,
      "m15": 1
    },
    {
      "__type__": "cc.Mat4",
      "m00": 7.540537971806316e-9,
      "m01": -0.028571421280503273,
      "m02": -4.6548747079100394e-9,
      "m03": 0,
      "m04": 0.028571421280503273,
      "m05": 7.540538859984736e-9,
      "m06": -4.314162360685714e-9,
      "m07": 0,
      "m08": 4.314164581131763e-9,
      "m09": -4.6548742638208296e-9,
      "m10": 0.028571419417858124,
      "m11": 0,
      "m12": -0.06614062935113907,
      "m13": -0.03298836573958397,
      "m14": 0.04694847762584686,
      "m15": 1
    },
    {
      "__type__": "cc.Mat4",
      "m00": 0.028571419417858124,
      "m01": 2.1307400288606004e-9,
      "m02": -9.313761206282493e-17,
      "m03": 0,
      "m04": -2.1307398068159955e-9,
      "m05": 0.028571421280503273,
      "m06": -2.410769058542434e-16,
      "m07": 0,
      "m08": 9.313759221049023e-17,
      "m09": 2.410769587938026e-16,
      "m10": 0.028571419417858124,
      "m11": 0,
      "m12": -0.000011801282198575791,
      "m13": -0.06364385783672333,
      "m14": 0.12601836025714874,
      "m15": 1
    },
    {
      "__type__": "cc.Mat4",
      "m00": 0.028571419417858124,
      "m01": 2.1319594978308487e-9,
      "m02": -9.319090896405295e-17,
      "m03": 0,
      "m04": -2.131959053741639e-9,
      "m05": 0.028571421280503273,
      "m06": -2.410769058542434e-16,
      "m07": 0,
      "m08": 9.319088911171824e-17,
      "m09": 2.410769587938026e-16,
      "m10": 0.028571419417858124,
      "m11": 0,
      "m12": -0.00001180186154670082,
      "m13": -0.06992127001285553,
      "m14": 0.13012398779392242,
      "m15": 1
    },
    {
      "__type__": "cc.Mat4",
      "m00": 0.028571419417858124,
      "m01": 2.133326848507977e-9,
      "m02": -9.325069096128338e-17,
      "m03": 0,
      "m04": -2.133326626463372e-9,
      "m05": 0.028571421280503273,
      "m06": -2.410769058542434e-16,
      "m07": 0,
      "m08": 9.325067110894868e-17,
      "m09": 2.410769587938026e-16,
      "m10": 0.028571419417858124,
      "m11": 0,
      "m12": -0.00001180279468826484,
      "m13": -0.07520601898431778,
      "m14": 0.136601984500885,
      "m15": 1
    },
    {
      "__type__": "cc.Mat4",
      "m00": 0.028571419417858124,
      "m01": 2.1333581567972715e-9,
      "m02": -9.325205415493287e-17,
      "m03": 0,
      "m04": -2.1333579347526666e-9,
      "m05": 0.028571421280503273,
      "m06": -2.410769058542434e-16,
      "m07": 0,
      "m08": 9.325203430259816e-17,
      "m09": 2.410769587938026e-16,
      "m10": 0.028571419417858124,
      "m11": 0,
      "m12": -0.00001180423623736715,
      "m13": -0.08038163185119629,
      "m14": 0.14655853807926178,
      "m15": 1
    },
    {
      "__type__": "cc.Mat4",
      "m00": 0.028571419417858124,
      "m01": 2.1326291843593026e-9,
      "m02": -9.322019115773732e-17,
      "m03": 0,
      "m04": -2.1326289623146977e-9,
      "m05": 0.028571421280503273,
      "m06": -2.410769058542434e-16,
      "m07": 0,
      "m08": 9.322017130540262e-17,
      "m09": 2.410769587938026e-16,
      "m10": 0.028571419417858124,
      "m11": 0,
      "m12": -0.000011805565918621141,
      "m13": -0.08558955788612366,
      "m14": 0.15697766840457916,
      "m15": 1
    },
    {
      "__type__": "cc.Mat4",
      "m00": 0.028571419417858124,
      "m01": 2.1321788779005146e-9,
      "m02": -9.320049764171366e-17,
      "m03": 0,
      "m04": -2.1321784338113048e-9,
      "m05": 0.028571421280503273,
      "m06": -2.410769058542434e-16,
      "m07": 0,
      "m08": 9.320048440682386e-17,
      "m09": 2.410769587938026e-16,
      "m10": 0.028571419417858124,
      "m11": 0,
      "m12": -0.000011807751434389502,
      "m13": -0.1032102033495903,
      "m14": 0.17128728330135345,
      "m15": 1
    },
    {
      "__type__": "cc.Mat4",
      "m00": 0.028571419417858124,
      "m01": 2.1321788779005146e-9,
      "m02": -9.320049764171366e-17,
      "m03": 0,
      "m04": -2.1321784338113048e-9,
      "m05": 0.028571421280503273,
      "m06": -2.410769058542434e-16,
      "m07": 0,
      "m08": 9.320048440682386e-17,
      "m09": 2.410769587938026e-16,
      "m10": 0.028571419417858124,
      "m11": 0,
      "m12": 0.00595908984541893,
      "m13": -0.12641704082489014,
      "m14": 0.1719350814819336,
      "m15": 1
    },
    {
      "__type__": "cc.Mat4",
      "m00": 0.028571419417858124,
      "m01": 1.7528615225970157e-9,
      "m02": -7.662001298766794e-17,
      "m03": 0,
      "m04": -1.7528611895301083e-9,
      "m05": 0.028571421280503273,
      "m06": -2.410769058542434e-16,
      "m07": 0,
      "m08": 7.661999975277814e-17,
      "m09": 2.410769587938026e-16,
      "m10": 0.028571419417858124,
      "m11": 0,
      "m12": 0.005959085654467344,
      "m13": -0.14729461073875427,
      "m14": 0.1719350814819336,
      "m15": 1
    },
    {
      "__type__": "cc.Mat4",
      "m00": 2.4979425194970872e-9,
      "m01": -0.028571419417858124,
      "m02": -4.6231560801857086e-9,
      "m03": 0,
      "m04": 0.028571421280503273,
      "m05": 2.497942963586297e-9,
      "m06": -4.314164137042553e-9,
      "m07": 0,
      "m08": 4.314165469310183e-9,
      "m09": -4.623155636096499e-9,
      "m10": 0.028571419417858124,
      "m11": 0,
      "m12": -0.12641701102256775,
      "m13": 0.005959106609225273,
      "m14": 0.17193512618541718,
      "m15": 1
    },
    {
      "__type__": "cc.Mat4",
      "m00": 2.4454704927734383e-9,
      "m01": -0.028571419417858124,
      "m02": -4.654875151999249e-9,
      "m03": 0,
      "m04": 0.028571421280503273,
      "m05": 2.4454707148180432e-9,
      "m06": -4.314164581131763e-9,
      "m07": 0,
      "m08": 4.314165913399393e-9,
      "m09": -4.654875151999249e-9,
      "m10": 0.028571419417858124,
      "m11": 0,
      "m12": -0.12641704082489014,
      "m13": -0.014918439090251923,
      "m14": 0.17193512618541718,
      "m15": 1
    },
    {
      "__type__": "cc.Mat4",
      "m00": 4.530973374272662e-9,
      "m01": -0.028571419417858124,
      "m02": 2.641106444656316e-9,
      "m03": 0,
      "m04": 1.2296329510164128e-9,
      "m05": 2.641106222611711e-9,
      "m06": 0.028571421280503273,
      "m07": 0,
      "m08": -0.028571419417858124,
      "m09": -4.530973374272662e-9,
      "m10": 1.229633506127925e-9,
      "m11": 0,
      "m12": -0.17179779708385468,
      "m13": 0.00782847125083208,
      "m14": -0.10806530714035034,
      "m15": 1
    },
    {
      "__type__": "cc.Mat4",
      "m00": 4.511711004795416e-9,
      "m01": -0.028571419417858124,
      "m02": 3.4043392549421014e-9,
      "m03": 0,
      "m04": 1.2488952094713568e-9,
      "m05": 3.4043390328974965e-9,
      "m06": 0.028571421280503273,
      "m07": 0,
      "m08": -0.028571419417858124,
      "m09": -4.511711004795416e-9,
      "m10": 1.248895986627474e-9,
      "m11": 0,
      "m12": -0.17179781198501587,
      "m13": -0.01304907537996769,
      "m14": -0.10806530714035034,
      "m15": 1
    },
    {
      "__type__": "cc.Mat4",
      "m00": -0.028571419417858124,
      "m01": -7.177573646544033e-9,
      "m02": -3.137417183470421e-16,
      "m03": 0,
      "m04": 7.177572314276404e-9,
      "m05": -0.028571421280503273,
      "m06": -2.382317221844162e-16,
      "m07": 0,
      "m08": -3.137416654074829e-16,
      "m09": -2.382318545333142e-16,
      "m10": 0.028571419417858124,
      "m11": 0,
      "m12": 0.00001178946240543155,
      "m13": 0.14119994640350342,
      "m14": 0.170453742146492,
      "m15": 1
    },
    {
      "__type__": "cc.Mat4",
      "m00": -0.028571419417858124,
      "m01": -7.177573646544033e-9,
      "m02": -3.137417183470421e-16,
      "m03": 0,
      "m04": 7.177572314276404e-9,
      "m05": -0.028571421280503273,
      "m06": -2.382317221844162e-16,
      "m07": 0,
      "m08": -3.137416654074829e-16,
      "m09": -2.382318545333142e-16,
      "m10": 0.028571419417858124,
      "m11": 0,
      "m12": 0.000011790392818511464,
      "m13": 0.12032239139080048,
      "m14": 0.170453742146492,
      "m15": 1
    },
    {
      "__type__": "cc.Mat4",
      "m00": 2.497942741541692e-9,
      "m01": -0.028571419417858124,
      "m02": -4.623156524274918e-9,
      "m03": 0,
      "m04": 0.028571421280503273,
      "m05": 2.497942963586297e-9,
      "m06": -4.3141632488641335e-9,
      "m07": 0,
      "m08": 4.314164581131763e-9,
      "m09": -4.6231560801857086e-9,
      "m10": 0.028571419417858124,
      "m11": 0,
      "m12": -0.10806529223918915,
      "m13": -0.00782848335802555,
      "m14": 0.17179781198501587,
      "m15": 1
    },
    {
      "__type__": "cc.Mat4",
      "m00": 1.6297665439424236e-9,
      "m01": -0.028571419417858124,
      "m02": -4.654875596088459e-9,
      "m03": 0,
      "m04": 0.028571421280503273,
      "m05": 1.6297669880316334e-9,
      "m06": -4.314164581131763e-9,
      "m07": 0,
      "m08": 4.314165469310183e-9,
      "m09": -4.654875596088459e-9,
      "m10": 0.028571419417858124,
      "m11": 0,
      "m12": -0.10806529223918915,
      "m13": -0.0287060234695673,
      "m14": 0.17179781198501587,
      "m15": 1
    },
    {
      "__type__": "cc.Mat4",
      "m00": 0.028571419417858124,
      "m01": -5.397777336213494e-9,
      "m02": -2.450203095971659e-10,
      "m03": 0,
      "m04": 5.403335556763977e-9,
      "m05": 0.02854202874004841,
      "m06": 0.0012956045102328062,
      "m07": 0,
      "m08": -2.6543900278537557e-16,
      "m09": -0.0012956045102328062,
      "m10": 0.02854202874004841,
      "m11": 0,
      "m12": -0.000011834129509225022,
      "m13": -0.11099456250667572,
      "m14": 0.15842615067958832,
      "m15": 1
    },
    {
      "__type__": "cc.Mat4",
      "m00": 0.028571419417858124,
      "m01": -3.8699980997591865e-9,
      "m02": -1.7567033938625798e-10,
      "m03": 0,
      "m04": 3.873982468149961e-9,
      "m05": 0.028542030602693558,
      "m06": 0.0012956062564626336,
      "m07": 0,
      "m08": -1.9130460136398047e-16,
      "m09": -0.0012956064892932773,
      "m10": 0.02854202874004841,
      "m11": 0,
      "m12": -0.000011829494724224787,
      "m13": -0.11847066134214401,
      "m14": 0.14998027682304382,
      "m15": 1
    },
    {
      "__type__": "cc.Mat4",
      "m00": 0.028571419417858124,
      "m01": -6.188254797478976e-9,
      "m02": -2.8090677006709086e-10,
      "m03": 0,
      "m04": 6.194625257194275e-9,
      "m05": 0.028542030602693558,
      "m06": 0.0012956249993294477,
      "m07": 0,
      "m08": -2.8798699337150545e-16,
      "m09": -0.0012956252321600914,
      "m10": 0.02854202874004841,
      "m11": 0,
      "m12": -0.000011841605555673596,
      "m13": -0.12775667011737823,
      "m14": 0.15018250048160553,
      "m15": 1
    },
    {
      "__type__": "cc.Mat4",
      "m00": 0.028571419417858124,
      "m01": -3.736957854272305e-9,
      "m02": -1.696333629119806e-10,
      "m03": 0,
      "m04": 3.740804555008026e-9,
      "m05": 0.028542034327983856,
      "m06": 0.0012956224381923676,
      "m07": 0,
      "m08": -1.7895606536798465e-16,
      "m09": -0.0012956229038536549,
      "m10": 0.02854202501475811,
      "m11": 0,
      "m12": -0.000011833370081149042,
      "m13": -0.13729362189769745,
      "m14": 0.14860910177230835,
      "m15": 1
    },
    {
      "__type__": "cc.Mat4",
      "m00": 0.028571419417858124,
      "m01": -3.736957854272305e-9,
      "m02": -1.696333490341928e-10,
      "m03": 0,
      "m04": 3.740804999097236e-9,
      "m05": 0.028542030602693558,
      "m06": 0.001295622205361724,
      "m07": 0,
      "m08": -1.8334901646046187e-16,
      "m09": -0.0012956225546076894,
      "m10": 0.02854202501475811,
      "m11": 0,
      "m12": -0.000011836680641863495,
      "m13": -0.14695954322814941,
      "m14": 0.14860910177230835,
      "m15": 1
    },
    {
      "__type__": "cc.Mat4",
      "m00": 0.028571419417858124,
      "m01": 8.331834111530156e-10,
      "m02": 3.782090612913791e-11,
      "m03": 0,
      "m04": -8.340414470175972e-10,
      "m05": 0.02854202874004841,
      "m06": 0.0012956169666722417,
      "m07": 0,
      "m08": 4.0980754316085984e-17,
      "m09": -0.0012956169666722417,
      "m10": 0.02854202874004841,
      "m11": 0,
      "m12": -0.000011812518096121494,
      "m13": -0.14546464383602142,
      "m14": 0.14278361201286316,
      "m15": 1
    },
    {
      "__type__": "cc.Mat4",
      "m00": 0.028571419417858124,
      "m01": 1.1269905009214654e-9,
      "m02": 5.115775511543852e-11,
      "m03": 0,
      "m04": -1.1281511280714085e-9,
      "m05": 0.02854202874004841,
      "m06": 0.0012956166174262762,
      "m07": 0,
      "m08": 5.317150395587609e-17,
      "m09": -0.0012956166174262762,
      "m10": 0.02854202874004841,
      "m11": 0,
      "m12": -0.000011815323887276463,
      "m13": -0.17003090679645538,
      "m14": 0.14278364181518555,
      "m15": 1
    },
    {
      "__type__": "cc.Mat4",
      "m00": 0.028571419417858124,
      "m01": 2.131709919694913e-9,
      "m02": -9.318002326719175e-17,
      "m03": 0,
      "m04": -2.131709919694913e-9,
      "m05": 0.028571419417858124,
      "m06": -2.410769058542434e-16,
      "m07": 0,
      "m08": 9.318000341485705e-17,
      "m09": 2.41076932324023e-16,
      "m10": 0.028571419417858124,
      "m11": 0,
      "m12": -0.000011802006156358402,
      "m13": 0.00908607430756092,
      "m14": 0.12529350817203522,
      "m15": 1
    },
    {
      "__type__": "cc.Mat4",
      "m00": 5.904393418632026e-9,
      "m01": -0.028571419417858124,
      "m02": -4.634425732064074e-9,
      "m03": 0,
      "m04": 0.028571419417858124,
      "m05": 5.9043943068104454e-9,
      "m06": -4.314164137042553e-9,
      "m07": 0,
      "m08": 4.314165025220973e-9,
      "m09": -4.634424843885654e-9,
      "m10": 0.028571419417858124,
      "m11": 0,
      "m12": 0.009193467907607555,
      "m13": -0.018731210380792618,
      "m14": 0.11110250651836395,
      "m15": 1
    },
    {
      "__type__": "cc.Mat4",
      "m00": 2.2948896116758988e-9,
      "m01": -0.028571421280503273,
      "m02": -4.634425732064074e-9,
      "m03": 0,
      "m04": 0.028571419417858124,
      "m05": 2.2948904998543185e-9,
      "m06": -4.314163692953343e-9,
      "m07": 0,
      "m08": 4.314164137042553e-9,
      "m09": -4.6344261761532834e-9,
      "m10": 0.028571419417858124,
      "m11": 0,
      "m12": -0.0026366938836872578,
      "m13": -0.02434702217578888,
      "m14": 0.06534464657306671,
      "m15": 1
    },
    {
      "__type__": "cc.Mat4",
      "m00": 2.294889389631294e-9,
      "m01": -0.028571421280503273,
      "m02": -4.634425732064074e-9,
      "m03": 0,
      "m04": 0.028571419417858124,
      "m05": 2.2948904998543185e-9,
      "m06": -4.314163692953343e-9,
      "m07": 0,
      "m08": 4.314164137042553e-9,
      "m09": -4.6344261761532834e-9,
      "m10": 0.028571419417858124,
      "m11": 0,
      "m12": 0.021530676633119583,
      "m13": -0.018731193616986275,
      "m14": 0.03690079599618912,
      "m15": 1
    },
    {
      "__type__": "cc.Mat4",
      "m00": 1.585340747567443e-9,
      "m01": -0.028571421280503273,
      "m02": -4.634425732064074e-9,
      "m03": 0,
      "m04": 0.028571419417858124,
      "m05": 1.5853417467681652e-9,
      "m06": -4.314163692953343e-9,
      "m07": 0,
      "m08": 4.314164137042553e-9,
      "m09": -4.6344261761532834e-9,
      "m10": 0.028571419417858124,
      "m11": 0,
      "m12": 0.017623594030737877,
      "m13": -0.02177310176193714,
      "m14": 0.01811808906495571,
      "m15": 1
    },
    {
      "__type__": "cc.Mat4",
      "m00": 1.5853404145005356e-9,
      "m01": -0.028571421280503273,
      "m02": -4.634425732064074e-9,
      "m03": 0,
      "m04": 0.028571419417858124,
      "m05": 1.5853413026789553e-9,
      "m06": -4.314163692953343e-9,
      "m07": 0,
      "m08": 4.314164137042553e-9,
      "m09": -4.6344261761532834e-9,
      "m10": 0.028571419417858124,
      "m11": 0,
      "m12": 0.01220578234642744,
      "m13": -0.021959969773888588,
      "m14": 0.007230795454233885,
      "m15": 1
    },
    {
      "__type__": "cc.Mat4",
      "m00": 2.2115245190690302e-9,
      "m01": -0.028571423143148422,
      "m02": 4.008242626696301e-9,
      "m03": 0,
      "m04": -3.4071145904590594e-10,
      "m05": 4.008243514874721e-9,
      "m06": 0.028571421280503273,
      "m07": 0,
      "m08": -0.028571421280503273,
      "m09": -2.211524741113635e-9,
      "m10": -3.4071115373457417e-10,
      "m11": 0,
      "m12": -0.006744782440364361,
      "m13": -0.01692545786499977,
      "m14": 0.007035079412162304,
      "m15": 1
    },
    {
      "__type__": "cc.Mat4",
      "m00": 8.649481131328685e-10,
      "m01": -0.02857142500579357,
      "m02": 2.5319695229342187e-9,
      "m03": 0,
      "m04": -0.01685670018196106,
      "m05": 1.5340427816923352e-9,
      "m06": 0.023068977519869804,
      "m07": 0,
      "m08": -0.023068977519869804,
      "m09": -2.1921950921210964e-9,
      "m10": -0.01685670018196106,
      "m11": 0,
      "m12": -0.0055203004740178585,
      "m13": -0.015962978824973106,
      "m14": -0.003943715710192919,
      "m15": 1
    },
    {
      "__type__": "cc.Mat4",
      "m00": 2.1151187468149146e-9,
      "m01": -0.028571423143148422,
      "m02": 7.71906627505814e-9,
      "m03": 0,
      "m04": 3.6167877581760877e-9,
      "m05": 7.719068051414979e-9,
      "m06": 0.028571421280503273,
      "m07": 0,
      "m08": -0.028571421280503273,
      "m09": -2.1151183027257048e-9,
      "m10": 3.6167884243099024e-9,
      "m11": 0,
      "m12": -0.006744781043380499,
      "m13": -0.016037018969655037,
      "m14": -0.006809792947024107,
      "m15": 1
    },
    {
      "__type__": "cc.Mat4",
      "m00": 2.180674751883771e-9,
      "m01": -0.028571423143148422,
      "m02": 6.921505590895549e-9,
      "m03": 0,
      "m04": 4.6548747079100394e-9,
      "m05": 6.921506923163179e-9,
      "m06": 0.028571421280503273,
      "m07": 0,
      "m08": -0.028571421280503273,
      "m09": -2.1806740857499562e-9,
      "m10": 4.654875151999249e-9,
      "m11": 0,
      "m12": -0.006744781043380499,
      "m13": -0.022920001298189163,
      "m14": -0.006809793412685394,
      "m15": 1
    },
    {
      "__type__": "cc.Mat4",
      "m00": 3.6888969656700965e-9,
      "m01": -0.028571421280503273,
      "m02": -2.563737666605448e-9,
      "m03": 0,
      "m04": 0.028571419417858124,
      "m05": 3.688897853848516e-9,
      "m06": -4.314164137042553e-9,
      "m07": 0,
      "m08": 4.314164581131763e-9,
      "m09": -2.563737444560843e-9,
      "m10": 0.028571419417858124,
      "m11": 0,
      "m12": 0.007439738605171442,
      "m13": -0.026698308065533638,
      "m14": 0.007321791257709265,
      "m15": 1
    },
    {
      "__type__": "cc.Mat4",
      "m00": 3.6888971877147014e-9,
      "m01": -0.028571421280503273,
      "m02": -4.637425998765821e-9,
      "m03": 0,
      "m04": 0.028571419417858124,
      "m05": 3.688898519982331e-9,
      "m06": -4.314163692953343e-9,
      "m07": 0,
      "m08": 4.314164581131763e-9,
      "m09": -4.637425998765821e-9,
      "m10": 0.028571419417858124,
      "m11": 0,
      "m12": -0.000364810781320557,
      "m13": -0.028771335259079933,
      "m14": 0.00674477918073535,
      "m15": 1
    },
    {
      "__type__": "cc.Mat4",
      "m00": 3.6888971877147014e-9,
      "m01": -0.028571421280503273,
      "m02": -4.654876040177669e-9,
      "m03": 0,
      "m04": 0.028571419417858124,
      "m05": 3.688898297937726e-9,
      "m06": -4.314163692953343e-9,
      "m07": 0,
      "m08": 4.314164581131763e-9,
      "m09": -4.654876040177669e-9,
      "m10": 0.028571419417858124,
      "m11": 0,
      "m12": -0.006513642612844706,
      "m13": -0.0313626304268837,
      "m14": 0.006744778249412775,
      "m15": 1
    },
    {
      "__type__": "cc.Mat4",
      "m00": 1.9730999056832843e-9,
      "m01": -0.028571421280503273,
      "m02": -4.654875596088459e-9,
      "m03": 0,
      "m04": 0.028571419417858124,
      "m05": 1.973100793861704e-9,
      "m06": -4.314164137042553e-9,
      "m07": 0,
      "m08": 4.314164581131763e-9,
      "m09": -4.654876040177669e-9,
      "m10": 0.028571419417858124,
      "m11": 0,
      "m12": -0.006513644941151142,
      "m13": -0.03803516924381256,
      "m14": 0.006744777783751488,
      "m15": 1
    },
    {
      "__type__": "cc.Mat4",
      "m00": 3.7959999588110804e-9,
      "m01": -0.028571421280503273,
      "m02": -2.8658981854334797e-9,
      "m03": 0,
      "m04": 0.028571419417858124,
      "m05": 3.7960008469895e-9,
      "m06": -4.314164137042553e-9,
      "m07": 0,
      "m08": 4.314164581131763e-9,
      "m09": -2.8658981854334797e-9,
      "m10": 0.028571419417858124,
      "m11": 0,
      "m12": 0.01685141958296299,
      "m13": -0.013050878420472145,
      "m14": 0.010150493122637272,
      "m15": 1
    },
    {
      "__type__": "cc.Mat4",
      "m00": 3.7959999588110804e-9,
      "m01": -0.028571421280503273,
      "m02": -4.6344261761532834e-9,
      "m03": 0,
      "m04": 0.028571419417858124,
      "m05": 3.79600129107871e-9,
      "m06": -4.314163692953343e-9,
      "m07": 0,
      "m08": 4.314164581131763e-9,
      "m09": -4.634426620242493e-9,
      "m10": 0.028571419417858124,
      "m11": 0,
      "m12": 0.004906213842332363,
      "m13": -0.009497113525867462,
      "m14": 0.02483331970870495,
      "m15": 1
    },
    {
      "__type__": "cc.Mat4",
      "m00": 3.741627896403088e-9,
      "m01": -0.028571421280503273,
      "m02": -4.654876040177669e-9,
      "m03": 0,
      "m04": 0.028571419417858124,
      "m05": 3.7416292286707176e-9,
      "m06": -4.314163692953343e-9,
      "m07": 0,
      "m08": 4.314164581131763e-9,
      "m09": -4.654876040177669e-9,
      "m10": 0.028571419417858124,
      "m11": 0,
      "m12": 0.004906211979687214,
      "m13": -0.028755946084856987,
      "m14": 0.02483331970870495,
      "m15": 1
    },
    {
      "__type__": "cc.Mat4",
      "m00": 0.028571419417858124,
      "m01": 1.128795501514901e-9,
      "m02": 1.7338632266050702e-11,
      "m03": 0,
      "m04": -1.128928728277856e-9,
      "m05": 0.028568051755428314,
      "m06": 0.000438814953668043,
      "m07": 0,
      "m08": 4.919231191452035e-17,
      "m09": -0.000438814953668043,
      "m10": 0.028568051755428314,
      "m11": 0,
      "m12": -0.000011799456842709333,
      "m13": 0.028672050684690475,
      "m14": 0.1137750893831253,
      "m15": 1
    },
    {
      "__type__": "cc.Mat4",
      "m00": 0.028571419417858124,
      "m01": -1.3892493821998642e-9,
      "m02": 2.1525840138147956e-11,
      "m03": 0,
      "m04": 1.3894162487204653e-9,
      "m05": 0.02856798656284809,
      "m06": -0.0004426477535162121,
      "m07": 0,
      "m08": -6.253743511252006e-17,
      "m09": 0.0004426477535162121,
      "m10": 0.02856798656284809,
      "m11": 0,
      "m12": -0.000011795404134318233,
      "m13": 0.04403909668326378,
      "m14": 0.11325246095657349,
      "m15": 1
    },
    {
      "__type__": "cc.Mat4",
      "m00": 0.028571419417858124,
      "m01": -1.0058118782296788e-8,
      "m02": 8.160043474259027e-11,
      "m03": 0,
      "m04": 1.0058450961025756e-8,
      "m05": 0.028570478782057762,
      "m06": -0.00023178798437584192,
      "m07": 0,
      "m08": -4.3709348532935054e-16,
      "m09": 0.0002317879698239267,
      "m10": 0.02857048250734806,
      "m11": 0,
      "m12": -0.000011779388842114713,
      "m13": 0.0527619831264019,
      "m14": 0.11412122845649719,
      "m15": 1
    },
    {
      "__type__": "cc.Mat4",
      "m00": 0.028571419417858124,
      "m01": 1.9834726916467815e-10,
      "m02": 1.4815692075953457e-12,
      "m03": 0,
      "m04": -1.9835279252422566e-10,
      "m05": 0.028570622205734253,
      "m06": 0.0002134115929948166,
      "m07": 0,
      "m08": 8.812408360503083e-18,
      "m09": -0.0002134115929948166,
      "m10": 0.028570622205734253,
      "m11": 0,
      "m12": -0.000011798062587331515,
      "m13": 0.05983899533748627,
      "m14": 0.11539608985185623,
      "m15": 1
    },
    {
      "__type__": "cc.Mat4",
      "m00": 0.028571419417858124,
      "m01": -3.760055378165816e-9,
      "m02": -3.83201692599755e-10,
      "m03": 0,
      "m04": 3.7795317986422106e-9,
      "m05": 0.028424188494682312,
      "m06": 0.002896819729357958,
      "m07": 0,
      "m08": -1.893022684162305e-16,
      "m09": -0.002896819729357958,
      "m10": 0.02842419408261776,
      "m11": 0,
      "m12": -0.000011788064512074925,
      "m13": 0.05801872909069061,
      "m14": 0.12053299695253372,
      "m15": 1
    },
    {
      "__type__": "cc.Mat4",
      "m00": 0.028571419417858124,
      "m01": -1.0932485139392156e-8,
      "m02": 1.2609342736613627e-10,
      "m03": 0,
      "m04": 1.093321344569631e-8,
      "m05": 0.02856951579451561,
      "m06": -0.00032951467437669635,
      "m07": 0,
      "m08": -4.795138747096912e-16,
      "m09": 0.00032951461616903543,
      "m10": 0.02856951765716076,
      "m11": 0,
      "m12": -0.000011766576790250838,
      "m13": 0.08115707337856293,
      "m14": 0.11306680738925934,
      "m15": 1
    },
    {
      "__type__": "cc.Mat4",
      "m00": 0.028571419417858124,
      "m01": -1.4722739472006197e-8,
      "m02": -1.2454304254561066e-9,
      "m03": 0,
      "m04": 1.4775326739879802e-8,
      "m05": 0.028469732031226158,
      "m06": 0.0024083212483674288,
      "m07": 0,
      "m08": -5.905747171713069e-16,
      "m09": -0.0024083207827061415,
      "m10": 0.028469737619161606,
      "m11": 0,
      "m12": -0.000011750411431421526,
      "m13": 0.08011782914400101,
      "m14": 0.12018071860074997,
      "m15": 1
    },
    {
      "__type__": "cc.Mat4",
      "m00": 0.028571419417858124,
      "m01": 4.882899085068004e-10,
      "m02": 2.914532504227907e-11,
      "m03": 0,
      "m04": -4.891591021127795e-10,
      "m05": 0.028520654886960983,
      "m06": 0.0017023583641275764,
      "m07": 0,
      "m08": 2.331214334472881e-17,
      "m09": -0.0017023580148816109,
      "m10": 0.02852066047489643,
      "m11": 0,
      "m12": -0.000011798129889939446,
      "m13": 0.09435778111219406,
      "m14": 0.1179935485124588,
      "m15": 1
    },
    {
      "__type__": "cc.Mat4",
      "m00": 0.028571419417858124,
      "m01": -2.0055137550656355e-9,
      "m02": -2.0140457010486834e-11,
      "m03": 0,
      "m04": 2.0056150074054813e-9,
      "m05": 0.02856997773051262,
      "m06": 0.0002869165036827326,
      "m07": 0,
      "m08": -8.899577315198411e-17,
      "m09": -0.0002869164745789021,
      "m10": 0.028569981455802917,
      "m11": 0,
      "m12": -0.00001178766706289025,
      "m13": 0.11147993057966232,
      "m14": 0.11283393949270248,
      "m15": 1
    },
    {
      "__type__": "cc.Mat4",
      "m00": 0.028571419417858124,
      "m01": -8.220273350900698e-9,
      "m02": -3.122843650338325e-10,
      "m03": 0,
      "m04": 8.226205494565875e-9,
      "m05": 0.02855081856250763,
      "m06": 0.0010846336372196674,
      "m07": 0,
      "m08": -3.761288448160939e-16,
      "m09": -0.0010846334043890238,
      "m10": 0.028550824150443077,
      "m11": 0,
      "m12": -0.000011760153938666917,
      "m13": 0.11728852242231369,
      "m14": 0.11584558337926865,
      "m15": 1
    },
    {
      "__type__": "cc.Mat4",
      "m00": 0.028571419417858124,
      "m01": -1.9709291976255372e-8,
      "m02": -1.6084480414235713e-9,
      "m03": 0,
      "m04": 1.977481467463349e-8,
      "m05": 0.02847674861550331,
      "m06": 0.0023239492438733578,
      "m07": 0,
      "m08": -8.3075863854090745e-16,
      "m09": -0.002323949011042714,
      "m10": 0.02847675234079361,
      "m11": 0,
      "m12": -0.000011703106792992912,
      "m13": 0.1223321482539177,
      "m14": 0.12107104063034058,
      "m15": 1
    },
    {
      "__type__": "cc.Mat4",
      "m00": 0.028571419417858124,
      "m01": -1.5978733891586216e-9,
      "m02": 8.682318752839535e-11,
      "m03": 0,
      "m04": 1.6002306146845058e-9,
      "m05": 0.028529327362775803,
      "m06": -0.0015501886373385787,
      "m07": 0,
      "m08": -7.081947842531129e-17,
      "m09": 0.0015501885209232569,
      "m10": 0.0285293310880661,
      "m11": 0,
      "m12": -0.000011784456546592992,
      "m13": 0.15251514315605164,
      "m14": 0.10282210260629654,
      "m15": 1
    },
    {
      "__type__": "cc.Mat4",
      "m00": 0.028571419417858124,
      "m01": 7.27050974980159e-10,
      "m02": 5.933377400513251e-11,
      "m03": 0,
      "m04": -7.294680415270705e-10,
      "m05": 0.02847674861550331,
      "m06": 0.002323955064639449,
      "m07": 0,
      "m08": 3.018612011416288e-17,
      "m09": -0.0023239548318088055,
      "m10": 0.02847675234079361,
      "m11": 0,
      "m12": -0.000011799313142546453,
      "m13": 0.12236957997083664,
      "m14": 0.12048602104187012,
      "m15": 1
    },
    {
      "__type__": "cc.Mat4",
      "m00": 0.028571419417858124,
      "m01": 2.131709919694913e-9,
      "m02": -9.318002326719175e-17,
      "m03": 0,
      "m04": -2.131709919694913e-9,
      "m05": 0.028571419417858124,
      "m06": -2.410769058542434e-16,
      "m07": 0,
      "m08": 9.318000341485705e-17,
      "m09": 2.41076932324023e-16,
      "m10": 0.028571419417858124,
      "m11": 0,
      "m12": -0.018731214106082916,
      "m13": 0.009193445555865765,
      "m14": 0.11110249161720276,
      "m15": 1
    },
    {
      "__type__": "cc.Mat4",
      "m00": 0.028571419417858124,
      "m01": 1.6840294714270954e-9,
      "m02": -7.361127916712676e-17,
      "m03": 0,
      "m04": -1.6840294714270954e-9,
      "m05": 0.028571419417858124,
      "m06": -2.474210502802801e-16,
      "m07": 0,
      "m08": 7.361126593223696e-17,
      "m09": 2.474210502802801e-16,
      "m10": 0.028571419417858124,
      "m11": 0,
      "m12": -0.02434704825282097,
      "m13": -0.002636699704453349,
      "m14": 0.06534463167190552,
      "m15": 1
    },
    {
      "__type__": "cc.Mat4",
      "m00": 0.028571419417858124,
      "m01": 1.6840294714270954e-9,
      "m02": -7.361127916712676e-17,
      "m03": 0,
      "m04": -1.6840294714270954e-9,
      "m05": 0.028571419417858124,
      "m06": -2.474210502802801e-16,
      "m07": 0,
      "m08": 7.361126593223696e-17,
      "m09": 2.474210502802801e-16,
      "m10": 0.028571419417858124,
      "m11": 0,
      "m12": -0.01873122714459896,
      "m13": 0.021530665457248688,
      "m14": 0.036900799721479416,
      "m15": 1
    },
    {
      "__type__": "cc.Mat4",
      "m00": 0.028571419417858124,
      "m01": 3.085303568184372e-9,
      "m02": -1.348629315006046e-16,
      "m03": 0,
      "m04": -3.085303568184372e-9,
      "m05": 0.028571419417858124,
      "m06": -2.283886434719496e-16,
      "m07": 0,
      "m08": 1.34862905030825e-16,
      "m09": 2.283886699417292e-16,
      "m10": 0.028571419417858124,
      "m11": 0,
      "m12": -0.02177312970161438,
      "m13": 0.01762358844280243,
      "m14": 0.018118079751729965,
      "m15": 1
    },
    {
      "__type__": "cc.Mat4",
      "m00": 6.187476309094109e-9,
      "m01": -0.028571419417858124,
      "m02": 7.377273014697039e-9,
      "m03": 0,
      "m04": 6.8148414689162e-10,
      "m05": 7.377273014697039e-9,
      "m06": 0.028571419417858124,
      "m07": 0,
      "m08": -0.028571419417858124,
      "m09": -6.187476309094109e-9,
      "m10": 6.814857567150057e-10,
      "m11": 0,
      "m12": -0.007230792194604874,
      "m13": 0.021960003301501274,
      "m14": 0.012205780483782291,
      "m15": 1
    },
    {
      "__type__": "cc.Mat4",
      "m00": 3.58267571165527e-9,
      "m01": -0.028571421280503273,
      "m02": 8.4063298544379e-9,
      "m03": 0,
      "m04": 1.2488958756051716e-9,
      "m05": 8.406331630794739e-9,
      "m06": 0.028571419417858124,
      "m07": 0,
      "m08": -0.028571419417858124,
      "m09": -3.582675933699875e-9,
      "m10": 1.2488968748058937e-9,
      "m11": 0,
      "m12": -0.007321786601096392,
      "m13": 0.026698356494307518,
      "m14": 0.007439733017235994,
      "m15": 1
    },
    {
      "__type__": "cc.Mat4",
      "m00": 5.72501157591887e-9,
      "m01": -0.028571421280503273,
      "m02": 8.4063298544379e-9,
      "m03": 0,
      "m04": 1.2488955425382642e-9,
      "m05": 8.406331630794739e-9,
      "m06": 0.028571419417858124,
      "m07": 0,
      "m08": -0.028571419417858124,
      "m09": -5.72501202000808e-9,
      "m10": 1.2488972078728011e-9,
      "m11": 0,
      "m12": -0.006744783371686935,
      "m13": 0.029386324808001518,
      "m14": -0.00036471846397034824,
      "m15": 1
    },
    {
      "__type__": "cc.Mat4",
      "m00": 5.620065302025523e-9,
      "m01": -0.028571421280503273,
      "m02": 1.1043050918146946e-8,
      "m03": 0,
      "m04": 1.2488955425382642e-9,
      "m05": 1.1043052694503785e-8,
      "m06": 0.028571419417858124,
      "m07": 0,
      "m08": -0.028571419417858124,
      "m09": -5.620065746114733e-9,
      "m10": 1.248897651962011e-9,
      "m11": 0,
      "m12": -0.006744781043380499,
      "m13": 0.03136266767978668,
      "m14": -0.006513651926070452,
      "m15": 1
    },
    {
      "__type__": "cc.Mat4",
      "m00": 5.620065302025523e-9,
      "m01": -0.028571421280503273,
      "m02": 8.677784713029268e-9,
      "m03": 0,
      "m04": 1.2488950984490543e-9,
      "m05": 8.677786489386108e-9,
      "m06": 0.028571419417858124,
      "m07": 0,
      "m08": -0.028571419417858124,
      "m09": -5.620065746114733e-9,
      "m10": 1.2488967637835913e-9,
      "m11": 0,
      "m12": -0.006744781509041786,
      "m13": 0.024903928861021996,
      "m14": -0.0065136500634253025,
      "m15": 1
    },
    {
      "__type__": "cc.Mat4",
      "m00": 3.288257000022554e-9,
      "m01": -0.028571419417858124,
      "m02": 9.818720947407655e-9,
      "m03": 0,
      "m04": 1.248895986627474e-9,
      "m05": 9.818720947407655e-9,
      "m06": 0.028571419417858124,
      "m07": 0,
      "m08": -0.028571419417858124,
      "m09": -3.2882565559333443e-9,
      "m10": 1.2488970968504987e-9,
      "m11": 0,
      "m12": -0.0067447773180902,
      "m13": 0.016925504431128502,
      "m14": 0.007035076152533293,
      "m15": 1
    },
    {
      "__type__": "cc.Mat4",
      "m00": 3.133963533130668e-9,
      "m01": -0.028571421280503273,
      "m02": 9.818720947407655e-9,
      "m03": 0,
      "m04": 1.248896208672079e-9,
      "m05": 9.818721835586075e-9,
      "m06": 0.028571419417858124,
      "m07": 0,
      "m08": -0.028571419417858124,
      "m09": -3.133963533130668e-9,
      "m10": 1.2488973188951036e-9,
      "m11": 0,
      "m12": -0.006783900782465935,
      "m13": 0.016502905637025833,
      "m14": 0.00007267342152772471,
      "m15": 1
    },
    {
      "__type__": "cc.Mat4",
      "m00": -7.350023700780639e-9,
      "m01": -0.028571421280503273,
      "m02": 3.1532503275144563e-9,
      "m03": 0,
      "m04": -0.028571419417858124,
      "m05": 7.350025033048269e-9,
      "m06": -5.0976639757470735e-17,
      "m07": 0,
      "m08": -7.60199947001677e-16,
      "m09": -3.153250771603666e-9,
      "m10": -0.028571419417858124,
      "m11": 0,
      "m12": 0.0068097966723144054,
      "m13": 0.01603706367313862,
      "m14": -0.006744778249412775,
      "m15": 1
    },
    {
      "__type__": "cc.Mat4",
      "m00": -5.873038055881352e-9,
      "m01": -0.02857142500579357,
      "m02": 3.1513667231308773e-9,
      "m03": 0,
      "m04": -0.028571419417858124,
      "m05": 5.873039388148982e-9,
      "m06": -6.869439849210336e-16,
      "m07": 0,
      "m08": 3.916039779437524e-17,
      "m09": -3.151367389264692e-9,
      "m10": -0.028571419417858124,
      "m11": 0,
      "m12": 0.006809796206653118,
      "m13": 0.009138733148574829,
      "m14": -0.006744778249412775,
      "m15": 1
    },
    {
      "__type__": "cc.Mat4",
      "m00": 4.93648455446305e-9,
      "m01": -0.028571419417858124,
      "m02": -2.9935036671702164e-9,
      "m03": 0,
      "m04": 0.028571419417858124,
      "m05": 4.93648499855226e-9,
      "m06": -4.314164137042553e-9,
      "m07": 0,
      "m08": 4.314164581131763e-9,
      "m09": -2.9935030010364017e-9,
      "m10": 0.028571419417858124,
      "m11": 0,
      "m12": 0.01685141958296299,
      "m13": 0.013050918467342854,
      "m14": 0.010150487534701824,
      "m15": 1
    },
    {
      "__type__": "cc.Mat4",
      "m00": 4.93648455446305e-9,
      "m01": -0.028571419417858124,
      "m02": -4.76203165789002e-9,
      "m03": 0,
      "m04": 0.028571419417858124,
      "m05": 4.93648499855226e-9,
      "m06": -4.3141632488641335e-9,
      "m07": 0,
      "m08": 4.314164137042553e-9,
      "m09": -4.7620307697116004e-9,
      "m10": 0.028571419417858124,
      "m11": 0,
      "m12": 0.0049062143079936504,
      "m13": 0.009497147053480148,
      "m14": 0.024833310395479202,
      "m15": 1
    },
    {
      "__type__": "cc.Mat4",
      "m00": 4.730733582647417e-9,
      "m01": -0.028571419417858124,
      "m02": -4.654876040177669e-9,
      "m03": 0,
      "m04": 0.028571419417858124,
      "m05": 4.730734026736627e-9,
      "m06": -4.314163692953343e-9,
      "m07": 0,
      "m08": 4.314164581131763e-9,
      "m09": -4.654875151999249e-9,
      "m10": 0.028571419417858124,
      "m11": 0,
      "m12": 0.004906211514025927,
      "m13": -0.009761689230799675,
      "m14": 0.024833306670188904,
      "m15": 1
    }
  ],
  "_hash": 368206154
}