{
  "__type__": "cc.TextAsset",
  "_name": "Bomb.atlas",
  "_objFlags": 0,
  "_native": "",
  "text": "Bomb.png\nsize:1448,320\nfilter:Linear,Linear\npma:true\n05/Bomb\nbounds:282,19,94,123\n05/Boom_part01\nbounds:1273,45,72,76\n05/Boom_part02\nbounds:1341,127,82,80\n05/striper\nbounds:1351,51,70,70\narrow\nbounds:6,130,184,109\nrotate:90\nborder\nbounds:6,10,114,136\nrotate:90\nele_01\nbounds:121,146,137,168\nele_03\nbounds:735,152,138,162\nele_05\nbounds:264,148,166,153\nrotate:90\nele_06\nbounds:423,148,166,153\nrotate:90\nele_08\nbounds:582,148,166,147\nrotate:90\nele_10\nbounds:945,6,158,141\nele_11\nbounds:1109,6,158,141\nele_13\nbounds:1037,153,161,148\nrotate:90\nele_17\nbounds:879,153,161,152\nrotate:90\nele_19\nbounds:1191,162,144,152\nglow\nbounds:148,12,128,128\nimpact\nbounds:1341,213,101,101\nmuzzle\nbounds:847,7,92,139\ntrail01\nbounds:382,33,109,459\nrotate:90\n"
}