{
  "__type__": "cc.TextAsset",
  "_name": "cut.atlas",
  "_objFlags": 0,
  "_native": "",
  "text": "\ncut.png\nsize: 2048,512\nformat: RGBA8888\nfilter: Linear,Linear\nrepeat: none\nblood/Blood_F1\n  rotate: false\n  xy: 2, 2\n  size: 301, 346\n  orig: 301, 346\n  offset: 0, 0\n  index: -1\nblood/Blood_F2\n  rotate: false\n  xy: 305, 2\n  size: 301, 346\n  orig: 301, 346\n  offset: 0, 0\n  index: -1\nblood/Blood_F3\n  rotate: false\n  xy: 608, 2\n  size: 301, 346\n  orig: 301, 346\n  offset: 0, 0\n  index: -1\nblood/Blood_F4\n  rotate: false\n  xy: 911, 2\n  size: 301, 346\n  orig: 301, 346\n  offset: 0, 0\n  index: -1\n"
}