{
  "__type__": "cc.TextAsset",
  "_name": "Direction_Bomb.atlas",
  "_objFlags": 0,
  "_native": "",
  "text": "\nDirection_Bomb.png\nsize: 1448, 320\nformat: RGBA8888\nfilter: Linear, Linear\nrepeat: none\n05/Bomb\n  rotate: false\n  xy: 282, 19\n  size: 94, 123\n  orig: 94, 123\n  offset: 0, 0\n  index: -1\n05/Boom_part01\n  rotate: false\n  xy: 1273, 45\n  size: 72, 76\n  orig: 72, 76\n  offset: 0, 0\n  index: -1\n05/Boom_part02\n  rotate: false\n  xy: 1341, 127\n  size: 82, 80\n  orig: 82, 80\n  offset: 0, 0\n  index: -1\n05/striper\n  rotate: false\n  xy: 1351, 51\n  size: 70, 70\n  orig: 70, 70\n  offset: 0, 0\n  index: -1\narrow\n  rotate: true\n  xy: 6, 130\n  size: 184, 109\n  orig: 184, 109\n  offset: 0, 0\n  index: -1\nborder\n  rotate: true\n  xy: 6, 10\n  size: 114, 136\n  orig: 114, 136\n  offset: 0, 0\n  index: -1\nele_01\n  rotate: false\n  xy: 121, 146\n  size: 137, 168\n  orig: 137, 168\n  offset: 0, 0\n  index: -1\nele_03\n  rotate: false\n  xy: 735, 152\n  size: 138, 162\n  orig: 138, 162\n  offset: 0, 0\n  index: -1\nele_05\n  rotate: true\n  xy: 264, 148\n  size: 166, 153\n  orig: 166, 153\n  offset: 0, 0\n  index: -1\nele_06\n  rotate: true\n  xy: 423, 148\n  size: 166, 153\n  orig: 166, 153\n  offset: 0, 0\n  index: -1\nele_08\n  rotate: true\n  xy: 582, 148\n  size: 166, 147\n  orig: 166, 147\n  offset: 0, 0\n  index: -1\nele_10\n  rotate: false\n  xy: 945, 6\n  size: 158, 141\n  orig: 158, 141\n  offset: 0, 0\n  index: -1\nele_11\n  rotate: false\n  xy: 1109, 6\n  size: 158, 141\n  orig: 158, 141\n  offset: 0, 0\n  index: -1\nele_13\n  rotate: true\n  xy: 1037, 153\n  size: 161, 148\n  orig: 161, 148\n  offset: 0, 0\n  index: -1\nele_17\n  rotate: true\n  xy: 879, 153\n  size: 161, 152\n  orig: 161, 152\n  offset: 0, 0\n  index: -1\nele_19\n  rotate: false\n  xy: 1191, 162\n  size: 144, 152\n  orig: 144, 152\n  offset: 0, 0\n  index: -1\nglow\n  rotate: false\n  xy: 148, 12\n  size: 128, 128\n  orig: 128, 128\n  offset: 0, 0\n  index: -1\nimpact\n  rotate: false\n  xy: 1341, 213\n  size: 101, 101\n  orig: 101, 101\n  offset: 0, 0\n  index: -1\nmuzzle\n  rotate: false\n  xy: 847, 7\n  size: 92, 139\n  orig: 92, 139\n  offset: 0, 0\n  index: -1\ntrail01\n  rotate: true\n  xy: 382, 33\n  size: 109, 459\n  orig: 109, 459\n  offset: 0, 0\n  index: -1\n"
}