[
  {
    "__type__": "cc.Prefab",
    "_name": "",
    "_objFlags": 0,
    "_native": "",
    "data": {
      "__id__": 1
    },
    "optimizationPolicy": 0,
    "persistent": false,
    "asyncLoadAssets": false
  },
  {
    "__type__": "cc.Node",
    "_name": "Merge FX",
    "_objFlags": 0,
    "__editorExtras__": {},
    "_parent": null,
    "_children": [
      {
        "__id__": 2
      }
    ],
    "_active": true,
    "_components": [
      {
        "__id__": 58
      }
    ],
    "_prefab": {
      "__id__": 120
    },
    "_lpos": {
      "__type__": "cc.Vec3",
      "x": 0,
      "y": 0,
      "z": 0
    },
    "_lrot": {
      "__type__": "cc.Quat",
      "x": 0.7071067811865475,
      "y": 0,
      "z": 0,
      "w": 0.7071067811865476
    },
    "_lscale": {
      "__type__": "cc.Vec3",
      "x": 1,
      "y": 1,
      "z": 1
    },
    "_layer": 1073741824,
    "_euler": {
      "__type__": "cc.Vec3",
      "x": 90,
      "y": 0,
      "z": 0
    },
    "_id": ""
  },
  {
    "__type__": "cc.Node",
    "_name": "Cube",
    "_objFlags": 0,
    "_parent": {
      "__id__": 1
    },
    "_children": [],
    "_active": true,
    "_components": [
      {
        "__id__": 3
      }
    ],
    "_prefab": {
      "__id__": 57
    },
    "_lpos": {
      "__type__": "cc.Vec3",
      "x": 0,
      "y": 0,
      "z": 0
    },
    "_lrot": {
      "__type__": "cc.Quat",
      "x": 0,
      "y": 0,
      "z": 0,
      "w": 1
    },
    "_lscale": {
      "__type__": "cc.Vec3",
      "x": 1,
      "y": 1,
      "z": 1
    },
    "_layer": 1073741824,
    "_euler": {
      "__type__": "cc.Vec3",
      "x": 0,
      "y": 0,
      "z": 0
    },
    "_id": ""
  },
  {
    "__type__": "cc.ParticleSystem",
    "_name": "",
    "_objFlags": 0,
    "__editorExtras__": {},
    "node": {
      "__id__": 2
    },
    "_enabled": true,
    "__prefab": {
      "__id__": 4
    },
    "_materials": [
      {
        "__uuid__": "4051f541-9110-436c-96d0-2acd83aff781",
        "__expectedType__": "cc.Material"
      },
      null
    ],
    "_visFlags": 0,
    "startColor": {
      "__id__": 5
    },
    "scaleSpace": 1,
    "startSize3D": false,
    "startSizeX": {
      "__id__": 6
    },
    "startSize": {
      "__id__": 6
    },
    "startSizeY": {
      "__id__": 7
    },
    "startSizeZ": {
      "__id__": 8
    },
    "startSpeed": {
      "__id__": 9
    },
    "startRotation3D": false,
    "startRotationX": {
      "__id__": 10
    },
    "startRotationY": {
      "__id__": 11
    },
    "startRotationZ": {
      "__id__": 12
    },
    "startRotation": {
      "__id__": 12
    },
    "startDelay": {
      "__id__": 13
    },
    "startLifetime": {
      "__id__": 14
    },
    "duration": 1,
    "loop": false,
    "simulationSpeed": 1,
    "playOnAwake": false,
    "gravityModifier": {
      "__id__": 15
    },
    "rateOverTime": {
      "__id__": 16
    },
    "rateOverDistance": {
      "__id__": 17
    },
    "bursts": [
      {
        "__id__": 18
      }
    ],
    "_renderCulling": false,
    "_cullingMode": 0,
    "_aabbHalfX": 0,
    "_aabbHalfY": 0,
    "_aabbHalfZ": 0,
    "_dataCulling": false,
    "enableCulling": false,
    "_colorOverLifetimeModule": {
      "__id__": 20
    },
    "_shapeModule": {
      "__id__": 22
    },
    "_sizeOvertimeModule": {
      "__id__": 24
    },
    "_velocityOvertimeModule": {
      "__id__": 29
    },
    "_forceOvertimeModule": {
      "__id__": 34
    },
    "_limitVelocityOvertimeModule": {
      "__id__": 38
    },
    "_rotationOvertimeModule": {
      "__id__": 44
    },
    "_textureAnimationModule": {
      "__id__": 48
    },
    "_trailModule": {
      "__id__": 51
    },
    "renderer": {
      "__id__": 56
    },
    "_prewarm": false,
    "_capacity": 100,
    "_simulationSpace": 1,
    "_id": ""
  },
  {
    "__type__": "cc.CompPrefabInfo",
    "fileId": "c7bOimb2dLyq9O1ar9HEBQ"
  },
  {
    "__type__": "cc.GradientRange",
    "_mode": 0,
    "color": {
      "__type__": "cc.Color",
      "r": 46,
      "g": 146,
      "b": 255,
      "a": 255
    }
  },
  {
    "__type__": "cc.CurveRange",
    "mode": 3,
    "constantMin": 1,
    "constantMax": 2,
    "multiplier": 1
  },
  {
    "__type__": "cc.CurveRange",
    "mode": 0,
    "constant": 0,
    "multiplier": 1
  },
  {
    "__type__": "cc.CurveRange",
    "mode": 0,
    "constant": 0,
    "multiplier": 1
  },
  {
    "__type__": "cc.CurveRange",
    "mode": 3,
    "constantMin": 30,
    "constantMax": 60,
    "multiplier": 1
  },
  {
    "__type__": "cc.CurveRange",
    "mode": 0,
    "constant": 0,
    "multiplier": 1
  },
  {
    "__type__": "cc.CurveRange",
    "mode": 0,
    "constant": 0,
    "multiplier": 1
  },
  {
    "__type__": "cc.CurveRange",
    "mode": 3,
    "constantMin": 0,
    "constantMax": 4.71238898038469,
    "multiplier": 1
  },
  {
    "__type__": "cc.CurveRange",
    "mode": 0,
    "constant": 0,
    "multiplier": 1
  },
  {
    "__type__": "cc.CurveRange",
    "mode": 3,
    "constantMin": 0.3,
    "constantMax": 1,
    "multiplier": 1
  },
  {
    "__type__": "cc.CurveRange",
    "mode": 0,
    "constant": 0,
    "multiplier": 1
  },
  {
    "__type__": "cc.CurveRange",
    "mode": 0,
    "constant": 0,
    "multiplier": 1
  },
  {
    "__type__": "cc.CurveRange",
    "mode": 0,
    "constant": 0,
    "multiplier": 1
  },
  {
    "__type__": "cc.Burst",
    "_time": 0,
    "_repeatCount": 1,
    "repeatInterval": 1,
    "count": {
      "__id__": 19
    }
  },
  {
    "__type__": "cc.CurveRange",
    "mode": 0,
    "constant": 15,
    "multiplier": 1
  },
  {
    "__type__": "cc.ColorOvertimeModule",
    "_enable": false,
    "color": {
      "__id__": 21
    }
  },
  {
    "__type__": "cc.GradientRange",
    "_mode": 0,
    "color": {
      "__type__": "cc.Color",
      "r": 255,
      "g": 255,
      "b": 255,
      "a": 255
    }
  },
  {
    "__type__": "cc.ShapeModule",
    "_enable": true,
    "_shapeType": 2,
    "shapeType": 2,
    "emitFrom": 0,
    "alignToDirection": false,
    "randomDirectionAmount": 0,
    "sphericalDirectionAmount": 0,
    "randomPositionAmount": 0,
    "radius": 1,
    "radiusThickness": 1,
    "arcMode": 0,
    "arcSpread": 0,
    "arcSpeed": {
      "__id__": 23
    },
    "length": 5,
    "boxThickness": {
      "__type__": "cc.Vec3",
      "x": 0,
      "y": 0,
      "z": 0
    },
    "_position": {
      "__type__": "cc.Vec3",
      "x": 0,
      "y": 0,
      "z": 0
    },
    "_rotation": {
      "__type__": "cc.Vec3",
      "x": 0,
      "y": 0,
      "z": 0
    },
    "_scale": {
      "__type__": "cc.Vec3",
      "x": 1,
      "y": 1,
      "z": 1
    },
    "_arc": 6.283185307179586,
    "_angle": 0.4363323129985824
  },
  {
    "__type__": "cc.CurveRange",
    "mode": 0,
    "constant": 1,
    "multiplier": 1
  },
  {
    "__type__": "cc.SizeOvertimeModule",
    "_enable": false,
    "separateAxes": false,
    "size": {
      "__id__": 25
    },
    "x": {
      "__id__": 26
    },
    "y": {
      "__id__": 27
    },
    "z": {
      "__id__": 28
    }
  },
  {
    "__type__": "cc.CurveRange",
    "mode": 0,
    "constant": 0,
    "multiplier": 1
  },
  {
    "__type__": "cc.CurveRange",
    "mode": 0,
    "constant": 0,
    "multiplier": 1
  },
  {
    "__type__": "cc.CurveRange",
    "mode": 0,
    "constant": 0,
    "multiplier": 1
  },
  {
    "__type__": "cc.CurveRange",
    "mode": 0,
    "constant": 0,
    "multiplier": 1
  },
  {
    "__type__": "cc.VelocityOvertimeModule",
    "_enable": false,
    "x": {
      "__id__": 30
    },
    "y": {
      "__id__": 31
    },
    "z": {
      "__id__": 32
    },
    "speedModifier": {
      "__id__": 33
    },
    "space": 1
  },
  {
    "__type__": "cc.CurveRange",
    "mode": 0,
    "constant": 0,
    "multiplier": 1
  },
  {
    "__type__": "cc.CurveRange",
    "mode": 0,
    "constant": 0,
    "multiplier": 1
  },
  {
    "__type__": "cc.CurveRange",
    "mode": 0,
    "constant": 0,
    "multiplier": 1
  },
  {
    "__type__": "cc.CurveRange",
    "mode": 0,
    "constant": 1,
    "multiplier": 1
  },
  {
    "__type__": "cc.ForceOvertimeModule",
    "_enable": false,
    "x": {
      "__id__": 35
    },
    "y": {
      "__id__": 36
    },
    "z": {
      "__id__": 37
    },
    "space": 1
  },
  {
    "__type__": "cc.CurveRange",
    "mode": 0,
    "constant": 0,
    "multiplier": 1
  },
  {
    "__type__": "cc.CurveRange",
    "mode": 0,
    "constant": 0,
    "multiplier": 1
  },
  {
    "__type__": "cc.CurveRange",
    "mode": 0,
    "constant": 0,
    "multiplier": 1
  },
  {
    "__type__": "cc.LimitVelocityOvertimeModule",
    "_enable": true,
    "limitX": {
      "__id__": 39
    },
    "limitY": {
      "__id__": 40
    },
    "limitZ": {
      "__id__": 41
    },
    "limit": {
      "__id__": 42
    },
    "dampen": 0.8,
    "separateAxes": false,
    "space": 1
  },
  {
    "__type__": "cc.CurveRange",
    "mode": 0,
    "constant": 0,
    "multiplier": 1
  },
  {
    "__type__": "cc.CurveRange",
    "mode": 0,
    "constant": 0,
    "multiplier": 1
  },
  {
    "__type__": "cc.CurveRange",
    "mode": 0,
    "constant": 0,
    "multiplier": 1
  },
  {
    "__type__": "cc.CurveRange",
    "mode": 1,
    "spline": {
      "__id__": 43
    },
    "multiplier": 30
  },
  {
    "__type__": "cc.RealCurve",
    "_times": [
      0,
      1
    ],
    "_values": [
      {
        "__type__": "cc.RealKeyframeValue",
        "interpolationMode": 0,
        "tangentWeightMode": 0,
        "value": 0.04444444444444444,
        "rightTangent": 0,
        "rightTangentWeight": 1,
        "leftTangent": 0,
        "leftTangentWeight": 1,
        "easingMethod": 0
      },
      {
        "__type__": "cc.RealKeyframeValue",
        "interpolationMode": 0,
        "tangentWeightMode": 0,
        "value": -0.562962962962963,
        "rightTangent": -0.6074074074074074,
        "rightTangentWeight": 1,
        "leftTangent": -0.6074074074074074,
        "leftTangentWeight": 1,
        "easingMethod": 0
      }
    ],
    "preExtrapolation": 1,
    "postExtrapolation": 1
  },
  {
    "__type__": "cc.RotationOvertimeModule",
    "_enable": true,
    "_separateAxes": true,
    "x": {
      "__id__": 45
    },
    "y": {
      "__id__": 46
    },
    "z": {
      "__id__": 47
    }
  },
  {
    "__type__": "cc.CurveRange",
    "mode": 0,
    "constant": 0.7853981633974483,
    "multiplier": 1
  },
  {
    "__type__": "cc.CurveRange",
    "mode": 0,
    "constant": 0.7853981633974483,
    "multiplier": 1
  },
  {
    "__type__": "cc.CurveRange",
    "mode": 0,
    "constant": 0.8552113334772213,
    "multiplier": 1
  },
  {
    "__type__": "cc.TextureAnimationModule",
    "_enable": true,
    "_numTilesX": 3,
    "numTilesX": 3,
    "_numTilesY": 3,
    "numTilesY": 3,
    "_mode": 0,
    "animation": 0,
    "frameOverTime": {
      "__id__": 49
    },
    "startFrame": {
      "__id__": 50
    },
    "cycleCount": 2,
    "_flipU": 0,
    "_flipV": 0,
    "_uvChannelMask": -1,
    "randomRow": false,
    "rowIndex": 0
  },
  {
    "__type__": "cc.CurveRange",
    "mode": 0,
    "constant": 0,
    "multiplier": 1
  },
  {
    "__type__": "cc.CurveRange",
    "mode": 3,
    "constantMin": 0,
    "constantMax": 1,
    "multiplier": 1
  },
  {
    "__type__": "cc.TrailModule",
    "_enable": false,
    "mode": 0,
    "lifeTime": {
      "__id__": 52
    },
    "_minParticleDistance": 0.1,
    "existWithParticles": true,
    "textureMode": 0,
    "widthFromParticle": true,
    "widthRatio": {
      "__id__": 53
    },
    "colorFromParticle": false,
    "colorOverTrail": {
      "__id__": 54
    },
    "colorOvertime": {
      "__id__": 55
    },
    "_space": 0,
    "_particleSystem": {
      "__id__": 3
    }
  },
  {
    "__type__": "cc.CurveRange",
    "mode": 0,
    "constant": 1,
    "multiplier": 1
  },
  {
    "__type__": "cc.CurveRange",
    "mode": 0,
    "constant": 0,
    "multiplier": 1
  },
  {
    "__type__": "cc.GradientRange",
    "_mode": 0,
    "color": {
      "__type__": "cc.Color",
      "r": 255,
      "g": 255,
      "b": 255,
      "a": 255
    }
  },
  {
    "__type__": "cc.GradientRange",
    "_mode": 0,
    "color": {
      "__type__": "cc.Color",
      "r": 255,
      "g": 255,
      "b": 255,
      "a": 255
    }
  },
  {
    "__type__": "cc.ParticleSystemRenderer",
    "_renderMode": 0,
    "_velocityScale": 1,
    "_lengthScale": 1,
    "_mesh": null,
    "_mainTexture": {
      "__uuid__": "3fa1ac96-2bca-405e-87f1-166de281d07b@6c48a",
      "__expectedType__": "cc.Texture2D"
    },
    "_useGPU": false,
    "_alignSpace": 0
  },
  {
    "__type__": "cc.PrefabInfo",
    "root": {
      "__id__": 1
    },
    "asset": {
      "__id__": 0
    },
    "fileId": "09fUltKsZFvJSq2PnikuMi"
  },
  {
    "__type__": "cc.ParticleSystem",
    "_name": "",
    "_objFlags": 0,
    "__editorExtras__": {},
    "node": {
      "__id__": 1
    },
    "_enabled": true,
    "__prefab": {
      "__id__": 59
    },
    "_materials": [
      {
        "__uuid__": "177fe981-f5cb-4138-a1c7-7e2d804a9814",
        "__expectedType__": "cc.Material"
      },
      null
    ],
    "_visFlags": 0,
    "startColor": {
      "__id__": 60
    },
    "scaleSpace": 1,
    "startSize3D": true,
    "startSizeX": {
      "__id__": 61
    },
    "startSize": {
      "__id__": 61
    },
    "startSizeY": {
      "__id__": 62
    },
    "startSizeZ": {
      "__id__": 63
    },
    "startSpeed": {
      "__id__": 64
    },
    "startRotation3D": true,
    "startRotationX": {
      "__id__": 65
    },
    "startRotationY": {
      "__id__": 66
    },
    "startRotationZ": {
      "__id__": 67
    },
    "startRotation": {
      "__id__": 67
    },
    "startDelay": {
      "__id__": 68
    },
    "startLifetime": {
      "__id__": 69
    },
    "duration": 1,
    "loop": false,
    "simulationSpeed": 1,
    "playOnAwake": false,
    "gravityModifier": {
      "__id__": 70
    },
    "rateOverTime": {
      "__id__": 71
    },
    "rateOverDistance": {
      "__id__": 72
    },
    "bursts": [
      {
        "__id__": 73
      }
    ],
    "_renderCulling": false,
    "_cullingMode": 0,
    "_aabbHalfX": 1.280170500278473,
    "_aabbHalfY": 1.280170500278473,
    "_aabbHalfZ": 6.4008525013923645,
    "_dataCulling": false,
    "enableCulling": false,
    "_colorOverLifetimeModule": {
      "__id__": 75
    },
    "_shapeModule": {
      "__id__": 82
    },
    "_sizeOvertimeModule": {
      "__id__": 84
    },
    "_velocityOvertimeModule": {
      "__id__": 92
    },
    "_forceOvertimeModule": {
      "__id__": 97
    },
    "_limitVelocityOvertimeModule": {
      "__id__": 101
    },
    "_rotationOvertimeModule": {
      "__id__": 106
    },
    "_textureAnimationModule": {
      "__id__": 110
    },
    "_trailModule": {
      "__id__": 114
    },
    "renderer": {
      "__id__": 119
    },
    "_prewarm": false,
    "_capacity": 100,
    "_simulationSpace": 1,
    "_id": ""
  },
  {
    "__type__": "cc.CompPrefabInfo",
    "fileId": "dd75xDNvFL5JL1FFRSWiHm"
  },
  {
    "__type__": "cc.GradientRange",
    "_mode": 0,
    "color": {
      "__type__": "cc.Color",
      "r": 112,
      "g": 152,
      "b": 255,
      "a": 255
    }
  },
  {
    "__type__": "cc.CurveRange",
    "mode": 0,
    "constant": 8,
    "multiplier": 1
  },
  {
    "__type__": "cc.CurveRange",
    "mode": 0,
    "constant": 8,
    "multiplier": 1
  },
  {
    "__type__": "cc.CurveRange",
    "mode": 0,
    "constant": 40,
    "multiplier": 1
  },
  {
    "__type__": "cc.CurveRange",
    "mode": 0,
    "constant": 0,
    "multiplier": 1
  },
  {
    "__type__": "cc.CurveRange",
    "mode": 0,
    "constant": 3.141592653589793,
    "multiplier": 1
  },
  {
    "__type__": "cc.CurveRange",
    "mode": 0,
    "constant": 0,
    "multiplier": 1
  },
  {
    "__type__": "cc.CurveRange",
    "mode": 0,
    "constant": 6.283185307179586,
    "multiplier": 1
  },
  {
    "__type__": "cc.CurveRange",
    "mode": 0,
    "constant": 0,
    "multiplier": 1
  },
  {
    "__type__": "cc.CurveRange",
    "mode": 0,
    "constant": 0.5,
    "multiplier": 1
  },
  {
    "__type__": "cc.CurveRange",
    "mode": 0,
    "constant": 0,
    "multiplier": 1
  },
  {
    "__type__": "cc.CurveRange",
    "mode": 0,
    "constant": 1,
    "multiplier": 1
  },
  {
    "__type__": "cc.CurveRange",
    "mode": 0,
    "constant": 0,
    "multiplier": 1
  },
  {
    "__type__": "cc.Burst",
    "_time": 0,
    "_repeatCount": 1,
    "repeatInterval": 1,
    "count": {
      "__id__": 74
    }
  },
  {
    "__type__": "cc.CurveRange",
    "mode": 0,
    "constant": 0,
    "multiplier": 1
  },
  {
    "__type__": "cc.ColorOvertimeModule",
    "_enable": true,
    "color": {
      "__id__": 76
    }
  },
  {
    "__type__": "cc.GradientRange",
    "_mode": 1,
    "gradient": {
      "__id__": 77
    }
  },
  {
    "__type__": "cc.Gradient",
    "colorKeys": [
      {
        "__id__": 78
      }
    ],
    "alphaKeys": [
      {
        "__id__": 79
      },
      {
        "__id__": 80
      },
      {
        "__id__": 81
      }
    ],
    "mode": 0
  },
  {
    "__type__": "cc.ColorKey",
    "color": {
      "__type__": "cc.Color",
      "r": 255,
      "g": 255,
      "b": 255,
      "a": 255
    },
    "time": 0.5
  },
  {
    "__type__": "cc.AlphaKey",
    "alpha": 0,
    "time": 0.006696428571428571
  },
  {
    "__type__": "cc.AlphaKey",
    "alpha": 255,
    "time": 0.5
  },
  {
    "__type__": "cc.AlphaKey",
    "alpha": 0,
    "time": 0.9977678571428571
  },
  {
    "__type__": "cc.ShapeModule",
    "_enable": false,
    "_shapeType": 2,
    "shapeType": 2,
    "emitFrom": 0,
    "alignToDirection": false,
    "randomDirectionAmount": 0,
    "sphericalDirectionAmount": 0,
    "randomPositionAmount": 0,
    "radius": 1,
    "radiusThickness": 1,
    "arcMode": 0,
    "arcSpread": 0,
    "arcSpeed": {
      "__id__": 83
    },
    "length": 5,
    "boxThickness": {
      "__type__": "cc.Vec3",
      "x": 0,
      "y": 0,
      "z": 0
    },
    "_position": {
      "__type__": "cc.Vec3",
      "x": 0,
      "y": 0,
      "z": 0
    },
    "_rotation": {
      "__type__": "cc.Vec3",
      "x": 0,
      "y": 0,
      "z": 0
    },
    "_scale": {
      "__type__": "cc.Vec3",
      "x": 1,
      "y": 1,
      "z": 1
    },
    "_arc": 6.283185307179586,
    "_angle": 0.4363323129985824
  },
  {
    "__type__": "cc.CurveRange",
    "mode": 0,
    "constant": 1,
    "multiplier": 1
  },
  {
    "__type__": "cc.SizeOvertimeModule",
    "_enable": true,
    "separateAxes": true,
    "size": {
      "__id__": 85
    },
    "x": {
      "__id__": 86
    },
    "y": {
      "__id__": 88
    },
    "z": {
      "__id__": 90
    }
  },
  {
    "__type__": "cc.CurveRange",
    "mode": 0,
    "constant": 0,
    "multiplier": 1
  },
  {
    "__type__": "cc.CurveRange",
    "mode": 1,
    "spline": {
      "__id__": 87
    },
    "multiplier": 1
  },
  {
    "__type__": "cc.RealCurve",
    "_times": [
      0,
      1
    ],
    "_values": [
      {
        "__type__": "cc.RealKeyframeValue",
        "interpolationMode": 2,
        "tangentWeightMode": 0,
        "value": 1,
        "rightTangent": -0.04735883424408022,
        "rightTangentWeight": 1,
        "leftTangent": -0.04735883424408022,
        "leftTangentWeight": 1,
        "easingMethod": 0
      },
      {
        "__type__": "cc.RealKeyframeValue",
        "interpolationMode": 2,
        "tangentWeightMode": 0,
        "value": 0,
        "rightTangent": -2.8888888888888875,
        "rightTangentWeight": 1,
        "leftTangent": -2.8888888888888875,
        "leftTangentWeight": 1,
        "easingMethod": 0
      }
    ],
    "preExtrapolation": 1,
    "postExtrapolation": 1
  },
  {
    "__type__": "cc.CurveRange",
    "mode": 1,
    "spline": {
      "__id__": 89
    },
    "multiplier": 1
  },
  {
    "__type__": "cc.RealCurve",
    "_times": [
      0,
      1
    ],
    "_values": [
      {
        "__type__": "cc.RealKeyframeValue",
        "interpolationMode": 2,
        "tangentWeightMode": 0,
        "value": 1,
        "rightTangent": -0.04735883424408022,
        "rightTangentWeight": 1,
        "leftTangent": -0.04735883424408022,
        "leftTangentWeight": 1,
        "easingMethod": 0
      },
      {
        "__type__": "cc.RealKeyframeValue",
        "interpolationMode": 2,
        "tangentWeightMode": 0,
        "value": 0,
        "rightTangent": -2.8888888888888875,
        "rightTangentWeight": 1,
        "leftTangent": -2.8888888888888875,
        "leftTangentWeight": 1,
        "easingMethod": 0
      }
    ],
    "preExtrapolation": 1,
    "postExtrapolation": 1
  },
  {
    "__type__": "cc.CurveRange",
    "mode": 1,
    "spline": {
      "__id__": 91
    },
    "multiplier": 1
  },
  {
    "__type__": "cc.RealCurve",
    "_times": [
      0,
      0.3076923076923077,
      1
    ],
    "_values": [
      {
        "__type__": "cc.RealKeyframeValue",
        "interpolationMode": 2,
        "tangentWeightMode": 0,
        "value": 0.4925925925925926,
        "rightTangent": -1.2037037037037035,
        "rightTangentWeight": 0,
        "leftTangent": -1.2037037037037035,
        "leftTangentWeight": 0,
        "easingMethod": 0
      },
      {
        "__type__": "cc.RealKeyframeValue",
        "interpolationMode": 2,
        "tangentWeightMode": 0,
        "value": 0,
        "rightTangent": 0,
        "rightTangentWeight": 0,
        "leftTangent": 0,
        "leftTangentWeight": 0,
        "easingMethod": 0
      },
      {
        "__type__": "cc.RealKeyframeValue",
        "interpolationMode": 2,
        "tangentWeightMode": 0,
        "value": 1,
        "rightTangent": 0,
        "rightTangentWeight": 0,
        "leftTangent": 0,
        "leftTangentWeight": 0,
        "easingMethod": 0
      }
    ],
    "preExtrapolation": 1,
    "postExtrapolation": 1
  },
  {
    "__type__": "cc.VelocityOvertimeModule",
    "_enable": false,
    "x": {
      "__id__": 93
    },
    "y": {
      "__id__": 94
    },
    "z": {
      "__id__": 95
    },
    "speedModifier": {
      "__id__": 96
    },
    "space": 1
  },
  {
    "__type__": "cc.CurveRange",
    "mode": 0,
    "constant": 0,
    "multiplier": 1
  },
  {
    "__type__": "cc.CurveRange",
    "mode": 0,
    "constant": 0,
    "multiplier": 1
  },
  {
    "__type__": "cc.CurveRange",
    "mode": 0,
    "constant": 0,
    "multiplier": 1
  },
  {
    "__type__": "cc.CurveRange",
    "mode": 0,
    "constant": 1,
    "multiplier": 1
  },
  {
    "__type__": "cc.ForceOvertimeModule",
    "_enable": false,
    "x": {
      "__id__": 98
    },
    "y": {
      "__id__": 99
    },
    "z": {
      "__id__": 100
    },
    "space": 1
  },
  {
    "__type__": "cc.CurveRange",
    "mode": 0,
    "constant": 0,
    "multiplier": 1
  },
  {
    "__type__": "cc.CurveRange",
    "mode": 0,
    "constant": 0,
    "multiplier": 1
  },
  {
    "__type__": "cc.CurveRange",
    "mode": 0,
    "constant": 0,
    "multiplier": 1
  },
  {
    "__type__": "cc.LimitVelocityOvertimeModule",
    "_enable": false,
    "limitX": {
      "__id__": 102
    },
    "limitY": {
      "__id__": 103
    },
    "limitZ": {
      "__id__": 104
    },
    "limit": {
      "__id__": 105
    },
    "dampen": 3,
    "separateAxes": false,
    "space": 1
  },
  {
    "__type__": "cc.CurveRange",
    "mode": 0,
    "constant": 0,
    "multiplier": 1
  },
  {
    "__type__": "cc.CurveRange",
    "mode": 0,
    "constant": 0,
    "multiplier": 1
  },
  {
    "__type__": "cc.CurveRange",
    "mode": 0,
    "constant": 0,
    "multiplier": 1
  },
  {
    "__type__": "cc.CurveRange",
    "mode": 0,
    "constant": 0,
    "multiplier": 1
  },
  {
    "__type__": "cc.RotationOvertimeModule",
    "_enable": false,
    "_separateAxes": false,
    "x": {
      "__id__": 107
    },
    "y": {
      "__id__": 108
    },
    "z": {
      "__id__": 109
    }
  },
  {
    "__type__": "cc.CurveRange",
    "mode": 0,
    "constant": 0,
    "multiplier": 1
  },
  {
    "__type__": "cc.CurveRange",
    "mode": 0,
    "constant": 0,
    "multiplier": 1
  },
  {
    "__type__": "cc.CurveRange",
    "mode": 0,
    "constant": 0,
    "multiplier": 1
  },
  {
    "__type__": "cc.TextureAnimationModule",
    "_enable": false,
    "_numTilesX": 0,
    "numTilesX": 0,
    "_numTilesY": 0,
    "numTilesY": 0,
    "_mode": 0,
    "animation": 0,
    "frameOverTime": {
      "__id__": 111
    },
    "startFrame": {
      "__id__": 113
    },
    "cycleCount": 0,
    "_flipU": 0,
    "_flipV": 0,
    "_uvChannelMask": -1,
    "randomRow": false,
    "rowIndex": 0
  },
  {
    "__type__": "cc.CurveRange",
    "mode": 1,
    "spline": {
      "__id__": 112
    },
    "multiplier": 1
  },
  {
    "__type__": "cc.RealCurve",
    "_times": [
      0,
      1
    ],
    "_values": [
      {
        "__type__": "cc.RealKeyframeValue",
        "interpolationMode": 2,
        "tangentWeightMode": 0,
        "value": 1,
        "rightTangent": 0,
        "rightTangentWeight": 0,
        "leftTangent": 0,
        "leftTangentWeight": 0,
        "easingMethod": 0
      },
      {
        "__type__": "cc.RealKeyframeValue",
        "interpolationMode": 2,
        "tangentWeightMode": 0,
        "value": 1,
        "rightTangent": 0,
        "rightTangentWeight": 0,
        "leftTangent": 0,
        "leftTangentWeight": 0,
        "easingMethod": 0
      }
    ],
    "preExtrapolation": 1,
    "postExtrapolation": 1
  },
  {
    "__type__": "cc.CurveRange",
    "mode": 0,
    "constant": 0,
    "multiplier": 1
  },
  {
    "__type__": "cc.TrailModule",
    "_enable": false,
    "mode": 0,
    "lifeTime": {
      "__id__": 115
    },
    "_minParticleDistance": 0.1,
    "existWithParticles": true,
    "textureMode": 0,
    "widthFromParticle": true,
    "widthRatio": {
      "__id__": 116
    },
    "colorFromParticle": false,
    "colorOverTrail": {
      "__id__": 117
    },
    "colorOvertime": {
      "__id__": 118
    },
    "_space": 0,
    "_particleSystem": {
      "__id__": 58
    }
  },
  {
    "__type__": "cc.CurveRange",
    "mode": 0,
    "constant": 1,
    "multiplier": 1
  },
  {
    "__type__": "cc.CurveRange",
    "mode": 0,
    "constant": 0,
    "multiplier": 1
  },
  {
    "__type__": "cc.GradientRange",
    "_mode": 0,
    "color": {
      "__type__": "cc.Color",
      "r": 255,
      "g": 255,
      "b": 255,
      "a": 255
    }
  },
  {
    "__type__": "cc.GradientRange",
    "_mode": 0,
    "color": {
      "__type__": "cc.Color",
      "r": 255,
      "g": 255,
      "b": 255,
      "a": 255
    }
  },
  {
    "__type__": "cc.ParticleSystemRenderer",
    "_renderMode": 4,
    "_velocityScale": 1,
    "_lengthScale": 1,
    "_mesh": {
      "__uuid__": "49afaf3a-733b-4b81-87df-cb7cdf144acf@78249",
      "__expectedType__": "cc.Mesh"
    },
    "_mainTexture": {
      "__uuid__": "fb5d8f2c-e92b-47ca-9b2b-946d23e7c5b4@6c48a",
      "__expectedType__": "cc.Texture2D"
    },
    "_useGPU": false,
    "_alignSpace": 0
  },
  {
    "__type__": "cc.PrefabInfo",
    "root": {
      "__id__": 1
    },
    "asset": {
      "__id__": 0
    },
    "fileId": "872CzlWxdOdalxTtqSnFF/"
  }
]