{
  "__type__": "cc.TextAsset",
  "_name": "Customize.atlas",
  "_objFlags": 0,
  "_native": "",
  "text": "\nCustomize.png\nsize: 512,512\nformat: RGBA8888\nfilter: Linear,Linear\nrepeat: none\nskin_1_cus/l_eb1\n  rotate: false\n  xy: 2, 396\n  size: 75, 26\n  orig: 75, 26\n  offset: 0, 0\n  index: -1\nskin_1_cus/l_eb3\n  rotate: false\n  xy: 2, 396\n  size: 75, 26\n  orig: 75, 26\n  offset: 0, 0\n  index: -1\nskin_3_cus/l_eb1\n  rotate: false\n  xy: 2, 396\n  size: 75, 26\n  orig: 75, 26\n  offset: 0, 0\n  index: -1\nskin_1_cus/l_eb4\n  rotate: false\n  xy: 465, 341\n  size: 39, 34\n  orig: 39, 34\n  offset: 0, 0\n  index: -1\nskin_1_cus/l_eb5\n  rotate: false\n  xy: 465, 341\n  size: 39, 34\n  orig: 39, 34\n  offset: 0, 0\n  index: -1\nskin_1_cus/l_eb6\n  rotate: false\n  xy: 465, 341\n  size: 39, 34\n  orig: 39, 34\n  offset: 0, 0\n  index: -1\nskin_1_cus/l_eb8\n  rotate: false\n  xy: 465, 341\n  size: 39, 34\n  orig: 39, 34\n  offset: 0, 0\n  index: -1\nskin_1_cus/l_pup1\n  rotate: false\n  xy: 359, 385\n  size: 29, 29\n  orig: 29, 29\n  offset: 0, 0\n  index: -1\nskin_1_cus/mouth01\n  rotate: false\n  xy: 170, 359\n  size: 84, 29\n  orig: 84, 29\n  offset: 0, 0\n  index: -1\nskin_1_cus/mouth03\n  rotate: false\n  xy: 325, 189\n  size: 79, 41\n  orig: 79, 41\n  offset: 0, 0\n  index: -1\nskin_1_cus/mouth04\n  rotate: false\n  xy: 317, 40\n  size: 84, 48\n  orig: 84, 48\n  offset: 0, 0\n  index: -1\nskin_1_cus/mouth05\n  rotate: false\n  xy: 200, 201\n  size: 84, 40\n  orig: 84, 40\n  offset: 0, 0\n  index: -1\nskin_1_cus/mouth06\n  rotate: false\n  xy: 2, 330\n  size: 68, 34\n  orig: 68, 34\n  offset: 0, 0\n  index: -1\nskin_1_cus/mouth07\n  rotate: false\n  xy: 409, 308\n  size: 52, 35\n  orig: 52, 35\n  offset: 0, 0\n  index: -1\nskin_1_cus/r_eb1\n  rotate: false\n  xy: 218, 243\n  size: 93, 37\n  orig: 93, 37\n  offset: 0, 0\n  index: -1\nskin_1_cus/r_eb3\n  rotate: false\n  xy: 218, 243\n  size: 93, 37\n  orig: 93, 37\n  offset: 0, 0\n  index: -1\nskin_3_cus/r_eb1\n  rotate: false\n  xy: 218, 243\n  size: 93, 37\n  orig: 93, 37\n  offset: 0, 0\n  index: -1\nskin_1_cus/r_eb4\n  rotate: false\n  xy: 390, 383\n  size: 51, 29\n  orig: 51, 29\n  offset: 0, 0\n  index: -1\nskin_1_cus/r_eb5\n  rotate: false\n  xy: 390, 383\n  size: 51, 29\n  orig: 51, 29\n  offset: 0, 0\n  index: -1\nskin_1_cus/r_eb6\n  rotate: false\n  xy: 390, 383\n  size: 51, 29\n  orig: 51, 29\n  offset: 0, 0\n  index: -1\nskin_1_cus/r_eb8\n  rotate: false\n  xy: 390, 383\n  size: 51, 29\n  orig: 51, 29\n  offset: 0, 0\n  index: -1\nskin_1_cus/r_pup1\n  rotate: false\n  xy: 310, 352\n  size: 32, 32\n  orig: 32, 32\n  offset: 0, 0\n  index: -1\nskin_2_cus/h2\n  rotate: false\n  xy: 200, 52\n  size: 57, 49\n  orig: 57, 49\n  offset: 0, 0\n  index: -1\nskin_2_cus/mouth01\n  rotate: false\n  xy: 230, 282\n  size: 91, 35\n  orig: 91, 35\n  offset: 0, 0\n  index: -1\nskin_2_cus/mouth08\n  rotate: false\n  xy: 230, 282\n  size: 91, 35\n  orig: 91, 35\n  offset: 0, 0\n  index: -1\nskin_2_cus/mouth05\n  rotate: false\n  xy: 59, 256\n  size: 94, 36\n  orig: 94, 36\n  offset: 0, 0\n  index: -1\nskin_2_cus/mouth06\n  rotate: false\n  xy: 370, 271\n  size: 91, 35\n  orig: 91, 35\n  offset: 0, 0\n  index: -1\nskin_3_cus/h2\n  rotate: false\n  xy: 217, 103\n  size: 59, 47\n  orig: 59, 48\n  offset: 0, 1\n  index: -1\nskin_3_cus/l_eye6\n  rotate: false\n  xy: 241, 152\n  size: 42, 47\n  orig: 42, 47\n  offset: 0, 0\n  index: -1\nskin_4_cus/l_eye6\n  rotate: false\n  xy: 241, 152\n  size: 42, 47\n  orig: 42, 47\n  offset: 0, 0\n  index: -1\nskin_3_cus/l_pup1\n  rotate: false\n  xy: 414, 414\n  size: 27, 27\n  orig: 27, 27\n  offset: 0, 0\n  index: -1\nskin_3_cus/l_pup2\n  rotate: false\n  xy: 370, 309\n  size: 37, 37\n  orig: 37, 37\n  offset: 0, 0\n  index: -1\nskin_3_cus/mouth01\n  rotate: false\n  xy: 211, 419\n  size: 50, 25\n  orig: 50, 25\n  offset: 0, 0\n  index: -1\nskin_3_cus/mouth03\n  rotate: false\n  xy: 176, 471\n  size: 44, 21\n  orig: 44, 21\n  offset: 0, 0\n  index: -1\nskin_3_cus/mouth04\n  rotate: false\n  xy: 257, 386\n  size: 48, 28\n  orig: 48, 28\n  offset: 0, 0\n  index: -1\nskin_4_cus/mouth04\n  rotate: false\n  xy: 257, 386\n  size: 48, 28\n  orig: 48, 28\n  offset: 0, 0\n  index: -1\nskin_3_cus/mouth05\n  rotate: false\n  xy: 2, 425\n  size: 43, 24\n  orig: 43, 24\n  offset: 0, 0\n  index: -1\nskin_3_cus/mouth06\n  rotate: false\n  xy: 263, 416\n  size: 50, 25\n  orig: 50, 25\n  offset: 0, 0\n  index: -1\nskin_3_cus/mouth08\n  rotate: false\n  xy: 488, 467\n  size: 20, 22\n  orig: 20, 22\n  offset: 0, 0\n  index: -1\nskin_3_cus/r_pup1\n  rotate: false\n  xy: 468, 377\n  size: 29, 29\n  orig: 29, 29\n  offset: 0, 0\n  index: -1\nskin_3_cus/r_pup2\n  rotate: false\n  xy: 336, 142\n  size: 45, 45\n  orig: 45, 45\n  offset: 0, 0\n  index: -1\nskin_4_cus/h2\n  rotate: false\n  xy: 259, 44\n  size: 56, 49\n  orig: 56, 49\n  offset: 0, 0\n  index: -1\nskin_4_cus/l_pup1\n  rotate: false\n  xy: 443, 413\n  size: 27, 27\n  orig: 27, 27\n  offset: 0, 0\n  index: -1\nskin_4_cus/r_pup1\n  rotate: false\n  xy: 443, 413\n  size: 27, 27\n  orig: 27, 27\n  offset: 0, 0\n  index: -1\nskin_4_cus/l_pup2\n  rotate: false\n  xy: 463, 302\n  size: 37, 37\n  orig: 37, 37\n  offset: 0, 0\n  index: -1\nskin_4_cus/r_pup2\n  rotate: false\n  xy: 463, 302\n  size: 37, 37\n  orig: 37, 37\n  offset: 0, 0\n  index: -1\nskin_5_cus/l_pup2\n  rotate: false\n  xy: 463, 302\n  size: 37, 37\n  orig: 37, 37\n  offset: 0, 0\n  index: -1\nskin_4_cus/mouth01\n  rotate: false\n  xy: 122, 472\n  size: 52, 20\n  orig: 52, 20\n  offset: 0, 0\n  index: -1\nskin_4_cus/mouth03\n  rotate: false\n  xy: 286, 468\n  size: 44, 21\n  orig: 44, 21\n  offset: 0, 0\n  index: -1\nskin_4_cus/mouth05\n  rotate: false\n  xy: 47, 424\n  size: 43, 24\n  orig: 43, 24\n  offset: 0, 0\n  index: -1\nskin_4_cus/mouth06\n  rotate: false\n  xy: 487, 438\n  size: 20, 27\n  orig: 20, 27\n  offset: 0, 0\n  index: -1\nskin_4_cus/mouth08\n  rotate: false\n  xy: 315, 416\n  size: 50, 25\n  orig: 50, 25\n  offset: 0, 0\n  index: -1\nskin_4_cus/nose\n  rotate: false\n  xy: 118, 421\n  size: 27, 25\n  orig: 27, 25\n  offset: 0, 0\n  index: -1\nskin_5_cus/l_eb1\n  rotate: false\n  xy: 307, 386\n  size: 50, 28\n  orig: 50, 28\n  offset: 0, 0\n  index: -1\nskin_5_cus/l_eb8\n  rotate: false\n  xy: 307, 386\n  size: 50, 28\n  orig: 50, 28\n  offset: 0, 0\n  index: -1\nskin_5_cus/l_eb3\n  rotate: false\n  xy: 161, 446\n  size: 51, 23\n  orig: 51, 23\n  offset: 0, 0\n  index: -1\nskin_5_cus/l_eb4\n  rotate: false\n  xy: 161, 446\n  size: 51, 23\n  orig: 51, 23\n  offset: 0, 0\n  index: -1\nskin_5_cus/l_eb5\n  rotate: false\n  xy: 161, 446\n  size: 51, 23\n  orig: 51, 23\n  offset: 0, 0\n  index: -1\nskin_5_cus/l_eye6\n  rotate: false\n  xy: 152, 6\n  size: 45, 50\n  orig: 45, 50\n  offset: 0, 0\n  index: -1\nskin_5_cus/l_pup1\n  rotate: false\n  xy: 92, 423\n  size: 24, 25\n  orig: 24, 25\n  offset: 0, 0\n  index: -1\nskin_5_cus/mouth01\n  rotate: false\n  xy: 286, 491\n  size: 51, 19\n  orig: 51, 19\n  offset: 0, 0\n  index: -1\nskin_5_cus/mouth03\n  rotate: false\n  xy: 78, 474\n  size: 42, 20\n  orig: 42, 20\n  offset: 0, 0\n  index: -1\nskin_5_cus/mouth04\n  rotate: false\n  xy: 403, 31\n  size: 84, 48\n  orig: 84, 48\n  offset: 0, 0\n  index: -1\nskin_5_cus/mouth05\n  rotate: false\n  xy: 283, 443\n  size: 42, 23\n  orig: 42, 23\n  offset: 0, 0\n  index: -1\nskin_5_cus/mouth06\n  rotate: false\n  xy: 443, 380\n  size: 23, 31\n  orig: 23, 31\n  offset: 0, 0\n  index: -1\nskin_5_cus/mouth08\n  rotate: false\n  xy: 327, 443\n  size: 49, 23\n  orig: 49, 23\n  offset: 0, 0\n  index: -1\nskin_5_cus/r_eb1\n  rotate: false\n  xy: 113, 166\n  size: 75, 42\n  orig: 75, 42\n  offset: 0, 0\n  index: -1\nskin_5_cus/r_eb8\n  rotate: false\n  xy: 113, 166\n  size: 75, 42\n  orig: 75, 42\n  offset: 0, 0\n  index: -1\nskin_5_cus/r_eb3\n  rotate: false\n  xy: 2, 294\n  size: 62, 34\n  orig: 62, 34\n  offset: 0, 0\n  index: -1\nskin_5_cus/r_eb4\n  rotate: false\n  xy: 2, 294\n  size: 62, 34\n  orig: 62, 34\n  offset: 0, 0\n  index: -1\nskin_5_cus/r_eb5\n  rotate: false\n  xy: 166, 290\n  size: 62, 34\n  orig: 62, 34\n  offset: 0, 0\n  index: -1\nskin_5_cus/r_pup1\n  rotate: false\n  xy: 138, 360\n  size: 30, 30\n  orig: 30, 30\n  offset: 0, 0\n  index: -1\nskin_5_cus/r_pup2\n  rotate: false\n  xy: 383, 139\n  size: 45, 45\n  orig: 45, 45\n  offset: 0, 0\n  index: -1\nskin_6_cus/cheek\n  rotate: false\n  xy: 332, 468\n  size: 123, 21\n  orig: 123, 21\n  offset: 0, 0\n  index: -1\nskin_6_cus/h2\n  rotate: false\n  xy: 430, 129\n  size: 57, 45\n  orig: 57, 48\n  offset: 0, 3\n  index: -1\nskin_6_cus/l_pup1\n  rotate: false\n  xy: 438, 176\n  size: 42, 42\n  orig: 42, 42\n  offset: 0, 0\n  index: -1\nskin_6_cus/r_pup1\n  rotate: false\n  xy: 438, 176\n  size: 42, 42\n  orig: 42, 42\n  offset: 0, 0\n  index: -1\nskin_6_cus/l_pup2\n  rotate: false\n  xy: 472, 408\n  size: 31, 28\n  orig: 31, 28\n  offset: 0, 0\n  index: -1\nskin_6_cus/r_pup2\n  rotate: false\n  xy: 472, 408\n  size: 31, 28\n  orig: 31, 28\n  offset: 0, 0\n  index: -1\nskin_6_cus/l_pup3\n  rotate: false\n  xy: 64, 496\n  size: 17, 14\n  orig: 17, 14\n  offset: 0, 0\n  index: -1\nskin_6_cus/r_pup3\n  rotate: false\n  xy: 64, 496\n  size: 17, 14\n  orig: 17, 14\n  offset: 0, 0\n  index: -1\nskin_6_cus/mouth01\n  rotate: false\n  xy: 39, 498\n  size: 23, 12\n  orig: 23, 12\n  offset: 0, 0\n  index: -1\nskin_6_cus/mouth03\n  rotate: false\n  xy: 339, 491\n  size: 53, 19\n  orig: 53, 19\n  offset: 0, 0\n  index: -1\nskin_6_cus/mouth04\n  rotate: false\n  xy: 222, 470\n  size: 62, 20\n  orig: 62, 20\n  offset: 0, 0\n  index: -1\nskin_6_cus/mouth05\n  rotate: false\n  xy: 378, 443\n  size: 76, 23\n  orig: 76, 23\n  offset: 0, 0\n  index: -1\nskin_6_cus/mouth06\n  rotate: false\n  xy: 190, 156\n  size: 49, 43\n  orig: 49, 43\n  offset: 0, 0\n  index: -1\nskin_6_cus/mouth08\n  rotate: false\n  xy: 344, 351\n  size: 44, 32\n  orig: 44, 32\n  offset: 0, 0\n  index: -1\nskin_7_cus/h2\n  rotate: false\n  xy: 2, 28\n  size: 56, 49\n  orig: 56, 49\n  offset: 0, 0\n  index: -1\nskin_7_cus/h3\n  rotate: false\n  xy: 339, 313\n  size: 29, 36\n  orig: 29, 36\n  offset: 0, 0\n  index: -1\nskin_7_cus/l_cry\n  rotate: false\n  xy: 24, 451\n  size: 49, 22\n  orig: 69, 22\n  offset: 0, 0\n  index: -1\nskin_7_cus/l_eb1\n  rotate: false\n  xy: 166, 494\n  size: 26, 16\n  orig: 26, 16\n  offset: 0, 0\n  index: -1\nskin_7_cus/l_eb3\n  rotate: false\n  xy: 456, 442\n  size: 29, 24\n  orig: 29, 24\n  offset: 0, 0\n  index: -1\nskin_7_cus/l_eb8\n  rotate: false\n  xy: 456, 442\n  size: 29, 24\n  orig: 29, 24\n  offset: 0, 0\n  index: -1\nskin_7_cus/l_eb4\n  rotate: false\n  xy: 230, 492\n  size: 54, 18\n  orig: 54, 18\n  offset: 0, 0\n  index: -1\nskin_7_cus/l_eb5\n  rotate: false\n  xy: 83, 496\n  size: 29, 14\n  orig: 29, 14\n  offset: 0, 0\n  index: -1\nskin_7_cus/l_eb6\n  rotate: false\n  xy: 21, 502\n  size: 16, 8\n  orig: 16, 8\n  offset: 0, 0\n  index: -1\nskin_7_cus/l_eye1\n  rotate: false\n  xy: 256, 354\n  size: 52, 30\n  orig: 112, 37\n  offset: 0, 7\n  index: -1\nskin_7_cus/l_eye3\n  rotate: false\n  xy: 100, 18\n  size: 50, 49\n  orig: 50, 49\n  offset: 0, 0\n  index: -1\nskin_7_cus/l_eye5\n  rotate: false\n  xy: 79, 393\n  size: 52, 26\n  orig: 52, 26\n  offset: 0, 0\n  index: -1\nskin_7_cus/l_eye6\n  rotate: false\n  xy: 285, 144\n  size: 49, 43\n  orig: 49, 43\n  offset: 0, 0\n  index: -1\nskin_7_cus/l_eye8\n  rotate: false\n  xy: 463, 262\n  size: 46, 38\n  orig: 46, 38\n  offset: 0, 0\n  index: -1\nskin_7_cus/l_pup2\n  rotate: false\n  xy: 114, 496\n  size: 14, 14\n  orig: 14, 14\n  offset: 0, 0\n  index: -1\nskin_7_cus/r_pup2\n  rotate: false\n  xy: 114, 496\n  size: 14, 14\n  orig: 14, 14\n  offset: 0, 0\n  index: -1\nskin_7_cus/mouth01\n  rotate: false\n  xy: 249, 319\n  size: 88, 31\n  orig: 88, 31\n  offset: 0, 0\n  index: -1\nskin_7_cus/mouth03\n  rotate: false\n  xy: 66, 294\n  size: 98, 32\n  orig: 98, 32\n  offset: 0, 0\n  index: -1\nskin_7_cus/mouth04\n  rotate: false\n  xy: 2, 366\n  size: 69, 28\n  orig: 69, 28\n  offset: 0, 0\n  index: -1\nskin_7_cus/mouth08\n  rotate: false\n  xy: 367, 416\n  size: 45, 25\n  orig: 45, 25\n  offset: 0, 0\n  index: -1\nskin_7_cus/r_cry\n  rotate: false\n  xy: 133, 392\n  size: 67, 26\n  orig: 73, 26\n  offset: 6, 0\n  index: -1\nskin_7_cus/r_eb1\n  rotate: false\n  xy: 2, 455\n  size: 20, 23\n  orig: 20, 23\n  offset: 0, 0\n  index: -1\nskin_7_cus/r_eb3\n  rotate: false\n  xy: 394, 491\n  size: 42, 19\n  orig: 42, 19\n  offset: 0, 0\n  index: -1\nskin_7_cus/r_eb4\n  rotate: false\n  xy: 214, 446\n  size: 67, 22\n  orig: 67, 22\n  offset: 0, 0\n  index: -1\nskin_7_cus/r_eb5\n  rotate: false\n  xy: 130, 495\n  size: 34, 15\n  orig: 34, 15\n  offset: 0, 0\n  index: -1\nskin_7_cus/r_eb6\n  rotate: false\n  xy: 2, 503\n  size: 17, 7\n  orig: 17, 7\n  offset: 0, 0\n  index: -1\nskin_7_cus/r_eb8\n  rotate: false\n  xy: 438, 491\n  size: 42, 19\n  orig: 42, 19\n  offset: 0, 0\n  index: -1\nskin_7_cus/r_eye1\n  rotate: false\n  xy: 2, 257\n  size: 55, 35\n  orig: 55, 35\n  offset: 0, 0\n  index: -1\nskin_7_cus/r_eye3\n  rotate: false\n  xy: 155, 252\n  size: 61, 36\n  orig: 61, 36\n  offset: 0, 0\n  index: -1\nskin_7_cus/r_eye5\n  rotate: false\n  xy: 147, 420\n  size: 62, 24\n  orig: 62, 24\n  offset: 0, 0\n  index: -1\nskin_7_cus/r_eye8\n  rotate: false\n  xy: 202, 390\n  size: 53, 27\n  orig: 53, 27\n  offset: 0, 0\n  index: -1\nskin_8_cus/h2\n  rotate: false\n  xy: 100, 69\n  size: 55, 48\n  orig: 55, 48\n  offset: 0, 0\n  index: -1\nskin_8_cus/h3\n  rotate: false\n  xy: 390, 348\n  size: 26, 33\n  orig: 26, 33\n  offset: 0, 0\n  index: -1\nskin_8_cus/l_eb3\n  rotate: false\n  xy: 194, 494\n  size: 34, 16\n  orig: 34, 16\n  offset: 0, 0\n  index: -1\nskin_8_cus/l_eb8\n  rotate: false\n  xy: 482, 491\n  size: 24, 19\n  orig: 24, 19\n  offset: 0, 0\n  index: -1\nskin_8_cus/l_eye3\n  rotate: false\n  xy: 418, 345\n  size: 45, 33\n  orig: 45, 33\n  offset: 0, 0\n  index: -1\nskin_8_cus/l_eye5\n  rotate: false\n  xy: 113, 213\n  size: 37, 41\n  orig: 37, 41\n  offset: 0, 0\n  index: -1\nskin_8_cus/l_eye6\n  rotate: false\n  xy: 111, 119\n  size: 46, 45\n  orig: 46, 45\n  offset: 0, 0\n  index: -1\nskin_8_cus/l_eye8\n  rotate: false\n  xy: 60, 25\n  size: 38, 52\n  orig: 38, 52\n  offset: 0, 0\n  index: -1\nskin_8_cus/l_pup1\n  rotate: false\n  xy: 20, 480\n  size: 15, 20\n  orig: 15, 20\n  offset: 0, 0\n  index: -1\nskin_8_cus/mouth01\n  rotate: false\n  xy: 75, 450\n  size: 42, 22\n  orig: 42, 22\n  offset: 0, 0\n  index: -1\nskin_8_cus/mouth03\n  rotate: false\n  xy: 2, 128\n  size: 107, 44\n  orig: 107, 44\n  offset: 0, 0\n  index: -1\nskin_8_cus/mouth04\n  rotate: false\n  xy: 323, 274\n  size: 45, 37\n  orig: 45, 37\n  offset: 0, 0\n  index: -1\nskin_8_cus/mouth06\n  rotate: false\n  xy: 37, 475\n  size: 39, 19\n  orig: 39, 24\n  offset: 0, 0\n  index: -1\nskin_8_cus/mouth08\n  rotate: false\n  xy: 73, 362\n  size: 63, 28\n  orig: 63, 28\n  offset: 0, 0\n  index: -1\nskin_8_cus/r_eb3\n  rotate: false\n  xy: 119, 448\n  size: 40, 22\n  orig: 40, 22\n  offset: 0, 0\n  index: -1\nskin_8_cus/r_eb8\n  rotate: false\n  xy: 457, 468\n  size: 29, 21\n  orig: 29, 21\n  offset: 0, 0\n  index: -1\nskin_8_cus/r_eye3\n  rotate: false\n  xy: 348, 232\n  size: 56, 37\n  orig: 56, 37\n  offset: 0, 0\n  index: -1\nskin_8_cus/r_eye5\n  rotate: false\n  xy: 286, 190\n  size: 37, 41\n  orig: 37, 41\n  offset: 0, 0\n  index: -1\nskin_8_cus/r_eye6\n  rotate: false\n  xy: 159, 108\n  size: 56, 46\n  orig: 56, 46\n  offset: 0, 0\n  index: -1\nskin_8_cus/r_pup1\n  rotate: false\n  xy: 2, 482\n  size: 16, 19\n  orig: 16, 19\n  offset: 0, 0\n  index: -1\nskin_9_cus/R_eb1\n  rotate: false\n  xy: 2, 174\n  size: 109, 40\n  orig: 109, 40\n  offset: 0, 0\n  index: -1\nskin_9_cus/R_eb2\n  rotate: false\n  xy: 2, 216\n  size: 109, 38\n  orig: 109, 38\n  offset: 0, 0\n  index: -1\nskin_9_cus/h2\n  rotate: false\n  xy: 152, 210\n  size: 46, 40\n  orig: 46, 40\n  offset: 0, 0\n  index: -1\nskin_9_cus/l_eye1\n  rotate: false\n  xy: 313, 233\n  size: 33, 39\n  orig: 33, 39\n  offset: 0, 0\n  index: -1\nskin_9_cus/l_eye3\n  rotate: false\n  xy: 313, 233\n  size: 33, 39\n  orig: 33, 39\n  offset: 0, 0\n  index: -1\nskin_9_cus/l_eye5\n  rotate: false\n  xy: 406, 230\n  size: 33, 39\n  orig: 33, 39\n  offset: 0, 0\n  index: -1\nskin_9_cus/l_eye6\n  rotate: false\n  xy: 476, 220\n  size: 34, 40\n  orig: 34, 40\n  offset: 0, 0\n  index: -1\nskin_9_cus/l_eye8\n  rotate: false\n  xy: 441, 221\n  size: 33, 39\n  orig: 33, 39\n  offset: 0, 0\n  index: -1\nskin_9_cus/mouth03\n  rotate: false\n  xy: 72, 328\n  size: 96, 30\n  orig: 96, 30\n  offset: 0, 0\n  index: -1\nskin_9_cus/mouth04\n  rotate: false\n  xy: 170, 326\n  size: 77, 31\n  orig: 77, 31\n  offset: 0, 0\n  index: -1\nskin_9_cus/mouth08\n  rotate: false\n  xy: 170, 326\n  size: 77, 31\n  orig: 77, 31\n  offset: 0, 0\n  index: -1\nskin_9_cus/mouth06\n  rotate: false\n  xy: 404, 81\n  size: 71, 46\n  orig: 71, 46\n  offset: 0, 0\n  index: -1\nskin_9_cus/mouth1\n  rotate: false\n  xy: 2, 79\n  size: 96, 47\n  orig: 96, 47\n  offset: 0, 0\n  index: -1\nskin_9_cus/nose1\n  rotate: false\n  xy: 406, 186\n  size: 30, 42\n  orig: 30, 42\n  offset: 0, 0\n  index: -1\nskin_9_cus/r_eye1\n  rotate: false\n  xy: 278, 95\n  size: 40, 47\n  orig: 40, 47\n  offset: 0, 0\n  index: -1\nskin_9_cus/r_eye3\n  rotate: false\n  xy: 278, 95\n  size: 40, 47\n  orig: 40, 47\n  offset: 0, 0\n  index: -1\nskin_9_cus/r_eye5\n  rotate: false\n  xy: 320, 93\n  size: 40, 47\n  orig: 40, 47\n  offset: 0, 0\n  index: -1\nskin_9_cus/r_eye6\n  rotate: false\n  xy: 157, 58\n  size: 41, 48\n  orig: 41, 48\n  offset: 0, 0\n  index: -1\nskin_9_cus/r_eye8\n  rotate: false\n  xy: 362, 90\n  size: 40, 47\n  orig: 40, 47\n  offset: 0, 0\n  index: -1\n\nCustomize2.png\nsize: 512,512\nformat: RGBA8888\nfilter: Linear,Linear\nrepeat: none\nskin_1_cus/h2\n  rotate: false\n  xy: 436, 4\n  size: 71, 60\n  orig: 71, 60\n  offset: 0, 0\n  index: -1\nskin_1_cus/l_cry\n  rotate: false\n  xy: 436, 148\n  size: 72, 81\n  orig: 72, 81\n  offset: 0, 0\n  index: -1\nskin_3_cus/r_cry\n  rotate: false\n  xy: 436, 66\n  size: 72, 80\n  orig: 72, 80\n  offset: 0, 0\n  index: -1\nskin_4_cus/r_cry\n  rotate: false\n  xy: 436, 66\n  size: 72, 80\n  orig: 72, 80\n  offset: 0, 0\n  index: -1\nskin_6_cus/body1\n  rotate: false\n  xy: 225, 231\n  size: 270, 277\n  orig: 270, 277\n  offset: 0, 0\n  index: -1\nskin_6_cus/l_eye8\n  rotate: false\n  xy: 2, 4\n  size: 179, 188\n  orig: 179, 188\n  offset: 0, 0\n  index: -1\nskin_6_cus/r_eye8\n  rotate: false\n  xy: 225, 21\n  size: 209, 208\n  orig: 209, 208\n  offset: 0, 0\n  index: -1\nskin_8_cus/h1\n  rotate: false\n  xy: 183, 97\n  size: 35, 95\n  orig: 35, 95\n  offset: 0, 0\n  index: -1\nskin_9_cus/body1\n  rotate: false\n  xy: 2, 194\n  size: 221, 314\n  orig: 221, 314\n  offset: 0, 0\n  index: -1\n\nCustomize3.png\nsize: 512,512\nformat: RGBA8888\nfilter: Linear,Linear\nrepeat: none\nskin_1_cus/body1\n  rotate: false\n  xy: 212, 8\n  size: 189, 232\n  orig: 189, 232\n  offset: 0, 0\n  index: -1\nskin_3_cus/h1\n  rotate: false\n  xy: 401, 242\n  size: 80, 89\n  orig: 80, 89\n  offset: 0, 0\n  index: -1\nskin_4_cus/body1\n  rotate: false\n  xy: 220, 264\n  size: 179, 239\n  orig: 179, 239\n  offset: 0, 0\n  index: -1\nskin_4_cus/r_ear\n  rotate: false\n  xy: 403, 21\n  size: 88, 99\n  orig: 88, 99\n  offset: 0, 0\n  index: -1\nskin_5_cus/body1\n  rotate: false\n  xy: 2, 242\n  size: 216, 261\n  orig: 216, 261\n  offset: 0, 0\n  index: -1\nskin_7_cus/r_ear\n  rotate: false\n  xy: 401, 333\n  size: 78, 170\n  orig: 78, 170\n  offset: 0, 0\n  index: -1\nskin_8_cus/body1\n  rotate: false\n  xy: 2, 2\n  size: 208, 238\n  orig: 208, 238\n  offset: 0, 0\n  index: -1\nskin_8_cus/r_ear\n  rotate: false\n  xy: 403, 122\n  size: 81, 118\n  orig: 81, 118\n  offset: 0, 0\n  index: -1\n\nCustomize4.png\nsize: 512,512\nformat: RGBA8888\nfilter: Linear,Linear\nrepeat: none\nskin_1_cus/l_eye1\n  rotate: false\n  xy: 438, 172\n  size: 65, 59\n  orig: 65, 59\n  offset: 0, 0\n  index: -1\nskin_1_cus/l_eye3\n  rotate: false\n  xy: 438, 172\n  size: 65, 59\n  orig: 65, 59\n  offset: 0, 0\n  index: -1\nskin_1_cus/r_cry\n  rotate: false\n  xy: 183, 175\n  size: 85, 93\n  orig: 85, 93\n  offset: 0, 0\n  index: -1\nskin_1_cus/r_eye5\n  rotate: false\n  xy: 398, 4\n  size: 78, 78\n  orig: 78, 78\n  offset: 0, 0\n  index: -1\nskin_1_cus/r_eye8\n  rotate: false\n  xy: 414, 92\n  size: 78, 78\n  orig: 78, 78\n  offset: 0, 0\n  index: -1\nskin_2_cus/body1\n  rotate: false\n  xy: 2, 28\n  size: 179, 238\n  orig: 179, 238\n  offset: 0, 0\n  index: -1\nskin_2_cus/r_eye1\n  rotate: false\n  xy: 270, 169\n  size: 78, 99\n  orig: 78, 99\n  offset: 0, 0\n  index: -1\nskin_2_cus/r_eye3\n  rotate: false\n  xy: 350, 172\n  size: 86, 59\n  orig: 86, 59\n  offset: 0, 0\n  index: -1\nskin_2_cus/r_eye5\n  rotate: false\n  xy: 350, 172\n  size: 86, 59\n  orig: 86, 59\n  offset: 0, 0\n  index: -1\nskin_3_cus/body1\n  rotate: false\n  xy: 2, 268\n  size: 178, 240\n  orig: 178, 240\n  offset: 0, 0\n  index: -1\nskin_4_cus/l_ear\n  rotate: false\n  xy: 249, 76\n  size: 80, 91\n  orig: 80, 91\n  offset: 0, 0\n  index: -1\nskin_4_cus/r_eye8\n  rotate: false\n  xy: 320, 2\n  size: 76, 72\n  orig: 76, 72\n  offset: 0, 0\n  index: -1\nskin_6_cus/r_eye6\n  rotate: false\n  xy: 331, 84\n  size: 81, 83\n  orig: 81, 83\n  offset: 0, 0\n  index: -1\nskin_7_cus/body1\n  rotate: false\n  xy: 182, 270\n  size: 177, 238\n  orig: 177, 238\n  offset: 0, 0\n  index: -1\nskin_7_cus/l_ear\n  rotate: false\n  xy: 361, 369\n  size: 136, 139\n  orig: 136, 139\n  offset: 0, 0\n  index: -1\nskin_7_cus/mouth05\n  rotate: false\n  xy: 183, 11\n  size: 135, 46\n  orig: 135, 46\n  offset: 0, 0\n  index: -1\nskin_8_cus/l_ear\n  rotate: false\n  xy: 183, 59\n  size: 64, 114\n  orig: 64, 114\n  offset: 0, 0\n  index: -1\nskin_8_cus/mouth05\n  rotate: false\n  xy: 361, 233\n  size: 129, 66\n  orig: 129, 66\n  offset: 0, 0\n  index: -1\nskin_9_cus/mouth05\n  rotate: false\n  xy: 361, 301\n  size: 136, 66\n  orig: 136, 66\n  offset: 0, 0\n  index: -1\n\nCustomize5.png\nsize: 512,512\nformat: RGBA8888\nfilter: Linear,Linear\nrepeat: none\nskin_1_cus/h1\n  rotate: false\n  xy: 222, 313\n  size: 45, 94\n  orig: 45, 94\n  offset: 0, 0\n  index: -1\nskin_1_cus/h3\n  rotate: false\n  xy: 278, 7\n  size: 59, 70\n  orig: 59, 70\n  offset: 0, 0\n  index: -1\nskin_1_cus/l_ear\n  rotate: false\n  xy: 398, 418\n  size: 67, 88\n  orig: 68, 89\n  offset: 1, 0\n  index: -1\nskin_1_cus/mouth08\n  rotate: false\n  xy: 148, 46\n  size: 68, 65\n  orig: 68, 65\n  offset: 0, 0\n  index: -1\nskin_1_cus/r_ear\n  rotate: false\n  xy: 299, 79\n  size: 67, 88\n  orig: 68, 89\n  offset: 1, 0\n  index: -1\nskin_1_cus/r_eye1\n  rotate: false\n  xy: 2, 195\n  size: 78, 64\n  orig: 78, 64\n  offset: 0, 0\n  index: -1\nskin_1_cus/r_eye3\n  rotate: false\n  xy: 2, 195\n  size: 78, 64\n  orig: 78, 64\n  offset: 0, 0\n  index: -1\nskin_1_cus/scare\n  rotate: false\n  xy: 238, 416\n  size: 55, 90\n  orig: 55, 90\n  offset: 0, 0\n  index: -1\nskin_2_cus/h1\n  rotate: false\n  xy: 269, 325\n  size: 68, 89\n  orig: 68, 89\n  offset: 0, 0\n  index: -1\nskin_2_cus/l_cry\n  rotate: false\n  xy: 431, 5\n  size: 57, 83\n  orig: 57, 83\n  offset: 0, 0\n  index: -1\nskin_2_cus/l_ear\n  rotate: false\n  xy: 371, 240\n  size: 63, 83\n  orig: 64, 84\n  offset: 1, 0\n  index: -1\nskin_2_cus/l_eye1\n  rotate: false\n  xy: 340, 417\n  size: 56, 89\n  orig: 56, 89\n  offset: 0, 0\n  index: -1\nskin_2_cus/l_eye8\n  rotate: false\n  xy: 161, 310\n  size: 59, 97\n  orig: 59, 97\n  offset: 0, 0\n  index: -1\nskin_2_cus/r_cry\n  rotate: false\n  xy: 48, 404\n  size: 65, 102\n  orig: 65, 102\n  offset: 0, 0\n  index: -1\nskin_2_cus/r_ear\n  rotate: false\n  xy: 436, 247\n  size: 63, 83\n  orig: 64, 84\n  offset: 1, 0\n  index: -1\nskin_2_cus/r_eye8\n  rotate: false\n  xy: 161, 409\n  size: 75, 97\n  orig: 75, 97\n  offset: 0, 0\n  index: -1\nskin_3_cus/l_cry\n  rotate: false\n  xy: 370, 170\n  size: 62, 68\n  orig: 62, 68\n  offset: 0, 0\n  index: -1\nskin_4_cus/l_cry\n  rotate: false\n  xy: 370, 170\n  size: 62, 68\n  orig: 62, 68\n  offset: 0, 0\n  index: -1\nskin_3_cus/l_ear\n  rotate: false\n  xy: 229, 149\n  size: 68, 89\n  orig: 69, 90\n  offset: 1, 0\n  index: -1\nskin_3_cus/r_ear\n  rotate: false\n  xy: 339, 325\n  size: 68, 89\n  orig: 68, 89\n  offset: 0, 0\n  index: -1\nskin_3_cus/r_eye1\n  rotate: false\n  xy: 2, 261\n  size: 79, 62\n  orig: 79, 62\n  offset: 0, 0\n  index: -1\nskin_3_cus/r_eye3\n  rotate: false\n  xy: 229, 240\n  size: 71, 71\n  orig: 71, 71\n  offset: 0, 0\n  index: -1\nskin_3_cus/r_eye5\n  rotate: false\n  xy: 148, 113\n  size: 69, 69\n  orig: 69, 69\n  offset: 0, 0\n  index: -1\nskin_4_cus/h1\n  rotate: false\n  xy: 83, 300\n  size: 44, 102\n  orig: 44, 102\n  offset: 0, 0\n  index: -1\nskin_4_cus/r_eye1\n  rotate: false\n  xy: 75, 111\n  size: 71, 71\n  orig: 71, 71\n  offset: 0, 0\n  index: -1\nskin_4_cus/r_eye3\n  rotate: false\n  xy: 75, 111\n  size: 71, 71\n  orig: 71, 71\n  offset: 0, 0\n  index: -1\nskin_4_cus/r_eye5\n  rotate: false\n  xy: 299, 169\n  size: 69, 69\n  orig: 69, 69\n  offset: 0, 0\n  index: -1\nskin_5_cus/h1\n  rotate: false\n  xy: 115, 407\n  size: 44, 99\n  orig: 44, 99\n  offset: 0, 0\n  index: -1\nskin_5_cus/r_cry\n  rotate: false\n  xy: 2, 114\n  size: 71, 79\n  orig: 71, 79\n  offset: 0, 0\n  index: -1\nskin_5_cus/r_eye1\n  rotate: false\n  xy: 82, 184\n  size: 76, 63\n  orig: 76, 63\n  offset: 0, 0\n  index: -1\nskin_5_cus/r_eye8\n  rotate: false\n  xy: 82, 184\n  size: 76, 63\n  orig: 76, 63\n  offset: 0, 0\n  index: -1\nskin_5_cus/r_eye5\n  rotate: false\n  xy: 219, 79\n  size: 68, 68\n  orig: 68, 68\n  offset: 0, 0\n  index: -1\nskin_6_cus/h1\n  rotate: false\n  xy: 2, 402\n  size: 44, 104\n  orig: 44, 104\n  offset: 0, 0\n  index: -1\nskin_6_cus/l_cry\n  rotate: false\n  xy: 2, 325\n  size: 79, 75\n  orig: 79, 75\n  offset: 0, 0\n  index: -1\nskin_6_cus/l_eye1\n  rotate: false\n  xy: 218, 2\n  size: 58, 75\n  orig: 58, 75\n  offset: 0, 0\n  index: -1\nskin_6_cus/l_eye3\n  rotate: false\n  xy: 218, 2\n  size: 58, 75\n  orig: 58, 75\n  offset: 0, 0\n  index: -1\nskin_6_cus/l_eye5\n  rotate: false\n  xy: 436, 92\n  size: 58, 76\n  orig: 58, 76\n  offset: 0, 0\n  index: -1\nskin_6_cus/l_eye6\n  rotate: false\n  xy: 409, 332\n  size: 62, 84\n  orig: 62, 84\n  offset: 0, 0\n  index: -1\nskin_6_cus/r_cry\n  rotate: false\n  xy: 2, 35\n  size: 70, 77\n  orig: 70, 77\n  offset: 0, 0\n  index: -1\nskin_6_cus/r_eye1\n  rotate: false\n  xy: 74, 27\n  size: 66, 82\n  orig: 66, 82\n  offset: 0, 0\n  index: -1\nskin_6_cus/r_eye3\n  rotate: false\n  xy: 74, 27\n  size: 66, 82\n  orig: 66, 82\n  offset: 0, 0\n  index: -1\nskin_6_cus/r_eye5\n  rotate: false\n  xy: 368, 90\n  size: 66, 77\n  orig: 66, 77\n  offset: 0, 0\n  index: -1\nskin_7_cus/h1\n  rotate: false\n  xy: 295, 416\n  size: 43, 90\n  orig: 43, 90\n  offset: 0, 0\n  index: -1\nskin_7_cus/mouth06\n  rotate: false\n  xy: 83, 249\n  size: 97, 49\n  orig: 97, 49\n  offset: 0, 0\n  index: -1\nskin_8_cus/l_cry\n  rotate: false\n  xy: 368, 5\n  size: 61, 83\n  orig: 61, 83\n  offset: 0, 0\n  index: -1\nskin_8_cus/r_cry\n  rotate: false\n  xy: 302, 240\n  size: 67, 83\n  orig: 67, 83\n  offset: 0, 0\n  index: -1\nskin_8_cus/r_eye1\n  rotate: false\n  xy: 434, 170\n  size: 61, 68\n  orig: 61, 68\n  offset: 0, 0\n  index: -1\nskin_9_cus/h1\n  rotate: false\n  xy: 182, 213\n  size: 45, 95\n  orig: 45, 95\n  offset: 0, 0\n  index: -1\n\nCustomize6.png\nsize: 512,512\nformat: RGBA8888\nfilter: Linear,Linear\nrepeat: none\nskin_1_cus/l_eye5\n  rotate: false\n  xy: 2, 255\n  size: 65, 65\n  orig: 65, 65\n  offset: 0, 0\n  index: -1\nskin_1_cus/l_eye6\n  rotate: false\n  xy: 362, 315\n  size: 58, 61\n  orig: 58, 61\n  offset: 0, 0\n  index: -1\nskin_1_cus/l_eye8\n  rotate: false\n  xy: 69, 253\n  size: 65, 65\n  orig: 65, 65\n  offset: 0, 0\n  index: -1\nskin_1_cus/l_pup2\n  rotate: false\n  xy: 102, 382\n  size: 57, 57\n  orig: 57, 57\n  offset: 0, 0\n  index: -1\nskin_1_cus/r_eye6\n  rotate: false\n  xy: 422, 315\n  size: 55, 61\n  orig: 55, 61\n  offset: 0, 0\n  index: -1\nskin_1_cus/r_pup2\n  rotate: false\n  xy: 136, 252\n  size: 66, 66\n  orig: 66, 66\n  offset: 0, 0\n  index: -1\nskin_2_cus/h3\n  rotate: false\n  xy: 161, 381\n  size: 47, 57\n  orig: 47, 57\n  offset: 0, 0\n  index: -1\nskin_2_cus/l_eye3\n  rotate: false\n  xy: 259, 379\n  size: 53, 58\n  orig: 53, 58\n  offset: 0, 0\n  index: -1\nskin_2_cus/l_eye5\n  rotate: false\n  xy: 259, 379\n  size: 53, 58\n  orig: 53, 58\n  offset: 0, 0\n  index: -1\nskin_2_cus/l_eye6\n  rotate: false\n  xy: 314, 379\n  size: 52, 58\n  orig: 54, 60\n  offset: 1, 1\n  index: -1\nskin_2_cus/r_eye6\n  rotate: false\n  xy: 368, 378\n  size: 52, 58\n  orig: 54, 60\n  offset: 1, 1\n  index: -1\nskin_3_cus/h3\n  rotate: false\n  xy: 210, 381\n  size: 47, 57\n  orig: 47, 57\n  offset: 0, 0\n  index: -1\nskin_3_cus/l_eye1\n  rotate: false\n  xy: 2, 444\n  size: 56, 50\n  orig: 56, 50\n  offset: 0, 0\n  index: -1\nskin_3_cus/l_eye3\n  rotate: false\n  xy: 238, 317\n  size: 60, 60\n  orig: 60, 60\n  offset: 0, 0\n  index: -1\nskin_3_cus/l_eye8\n  rotate: false\n  xy: 238, 317\n  size: 60, 60\n  orig: 60, 60\n  offset: 0, 0\n  index: -1\nskin_3_cus/r_eye8\n  rotate: false\n  xy: 238, 317\n  size: 60, 60\n  orig: 60, 60\n  offset: 0, 0\n  index: -1\nskin_3_cus/l_eye5\n  rotate: false\n  xy: 116, 320\n  size: 59, 59\n  orig: 59, 59\n  offset: 0, 0\n  index: -1\nskin_3_cus/r_eye6\n  rotate: false\n  xy: 180, 440\n  size: 49, 54\n  orig: 49, 54\n  offset: 0, 0\n  index: -1\nskin_4_cus/r_eye6\n  rotate: false\n  xy: 180, 440\n  size: 49, 54\n  orig: 49, 54\n  offset: 0, 0\n  index: -1\nskin_4_cus/h3\n  rotate: false\n  xy: 383, 438\n  size: 46, 56\n  orig: 46, 56\n  offset: 0, 0\n  index: -1\nskin_4_cus/l_eye1\n  rotate: false\n  xy: 300, 317\n  size: 60, 60\n  orig: 60, 60\n  offset: 0, 0\n  index: -1\nskin_4_cus/l_eye3\n  rotate: false\n  xy: 300, 317\n  size: 60, 60\n  orig: 60, 60\n  offset: 0, 0\n  index: -1\nskin_4_cus/l_eye5\n  rotate: false\n  xy: 177, 320\n  size: 59, 59\n  orig: 59, 59\n  offset: 0, 0\n  index: -1\nskin_4_cus/l_eye8\n  rotate: false\n  xy: 231, 440\n  size: 57, 54\n  orig: 57, 54\n  offset: 0, 0\n  index: -1\nskin_5_cus/h3\n  rotate: false\n  xy: 290, 439\n  size: 45, 55\n  orig: 45, 55\n  offset: 0, 0\n  index: -1\nskin_5_cus/l_cry\n  rotate: false\n  xy: 204, 249\n  size: 60, 66\n  orig: 60, 66\n  offset: 0, 0\n  index: -1\nskin_5_cus/l_ear\n  rotate: false\n  xy: 332, 245\n  size: 55, 68\n  orig: 55, 68\n  offset: 0, 0\n  index: -1\nskin_5_cus/l_eye1\n  rotate: false\n  xy: 121, 441\n  size: 57, 53\n  orig: 57, 53\n  offset: 0, 0\n  index: -1\nskin_5_cus/l_eye8\n  rotate: false\n  xy: 121, 441\n  size: 57, 53\n  orig: 57, 53\n  offset: 0, 0\n  index: -1\nskin_5_cus/l_eye3\n  rotate: false\n  xy: 422, 378\n  size: 58, 58\n  orig: 58, 58\n  offset: 0, 0\n  index: -1\nskin_5_cus/r_eye3\n  rotate: false\n  xy: 422, 378\n  size: 58, 58\n  orig: 58, 58\n  offset: 0, 0\n  index: -1\nskin_5_cus/l_eye5\n  rotate: false\n  xy: 2, 324\n  size: 58, 58\n  orig: 58, 58\n  offset: 0, 0\n  index: -1\nskin_5_cus/r_ear\n  rotate: false\n  xy: 266, 248\n  size: 64, 67\n  orig: 64, 67\n  offset: 0, 0\n  index: -1\nskin_5_cus/r_eye6\n  rotate: false\n  xy: 62, 322\n  size: 52, 58\n  orig: 52, 58\n  offset: 0, 0\n  index: -1\nskin_6_cus/h3\n  rotate: false\n  xy: 431, 438\n  size: 46, 56\n  orig: 46, 56\n  offset: 0, 0\n  index: -1\nskin_7_cus/r_eye6\n  rotate: false\n  xy: 60, 442\n  size: 59, 52\n  orig: 59, 52\n  offset: 0, 0\n  index: -1\nskin_8_cus/l_eye1\n  rotate: false\n  xy: 389, 245\n  size: 53, 68\n  orig: 53, 68\n  offset: 0, 0\n  index: -1\nskin_8_cus/r_eye8\n  rotate: false\n  xy: 2, 386\n  size: 50, 56\n  orig: 50, 56\n  offset: 0, 0\n  index: -1\nskin_9_cus/h3\n  rotate: false\n  xy: 54, 384\n  size: 46, 56\n  orig: 46, 56\n  offset: 0, 0\n  index: -1\nskin_9_cus/l_cry\n  rotate: false\n  xy: 337, 439\n  size: 44, 55\n  orig: 44, 55\n  offset: 0, 0\n  index: -1\nskin_9_cus/r_cry\n  rotate: false\n  xy: 444, 245\n  size: 50, 68\n  orig: 50, 68\n  offset: 0, 0\n  index: -1\n"
}