{
  "__type__": "cc.Material",
  "_name": "da_bg02_mat",
  "_objFlags": 0,
  "_native": "",
  "_effectAsset": {
    "__uuid__": "1baf0fc9-befa-459c-8bdd-af1a450a0319",
    "__expectedType__": "cc.EffectAsset"
  },
  "_techIdx": 0,
  "_defines": [
    {}
  ],
  "_states": [
    {
      "rasterizerState": {},
      "blendState": {
        "targets": [
          {}
        ]
      },
      "depthStencilState": {}
    }
  ],
  "_props": [
    {
      "albedoScale": {
        "__type__": "cc.Vec3",
        "x": 0.35183998942375183,
        "y": 0.3452800214290619,
        "z": 0.013760000467300415
      },
      "metallic": 0.4000000059604645,
      "roughness": 0.49053239822387695
    }
  ]
}