[
  {
    "__type__": "cc.Prefab",
    "_name": "",
    "_objFlags": 0,
    "_native": "",
    "data": {
      "__id__": 1
    },
    "optimizationPolicy": 0,
    "persistent": false,
    "asyncLoadAssets": false
  },
  {
    "__type__": "cc.Node",
    "_name": "Robo_Level2",
    "_objFlags": 0,
    "__editorExtras__": {},
    "_parent": null,
    "_children": [
      {
        "__id__": 2
      },
      {
        "__id__": 44
      },
      {
        "__id__": 56
      }
    ],
    "_active": true,
    "_components": [
      {
        "__id__": 58
      }
    ],
    "_prefab": {
      "__id__": 60
    },
    "_lpos": {
      "__type__": "cc.Vec3",
      "x": 0,
      "y": 0,
      "z": 0
    },
    "_lrot": {
      "__type__": "cc.Quat",
      "x": 0,
      "y": 0,
      "z": 0,
      "w": 1
    },
    "_lscale": {
      "__type__": "cc.Vec3",
      "x": 10.5,
      "y": 10.5,
      "z": 10.5
    },
    "_layer": 8388608,
    "_euler": {
      "__type__": "cc.Vec3",
      "x": 0,
      "y": 0,
      "z": 0
    },
    "_id": ""
  },
  {
    "__type__": "cc.Node",
    "_objFlags": 0,
    "_parent": {
      "__id__": 1
    },
    "_prefab": {
      "__id__": 3
    }
  },
  {
    "__type__": "cc.PrefabInfo",
    "root": {
      "__id__": 2
    },
    "asset": {
      "__uuid__": "186e7552-905a-4815-9827-d18c95804d0b@a8a71",
      "__expectedType__": "cc.Prefab"
    },
    "fileId": "43FVPkpKldN60XDvUGTMyn",
    "instance": {
      "__id__": 4
    }
  },
  {
    "__type__": "cc.PrefabInstance",
    "fileId": "6eHOl64V1IJZzjd6vBtwhb",
    "prefabRootNode": {
      "__id__": 1
    },
    "mountedChildren": [],
    "mountedComponents": [],
    "propertyOverrides": [
      {
        "__id__": 5
      },
      {
        "__id__": 7
      },
      {
        "__id__": 8
      },
      {
        "__id__": 9
      },
      {
        "__id__": 10
      },
      {
        "__id__": 12
      },
      {
        "__id__": 13
      },
      {
        "__id__": 14
      },
      {
        "__id__": 15
      },
      {
        "__id__": 16
      },
      {
        "__id__": 17
      },
      {
        "__id__": 18
      },
      {
        "__id__": 19
      },
      {
        "__id__": 21
      },
      {
        "__id__": 22
      },
      {
        "__id__": 24
      },
      {
        "__id__": 25
      },
      {
        "__id__": 27
      },
      {
        "__id__": 28
      },
      {
        "__id__": 30
      },
      {
        "__id__": 31
      },
      {
        "__id__": 33
      },
      {
        "__id__": 34
      },
      {
        "__id__": 36
      },
      {
        "__id__": 37
      },
      {
        "__id__": 38
      },
      {
        "__id__": 39
      },
      {
        "__id__": 40
      },
      {
        "__id__": 41
      },
      {
        "__id__": 42
      },
      {
        "__id__": 43
      }
    ],
    "removedComponents": []
  },
  {
    "__type__": "CCPropertyOverrideInfo",
    "targetInfo": {
      "__id__": 6
    },
    "propertyPath": [
      "_name"
    ],
    "value": "Robo_Base"
  },
  {
    "__type__": "cc.TargetInfo",
    "localID": [
      "43FVPkpKldN60XDvUGTMyn"
    ]
  },
  {
    "__type__": "CCPropertyOverrideInfo",
    "targetInfo": {
      "__id__": 6
    },
    "propertyPath": [
      "_lpos"
    ],
    "value": {
      "__type__": "cc.Vec3",
      "x": 0,
      "y": 0,
      "z": 0
    }
  },
  {
    "__type__": "CCPropertyOverrideInfo",
    "targetInfo": {
      "__id__": 6
    },
    "propertyPath": [
      "_lrot"
    ],
    "value": {
      "__type__": "cc.Quat",
      "x": 0,
      "y": 0,
      "z": 0,
      "w": 1
    }
  },
  {
    "__type__": "CCPropertyOverrideInfo",
    "targetInfo": {
      "__id__": 6
    },
    "propertyPath": [
      "_euler"
    ],
    "value": {
      "__type__": "cc.Vec3",
      "x": 0,
      "y": 0,
      "z": 0
    }
  },
  {
    "__type__": "CCPropertyOverrideInfo",
    "targetInfo": {
      "__id__": 11
    },
    "propertyPath": [
      "_clips",
      "length"
    ],
    "value": 5
  },
  {
    "__type__": "cc.TargetInfo",
    "localID": [
      "021OaFncZctrHaYtGkDJNv"
    ]
  },
  {
    "__type__": "CCPropertyOverrideInfo",
    "targetInfo": {
      "__id__": 11
    },
    "propertyPath": [
      "_clips",
      "0"
    ],
    "value": {
      "__uuid__": "9f7387d9-62cf-46ec-9c75-46e49c15bebe@37358",
      "__expectedType__": "cc.AnimationClip"
    }
  },
  {
    "__type__": "CCPropertyOverrideInfo",
    "targetInfo": {
      "__id__": 11
    },
    "propertyPath": [
      "_defaultClip"
    ],
    "value": {
      "__uuid__": "ee461786-0e9e-42f9-8fca-a7e70128ca4c@1f586",
      "__expectedType__": "cc.AnimationClip"
    }
  },
  {
    "__type__": "CCPropertyOverrideInfo",
    "targetInfo": {
      "__id__": 11
    },
    "propertyPath": [
      "_clips",
      "1"
    ],
    "value": {
      "__uuid__": "ee461786-0e9e-42f9-8fca-a7e70128ca4c@1f586",
      "__expectedType__": "cc.AnimationClip"
    }
  },
  {
    "__type__": "CCPropertyOverrideInfo",
    "targetInfo": {
      "__id__": 11
    },
    "propertyPath": [
      "_clips",
      "2"
    ],
    "value": {
      "__uuid__": "de201013-e73c-46fc-a196-da88e00c7f5c@b4251",
      "__expectedType__": "cc.AnimationClip"
    }
  },
  {
    "__type__": "CCPropertyOverrideInfo",
    "targetInfo": {
      "__id__": 11
    },
    "propertyPath": [
      "_clips",
      "3"
    ],
    "value": {
      "__uuid__": "21c2b731-62b9-4927-a22c-705cddd85d0d@7f3dc",
      "__expectedType__": "cc.AnimationClip"
    }
  },
  {
    "__type__": "CCPropertyOverrideInfo",
    "targetInfo": {
      "__id__": 11
    },
    "propertyPath": [
      "_clips",
      "4"
    ],
    "value": {
      "__uuid__": "ee5bd06b-3ca3-44c8-ab54-4fb0ed225e89@1996b",
      "__expectedType__": "cc.AnimationClip"
    }
  },
  {
    "__type__": "CCPropertyOverrideInfo",
    "targetInfo": {
      "__id__": 11
    },
    "propertyPath": [
      "playOnLoad"
    ],
    "value": true
  },
  {
    "__type__": "CCPropertyOverrideInfo",
    "targetInfo": {
      "__id__": 20
    },
    "propertyPath": [
      "_materials",
      "0"
    ],
    "value": {
      "__uuid__": "c8fcc9d9-daf8-4e73-a6f0-e7762724a58d",
      "__expectedType__": "cc.Material"
    }
  },
  {
    "__type__": "cc.TargetInfo",
    "localID": [
      "a5v1yVq5Zexo94CB89KgCb"
    ]
  },
  {
    "__type__": "CCPropertyOverrideInfo",
    "targetInfo": {
      "__id__": 20
    },
    "propertyPath": [
      "_skinningRoot"
    ],
    "value": {
      "__id__": 2
    }
  },
  {
    "__type__": "CCPropertyOverrideInfo",
    "targetInfo": {
      "__id__": 23
    },
    "propertyPath": [
      "_materials",
      "0"
    ],
    "value": {
      "__uuid__": "c8fcc9d9-daf8-4e73-a6f0-e7762724a58d",
      "__expectedType__": "cc.Material"
    }
  },
  {
    "__type__": "cc.TargetInfo",
    "localID": [
      "b8lCc1ugdYZIltAVrIoqZ/"
    ]
  },
  {
    "__type__": "CCPropertyOverrideInfo",
    "targetInfo": {
      "__id__": 23
    },
    "propertyPath": [
      "_skinningRoot"
    ],
    "value": {
      "__id__": 2
    }
  },
  {
    "__type__": "CCPropertyOverrideInfo",
    "targetInfo": {
      "__id__": 26
    },
    "propertyPath": [
      "_materials",
      "0"
    ],
    "value": {
      "__uuid__": "c8fcc9d9-daf8-4e73-a6f0-e7762724a58d",
      "__expectedType__": "cc.Material"
    }
  },
  {
    "__type__": "cc.TargetInfo",
    "localID": [
      "71Y/hBlARfEZ+oQ80wIh5z"
    ]
  },
  {
    "__type__": "CCPropertyOverrideInfo",
    "targetInfo": {
      "__id__": 26
    },
    "propertyPath": [
      "_skinningRoot"
    ],
    "value": {
      "__id__": 2
    }
  },
  {
    "__type__": "CCPropertyOverrideInfo",
    "targetInfo": {
      "__id__": 29
    },
    "propertyPath": [
      "_materials",
      "0"
    ],
    "value": {
      "__uuid__": "c8fcc9d9-daf8-4e73-a6f0-e7762724a58d",
      "__expectedType__": "cc.Material"
    }
  },
  {
    "__type__": "cc.TargetInfo",
    "localID": [
      "8aDMa+UxZeg7BX7avzSrRY"
    ]
  },
  {
    "__type__": "CCPropertyOverrideInfo",
    "targetInfo": {
      "__id__": 29
    },
    "propertyPath": [
      "_skinningRoot"
    ],
    "value": {
      "__id__": 2
    }
  },
  {
    "__type__": "CCPropertyOverrideInfo",
    "targetInfo": {
      "__id__": 32
    },
    "propertyPath": [
      "_materials",
      "0"
    ],
    "value": {
      "__uuid__": "c8fcc9d9-daf8-4e73-a6f0-e7762724a58d",
      "__expectedType__": "cc.Material"
    }
  },
  {
    "__type__": "cc.TargetInfo",
    "localID": [
      "05aIX854JetIysxZyTjCQX"
    ]
  },
  {
    "__type__": "CCPropertyOverrideInfo",
    "targetInfo": {
      "__id__": 32
    },
    "propertyPath": [
      "_skinningRoot"
    ],
    "value": {
      "__id__": 2
    }
  },
  {
    "__type__": "CCPropertyOverrideInfo",
    "targetInfo": {
      "__id__": 35
    },
    "propertyPath": [
      "_materials",
      "0"
    ],
    "value": {
      "__uuid__": "c8fcc9d9-daf8-4e73-a6f0-e7762724a58d",
      "__expectedType__": "cc.Material"
    }
  },
  {
    "__type__": "cc.TargetInfo",
    "localID": [
      "02WBhOO41SIrD92seTAfrM"
    ]
  },
  {
    "__type__": "CCPropertyOverrideInfo",
    "targetInfo": {
      "__id__": 35
    },
    "propertyPath": [
      "_skinningRoot"
    ],
    "value": {
      "__id__": 2
    }
  },
  {
    "__type__": "CCPropertyOverrideInfo",
    "targetInfo": {
      "__id__": 20
    },
    "propertyPath": [
      "_shadowCastingMode"
    ],
    "value": 1
  },
  {
    "__type__": "CCPropertyOverrideInfo",
    "targetInfo": {
      "__id__": 23
    },
    "propertyPath": [
      "_shadowCastingMode"
    ],
    "value": 1
  },
  {
    "__type__": "CCPropertyOverrideInfo",
    "targetInfo": {
      "__id__": 26
    },
    "propertyPath": [
      "_shadowCastingMode"
    ],
    "value": 1
  },
  {
    "__type__": "CCPropertyOverrideInfo",
    "targetInfo": {
      "__id__": 29
    },
    "propertyPath": [
      "_shadowCastingMode"
    ],
    "value": 1
  },
  {
    "__type__": "CCPropertyOverrideInfo",
    "targetInfo": {
      "__id__": 32
    },
    "propertyPath": [
      "_shadowCastingMode"
    ],
    "value": 1
  },
  {
    "__type__": "CCPropertyOverrideInfo",
    "targetInfo": {
      "__id__": 35
    },
    "propertyPath": [
      "_shadowCastingMode"
    ],
    "value": 1
  },
  {
    "__type__": "CCPropertyOverrideInfo",
    "targetInfo": {
      "__id__": 6
    },
    "propertyPath": [
      "_lscale"
    ],
    "value": {
      "__type__": "cc.Vec3",
      "x": 6,
      "y": 6,
      "z": 6
    }
  },
  {
    "__type__": "cc.Node",
    "_objFlags": 0,
    "_parent": {
      "__id__": 1
    },
    "_prefab": {
      "__id__": 45
    },
    "__editorExtras__": {}
  },
  {
    "__type__": "cc.PrefabInfo",
    "root": {
      "__id__": 44
    },
    "asset": {
      "__uuid__": "09fdbd5a-3afd-48c8-bde8-56c2980d03ae",
      "__expectedType__": "cc.Prefab"
    },
    "fileId": "e9sFNzR81GiqueJtAbFiE2",
    "instance": {
      "__id__": 46
    }
  },
  {
    "__type__": "cc.PrefabInstance",
    "fileId": "04nDi3/+BE4LqcR12Y/MPM",
    "prefabRootNode": {
      "__id__": 1
    },
    "mountedChildren": [],
    "mountedComponents": [],
    "propertyOverrides": [
      {
        "__id__": 47
      },
      {
        "__id__": 49
      },
      {
        "__id__": 50
      },
      {
        "__id__": 51
      },
      {
        "__id__": 52
      },
      {
        "__id__": 53
      },
      {
        "__id__": 55
      }
    ],
    "removedComponents": []
  },
  {
    "__type__": "CCPropertyOverrideInfo",
    "targetInfo": {
      "__id__": 48
    },
    "propertyPath": [
      "_name"
    ],
    "value": "Smoke"
  },
  {
    "__type__": "cc.TargetInfo",
    "localID": [
      "e9sFNzR81GiqueJtAbFiE2"
    ]
  },
  {
    "__type__": "CCPropertyOverrideInfo",
    "targetInfo": {
      "__id__": 48
    },
    "propertyPath": [
      "_lpos"
    ],
    "value": {
      "__type__": "cc.Vec3",
      "x": 0,
      "y": 0.015,
      "z": 0
    }
  },
  {
    "__type__": "CCPropertyOverrideInfo",
    "targetInfo": {
      "__id__": 48
    },
    "propertyPath": [
      "_lrot"
    ],
    "value": {
      "__type__": "cc.Quat",
      "x": 0.7071067811865475,
      "y": 0,
      "z": 0,
      "w": 0.7071067811865476
    }
  },
  {
    "__type__": "CCPropertyOverrideInfo",
    "targetInfo": {
      "__id__": 48
    },
    "propertyPath": [
      "_euler"
    ],
    "value": {
      "__type__": "cc.Vec3",
      "x": 90,
      "y": 0,
      "z": 0
    }
  },
  {
    "__type__": "CCPropertyOverrideInfo",
    "targetInfo": {
      "__id__": 48
    },
    "propertyPath": [
      "_lscale"
    ],
    "value": {
      "__type__": "cc.Vec3",
      "x": 0.07,
      "y": 0.07,
      "z": 0.07
    }
  },
  {
    "__type__": "CCPropertyOverrideInfo",
    "targetInfo": {
      "__id__": 54
    },
    "propertyPath": [
      "scaleSpace"
    ],
    "value": 0
  },
  {
    "__type__": "cc.TargetInfo",
    "localID": [
      "5aV+OIJx1K97ai4Yeb2T+j"
    ]
  },
  {
    "__type__": "CCPropertyOverrideInfo",
    "targetInfo": {
      "__id__": 54
    },
    "propertyPath": [
      "_simulationSpace"
    ],
    "value": 0
  },
  {
    "__type__": "cc.Node",
    "_name": "Robo_Level",
    "_objFlags": 0,
    "_parent": {
      "__id__": 1
    },
    "_children": [],
    "_active": true,
    "_components": [],
    "_prefab": {
      "__id__": 57
    },
    "_lpos": {
      "__type__": "cc.Vec3",
      "x": 0,
      "y": 0,
      "z": 0
    },
    "_lrot": {
      "__type__": "cc.Quat",
      "x": 0,
      "y": 0,
      "z": 0,
      "w": 1
    },
    "_lscale": {
      "__type__": "cc.Vec3",
      "x": 1,
      "y": 1,
      "z": 1
    },
    "_layer": 8388608,
    "_euler": {
      "__type__": "cc.Vec3",
      "x": 0,
      "y": 0,
      "z": 0
    },
    "_id": ""
  },
  {
    "__type__": "cc.PrefabInfo",
    "root": {
      "__id__": 1
    },
    "asset": {
      "__id__": 0
    },
    "fileId": "0bwGuZtJNE2bmsBvAakU7c"
  },
  {
    "__type__": "41676kj9UhAPKH+vCF8mz5V",
    "_name": "",
    "_objFlags": 0,
    "node": {
      "__id__": 1
    },
    "_enabled": true,
    "__prefab": {
      "__id__": 59
    },
    "PS_Smoke": null,
    "_id": ""
  },
  {
    "__type__": "cc.CompPrefabInfo",
    "fileId": "672iS2v0JOzrOcCmqlsZTN"
  },
  {
    "__type__": "cc.PrefabInfo",
    "root": {
      "__id__": 1
    },
    "asset": {
      "__id__": 0
    },
    "fileId": "74ZGxx8vpCOLAs7RG/FIjO",
    "targetOverrides": [
      {
        "__id__": 61
      },
      {
        "__id__": 64
      }
    ],
    "nestedPrefabInstanceRoots": [
      {
        "__id__": 2
      },
      {
        "__id__": 44
      }
    ]
  },
  {
    "__type__": "cc.TargetOverrideInfo",
    "source": {
      "__id__": 44
    },
    "sourceInfo": {
      "__id__": 62
    },
    "propertyPath": [
      "_trailModule",
      "_particleSystem"
    ],
    "target": {
      "__id__": 44
    },
    "targetInfo": {
      "__id__": 63
    }
  },
  {
    "__type__": "cc.TargetInfo",
    "localID": [
      "5aV+OIJx1K97ai4Yeb2T+j"
    ]
  },
  {
    "__type__": "cc.TargetInfo",
    "localID": [
      "5aV+OIJx1K97ai4Yeb2T+j"
    ]
  },
  {
    "__type__": "cc.TargetOverrideInfo",
    "source": {
      "__id__": 58
    },
    "sourceInfo": null,
    "propertyPath": [
      "PS_Smoke"
    ],
    "target": {
      "__id__": 44
    },
    "targetInfo": {
      "__id__": 65
    }
  },
  {
    "__type__": "cc.TargetInfo",
    "localID": [
      "5aV+OIJx1K97ai4Yeb2T+j"
    ]
  }
]