{
  "__type__": "sp.SkeletonData",
  "_name": "fire_work",
  "_objFlags": 0,
  "_native": "",
  "_skeletonJson": {
    "skeleton": {
      "hash": "uPQUDrzd7jM",
      "spine": "3.8-from-4.0.64",
      "x": -10.94,
      "y": 9.85,
      "width": 40,
      "height": 65,
      "images": "./images/",
      "audio": "C:/Users/Admin/Desktop"
    },
    "bones": [
      {
        "name": "root"
      },
      {
        "name": "bone",
        "parent": "root"
      }
    ],
    "slots": [
      {
        "name": "Fire",
        "bone": "bone",
        "attachment": "Layer 1",
        "blend": "additive"
      }
    ],
    "skins": [
      {
        "name": "default",
        "attachments": {
          "Fire": {
            "animation_640_lhol3eer03": {
              "x": 6.56,
              "y": 121.35,
              "width": 45,
              "height": 223
            },
            "animation_640_lhol3eer04": {
              "x": 5.06,
              "y": 181.35,
              "width": 48,
              "height": 343
            },
            "animation_640_lhol3eer05": {
              "x": 13.06,
              "y": 233.85,
              "width": 68,
              "height": 448
            },
            "animation_640_lhol3eer06": {
              "x": 50.56,
              "y": 237.85,
              "width": 167,
              "height": 456
            },
            "animation_640_lhol3eer07": {
              "x": 45.56,
              "y": 239.85,
              "width": 185,
              "height": 460
            },
            "animation_640_lhol3eer08": {
              "x": 50.06,
              "y": 244.85,
              "width": 234,
              "height": 470
            },
            "animation_640_lhol3eer09": {
              "x": 46.06,
              "y": 247.35,
              "width": 288,
              "height": 475
            },
            "animation_640_lhol3eer10": {
              "x": 39.56,
              "y": 250.35,
              "width": 347,
              "height": 481
            },
            "animation_640_lhol3eer11": {
              "x": 53.56,
              "y": 263.35,
              "width": 395,
              "height": 507
            },
            "animation_640_lhol3eer12": {
              "x": 57.56,
              "y": 270.35,
              "width": 413,
              "height": 521
            },
            "animation_640_lhol3eer13": {
              "x": 59.56,
              "y": 277.35,
              "width": 435,
              "height": 535
            },
            "animation_640_lhol3eer14": {
              "x": 27.06,
              "y": 280.35,
              "width": 512,
              "height": 541
            },
            "animation_640_lhol3eer15": {
              "x": 28.06,
              "y": 283.85,
              "width": 520,
              "height": 548
            },
            "animation_640_lhol3eer16": {
              "x": 31.56,
              "y": 290.85,
              "width": 537,
              "height": 562
            },
            "animation_640_lhol3eer17": {
              "x": 33.06,
              "y": 311.35,
              "width": 546,
              "height": 603
            },
            "animation_640_lhol3eer18": {
              "x": 32.56,
              "y": 313.35,
              "width": 561,
              "height": 607
            },
            "animation_640_lhol3eer19": {
              "x": 12.56,
              "y": 317.35,
              "width": 611,
              "height": 615
            },
            "animation_640_lhol3eer20": {
              "x": 12.06,
              "y": 319.85,
              "width": 620,
              "height": 620
            },
            "animation_640_lhol3eer21": {
              "x": 13.56,
              "y": 324.85,
              "width": 629,
              "height": 630
            },
            "animation_640_lhol3eer22": {
              "x": 15.06,
              "y": 355.35,
              "width": 632,
              "height": 581
            },
            "animation_640_lhol3eer23": {
              "x": 19.06,
              "y": 351.35,
              "width": 640,
              "height": 597
            },
            "animation_640_lhol3eer24": {
              "x": 19.56,
              "y": 339.35,
              "width": 639,
              "height": 621
            },
            "animation_640_lhol3eer25": {
              "x": 19.06,
              "y": 329.35,
              "width": 640,
              "height": 605
            },
            "animation_640_lhol3eer26": {
              "x": 25.06,
              "y": 327.35,
              "width": 628,
              "height": 619
            },
            "animation_640_lhol3eer27": {
              "x": 23.06,
              "y": 327.35,
              "width": 632,
              "height": 623
            },
            "animation_640_lhol3eer28": {
              "x": 21.06,
              "y": 325.85,
              "width": 636,
              "height": 632
            },
            "animation_640_lhol3eer29": {
              "x": 19.06,
              "y": 327.85,
              "width": 640,
              "height": 636
            },
            "animation_640_lhol3eer30": {
              "x": 22.06,
              "y": 328.85,
              "width": 634,
              "height": 638
            },
            "animation_640_lhol3eer31": {
              "x": 19.06,
              "y": 329.85,
              "width": 640,
              "height": 640
            },
            "animation_640_lhol3eer32": {
              "x": 17.56,
              "y": 329.85,
              "width": 637,
              "height": 640
            },
            "animation_640_lhol3eer33": {
              "x": 19.06,
              "y": 329.85,
              "width": 640,
              "height": 640
            },
            "animation_640_lhol3eer34": {
              "x": 22.56,
              "y": 329.85,
              "width": 633,
              "height": 640
            },
            "animation_640_lhol3eer35": {
              "x": 19.56,
              "y": 327.85,
              "width": 639,
              "height": 636
            },
            "animation_640_lhol3eer36": {
              "x": 19.06,
              "y": 338.35,
              "width": 640,
              "height": 623
            },
            "animation_640_lhol3eer37": {
              "x": 21.06,
              "y": 330.35,
              "width": 636,
              "height": 639
            },
            "animation_640_lhol3eer38": {
              "x": 25.56,
              "y": 331.35,
              "width": 627,
              "height": 637
            },
            "animation_640_lhol3eer39": {
              "x": 19.06,
              "y": 331.35,
              "width": 640,
              "height": 637
            },
            "animation_640_lhol3eer40": {
              "x": 19.06,
              "y": 329.85,
              "width": 640,
              "height": 640
            },
            "animation_640_lhol3eer41": {
              "x": 12.56,
              "y": 280.35,
              "width": 619,
              "height": 541
            },
            "animation_640_lhol3eer42": {
              "x": 18.06,
              "y": 299.85,
              "width": 636,
              "height": 538
            },
            "animation_640_lhol3eer43": {
              "x": 19.06,
              "y": 309.35,
              "width": 640,
              "height": 565
            },
            "animation_640_lhol3eer44": {
              "x": 17.06,
              "y": 326.85,
              "width": 634,
              "height": 566
            },
            "animation_640_lhol3eer45": {
              "x": 18.06,
              "y": 327.85,
              "width": 638,
              "height": 576
            },
            "animation_640_lhol3eer46": {
              "x": 19.06,
              "y": 328.35,
              "width": 640,
              "height": 585
            },
            "animation_640_lhol3eer47": {
              "x": 24.06,
              "y": 327.85,
              "width": 630,
              "height": 598
            },
            "animation_640_lhol3eer48": {
              "x": 22.56,
              "y": 327.35,
              "width": 633,
              "height": 605
            },
            "Layer 1": {
              "x": 9.06,
              "y": 42.35,
              "width": 40,
              "height": 65
            }
          }
        }
      }
    ],
    "animations": {
      "animation": {
        "slots": {
          "Fire": {
            "color": [
              {
                "time": 1.5333,
                "color": "ffffffff"
              },
              {
                "time": 1.6333,
                "color": "ffffff00"
              }
            ],
            "attachment": [
              {
                "time": 0.0333,
                "name": "animation_640_lhol3eer03"
              },
              {
                "time": 0.0667,
                "name": "animation_640_lhol3eer04"
              },
              {
                "time": 0.1,
                "name": "animation_640_lhol3eer05"
              },
              {
                "time": 0.1333,
                "name": "animation_640_lhol3eer06"
              },
              {
                "time": 0.1667,
                "name": "animation_640_lhol3eer07"
              },
              {
                "time": 0.2,
                "name": "animation_640_lhol3eer08"
              },
              {
                "time": 0.2333,
                "name": "animation_640_lhol3eer09"
              },
              {
                "time": 0.2667,
                "name": "animation_640_lhol3eer10"
              },
              {
                "time": 0.3,
                "name": "animation_640_lhol3eer11"
              },
              {
                "time": 0.3333,
                "name": "animation_640_lhol3eer12"
              },
              {
                "time": 0.3667,
                "name": "animation_640_lhol3eer13"
              },
              {
                "time": 0.4,
                "name": "animation_640_lhol3eer14"
              },
              {
                "time": 0.4333,
                "name": "animation_640_lhol3eer15"
              },
              {
                "time": 0.4667,
                "name": "animation_640_lhol3eer16"
              },
              {
                "time": 0.5,
                "name": "animation_640_lhol3eer17"
              },
              {
                "time": 0.5333,
                "name": "animation_640_lhol3eer18"
              },
              {
                "time": 0.5667,
                "name": "animation_640_lhol3eer19"
              },
              {
                "time": 0.6,
                "name": "animation_640_lhol3eer20"
              },
              {
                "time": 0.6333,
                "name": "animation_640_lhol3eer21"
              },
              {
                "time": 0.6667,
                "name": "animation_640_lhol3eer22"
              },
              {
                "time": 0.7,
                "name": "animation_640_lhol3eer23"
              },
              {
                "time": 0.7333,
                "name": "animation_640_lhol3eer24"
              },
              {
                "time": 0.7667,
                "name": "animation_640_lhol3eer25"
              },
              {
                "time": 0.8,
                "name": "animation_640_lhol3eer26"
              },
              {
                "time": 0.8333,
                "name": "animation_640_lhol3eer27"
              },
              {
                "time": 0.8667,
                "name": "animation_640_lhol3eer28"
              },
              {
                "time": 0.9,
                "name": "animation_640_lhol3eer29"
              },
              {
                "time": 0.9333,
                "name": "animation_640_lhol3eer30"
              },
              {
                "time": 0.9667,
                "name": "animation_640_lhol3eer31"
              },
              {
                "time": 1,
                "name": "animation_640_lhol3eer32"
              },
              {
                "time": 1.0333,
                "name": "animation_640_lhol3eer33"
              },
              {
                "time": 1.0667,
                "name": "animation_640_lhol3eer34"
              },
              {
                "time": 1.1,
                "name": "animation_640_lhol3eer35"
              },
              {
                "time": 1.1333,
                "name": "animation_640_lhol3eer36"
              },
              {
                "time": 1.1667,
                "name": "animation_640_lhol3eer37"
              },
              {
                "time": 1.2,
                "name": "animation_640_lhol3eer38"
              },
              {
                "time": 1.2333,
                "name": "animation_640_lhol3eer39"
              },
              {
                "time": 1.2667,
                "name": "animation_640_lhol3eer40"
              },
              {
                "time": 1.3,
                "name": "animation_640_lhol3eer41"
              },
              {
                "time": 1.3333,
                "name": "animation_640_lhol3eer42"
              },
              {
                "time": 1.3667,
                "name": "animation_640_lhol3eer43"
              },
              {
                "time": 1.4,
                "name": "animation_640_lhol3eer44"
              },
              {
                "time": 1.4333,
                "name": "animation_640_lhol3eer45"
              },
              {
                "time": 1.4667,
                "name": "animation_640_lhol3eer46"
              },
              {
                "time": 1.5,
                "name": "animation_640_lhol3eer47"
              },
              {
                "time": 1.5333,
                "name": "animation_640_lhol3eer48"
              }
            ]
          }
        }
      }
    }
  },
  "_atlasText": "\nfire_work.png\nsize: 2048, 2048\nformat: RGBA8888\nfilter: Linear, Linear\nrepeat: none\nLayer 1\n  rotate: false\n  xy: 2, 1939\n  size: 40, 65\n  orig: 40, 65\n  offset: 0, 0\n  index: -1\nanimation_640_lhol3eer03\n  rotate: false\n  xy: 44, 1781\n  size: 45, 223\n  orig: 45, 223\n  offset: 0, 0\n  index: -1\nanimation_640_lhol3eer04\n  rotate: false\n  xy: 91, 1661\n  size: 48, 343\n  orig: 48, 343\n  offset: 0, 0\n  index: -1\nanimation_640_lhol3eer05\n  rotate: false\n  xy: 141, 1556\n  size: 68, 448\n  orig: 68, 448\n  offset: 0, 0\n  index: -1\nanimation_640_lhol3eer06\n  rotate: false\n  xy: 211, 1548\n  size: 167, 456\n  orig: 167, 456\n  offset: 0, 0\n  index: -1\nanimation_640_lhol3eer07\n  rotate: false\n  xy: 380, 1544\n  size: 185, 460\n  orig: 185, 460\n  offset: 0, 0\n  index: -1\nanimation_640_lhol3eer08\n  rotate: false\n  xy: 567, 1534\n  size: 234, 470\n  orig: 234, 470\n  offset: 0, 0\n  index: -1\nanimation_640_lhol3eer09\n  rotate: false\n  xy: 803, 1529\n  size: 288, 475\n  orig: 288, 475\n  offset: 0, 0\n  index: -1\nanimation_640_lhol3eer10\n  rotate: false\n  xy: 1093, 1523\n  size: 347, 481\n  orig: 347, 481\n  offset: 0, 0\n  index: -1\nanimation_640_lhol3eer11\n  rotate: false\n  xy: 1442, 1497\n  size: 395, 507\n  orig: 395, 507\n  offset: 0, 0\n  index: -1\nanimation_640_lhol3eer12\n  rotate: false\n  xy: 2, 1021\n  size: 413, 521\n  orig: 413, 521\n  offset: 0, 0\n  index: -1\nanimation_640_lhol3eer13\n  rotate: false\n  xy: 417, 992\n  size: 435, 535\n  orig: 435, 535\n  offset: 0, 0\n  index: -1\nanimation_640_lhol3eer14\n  rotate: false\n  xy: 854, 980\n  size: 512, 541\n  orig: 512, 541\n  offset: 0, 0\n  index: -1\nanimation_640_lhol3eer15\n  rotate: false\n  xy: 623, 430\n  size: 520, 548\n  orig: 520, 548\n  offset: 0, 0\n  index: -1\nanimation_640_lhol3eer16\n  rotate: false\n  xy: 1145, 393\n  size: 537, 562\n  orig: 537, 562\n  offset: 0, 0\n  index: -1\nanimation_640_lhol3eer41\n  rotate: false\n  xy: 2, 449\n  size: 619, 541\n  orig: 619, 541\n  offset: 0, 0\n  index: -1\nanimation_640_lhol3eer42\n  rotate: false\n  xy: 1368, 957\n  size: 636, 538\n  orig: 636, 538\n  offset: 0, 0\n  index: -1\n\nfire_work_2.png\nsize: 2048, 2048\nformat: RGBA8888\nfilter: Linear, Linear\nrepeat: none\nanimation_640_lhol3eer17\n  rotate: false\n  xy: 634, 160\n  size: 546, 603\n  orig: 546, 603\n  offset: 0, 0\n  index: -1\nanimation_640_lhol3eer22\n  rotate: false\n  xy: 2, 770\n  size: 632, 581\n  orig: 632, 581\n  offset: 0, 0\n  index: -1\nanimation_640_lhol3eer23\n  rotate: false\n  xy: 1278, 743\n  size: 640, 597\n  orig: 640, 597\n  offset: 0, 0\n  index: -1\nanimation_640_lhol3eer25\n  rotate: false\n  xy: 1182, 136\n  size: 640, 605\n  orig: 640, 605\n  offset: 0, 0\n  index: -1\nanimation_640_lhol3eer43\n  rotate: false\n  xy: 2, 1353\n  size: 640, 565\n  orig: 640, 565\n  offset: 0, 0\n  index: -1\nanimation_640_lhol3eer44\n  rotate: false\n  xy: 644, 1352\n  size: 634, 566\n  orig: 634, 566\n  offset: 0, 0\n  index: -1\nanimation_640_lhol3eer45\n  rotate: false\n  xy: 1280, 1342\n  size: 638, 576\n  orig: 638, 576\n  offset: 0, 0\n  index: -1\nanimation_640_lhol3eer46\n  rotate: false\n  xy: 636, 765\n  size: 640, 585\n  orig: 640, 585\n  offset: 0, 0\n  index: -1\nanimation_640_lhol3eer47\n  rotate: false\n  xy: 2, 170\n  size: 630, 598\n  orig: 630, 598\n  offset: 0, 0\n  index: -1\n\nfire_work_3.png\nsize: 2048, 2048\nformat: RGBA8888\nfilter: Linear, Linear\nrepeat: none\nanimation_640_lhol3eer18\n  rotate: false\n  xy: 637, 1300\n  size: 561, 607\n  orig: 561, 607\n  offset: 0, 0\n  index: -1\nanimation_640_lhol3eer19\n  rotate: false\n  xy: 1200, 1292\n  size: 611, 615\n  orig: 611, 615\n  offset: 0, 0\n  index: -1\nanimation_640_lhol3eer20\n  rotate: false\n  xy: 632, 670\n  size: 620, 620\n  orig: 620, 620\n  offset: 0, 0\n  index: -1\nanimation_640_lhol3eer21\n  rotate: false\n  xy: 1278, 37\n  size: 629, 630\n  orig: 629, 630\n  offset: 0, 0\n  index: -1\nanimation_640_lhol3eer24\n  rotate: false\n  xy: 1254, 669\n  size: 639, 621\n  orig: 639, 621\n  offset: 0, 0\n  index: -1\nanimation_640_lhol3eer26\n  rotate: false\n  xy: 2, 681\n  size: 628, 619\n  orig: 628, 619\n  offset: 0, 0\n  index: -1\nanimation_640_lhol3eer27\n  rotate: false\n  xy: 2, 45\n  size: 632, 623\n  orig: 632, 623\n  offset: 0, 0\n  index: -1\nanimation_640_lhol3eer36\n  rotate: false\n  xy: 636, 44\n  size: 640, 623\n  orig: 640, 623\n  offset: 0, 0\n  index: -1\nanimation_640_lhol3eer48\n  rotate: false\n  xy: 2, 1302\n  size: 633, 605\n  orig: 633, 605\n  offset: 0, 0\n  index: -1\n\nfire_work_4.png\nsize: 2048, 2048\nformat: RGBA8888\nfilter: Linear, Linear\nrepeat: none\nanimation_640_lhol3eer28\n  rotate: false\n  xy: 2, 1289\n  size: 636, 632\n  orig: 636, 632\n  offset: 0, 0\n  index: -1\nanimation_640_lhol3eer29\n  rotate: false\n  xy: 640, 1285\n  size: 640, 636\n  orig: 640, 636\n  offset: 0, 0\n  index: -1\nanimation_640_lhol3eer30\n  rotate: false\n  xy: 1273, 645\n  size: 634, 638\n  orig: 634, 638\n  offset: 0, 0\n  index: -1\nanimation_640_lhol3eer31\n  rotate: false\n  xy: 640, 3\n  size: 640, 640\n  orig: 640, 640\n  offset: 0, 0\n  index: -1\nanimation_640_lhol3eer32\n  rotate: false\n  xy: 1282, 3\n  size: 637, 640\n  orig: 637, 640\n  offset: 0, 0\n  index: -1\nanimation_640_lhol3eer35\n  rotate: false\n  xy: 1282, 1285\n  size: 639, 636\n  orig: 639, 636\n  offset: 0, 0\n  index: -1\nanimation_640_lhol3eer37\n  rotate: false\n  xy: 2, 5\n  size: 636, 639\n  orig: 636, 639\n  offset: 0, 0\n  index: -1\nanimation_640_lhol3eer38\n  rotate: false\n  xy: 2, 650\n  size: 627, 637\n  orig: 627, 637\n  offset: 0, 0\n  index: -1\nanimation_640_lhol3eer39\n  rotate: false\n  xy: 631, 646\n  size: 640, 637\n  orig: 640, 637\n  offset: 0, 0\n  index: -1\n\nfire_work_5.png\nsize: 2048, 2048\nformat: RGBA8888\nfilter: Linear, Linear\nrepeat: none\nanimation_640_lhol3eer33\n  rotate: false\n  xy: 2, 1279\n  size: 640, 640\n  orig: 640, 640\n  offset: 0, 0\n  index: -1\nanimation_640_lhol3eer34\n  rotate: false\n  xy: 644, 1279\n  size: 633, 640\n  orig: 633, 640\n  offset: 0, 0\n  index: -1\nanimation_640_lhol3eer40\n  rotate: false\n  xy: 1279, 1279\n  size: 640, 640\n  orig: 640, 640\n  offset: 0, 0\n  index: -1\n",
  "textures": [
    {
      "__uuid__": "d876c552-2672-43a1-b536-eddf757b459f"
    },
    {
      "__uuid__": "62d503d0-5906-4ad2-ad49-36da2bd7861a"
    },
    {
      "__uuid__": "df189d89-d6fc-4174-b164-f2cc6888d3fb"
    },
    {
      "__uuid__": "9d742640-cb48-4ae3-9b7b-e9d8c192fed6"
    },
    {
      "__uuid__": "1cb2c37c-870e-4d25-9388-8b58b6015b10"
    }
  ],
  "textureNames": [
    "fire_work.png",
    "fire_work_2.png",
    "fire_work_3.png",
    "fire_work_4.png",
    "fire_work_5.png"
  ],
  "scale": 1
}