{
  "__type__": "cc.AnimationClip",
  "_name": "CTA_Anim",
  "_objFlags": 0,
  "_native": "",
  "_duration": 2.5,
  "sample": 60,
  "speed": 1,
  "wrapMode": 1,
  "curveData": {
    "paths": {
      "Overlay": {
        "props": {
          "opacity": [
            {
              "frame": 0,
              "value": 0
            },
            {
              "frame": 0.5,
              "value": 150
            }
          ]
        }
      },
      "logo": {
        "props": {
          "opacity": [
            {
              "frame": 0.5,
              "value": 0
            },
            {
              "frame": 1,
              "value": 255
            }
          ]
        }
      },
      "icon": {
        "props": {
          "opacity": [
            {
              "frame": 1,
              "value": 0
            },
            {
              "frame": 1.5,
              "value": 255
            }
          ]
        }
      },
      "btn": {
        "props": {
          "opacity": [
            {
              "frame": 1.5,
              "value": 0
            },
            {
              "frame": 2,
              "value": 255
            }
          ],
          "angle": [
            {
              "frame": 1.6666666666666667,
              "value": -5
            },
            {
              "frame": 1.75,
              "value": 5
            },
            {
              "frame": 1.8333333333333333,
              "value": -5
            },
            {
              "frame": 1.9166666666666667,
              "value": 5
            },
            {
              "frame": 2,
              "value": 0
            }
          ]
        }
      },
      "btn/Hint4": {
        "props": {
          "opacity": [
            {
              "frame": 2,
              "value": 0
            },
            {
              "frame": 2.5,
              "value": 255
            }
          ]
        }
      }
    }
  },
  "events": []
}