{
  "__type__": "cc.AnimationClip",
  "_name": "Hint",
  "_objFlags": 0,
  "_native": "",
  "_duration": 1.3333333333333333,
  "sample": 60,
  "speed": 1,
  "wrapMode": 2,
  "curveData": {
    "paths": {
      "hand": {
        "props": {
          "position": [
            {
              "frame": 0.16666666666666666,
              "value": [
                -23.287,
                -10.795,
                0
              ]
            },
            {
              "frame": 0.6666666666666666,
              "value": [
                -95.158,
                -10.795,
                0
              ]
            },
            {
              "frame": 1.1666666666666667,
              "value": [
                -95.158,
                -86.72,
                0
              ]
            }
          ],
          "opacity": [
            {
              "frame": 1.0833333333333333,
              "value": 255
            },
            {
              "frame": 1.3333333333333333,
              "value": 0
            }
          ]
        }
      },
      "line": {
        "props": {
          "opacity": [
            {
              "frame": 0,
              "value": 0
            },
            {
              "frame": 0.16666666666666666,
              "value": 255
            }
          ]
        }
      },
      "line_2": {
        "props": {
          "opacity": [
            {
              "frame": 0.5,
              "value": 0
            },
            {
              "frame": 0.6666666666666666,
              "value": 255
            }
          ]
        }
      },
      "line_3": {
        "props": {
          "opacity": [
            {
              "frame": 0.75,
              "value": 0
            },
            {
              "frame": 0.9166666666666666,
              "value": 255
            }
          ]
        }
      },
      "line_4": {
        "props": {
          "opacity": [
            {
              "frame": 1,
              "value": 0
            },
            {
              "frame": 1.1666666666666667,
              "value": 255
            }
          ]
        }
      }
    }
  },
  "events": []
}