{
  "a45fea2f-f433-41ba-a62b-3b7bb6ff1c18": {
    "asset": 1705632266655,
    "meta": 1705632266673,
    "relativePath": "game.fire"
  },
  "abfac626-0edb-48ee-8008-8433bd5fe577": {
    "asset": 1705390846155,
    "meta": 1705390929208,
    "relativePath": "Script"
  },
  "7261ff7d-ae73-4d8b-9f6c-e568da914d39": {
    "asset": 1705390846153,
    "meta": 1705390929211,
    "relativePath": "Script\\Data"
  },
  "77e98da0-07c9-4c34-81e2-fb779629ab08": {
    "asset": 1705410590175,
    "meta": 1705443508004,
    "relativePath": "Script\\Controller"
  },
  "3f19cb59-150e-47b7-bab1-89443411feaf": {
    "asset": 1705390846161,
    "meta": 1705390929212,
    "relativePath": "Script\\Plugin"
  },
  "53e20d24-add7-4b40-bba6-bd238bdd5a51": {
    "asset": 1705551985197,
    "meta": 1705558677578,
    "relativePath": "Animation"
  },
  "3a8b88e1-eaf8-4827-8bf3-dc6dd7b84fe4": {
    "asset": 1705563756118,
    "meta": 1705628155642,
    "relativePath": "Sound"
  },
  "e5467b50-7e47-49eb-adea-718c8d70581c": {
    "asset": 1705391435605,
    "meta": 1705393259303,
    "relativePath": "Spine"
  },
  "5731a6a8-0567-4f8e-8d75-33a14eacba6d": {
    "asset": 1705567514964,
    "meta": 1705628155643,
    "relativePath": "Sprites"
  },
  "ab8b790c-0009-4e09-b35a-2a83e6414a65": {
    "asset": 1705550833473,
    "meta": 1705558677579,
    "relativePath": "Particle"
  },
  "d26504ae-f083-4e02-8cba-4322d611a3bd": {
    "asset": 1704856900832,
    "meta": 1704856920956,
    "relativePath": "Particle\\Blink.png"
  },
  "ba23df47-4fad-42a2-8f01-be04615cdb0e": {
    "asset": 1704856903815,
    "meta": 1704856920962,
    "relativePath": "Particle\\Blink.plist"
  },
  "d5db9412-0470-475f-a06a-7370a797f0c6": {
    "asset": 1704835998000,
    "meta": 1704861216209,
    "relativePath": "Sprites\\hand.png"
  },
  "5f8593be-655f-4a24-a233-090d2c6853e7": {
    "asset": 1704861354298,
    "meta": 1704861375659,
    "relativePath": "Sound\\sfx_complete.mp3"
  },
  "03f2c7ae-a6f0-447d-af69-bad987db5e53": {
    "asset": 1705391132230,
    "meta": 1705391136238,
    "relativePath": "Script\\Data\\Ultils.ts"
  },
  "7e77046c-3cfb-4d7b-9dcd-41e6ee30291e": {
    "asset": 1681184420000,
    "meta": 1705391390246,
    "relativePath": "Sprites\\Rope_2.png"
  },
  "add1e5aa-e23a-4d8e-a10f-cf4fd9fe1561": {
    "asset": 1680162225143,
    "meta": 1705391435618,
    "relativePath": "Spine\\cut.atlas.txt"
  },
  "1e309e50-d788-4a30-bda5-746aa2f29446": {
    "asset": 1680081612729,
    "meta": 1705391435619,
    "relativePath": "Spine\\Rope02.atlas.txt"
  },
  "29fef668-9519-4295-8d38-4bc6503effa9": {
    "asset": 1680081612728,
    "meta": 1705391435646,
    "relativePath": "Spine\\Rope02.png"
  },
  "11d15f0f-b817-4675-8eb5-5c37ee407354": {
    "asset": 1680162225142,
    "meta": 1705391435657,
    "relativePath": "Spine\\cut.png"
  },
  "bb8d1aea-5d10-41fe-9917-4713ec4f365f": {
    "asset": 1680162224883,
    "meta": 1705391435663,
    "relativePath": "Spine\\cut.json"
  },
  "dd27671a-b27e-4cd2-8845-da6ba9f4ac37": {
    "asset": 1680081612589,
    "meta": 1705391435664,
    "relativePath": "Spine\\Rope02.json"
  },
  "590a5312-bcdc-4d0c-9a69-1195e3df0637": {
    "asset": 1705431951650,
    "meta": 1705443508005,
    "relativePath": "Sprites\\ponmi"
  },
  "b8c4a46e-c2e6-4cb0-8d56-74a5c65c2db1": {
    "asset": 1705431913000,
    "meta": 1705431953295,
    "relativePath": "Sprites\\ponmi\\pomni3.png"
  },
  "16716a70-0a19-4647-8548-5010ba03cc9c": {
    "asset": 1705431913000,
    "meta": 1705431953296,
    "relativePath": "Sprites\\bar.png"
  },
  "92663439-653e-42e4-a920-2fe45d9a64e1": {
    "asset": 1705431913000,
    "meta": 1705431953297,
    "relativePath": "Sprites\\button.png"
  },
  "01a0f75d-861f-4333-9034-9da140c06fa3": {
    "asset": 1705431913000,
    "meta": 1705431953298,
    "relativePath": "Sprites\\ponmi\\pmoni2.png"
  },
  "c6e57b2b-551a-41b3-af40-4d57de3a1671": {
    "asset": 1705431913000,
    "meta": 1705431953301,
    "relativePath": "Sprites\\ponmi\\Pomnitight.png"
  },
  "012d720d-a9c0-46a5-84fe-11f29e03d533": {
    "asset": 1705432695758,
    "meta": 1705432695764,
    "relativePath": "Animation\\Ponmi_Anim.anim"
  },
  "459a67e4-9871-47e5-9fb9-fb3d4ee79481": {
    "asset": 1705433301113,
    "meta": 1705433302264,
    "relativePath": "Script\\Controller\\GameController.ts"
  },
  "e4f49253-d605-4f50-b7b0-aae0ce040fc1": {
    "asset": 1681184420000,
    "meta": 1705434723977,
    "relativePath": "Sprites\\Rope_3.png"
  },
  "0ac781de-5f1d-4fb5-83bd-cf991b9f065a": {
    "asset": 1705545640088,
    "meta": 1705545640097,
    "relativePath": "Animation\\Rope_BackAnim.anim"
  },
  "c7bc5877-4dc2-4450-bcdc-c26b3741b362": {
    "asset": 1705437654792,
    "meta": 1705437659077,
    "relativePath": "Script\\Controller\\RopePart.js"
  },
  "c2b165bd-b384-4fc7-9aa7-fed64cb9e248": {
    "asset": 1705475919832,
    "meta": 1705475920725,
    "relativePath": "Script\\Controller\\RopeController.ts"
  },
  "9836134e-b892-4283-b6b2-78b5acf3ed45": {
    "asset": 1678068564944,
    "meta": 1705475990630,
    "relativePath": "effects"
  },
  "abc2cb62-7852-4525-a90d-d474487b88f2": {
    "asset": 1678068564928,
    "meta": 1705475990665,
    "relativePath": "effects\\builtin-phong.effect"
  },
  "e2f00085-c597-422d-9759-52c360279106": {
    "asset": 1678068564943,
    "meta": 1705475990702,
    "relativePath": "effects\\builtin-toon.effect"
  },
  "430eccbf-bf2c-4e6e-8c0c-884bbb487f32": {
    "asset": 1678068564944,
    "meta": 1705475990715,
    "relativePath": "effects\\__builtin-editor-gizmo-line.effect"
  },
  "6c5cf6e1-b044-4eac-9431-835644d57381": {
    "asset": 1678068564944,
    "meta": 1705475990721,
    "relativePath": "effects\\__builtin-editor-gizmo-unlit.effect"
  },
  "115286d1-2e10-49ee-aab4-341583f607e8": {
    "asset": 1678068564944,
    "meta": 1705475990736,
    "relativePath": "effects\\__builtin-editor-gizmo.effect"
  },
  "f8e6b000-5643-4b86-9080-aa680ce1f599": {
    "asset": 1678068564978,
    "meta": 1705475990737,
    "relativePath": "image"
  },
  "b43ff3c2-02bb-4874-81f7-f2dea6970f18": {
    "asset": 1678068564944,
    "meta": 1705475990754,
    "relativePath": "image\\default_btn_pressed.png"
  },
  "71561142-4c83-4933-afca-cb7a17f67053": {
    "asset": 1678068564944,
    "meta": 1705475990756,
    "relativePath": "image\\default_btn_disabled.png"
  },
  "d81ec8ad-247c-4e62-aa3c-d35c4193c7af": {
    "asset": 1678068564961,
    "meta": 1705475990761,
    "relativePath": "image\\default_panel.png"
  },
  "600301aa-3357-4a10-b086-84f011fa32ba": {
    "asset": 1678068564944,
    "meta": 1705475990763,
    "relativePath": "image\\default-particle.png"
  },
  "e851e89b-faa2-4484-bea6-5c01dd9f06e2": {
    "asset": 1678068564944,
    "meta": 1705475990766,
    "relativePath": "image\\default_btn_normal.png"
  },
  "edd215b9-2796-4a05-aaf5-81f96c9281ce": {
    "asset": 1678068564961,
    "meta": 1705475990776,
    "relativePath": "image\\default_editbox_bg.png"
  },
  "cfef78f1-c8df-49b7-8ed0-4c953ace2621": {
    "asset": 1678068564961,
    "meta": 1705475990778,
    "relativePath": "image\\default_progressbar.png"
  },
  "99170b0b-d210-46f1-b213-7d9e3f23098a": {
    "asset": 1678068564961,
    "meta": 1705475990779,
    "relativePath": "image\\default_progressbar_bg.png"
  },
  "567dcd80-8bf4-4535-8a5a-313f1caf078a": {
    "asset": 1678068564961,
    "meta": 1705475990783,
    "relativePath": "image\\default_radio_button_off.png"
  },
  "9d60001f-b5f4-4726-a629-2659e3ded0b8": {
    "asset": 1678068564961,
    "meta": 1705475990785,
    "relativePath": "image\\default_radio_button_on.png"
  },
  "0291c134-b3da-4098-b7b5-e397edbe947f": {
    "asset": 1678068564961,
    "meta": 1705475990799,
    "relativePath": "image\\default_scrollbar.png"
  },
  "4bab67cb-18e6-4099-b840-355f0473f890": {
    "asset": 1678068564961,
    "meta": 1705475990812,
    "relativePath": "image\\default_scrollbar_bg.png"
  },
  "d6d3ca85-4681-47c1-b5dd-d036a9d39ea2": {
    "asset": 1678068564977,
    "meta": 1705475990814,
    "relativePath": "image\\default_scrollbar_vertical.png"
  },
  "5c3eedba-6c41-4c0c-9ba7-d91f813cbd1c": {
    "asset": 1678068564994,
    "meta": 1705475990817,
    "relativePath": "materials"
  },
  "617323dd-11f4-4dd3-8eec-0caf6b3b45b9": {
    "asset": 1678068564978,
    "meta": 1705475990815,
    "relativePath": "image\\default_scrollbar_vertical_bg.png"
  },
  "fc09f9bd-2cce-4605-b630-8145ef809ed6": {
    "asset": 1678068564994,
    "meta": 1705475990819,
    "relativePath": "misc"
  },
  "0275e94c-56a7-410f-bd1a-fc7483f7d14a": {
    "asset": 1678068564978,
    "meta": 1705475990816,
    "relativePath": "image\\default_sprite_splash.png"
  },
  "c4480a0a-6ac5-443f-8b40-361a14257fc8": {
    "asset": 1678068564994,
    "meta": 1705475991102,
    "relativePath": "materials\\builtin-phong.mtl"
  },
  "db019bf7-f71c-4111-98cf-918ea180cb48": {
    "asset": 1678068565011,
    "meta": 1705475990821,
    "relativePath": "model"
  },
  "e39e96e6-6f6e-413f-bcf1-ac7679bb648a": {
    "asset": 1678068565011,
    "meta": 1705475990822,
    "relativePath": "model\\prefab"
  },
  "6e056173-d285-473c-b206-40a7fff5386e": {
    "asset": 1678068564978,
    "meta": 1705475990818,
    "relativePath": "image\\default_sprite.png"
  },
  "c25b9d50-c8fc-4d27-beeb-6e7c1f2e5c0f": {
    "asset": 1678068564978,
    "meta": 1705475990835,
    "relativePath": "image\\default_toggle_disabled.png"
  },
  "d29077ba-1627-4a72-9579-7b56a235340c": {
    "asset": 1678068564978,
    "meta": 1705475990836,
    "relativePath": "image\\default_toggle_normal.png"
  },
  "a87cc147-01b2-43f8-8e42-a7ca90b0c757": {
    "asset": 1678068564994,
    "meta": 1705475990841,
    "relativePath": "model\\prefab\\box.prefab"
  },
  "2be36297-9abb-4fee-8049-9ed5e271da8a": {
    "asset": 1678068564994,
    "meta": 1705475990842,
    "relativePath": "misc\\default_video.mp4"
  },
  "b181c1e4-0a72-4a91-bfb0-ae6f36ca60bd": {
    "asset": 1678068564978,
    "meta": 1705475990837,
    "relativePath": "image\\default_toggle_pressed.png"
  },
  "fe1417b6-fe6b-46a4-ae7c-9fd331f33a2a": {
    "asset": 1678068564994,
    "meta": 1705475990844,
    "relativePath": "model\\prefab\\capsule.prefab"
  },
  "b5fc2cf2-7942-483d-be1f-bbeadc4714ad": {
    "asset": 1678068564994,
    "meta": 1705475990846,
    "relativePath": "model\\prefab\\cone.prefab"
  },
  "73a0903d-d80e-4e3c-aa67-f999543c08f5": {
    "asset": 1678068564978,
    "meta": 1705475990839,
    "relativePath": "image\\default_toggle_checkmark.png"
  },
  "1c5e4038-953a-44c2-b620-0bbfc6170477": {
    "asset": 1678068565011,
    "meta": 1705475990847,
    "relativePath": "model\\prefab\\cylinder.prefab"
  },
  "f6e6dd15-71d1-4ffe-ace7-24fd39942c05": {
    "asset": 1678068565028,
    "meta": 1705475990848,
    "relativePath": "obsolete"
  },
  "3f376125-a699-40ca-ad05-04d662eaa1f2": {
    "asset": 1678068565011,
    "meta": 1705475990850,
    "relativePath": "model\\prefab\\plane.prefab"
  },
  "f743d2b6-b7ea-4c14-a55b-547ed4d0a045": {
    "asset": 1678068565028,
    "meta": 1705475990851,
    "relativePath": "particle"
  },
  "6c9ef10d-b479-420b-bfe6-39cdda6a8ae0": {
    "asset": 1678068565011,
    "meta": 1705475990852,
    "relativePath": "model\\prefab\\quad.prefab"
  },
  "ae6c6c98-11e4-452f-8758-75f5c6a56e83": {
    "asset": 1678068565102,
    "meta": 1705475990853,
    "relativePath": "prefab"
  },
  "2d9a4b85-b0ab-4c46-84c5-18f393ab2058": {
    "asset": 1678068565011,
    "meta": 1705475990855,
    "relativePath": "model\\prefab\\sphere.prefab"
  },
  "de510076-056b-484f-b94c-83bef217d0e1": {
    "asset": 1678068565011,
    "meta": 1705475990856,
    "relativePath": "model\\prefab\\torus.prefab"
  },
  "897ef7a1-4860-4f64-968d-f5924b18668a": {
    "asset": 1678068565028,
    "meta": 1705475990859,
    "relativePath": "prefab\\2d-camera.prefab"
  },
  "70d7cdb0-04cd-41bb-9480-c06a4785f386": {
    "asset": 1678068565044,
    "meta": 1705475990860,
    "relativePath": "prefab\\3d-camera.prefab"
  },
  "70bbeb73-6dc2-4ee4-8faf-76b3a0e34ec4": {
    "asset": 1678068565044,
    "meta": 1705475990862,
    "relativePath": "prefab\\3d-particle.prefab"
  },
  "ed88f13d-fcad-4848-aa35-65a2cb973584": {
    "asset": 1678068565044,
    "meta": 1705475990865,
    "relativePath": "prefab\\3d-stage.prefab"
  },
  "972b9a4d-47ee-4c74-b5c3-61d8a69bc29f": {
    "asset": 1678068565044,
    "meta": 1705475990867,
    "relativePath": "prefab\\button.prefab"
  },
  "2c937608-2562-40ea-b264-7395df6f0cea": {
    "asset": 1678068565044,
    "meta": 1705475990868,
    "relativePath": "prefab\\canvas.prefab"
  },
  "61aeb05b-3b32-452b-8eed-2b76deeed554": {
    "asset": 1678068565044,
    "meta": 1705475990871,
    "relativePath": "prefab\\editbox.prefab"
  },
  "a3ee0214-b432-4865-9666-4a3211814282": {
    "asset": 1678068565061,
    "meta": 1705475990872,
    "relativePath": "prefab\\light"
  },
  "785a442c-3ceb-45be-a46e-7317f625f3b9": {
    "asset": 1678068565044,
    "meta": 1705475990873,
    "relativePath": "prefab\\layout.prefab"
  },
  "27756ebb-3d33-44b0-9b96-e858fadd4dd4": {
    "asset": 1678068565044,
    "meta": 1705475990875,
    "relativePath": "prefab\\label.prefab"
  },
  "ca8401fe-ad6e-41a8-bd46-8e3e4e9945be": {
    "asset": 1678068565061,
    "meta": 1705475990879,
    "relativePath": "prefab\\pageview.prefab"
  },
  "cd33edea-55f5-46c2-958d-357a01384a36": {
    "asset": 1678068565061,
    "meta": 1705475990881,
    "relativePath": "prefab\\particlesystem.prefab"
  },
  "8a96b965-2dc0-4e03-aa90-3b79cb93b5b4": {
    "asset": 1678068565028,
    "meta": 1705475990877,
    "relativePath": "obsolete\\atom.png"
  },
  "5965ffac-69da-4b55-bcde-9225d0613c28": {
    "asset": 1678068565077,
    "meta": 1705475990882,
    "relativePath": "prefab\\progressBar.prefab"
  },
  "4a37dd57-78cd-4cec-aad4-f11a73d12b63": {
    "asset": 1678068565078,
    "meta": 1705475990884,
    "relativePath": "prefab\\richtext.prefab"
  },
  "32044bd2-481f-4cf1-a656-e2b2fb1594eb": {
    "asset": 1678068565078,
    "meta": 1705475990887,
    "relativePath": "prefab\\scrollview.prefab"
  },
  "0004d1cf-a0ad-47d8-ab17-34d3db9d35a3": {
    "asset": 1678068565078,
    "meta": 1705475990888,
    "relativePath": "prefab\\slider.prefab"
  },
  "d0a82d39-bede-46c4-b698-c81ff0dedfff": {
    "asset": 1678068565028,
    "meta": 1705475990885,
    "relativePath": "particle\\atom.png"
  },
  "96083d03-c332-4a3f-9386-d03e2d19e8ee": {
    "asset": 1678068565078,
    "meta": 1705475990890,
    "relativePath": "prefab\\sprite.prefab"
  },
  "1f55e3be-b89b-4b79-88de-47fd31018044": {
    "asset": 1678068565078,
    "meta": 1705475990892,
    "relativePath": "prefab\\sprite_splash.prefab"
  },
  "7de03a80-4457-438d-95a7-3e7cdffd6086": {
    "asset": 1678068565078,
    "meta": 1705475990894,
    "relativePath": "prefab\\tiledmap.prefab"
  },
  "0e42ba95-1fa1-46aa-b2cf-143cd1bcee2c": {
    "asset": 1678068565078,
    "meta": 1705475990895,
    "relativePath": "prefab\\tiledtile.prefab"
  },
  "bf0a434c-84dd-4a8e-a08a-7a36f180cc75": {
    "asset": 1678068565095,
    "meta": 1705475990897,
    "relativePath": "prefab\\toggleContainer.prefab"
  },
  "0d784963-d024-4ea6-a7db-03be0ad63010": {
    "asset": 1678068565093,
    "meta": 1705475990899,
    "relativePath": "prefab\\toggle.prefab"
  },
  "d1b8be49-b0a0-435c-83b7-552bed4bbe35": {
    "asset": 1678068565097,
    "meta": 1705475990901,
    "relativePath": "prefab\\toggleGroup.prefab"
  },
  "232d2782-c4bd-4bb4-9e01-909f03d6d3b9": {
    "asset": 1678068565099,
    "meta": 1705475990903,
    "relativePath": "prefab\\videoplayer.prefab"
  },
  "8c5001fd-07ee-4a4b-a8a0-63e15195e94d": {
    "asset": 1678068565101,
    "meta": 1705475990904,
    "relativePath": "prefab\\webview.prefab"
  },
  "d8afc78c-4eac-4a9f-83dd-67bc70344d33": {
    "asset": 1678068565111,
    "meta": 1705475990906,
    "relativePath": "resources"
  },
  "ddb99b39-7004-47cd-9705-751905c43c46": {
    "asset": 1678068565061,
    "meta": 1705475990907,
    "relativePath": "prefab\\light\\directional.prefab"
  },
  "294c1663-4adf-4a1e-a795-53808011a38a": {
    "asset": 1678068565111,
    "meta": 1705475990908,
    "relativePath": "resources\\effects"
  },
  "61906da3-7003-4bda-9abc-5769c76faee4": {
    "asset": 1678068565061,
    "meta": 1705475990909,
    "relativePath": "prefab\\light\\ambient.prefab"
  },
  "bbee2217-c261-49bd-a8ce-708d6bcc3500": {
    "asset": 1678068565145,
    "meta": 1705475990910,
    "relativePath": "resources\\materials"
  },
  "30682f87-9f0d-4f17-8a44-72863791461b": {
    "asset": 1678068565106,
    "meta": 1705475990922,
    "relativePath": "resources\\effects\\builtin-2d-graphics.effect"
  },
  "144c3297-af63-49e8-b8ef-1cfa29b3be28": {
    "asset": 1678068565107,
    "meta": 1705475990931,
    "relativePath": "resources\\effects\\builtin-2d-gray-sprite.effect"
  },
  "f18742d7-56d2-4eb5-ae49-2d9d710b37c8": {
    "asset": 1678068565110,
    "meta": 1705475990940,
    "relativePath": "resources\\effects\\builtin-2d-label.effect"
  },
  "0cf30284-9073-46bc-9eba-e62b69dbbff3": {
    "asset": 1678068565061,
    "meta": 1705475990942,
    "relativePath": "prefab\\light\\point.prefab"
  },
  "0e93aeaa-0b53-4e40-b8e0-6268b4e07bd7": {
    "asset": 1678068565111,
    "meta": 1705475990952,
    "relativePath": "resources\\effects\\builtin-2d-spine.effect"
  },
  "f5331fd2-bf42-4ee3-a3fd-3e1657600eff": {
    "asset": 1678068565061,
    "meta": 1705475990953,
    "relativePath": "prefab\\light\\spot.prefab"
  },
  "2874f8dd-416c-4440-81b7-555975426e93": {
    "asset": 1678068565111,
    "meta": 1705475990962,
    "relativePath": "resources\\effects\\builtin-2d-sprite.effect"
  },
  "829a282c-b049-4019-bd38-5ace8d8a6417": {
    "asset": 1678068565111,
    "meta": 1705475991025,
    "relativePath": "resources\\effects\\builtin-3d-particle.effect"
  },
  "2a7c0036-e0b3-4fe1-8998-89a54b8a2bec": {
    "asset": 1678068565111,
    "meta": 1705475991041,
    "relativePath": "resources\\effects\\builtin-3d-trail.effect"
  },
  "b8223619-7e38-47c4-841f-9160c232495a": {
    "asset": 1678068565026,
    "meta": 1705475991127,
    "relativePath": "obsolete\\atom.plist"
  },
  "c0040c95-c57f-49cd-9cbc-12316b73d0d4": {
    "asset": 1678068565111,
    "meta": 1705475991047,
    "relativePath": "resources\\effects\\builtin-clear-stencil.effect"
  },
  "b2687ac4-099e-403c-a192-ff477686f4f5": {
    "asset": 1678068565028,
    "meta": 1705475991128,
    "relativePath": "particle\\atom.plist"
  },
  "6d91e591-4ce0-465c-809f-610ec95019c6": {
    "asset": 1678068565111,
    "meta": 1705475991063,
    "relativePath": "resources\\effects\\builtin-unlit.effect"
  },
  "6f801092-0c37-4f30-89ef-c8d960825b36": {
    "asset": 1678068565128,
    "meta": 1705475991129,
    "relativePath": "resources\\materials\\builtin-2d-base.mtl"
  },
  "a153945d-2511-4c14-be7b-05d242f47d57": {
    "asset": 1678068565128,
    "meta": 1705475991130,
    "relativePath": "resources\\materials\\builtin-2d-graphics.mtl"
  },
  "7afd064b-113f-480e-b793-8817d19f63c3": {
    "asset": 1678068565128,
    "meta": 1705475991130,
    "relativePath": "resources\\materials\\builtin-2d-spine.mtl"
  },
  "3a7bb79f-32fd-422e-ada2-96f518fed422": {
    "asset": 1678068565128,
    "meta": 1705475991131,
    "relativePath": "resources\\materials\\builtin-2d-gray-sprite.mtl"
  },
  "e02d87d4-e599-4d16-8001-e14891ac6506": {
    "asset": 1678068565128,
    "meta": 1705475991132,
    "relativePath": "resources\\materials\\builtin-2d-label.mtl"
  },
  "eca5d2f2-8ef6-41c2-bbe6-f9c79d09c432": {
    "asset": 1678068565128,
    "meta": 1705475991132,
    "relativePath": "resources\\materials\\builtin-2d-sprite.mtl"
  },
  "466d4f9b-e5f4-4ea8-85d5-3c6e9a65658a": {
    "asset": 1678068565128,
    "meta": 1705475991133,
    "relativePath": "resources\\materials\\builtin-3d-trail.mtl"
  },
  "432fa09c-cf03-4cff-a186-982604408a07": {
    "asset": 1678068565128,
    "meta": 1705475991134,
    "relativePath": "resources\\materials\\builtin-3d-particle.mtl"
  },
  "2a296057-247c-4a1c-bbeb-0548b6c98650": {
    "asset": 1678068565145,
    "meta": 1705475991135,
    "relativePath": "resources\\materials\\builtin-unlit.mtl"
  },
  "cf7e0bb8-a81c-44a9-ad79-d28d43991032": {
    "asset": 1678068565145,
    "meta": 1705475991136,
    "relativePath": "resources\\materials\\builtin-clear-stencil.mtl"
  },
  "954fec8b-cd16-4bb9-a3b7-7719660e7558": {
    "asset": 1678068565011,
    "meta": 1705475991144,
    "relativePath": "model\\primitives.fbx"
  },
  "001bae4d-f4ab-462d-bc2a-ec9fb9ae66e4": {
    "asset": 1705550461825,
    "meta": 1705558677582,
    "relativePath": "Sprites\\New folder"
  },
  "8a635477-9f1e-464a-9ba2-7f567dd4236d": {
    "asset": 1705478851150,
    "meta": 1705478864554,
    "relativePath": "Sprites\\New folder\\thanhbar.png"
  },
  "038ac777-5adc-4a8b-91e8-f87c71717f56": {
    "asset": 1705479516984,
    "meta": 1705479516997,
    "relativePath": "Sprites\\rope"
  },
  "834368c9-3f42-49c5-93eb-43b55f3305ea": {
    "asset": 1705456417141,
    "meta": 1705479517011,
    "relativePath": "Sprites\\rope\\Rope_blue_1.png"
  },
  "fe5c5b53-0254-4cae-951f-6103d803fc10": {
    "asset": 1705456416993,
    "meta": 1705479517012,
    "relativePath": "Sprites\\rope\\Rope_blue_3.png"
  },
  "f727eaf3-9f85-4fd9-8eb7-12fdb755325a": {
    "asset": 1705456417052,
    "meta": 1705479517013,
    "relativePath": "Sprites\\rope\\Rope_blue__2.png"
  },
  "11beb093-f3a4-415b-a125-40c639826aa2": {
    "asset": 1705480958618,
    "meta": 1705480961836,
    "relativePath": "Sprites\\New folder\\Rope_1.png"
  },
  "ca9df8a0-1d30-4b40-958c-f0e8d904ca03": {
    "asset": 1700062122000,
    "meta": 1705482533134,
    "relativePath": "Sound\\rope_2.mp3"
  },
  "1bbfdc96-f749-469d-99f0-bb815ac77026": {
    "asset": 1700062122000,
    "meta": 1705482533137,
    "relativePath": "Sound\\rope_1.mp3"
  },
  "5042bd21-f4cc-4e44-9d2d-3201a3791a21": {
    "asset": 1700107216352,
    "meta": 1705482533139,
    "relativePath": "Sound\\bgSound.mp3"
  },
  "b28b2027-5d46-4889-b5b6-50c156872e2d": {
    "asset": 1705480958618,
    "meta": 1705543715703,
    "relativePath": "Sprites\\Rope_1.png"
  },
  "f069b2b8-f64c-41fd-921a-58507dc353b2": {
    "asset": 1705489694000,
    "meta": 1705543815632,
    "relativePath": "Sprites\\Bg_pomni.png"
  },
  "5f285220-53a6-4674-8dde-f213295abc5f": {
    "asset": 1705543974835,
    "meta": 1705543986389,
    "relativePath": "Sprites\\New folder\\butoon.png"
  },
  "c80600aa-88f8-45d8-857c-b2ad4e17e87d": {
    "asset": 1681088918000,
    "meta": 1705549555038,
    "relativePath": "Sprites\\hand2.png"
  },
  "87fa91ee-2913-468c-9cbd-6f320847319f": {
    "asset": 1705549688126,
    "meta": 1705549688142,
    "relativePath": "Animation\\Hand_Anim.anim"
  },
  "3f932d0d-7feb-464a-b139-44afc9823033": {
    "asset": 1700080240000,
    "meta": 1705550414257,
    "relativePath": "Sprites\\logo.png"
  },
  "e7d0c55f-0e3d-4be4-b246-cdb5b5a4c419": {
    "asset": 1700062122000,
    "meta": 1705550414258,
    "relativePath": "Sprites\\icon.png"
  },
  "ec1cace2-ba78-40dc-8db7-74b6c2e609c0": {
    "asset": 1705550461822,
    "meta": 1705550461842,
    "relativePath": "Sprites\\New folder\\blue"
  },
  "89f23e39-ec93-407a-8cd3-a85879f49c9c": {
    "asset": 1705550461825,
    "meta": 1705550461846,
    "relativePath": "Sprites\\New folder\\green"
  },
  "f972f6c5-8ad7-4b9a-aa99-cf593223c92c": {
    "asset": 1705550459063,
    "meta": 1705550461875,
    "relativePath": "Sprites\\New folder\\New folder"
  },
  "824edaa4-ac4f-43b5-b9be-45d1df84c3c2": {
    "asset": 1705489966000,
    "meta": 1705550461875,
    "relativePath": "Sprites\\New folder\\blue\\Rope_3.png"
  },
  "9e5c442e-0162-489d-a56c-1e1820b7f547": {
    "asset": 1705489916000,
    "meta": 1705550461877,
    "relativePath": "Sprites\\New folder\\green\\Rope_3.png"
  },
  "1c7b00c7-eb4e-4104-96e4-6865a787d243": {
    "asset": 1705489966000,
    "meta": 1705550461878,
    "relativePath": "Sprites\\New folder\\blue\\Rope_1.png"
  },
  "90b3a7d3-31a9-464f-8c3a-7cc605e4235f": {
    "asset": 1705489966000,
    "meta": 1705550461879,
    "relativePath": "Sprites\\New folder\\blue\\Rope_2.png"
  },
  "a3ec3325-3a74-415c-8136-d2fb25ee4c30": {
    "asset": 1705489916000,
    "meta": 1705550461884,
    "relativePath": "Sprites\\New folder\\green\\Rope_2.png"
  },
  "9fa3c918-4607-4b85-8614-0733d2eb25a2": {
    "asset": 1705489916000,
    "meta": 1705550461886,
    "relativePath": "Sprites\\New folder\\green\\Rope_1.png"
  },
  "e545ccb7-6e99-4b8b-8130-381a4ea6c371": {
    "asset": 1705550852551,
    "meta": 1705558677581,
    "relativePath": "Particle\\New folder"
  },
  "c02aa853-7a41-4978-8bec-cf8e8c3b6051": {
    "asset": 1705550787914,
    "meta": 1705550833520,
    "relativePath": "Particle\\New folder\\Blink.png"
  },
  "06d87546-c4cb-4da2-a47e-4f505ac3894f": {
    "asset": 1705550797141,
    "meta": 1705550833527,
    "relativePath": "Particle\\New folder\\Blink.plist"
  },
  "fbacdb48-d14b-40be-8471-0b52b1d2b425": {
    "asset": 1705250900000,
    "meta": 1705550852579,
    "relativePath": "Particle\\New folder\\star_trail.png"
  },
  "4d44a31b-653c-4eea-8378-c4dfad32e9d6": {
    "asset": 1705250900000,
    "meta": 1705550852580,
    "relativePath": "Particle\\New folder\\heart_trail.png"
  },
  "931aa134-122b-4977-9891-349fd0e8dbff": {
    "asset": 1704883642562,
    "meta": 1705551493519,
    "relativePath": "Sprites\\text.png"
  },
  "939cac7a-e989-4d36-9f74-b81488d1c8bd": {
    "asset": 1701936640439,
    "meta": 1705551493521,
    "relativePath": "Sprites\\NEWBIE.png"
  },
  "4d9edc80-2d1f-478e-a22e-11016e275acc": {
    "asset": 1705552159540,
    "meta": 1705552159557,
    "relativePath": "Animation\\CTA_Anim.anim"
  },
  "786bd11b-34e0-46e5-adfb-b97bce229561": {
    "asset": 1679903926000,
    "meta": 1705563756667,
    "relativePath": "Sound\\win.mp3"
  },
  "db2182bd-3e4f-4082-9064-197c574e331a": {
    "asset": 1680505185021,
    "meta": 1705563756669,
    "relativePath": "Sound\\rope_break.mp3"
  },
  "4c7cff6b-0d22-4bdf-a709-b73d655337bf": {
    "asset": 1705563953266,
    "meta": 1705564027293,
    "relativePath": "Script\\Plugin\\AudioManager.ts"
  },
  "eaccbffa-f456-43bb-aac2-e18991fae016": {
    "asset": 1705564221390,
    "meta": 1705564222474,
    "relativePath": "Script\\Data\\constants.ts"
  },
  "a56ef061-0f4b-4a09-8bcc-b2e7b9686381": {
    "asset": 1705567455975,
    "meta": 1705567515001,
    "relativePath": "Sprites\\icon_square_512 (1).png"
  },
  "d3aba5b0-1108-408b-961f-e3017d559c4d": {
    "asset": 1705570757466,
    "meta": 1705570758612,
    "relativePath": "Script\\Plugin\\Responsive.ts"
  },
  "857115f6-9480-463c-83e3-6895c5498684": {
    "asset": 1705632913545,
    "meta": 1705632919081,
    "relativePath": "Script\\Controller\\TouchAreaController.ts"
  },
  "b1d34b2b-3f5e-4936-8c6d-cce0ad434a19": {
    "asset": 1705633086646,
    "meta": 1705633091927,
    "relativePath": "Script\\Controller\\GamePlay.ts"
  }
}