{
  "7912b3ea-6c8f-4bd8-a94e-f2026f5430a9": {
    "asset": 1707118911411,
    "meta": 1707183794449,
    "relativePath": "Image"
  },
  "58372836-208c-4746-9f46-6a53a5d0f039": {
    "asset": 1706839992832,
    "meta": 1706840053190,
    "relativePath": "Script"
  },
  "50c1cdc4-a7e1-4ad2-918b-fb3c6260046f": {
    "asset": 1707114640510,
    "meta": 1707183794451,
    "relativePath": "Spine"
  },
  "e74708e1-61a8-465a-80bf-7498c4703821": {
    "asset": 1706482264000,
    "meta": 1706491695462,
    "relativePath": "Image\\text.png"
  },
  "d4c6211e-f050-41cc-8fc5-92ca824b9545": {
    "asset": 1706839992811,
    "meta": 1706840053189,
    "relativePath": "Scene"
  },
  "8266d0b8-68da-4aa6-ada1-48f3c7829820": {
    "asset": 1706839992282,
    "meta": 1706840053187,
    "relativePath": "Audio"
  },
  "b2e19544-0882-4f9b-aa22-f8c261c3d926": {
    "asset": 1706839992320,
    "meta": 1706840053191,
    "relativePath": "Audio\\DOP5_sound"
  },
  "96889ad0-91c5-46f1-97fa-8ac31b94183f": {
    "asset": 1706482264000,
    "meta": 1706491695938,
    "relativePath": "Audio\\DOP5_sound\\sfx_lose.mp3"
  },
  "abd591ff-370a-4698-b0a0-c68d1d716d67": {
    "asset": 1706482264000,
    "meta": 1706491695935,
    "relativePath": "Audio\\DOP5_sound\\sfx_click.mp3"
  },
  "d89d7741-ef5b-4510-a358-3204402d4a84": {
    "asset": 1706482264000,
    "meta": 1706491695940,
    "relativePath": "Audio\\DOP5_sound\\sfx_win.mp3"
  },
  "c83bdf1a-d946-48a3-b127-6d31f1e03466": {
    "asset": 1706482264000,
    "meta": 1706491695769,
    "relativePath": "Audio\\sfx_click.mp3"
  },
  "1215ec81-18f3-45a4-b203-d072c962aa58": {
    "asset": 1706482264000,
    "meta": 1706491695768,
    "relativePath": "Audio\\sfx_win.mp3"
  },
  "cad75dd6-3423-45fd-90ca-37d6212dc7b9": {
    "asset": 1706482264000,
    "meta": 1706491695932,
    "relativePath": "Audio\\DOP5_sound\\bg_main.mp3"
  },
  "0aa84747-de4b-4af8-a291-9ec0d8824a1e": {
    "asset": 1706482264000,
    "meta": 1706491695767,
    "relativePath": "Audio\\sfx_eraser.mp3"
  },
  "2d5cfeab-82f1-465f-a42b-b0977ac7d846": {
    "asset": 1706842923654,
    "meta": 1707096920345,
    "relativePath": "Animation"
  },
  "6e709e4b-9cec-458e-be14-1afae34e2696": {
    "asset": 1707186660862,
    "meta": 1707203557548,
    "relativePath": "Script\\Data"
  },
  "e15005f8-728a-4f69-bc13-f5cc1ad3d4a9": {
    "asset": 1706839992778,
    "meta": 1706840053189,
    "relativePath": "ParticleSystem"
  },
  "d609255d-0c52-47a6-9848-3e7339ab090c": {
    "asset": 1706482264000,
    "meta": 1706491695469,
    "relativePath": "ParticleSystem\\fireWorks.png"
  },
  "9507ff5e-a81b-4e1a-919c-b7db7e288b23": {
    "asset": 1706482264000,
    "meta": 1706491696009,
    "relativePath": "ParticleSystem\\fireWorks.plist"
  },
  "fb0d2837-46c9-44ca-97fe-2679dfc8e861": {
    "asset": 1706482264000,
    "meta": 1706491695873,
    "relativePath": "Audio\\Cheering.mp3"
  },
  "578a9053-b9ad-4057-9b8a-d8c7a9d31abf": {
    "asset": 1706482264000,
    "meta": 1706491695766,
    "relativePath": "Audio\\sfx_moveitem.mp3"
  },
  "12d57c88-c6f8-4f7c-a699-c22b4d2b16b1": {
    "asset": 1706482264000,
    "meta": 1706491695401,
    "relativePath": "Image\\hand.png"
  },
  "4456796c-afc1-4fd0-ac06-cd81dba6d14b": {
    "asset": 1707211931754,
    "meta": 1707269319686,
    "relativePath": "Script\\Controller"
  },
  "0c7e061a-5341-4275-9b82-6b2a1bf3e8c2": {
    "asset": 1707280278494,
    "meta": 1707280357545,
    "relativePath": "Script\\Plugin"
  },
  "e82439ed-dc47-4841-93e1-61450270fc4b": {
    "asset": 1706482264000,
    "meta": 1706491695492,
    "relativePath": "ParticleSystem\\texture_small.png"
  },
  "97fc1896-1d15-4250-b6e2-362df3f20510": {
    "asset": 1706482264000,
    "meta": 1706491695475,
    "relativePath": "ParticleSystem\\texture_blink.png"
  },
  "f4988d03-261f-4e10-b258-7eb1f5c50ce5": {
    "asset": 1706482264000,
    "meta": 1706491695487,
    "relativePath": "ParticleSystem\\texture_large.png"
  },
  "073f3202-b7b2-4115-a94e-e9f4c52dfc9d": {
    "asset": 1706482264000,
    "meta": 1706491696008,
    "relativePath": "ParticleSystem\\Poom.plist"
  },
  "c5b05587-40c2-43d7-9d4b-cf8e8e738a9e": {
    "asset": 1701936640439,
    "meta": 1706494388605,
    "relativePath": "Image\\NEWBIE.png"
  },
  "dc1d8559-1005-4e7a-b3a8-de0a99b33bbc": {
    "asset": 1706512594792,
    "meta": 1706512654772,
    "relativePath": "Spine\\fireWorks_2\\fire_work.atlas.txt"
  },
  "1cb2c37c-870e-4d25-9388-8b58b6015b10": {
    "asset": 1706512594791,
    "meta": 1706512654855,
    "relativePath": "Spine\\fireWorks_2\\fire_work_5.png"
  },
  "df189d89-d6fc-4174-b164-f2cc6888d3fb": {
    "asset": 1706512594410,
    "meta": 1706512654867,
    "relativePath": "Spine\\fireWorks_2\\fire_work_3.png"
  },
  "9d742640-cb48-4ae3-9b7b-e9d8c192fed6": {
    "asset": 1706512594624,
    "meta": 1706512654877,
    "relativePath": "Spine\\fireWorks_2\\fire_work_4.png"
  },
  "62d503d0-5906-4ad2-ad49-36da2bd7861a": {
    "asset": 1706512594208,
    "meta": 1706512654887,
    "relativePath": "Spine\\fireWorks_2\\fire_work_2.png"
  },
  "d876c552-2672-43a1-b536-eddf757b459f": {
    "asset": 1706512594017,
    "meta": 1706512654905,
    "relativePath": "Spine\\fireWorks_2\\fire_work.png"
  },
  "e75c4eec-1616-4f9c-a7bd-8c8de19324a5": {
    "asset": 1706512593494,
    "meta": 1706512654927,
    "relativePath": "Spine\\fireWorks_2\\fire_work.json"
  },
  "7a639768-8e19-41e8-8723-e6132efaa0b1": {
    "asset": 1706839993268,
    "meta": 1706840053198,
    "relativePath": "Spine\\fireworks"
  },
  "e64f25f6-6815-4499-8b66-ce6d6ac9831f": {
    "asset": 1706512895880,
    "meta": 1706513005355,
    "relativePath": "Spine\\fireworks\\fire_work.atlas.txt"
  },
  "30a8cd8c-4ded-40c0-8f8b-d9d6102a4d3c": {
    "asset": 1706512895880,
    "meta": 1706513005374,
    "relativePath": "Spine\\fireworks\\fire_work.png"
  },
  "cb8815e5-683e-4399-9d14-2c1b297c8112": {
    "asset": 1706512895829,
    "meta": 1706513005381,
    "relativePath": "Spine\\fireworks\\fire_work.json"
  },
  "9985e16b-9200-44e0-998a-6148659b299a": {
    "asset": 1706516357855,
    "meta": 1706516376667,
    "relativePath": "ParticleSystem\\fire.png"
  },
  "92b7a69a-68db-41c9-9395-b07fa2b117cc": {
    "asset": 1706516356459,
    "meta": 1706516376673,
    "relativePath": "ParticleSystem\\fire.plist"
  },
  "d7368678-2c45-4d83-bc31-91330daa0ada": {
    "asset": 1706517201901,
    "meta": 1706517225927,
    "relativePath": "Audio\\fwSound.mp3"
  },
  "05e0990e-90a6-4c77-8b11-9aaeb9df49f4": {
    "asset": 1706769368107,
    "meta": 1706842031819,
    "relativePath": "Image\\cta.png"
  },
  "fb93ace6-2a54-4a95-8b29-372b83eaafeb": {
    "asset": 1706769368458,
    "meta": 1706842031824,
    "relativePath": "Image\\map1.png"
  },
  "d5c01554-48fe-46f2-9ef1-2443604f0c8e": {
    "asset": 1706842125394,
    "meta": 1706842141368,
    "relativePath": "Script\\Plugin\\Responsive.ts"
  },
  "2c514755-13c7-4916-9f8d-07d5fa302275": {
    "asset": 1706760614383,
    "meta": 1706842855642,
    "relativePath": "Spine\\Egg\\Customize.atlas.txt"
  },
  "27d8b02e-50b9-4a37-9a81-10278df55fbe": {
    "asset": 1706760613237,
    "meta": 1706842855671,
    "relativePath": "Spine\\Egg\\Customize3.png"
  },
  "414784f6-5c7f-4d39-97fe-81c9d67eeadf": {
    "asset": 1706760612794,
    "meta": 1706842855680,
    "relativePath": "Spine\\Egg\\Customize2.png"
  },
  "6d54bcd5-ec1e-4e78-b8d1-7fe7058a7557": {
    "asset": 1706760612309,
    "meta": 1706842855681,
    "relativePath": "Spine\\Egg\\Customize.png"
  },
  "62ea0a6d-a224-44f8-b07f-73f13baeb8c8": {
    "asset": 1706760614138,
    "meta": 1706842855682,
    "relativePath": "Spine\\Egg\\Customize5.png"
  },
  "2c059a21-5d1e-4b84-ac07-8e0851a76abc": {
    "asset": 1706760613684,
    "meta": 1706842855683,
    "relativePath": "Spine\\Egg\\Customize4.png"
  },
  "afdc0552-1771-4ccc-a1d0-d8cea44f3152": {
    "asset": 1706760614381,
    "meta": 1706842855698,
    "relativePath": "Spine\\Egg\\Customize6.png"
  },
  "022f6090-780a-4a6f-bd31-c6bfef251a8a": {
    "asset": 1706760608958,
    "meta": 1706842855722,
    "relativePath": "Spine\\Egg\\Customize.json"
  },
  "6174e5a4-5e42-4134-84f4-3c446241e556": {
    "asset": 1707097128232,
    "meta": 1707097129927,
    "relativePath": "Spine\\Bee"
  },
  "fe136b34-46c2-4dd5-9d0d-3f9e8ea3b8f8": {
    "asset": 1685609526279,
    "meta": 1707097129930,
    "relativePath": "Spine\\Bee\\Bee.atlas.txt"
  },
  "29e5d2a5-ac0f-4f18-b66c-d6f9b50241d0": {
    "asset": 1685609526279,
    "meta": 1707097129951,
    "relativePath": "Spine\\Bee\\Bee.png"
  },
  "2ed5250d-671a-4d22-bc0f-04e3a8350c9f": {
    "asset": 1685609526147,
    "meta": 1707097129956,
    "relativePath": "Spine\\Bee\\Bee.json"
  },
  "052a74b2-1d12-473a-aa97-f670f27a14cf": {
    "asset": 1707114618936,
    "meta": 1707183794454,
    "relativePath": "Spine\\Egg"
  },
  "091d1df3-2258-4443-9a41-5a380516c9f1": {
    "asset": 1707114640510,
    "meta": 1707183794456,
    "relativePath": "Spine\\fireWorks_2"
  },
  "cdfd05dc-03ec-49e8-a113-da50981cdd97": {
    "asset": 1702480562000,
    "meta": 1707115788841,
    "relativePath": "Image\\branch6_b.png"
  },
  "6e5af735-2211-41f0-a4c7-36ff3222fb73": {
    "asset": 1707126349718,
    "meta": 1707183794450,
    "relativePath": "Prefab"
  },
  "40e4723c-8446-4fe4-8242-011750f19564": {
    "asset": 1705250888000,
    "meta": 1707118911457,
    "relativePath": "Image\\Circle512.png"
  },
  "20ce9d74-27bb-44ba-8a73-61391404ffe7": {
    "asset": 1707204368344,
    "meta": 1707204368349,
    "relativePath": "Prefab\\Graphics.prefab"
  },
  "e32939d9-de28-4be2-935b-8c8fc1d8f719": {
    "asset": 1707128303194,
    "meta": 1707128304680,
    "relativePath": "Image\\map2.png"
  },
  "16fa28db-c2a4-4434-b8dd-b91b29f863ef": {
    "asset": 1707207392988,
    "meta": 1707207939717,
    "relativePath": "Script\\Plugin\\MyPhysicsCollider.js"
  },
  "d9305a15-1798-4f08-b7d4-49a00e2b8ca7": {
    "asset": 1707276042557,
    "meta": 1707276148975,
    "relativePath": "Script\\Controller\\TouchController.js"
  },
  "658d53f7-3140-4102-95c5-9306b3971e99": {
    "asset": 1707280100186,
    "meta": 1707280357685,
    "relativePath": "Script\\Data\\StateForJS.js"
  },
  "9836134e-b892-4283-b6b2-78b5acf3ed45": {
    "asset": 1678068564944,
    "meta": 1707292237751,
    "relativePath": "effects"
  },
  "abc2cb62-7852-4525-a90d-d474487b88f2": {
    "asset": 1678068564928,
    "meta": 1707292237794,
    "relativePath": "effects\\builtin-phong.effect"
  },
  "e2f00085-c597-422d-9759-52c360279106": {
    "asset": 1678068564943,
    "meta": 1707292237839,
    "relativePath": "effects\\builtin-toon.effect"
  },
  "430eccbf-bf2c-4e6e-8c0c-884bbb487f32": {
    "asset": 1678068564944,
    "meta": 1707292237849,
    "relativePath": "effects\\__builtin-editor-gizmo-line.effect"
  },
  "6c5cf6e1-b044-4eac-9431-835644d57381": {
    "asset": 1678068564944,
    "meta": 1707292237854,
    "relativePath": "effects\\__builtin-editor-gizmo-unlit.effect"
  },
  "115286d1-2e10-49ee-aab4-341583f607e8": {
    "asset": 1678068564944,
    "meta": 1707292237869,
    "relativePath": "effects\\__builtin-editor-gizmo.effect"
  },
  "f8e6b000-5643-4b86-9080-aa680ce1f599": {
    "asset": 1678068564978,
    "meta": 1707292237706,
    "relativePath": "image"
  },
  "d81ec8ad-247c-4e62-aa3c-d35c4193c7af": {
    "asset": 1678068564961,
    "meta": 1707292237741,
    "relativePath": "image\\default_panel.png"
  },
  "b43ff3c2-02bb-4874-81f7-f2dea6970f18": {
    "asset": 1678068564944,
    "meta": 1707292237743,
    "relativePath": "image\\default_btn_pressed.png"
  },
  "e851e89b-faa2-4484-bea6-5c01dd9f06e2": {
    "asset": 1678068564944,
    "meta": 1707292237745,
    "relativePath": "image\\default_btn_normal.png"
  },
  "600301aa-3357-4a10-b086-84f011fa32ba": {
    "asset": 1678068564944,
    "meta": 1707292237747,
    "relativePath": "image\\default-particle.png"
  },
  "71561142-4c83-4933-afca-cb7a17f67053": {
    "asset": 1678068564944,
    "meta": 1707292237749,
    "relativePath": "image\\default_btn_disabled.png"
  },
  "edd215b9-2796-4a05-aaf5-81f96c9281ce": {
    "asset": 1678068564961,
    "meta": 1707292237750,
    "relativePath": "image\\default_editbox_bg.png"
  },
  "99170b0b-d210-46f1-b213-7d9e3f23098a": {
    "asset": 1678068564961,
    "meta": 1707292237776,
    "relativePath": "image\\default_progressbar_bg.png"
  },
  "9d60001f-b5f4-4726-a629-2659e3ded0b8": {
    "asset": 1678068564961,
    "meta": 1707292237780,
    "relativePath": "image\\default_radio_button_on.png"
  },
  "cfef78f1-c8df-49b7-8ed0-4c953ace2621": {
    "asset": 1678068564961,
    "meta": 1707292237783,
    "relativePath": "image\\default_progressbar.png"
  },
  "0291c134-b3da-4098-b7b5-e397edbe947f": {
    "asset": 1678068564961,
    "meta": 1707292237785,
    "relativePath": "image\\default_scrollbar.png"
  },
  "567dcd80-8bf4-4535-8a5a-313f1caf078a": {
    "asset": 1678068564961,
    "meta": 1707292237786,
    "relativePath": "image\\default_radio_button_off.png"
  },
  "4bab67cb-18e6-4099-b840-355f0473f890": {
    "asset": 1678068564961,
    "meta": 1707292237788,
    "relativePath": "image\\default_scrollbar_bg.png"
  },
  "6e056173-d285-473c-b206-40a7fff5386e": {
    "asset": 1678068564978,
    "meta": 1707292237823,
    "relativePath": "image\\default_sprite.png"
  },
  "5c3eedba-6c41-4c0c-9ba7-d91f813cbd1c": {
    "asset": 1678068564994,
    "meta": 1707292237829,
    "relativePath": "materials"
  },
  "617323dd-11f4-4dd3-8eec-0caf6b3b45b9": {
    "asset": 1678068564978,
    "meta": 1707292237825,
    "relativePath": "image\\default_scrollbar_vertical_bg.png"
  },
  "fc09f9bd-2cce-4605-b630-8145ef809ed6": {
    "asset": 1678068564994,
    "meta": 1707292237833,
    "relativePath": "misc"
  },
  "d6d3ca85-4681-47c1-b5dd-d036a9d39ea2": {
    "asset": 1678068564977,
    "meta": 1707292237826,
    "relativePath": "image\\default_scrollbar_vertical.png"
  },
  "c4480a0a-6ac5-443f-8b40-361a14257fc8": {
    "asset": 1678068564994,
    "meta": 1707292238172,
    "relativePath": "materials\\builtin-phong.mtl"
  },
  "db019bf7-f71c-4111-98cf-918ea180cb48": {
    "asset": 1678068565011,
    "meta": 1707292237837,
    "relativePath": "model"
  },
  "e39e96e6-6f6e-413f-bcf1-ac7679bb648a": {
    "asset": 1678068565011,
    "meta": 1707292237838,
    "relativePath": "model\\prefab"
  },
  "0275e94c-56a7-410f-bd1a-fc7483f7d14a": {
    "asset": 1678068564978,
    "meta": 1707292237830,
    "relativePath": "image\\default_sprite_splash.png"
  },
  "2be36297-9abb-4fee-8049-9ed5e271da8a": {
    "asset": 1678068564994,
    "meta": 1707292237852,
    "relativePath": "misc\\default_video.mp4"
  },
  "a87cc147-01b2-43f8-8e42-a7ca90b0c757": {
    "asset": 1678068564994,
    "meta": 1707292237854,
    "relativePath": "model\\prefab\\box.prefab"
  },
  "c25b9d50-c8fc-4d27-beeb-6e7c1f2e5c0f": {
    "asset": 1678068564978,
    "meta": 1707292237850,
    "relativePath": "image\\default_toggle_disabled.png"
  },
  "fe1417b6-fe6b-46a4-ae7c-9fd331f33a2a": {
    "asset": 1678068564994,
    "meta": 1707292237857,
    "relativePath": "model\\prefab\\capsule.prefab"
  },
  "73a0903d-d80e-4e3c-aa67-f999543c08f5": {
    "asset": 1678068564978,
    "meta": 1707292237854,
    "relativePath": "image\\default_toggle_checkmark.png"
  },
  "b5fc2cf2-7942-483d-be1f-bbeadc4714ad": {
    "asset": 1678068564994,
    "meta": 1707292237862,
    "relativePath": "model\\prefab\\cone.prefab"
  },
  "1c5e4038-953a-44c2-b620-0bbfc6170477": {
    "asset": 1678068565011,
    "meta": 1707292237864,
    "relativePath": "model\\prefab\\cylinder.prefab"
  },
  "d29077ba-1627-4a72-9579-7b56a235340c": {
    "asset": 1678068564978,
    "meta": 1707292237858,
    "relativePath": "image\\default_toggle_normal.png"
  },
  "f6e6dd15-71d1-4ffe-ace7-24fd39942c05": {
    "asset": 1678068565028,
    "meta": 1707292237865,
    "relativePath": "obsolete"
  },
  "b181c1e4-0a72-4a91-bfb0-ae6f36ca60bd": {
    "asset": 1678068564978,
    "meta": 1707292237859,
    "relativePath": "image\\default_toggle_pressed.png"
  },
  "3f376125-a699-40ca-ad05-04d662eaa1f2": {
    "asset": 1678068565011,
    "meta": 1707292237867,
    "relativePath": "model\\prefab\\plane.prefab"
  },
  "f743d2b6-b7ea-4c14-a55b-547ed4d0a045": {
    "asset": 1678068565028,
    "meta": 1707292237868,
    "relativePath": "particle"
  },
  "6c9ef10d-b479-420b-bfe6-39cdda6a8ae0": {
    "asset": 1678068565011,
    "meta": 1707292237869,
    "relativePath": "model\\prefab\\quad.prefab"
  },
  "ae6c6c98-11e4-452f-8758-75f5c6a56e83": {
    "asset": 1678068565102,
    "meta": 1707292237870,
    "relativePath": "prefab"
  },
  "2d9a4b85-b0ab-4c46-84c5-18f393ab2058": {
    "asset": 1678068565011,
    "meta": 1707292237872,
    "relativePath": "model\\prefab\\sphere.prefab"
  },
  "de510076-056b-484f-b94c-83bef217d0e1": {
    "asset": 1678068565011,
    "meta": 1707292237873,
    "relativePath": "model\\prefab\\torus.prefab"
  },
  "897ef7a1-4860-4f64-968d-f5924b18668a": {
    "asset": 1678068565028,
    "meta": 1707292237876,
    "relativePath": "prefab\\2d-camera.prefab"
  },
  "70d7cdb0-04cd-41bb-9480-c06a4785f386": {
    "asset": 1678068565044,
    "meta": 1707292237880,
    "relativePath": "prefab\\3d-camera.prefab"
  },
  "70bbeb73-6dc2-4ee4-8faf-76b3a0e34ec4": {
    "asset": 1678068565044,
    "meta": 1707292237887,
    "relativePath": "prefab\\3d-particle.prefab"
  },
  "ed88f13d-fcad-4848-aa35-65a2cb973584": {
    "asset": 1678068565044,
    "meta": 1707292237891,
    "relativePath": "prefab\\3d-stage.prefab"
  },
  "2c937608-2562-40ea-b264-7395df6f0cea": {
    "asset": 1678068565044,
    "meta": 1707292237895,
    "relativePath": "prefab\\canvas.prefab"
  },
  "972b9a4d-47ee-4c74-b5c3-61d8a69bc29f": {
    "asset": 1678068565044,
    "meta": 1707292237900,
    "relativePath": "prefab\\button.prefab"
  },
  "61aeb05b-3b32-452b-8eed-2b76deeed554": {
    "asset": 1678068565044,
    "meta": 1707292237902,
    "relativePath": "prefab\\editbox.prefab"
  },
  "a3ee0214-b432-4865-9666-4a3211814282": {
    "asset": 1678068565061,
    "meta": 1707292237903,
    "relativePath": "prefab\\light"
  },
  "27756ebb-3d33-44b0-9b96-e858fadd4dd4": {
    "asset": 1678068565044,
    "meta": 1707292237904,
    "relativePath": "prefab\\label.prefab"
  },
  "785a442c-3ceb-45be-a46e-7317f625f3b9": {
    "asset": 1678068565044,
    "meta": 1707292237906,
    "relativePath": "prefab\\layout.prefab"
  },
  "d0a82d39-bede-46c4-b698-c81ff0dedfff": {
    "asset": 1678068565028,
    "meta": 1707292237908,
    "relativePath": "particle\\atom.png"
  },
  "ca8401fe-ad6e-41a8-bd46-8e3e4e9945be": {
    "asset": 1678068565061,
    "meta": 1707292237912,
    "relativePath": "prefab\\pageview.prefab"
  },
  "cd33edea-55f5-46c2-958d-357a01384a36": {
    "asset": 1678068565061,
    "meta": 1707292237914,
    "relativePath": "prefab\\particlesystem.prefab"
  },
  "8a96b965-2dc0-4e03-aa90-3b79cb93b5b4": {
    "asset": 1678068565028,
    "meta": 1707292237909,
    "relativePath": "obsolete\\atom.png"
  },
  "5965ffac-69da-4b55-bcde-9225d0613c28": {
    "asset": 1678068565077,
    "meta": 1707292237916,
    "relativePath": "prefab\\progressBar.prefab"
  },
  "4a37dd57-78cd-4cec-aad4-f11a73d12b63": {
    "asset": 1678068565078,
    "meta": 1707292237917,
    "relativePath": "prefab\\richtext.prefab"
  },
  "32044bd2-481f-4cf1-a656-e2b2fb1594eb": {
    "asset": 1678068565078,
    "meta": 1707292237919,
    "relativePath": "prefab\\scrollview.prefab"
  },
  "0004d1cf-a0ad-47d8-ab17-34d3db9d35a3": {
    "asset": 1678068565078,
    "meta": 1707292237922,
    "relativePath": "prefab\\slider.prefab"
  },
  "96083d03-c332-4a3f-9386-d03e2d19e8ee": {
    "asset": 1678068565078,
    "meta": 1707292237925,
    "relativePath": "prefab\\sprite.prefab"
  },
  "1f55e3be-b89b-4b79-88de-47fd31018044": {
    "asset": 1678068565078,
    "meta": 1707292237939,
    "relativePath": "prefab\\sprite_splash.prefab"
  },
  "7de03a80-4457-438d-95a7-3e7cdffd6086": {
    "asset": 1678068565078,
    "meta": 1707292237940,
    "relativePath": "prefab\\tiledmap.prefab"
  },
  "0e42ba95-1fa1-46aa-b2cf-143cd1bcee2c": {
    "asset": 1678068565078,
    "meta": 1707292237942,
    "relativePath": "prefab\\tiledtile.prefab"
  },
  "0d784963-d024-4ea6-a7db-03be0ad63010": {
    "asset": 1678068565093,
    "meta": 1707292237945,
    "relativePath": "prefab\\toggle.prefab"
  },
  "bf0a434c-84dd-4a8e-a08a-7a36f180cc75": {
    "asset": 1678068565095,
    "meta": 1707292237948,
    "relativePath": "prefab\\toggleContainer.prefab"
  },
  "d1b8be49-b0a0-435c-83b7-552bed4bbe35": {
    "asset": 1678068565097,
    "meta": 1707292237949,
    "relativePath": "prefab\\toggleGroup.prefab"
  },
  "232d2782-c4bd-4bb4-9e01-909f03d6d3b9": {
    "asset": 1678068565099,
    "meta": 1707292237951,
    "relativePath": "prefab\\videoplayer.prefab"
  },
  "8c5001fd-07ee-4a4b-a8a0-63e15195e94d": {
    "asset": 1678068565101,
    "meta": 1707292237952,
    "relativePath": "prefab\\webview.prefab"
  },
  "d8afc78c-4eac-4a9f-83dd-67bc70344d33": {
    "asset": 1678068565111,
    "meta": 1707292237953,
    "relativePath": "resources"
  },
  "294c1663-4adf-4a1e-a795-53808011a38a": {
    "asset": 1678068565111,
    "meta": 1707292237954,
    "relativePath": "resources\\effects"
  },
  "61906da3-7003-4bda-9abc-5769c76faee4": {
    "asset": 1678068565061,
    "meta": 1707292237956,
    "relativePath": "prefab\\light\\ambient.prefab"
  },
  "bbee2217-c261-49bd-a8ce-708d6bcc3500": {
    "asset": 1678068565145,
    "meta": 1707292237956,
    "relativePath": "resources\\materials"
  },
  "30682f87-9f0d-4f17-8a44-72863791461b": {
    "asset": 1678068565106,
    "meta": 1707292237969,
    "relativePath": "resources\\effects\\builtin-2d-graphics.effect"
  },
  "144c3297-af63-49e8-b8ef-1cfa29b3be28": {
    "asset": 1678068565107,
    "meta": 1707292237979,
    "relativePath": "resources\\effects\\builtin-2d-gray-sprite.effect"
  },
  "ddb99b39-7004-47cd-9705-751905c43c46": {
    "asset": 1678068565061,
    "meta": 1707292237981,
    "relativePath": "prefab\\light\\directional.prefab"
  },
  "f18742d7-56d2-4eb5-ae49-2d9d710b37c8": {
    "asset": 1678068565110,
    "meta": 1707292237990,
    "relativePath": "resources\\effects\\builtin-2d-label.effect"
  },
  "0cf30284-9073-46bc-9eba-e62b69dbbff3": {
    "asset": 1678068565061,
    "meta": 1707292237992,
    "relativePath": "prefab\\light\\point.prefab"
  },
  "0e93aeaa-0b53-4e40-b8e0-6268b4e07bd7": {
    "asset": 1678068565111,
    "meta": 1707292238003,
    "relativePath": "resources\\effects\\builtin-2d-spine.effect"
  },
  "b2687ac4-099e-403c-a192-ff477686f4f5": {
    "asset": 1678068565028,
    "meta": 1707292238205,
    "relativePath": "particle\\atom.plist"
  },
  "2874f8dd-416c-4440-81b7-555975426e93": {
    "asset": 1678068565111,
    "meta": 1707292238012,
    "relativePath": "resources\\effects\\builtin-2d-sprite.effect"
  },
  "b8223619-7e38-47c4-841f-9160c232495a": {
    "asset": 1678068565026,
    "meta": 1707292238206,
    "relativePath": "obsolete\\atom.plist"
  },
  "829a282c-b049-4019-bd38-5ace8d8a6417": {
    "asset": 1678068565111,
    "meta": 1707292238084,
    "relativePath": "resources\\effects\\builtin-3d-particle.effect"
  },
  "2a7c0036-e0b3-4fe1-8998-89a54b8a2bec": {
    "asset": 1678068565111,
    "meta": 1707292238101,
    "relativePath": "resources\\effects\\builtin-3d-trail.effect"
  },
  "c0040c95-c57f-49cd-9cbc-12316b73d0d4": {
    "asset": 1678068565111,
    "meta": 1707292238107,
    "relativePath": "resources\\effects\\builtin-clear-stencil.effect"
  },
  "f5331fd2-bf42-4ee3-a3fd-3e1657600eff": {
    "asset": 1678068565061,
    "meta": 1707292238112,
    "relativePath": "prefab\\light\\spot.prefab"
  },
  "6d91e591-4ce0-465c-809f-610ec95019c6": {
    "asset": 1678068565111,
    "meta": 1707292238124,
    "relativePath": "resources\\effects\\builtin-unlit.effect"
  },
  "a153945d-2511-4c14-be7b-05d242f47d57": {
    "asset": 1678068565128,
    "meta": 1707292238208,
    "relativePath": "resources\\materials\\builtin-2d-graphics.mtl"
  },
  "3a7bb79f-32fd-422e-ada2-96f518fed422": {
    "asset": 1678068565128,
    "meta": 1707292238209,
    "relativePath": "resources\\materials\\builtin-2d-gray-sprite.mtl"
  },
  "e02d87d4-e599-4d16-8001-e14891ac6506": {
    "asset": 1678068565128,
    "meta": 1707292238210,
    "relativePath": "resources\\materials\\builtin-2d-label.mtl"
  },
  "6f801092-0c37-4f30-89ef-c8d960825b36": {
    "asset": 1678068565128,
    "meta": 1707292238214,
    "relativePath": "resources\\materials\\builtin-2d-base.mtl"
  },
  "7afd064b-113f-480e-b793-8817d19f63c3": {
    "asset": 1678068565128,
    "meta": 1707292238215,
    "relativePath": "resources\\materials\\builtin-2d-spine.mtl"
  },
  "eca5d2f2-8ef6-41c2-bbe6-f9c79d09c432": {
    "asset": 1678068565128,
    "meta": 1707292238217,
    "relativePath": "resources\\materials\\builtin-2d-sprite.mtl"
  },
  "432fa09c-cf03-4cff-a186-982604408a07": {
    "asset": 1678068565128,
    "meta": 1707292238218,
    "relativePath": "resources\\materials\\builtin-3d-particle.mtl"
  },
  "466d4f9b-e5f4-4ea8-85d5-3c6e9a65658a": {
    "asset": 1678068565128,
    "meta": 1707292238219,
    "relativePath": "resources\\materials\\builtin-3d-trail.mtl"
  },
  "2a296057-247c-4a1c-bbeb-0548b6c98650": {
    "asset": 1678068565145,
    "meta": 1707292238220,
    "relativePath": "resources\\materials\\builtin-unlit.mtl"
  },
  "cf7e0bb8-a81c-44a9-ad79-d28d43991032": {
    "asset": 1678068565145,
    "meta": 1707292238221,
    "relativePath": "resources\\materials\\builtin-clear-stencil.mtl"
  },
  "954fec8b-cd16-4bb9-a3b7-7719660e7558": {
    "asset": 1678068565011,
    "meta": 1707292238233,
    "relativePath": "model\\primitives.fbx"
  },
  "d0e6eeaf-fdc6-45a9-845a-932d84fefb7e": {
    "asset": 1707298937921,
    "meta": 1707298940559,
    "relativePath": "Image\\ssadjghfjkashjfhasfa.png"
  },
  "dbb70360-cb83-4b99-9182-22bbb5ba61e8": {
    "asset": 1707302744413,
    "meta": 1707302744425,
    "relativePath": "Scene\\game.fire"
  },
  "0a708f10-1f37-411f-8f13-d87b0bd023c0": {
    "asset": 1707300924607,
    "meta": 1707300924654,
    "relativePath": "Audio\\Shao Egg"
  },
  "569ca142-7c7b-42ba-b423-17d0261cbef2": {
    "asset": 1705894040826,
    "meta": 1707300925151,
    "relativePath": "Audio\\Shao Egg\\Coin.mp3"
  },
  "071b4fc4-bec9-49d0-9095-6cb8c59169a5": {
    "asset": 1706093144911,
    "meta": 1707300925152,
    "relativePath": "Audio\\Shao Egg\\Ding.mp3"
  },
  "06d94370-dc0e-4013-a7e6-05de422658de": {
    "asset": 1706091967625,
    "meta": 1707300925154,
    "relativePath": "Audio\\Shao Egg\\Click.mp3"
  },
  "52b68bde-4bf2-4890-b6b0-e2db2871287e": {
    "asset": 1705894040825,
    "meta": 1707300925155,
    "relativePath": "Audio\\Shao Egg\\Bee.mp3"
  },
  "2b110222-89cd-4286-bd4d-cfddc9e0ec01": {
    "asset": 1707300904709,
    "meta": 1707300925157,
    "relativePath": "Audio\\Shao Egg\\BgSound.mp3"
  },
  "0f38d594-5be7-430b-acfc-4bb1dfb6e96a": {
    "asset": 1706091967626,
    "meta": 1707300925159,
    "relativePath": "Audio\\Shao Egg\\Dog.mp3"
  },
  "22c0636f-ad4c-4220-bb12-846fbc6969de": {
    "asset": 1706091967625,
    "meta": 1707300925160,
    "relativePath": "Audio\\Shao Egg\\BackgroundMusic.mp3"
  },
  "05446e9f-1f7e-400e-85ea-37abd566ddd7": {
    "asset": 1706093146395,
    "meta": 1707300925164,
    "relativePath": "Audio\\Shao Egg\\Draw.mp3"
  },
  "d209d171-22b7-45ae-8dd7-e9a3be03c4de": {
    "asset": 1705894040827,
    "meta": 1707300925164,
    "relativePath": "Audio\\Shao Egg\\Failed.mp3"
  },
  "44b0b574-d826-4a57-a8c0-deb3157c9f15": {
    "asset": 1705894040827,
    "meta": 1707300925165,
    "relativePath": "Audio\\Shao Egg\\Explosion.mp3"
  },
  "c82d1ce0-8cfd-43a1-b05c-196e417cacd5": {
    "asset": 1706091967626,
    "meta": 1707300925166,
    "relativePath": "Audio\\Shao Egg\\Star.mp3"
  },
  "24ab5f10-2023-4a2f-946e-d6384a427296": {
    "asset": 1706091967627,
    "meta": 1707300925168,
    "relativePath": "Audio\\Shao Egg\\Sting.mp3"
  },
  "fc307291-6ebb-464e-8369-75e36413155e": {
    "asset": 1706091967627,
    "meta": 1707300925169,
    "relativePath": "Audio\\Shao Egg\\Win.mp3"
  },
  "f19ec460-9431-46ee-a9e0-9cd00bc773d7": {
    "asset": 1697699314859,
    "meta": 1707300983152,
    "relativePath": "Image\\TRY AGAIN.png"
  },
  "7c4053f0-8f21-47c1-8710-f12a6fd08c1e": {
    "asset": 1707301200205,
    "meta": 1707301200218,
    "relativePath": "Animation\\CTA_Anim.anim"
  },
  "2b3a82ec-8fc0-499c-9d81-7ace7e70016d": {
    "asset": 1707301362366,
    "meta": 1707301362378,
    "relativePath": "Animation\\CTA_HandAnim.anim"
  },
  "4c3a1968-5068-4a65-94b5-3e3ed46ec069": {
    "asset": 1707301752380,
    "meta": 1707301787485,
    "relativePath": "Script\\Controller\\Bee.ts"
  },
  "d0b68c53-00d5-41b1-a201-8c023c623d4a": {
    "asset": 1707301785141,
    "meta": 1707301787496,
    "relativePath": "Script\\Data\\constants.ts"
  },
  "1609227f-ebef-4747-9c7c-7c949428a69d": {
    "asset": 1707301778502,
    "meta": 1707301787515,
    "relativePath": "Script\\Plugin\\AudioManager.ts"
  },
  "dc205a55-e8ff-4904-8eb9-f75aff52c571": {
    "asset": 1707276836000,
    "meta": 1707302054669,
    "relativePath": "Image\\beehive.png"
  },
  "4784868d-dbbc-4e8f-b7b7-f7ebaf9836b2": {
    "asset": 1707276836000,
    "meta": 1707302054671,
    "relativePath": "Image\\logo.png"
  },
  "8518ca44-46b9-417c-81cf-9e4afab1735b": {
    "asset": 1707276836000,
    "meta": 1707302054685,
    "relativePath": "Image\\Layer 0.png"
  },
  "80da3bbf-cd57-4c47-9cad-8bc61d541ae2": {
    "asset": 1707302407697,
    "meta": 1707302421277,
    "relativePath": "Script\\Controller\\PointController.ts"
  },
  "328ecb9a-bc63-44f9-8bc7-07d364ca69c8": {
    "asset": 1704634546000,
    "meta": 1707302474535,
    "relativePath": "Image\\line.png"
  },
  "dbeaef8f-54df-42a8-9339-e863ecee30f2": {
    "asset": 1707302655528,
    "meta": 1707302655541,
    "relativePath": "Animation\\Hint.anim"
  },
  "9a4b0587-c244-4e95-b2a6-0670c6d15d27": {
    "asset": 1707302669558,
    "meta": 1707302672264,
    "relativePath": "Script\\Controller\\NodesController.ts"
  },
  "9304465c-b552-4162-971f-55a3f720956b": {
    "asset": 1707302702339,
    "meta": 1707302732442,
    "relativePath": "Script\\Controller\\GraphicsContro.js"
  },
  "dfec36c1-1877-4763-84a1-1f14944e6f84": {
    "asset": 1707303155887,
    "meta": 1707303157766,
    "relativePath": "Script\\Controller\\GameController.ts"
  },
  "e496249f-4941-4e72-8a9c-d8eb73fb9890": {
    "asset": 1707303285990,
    "meta": 1707303295701,
    "relativePath": "Script\\Controller\\GamePlay.ts"
  }
}