{
  "__type__": "sp.SkeletonData",
  "_name": "Bee",
  "_objFlags": 0,
  "_native": "",
  "_skeletonJson": {
    "skeleton": {
      "hash": "jjQyt+gz8HE",
      "spine": "3.8-from-4.0.64",
      "x": -127.93,
      "y": 10.21,
      "width": 239.39,
      "height": 233.94,
      "images": "./images/",
      "audio": ""
    },
    "bones": [
      {
        "name": "root",
        "scaleX": 0.4,
        "scaleY": 0.4
      },
      {
        "name": "bee",
        "parent": "root"
      },
      {
        "name": "body",
        "parent": "bee",
        "length": 266.2,
        "rotation": 94.86,
        "x": -2.61,
        "y": 256.11
      },
      {
        "name": "body2",
        "parent": "body",
        "length": 316.77,
        "rotation": -133.86,
        "x": -4.34,
        "y": -10.07
      },
      {
        "name": "f_wing",
        "parent": "body",
        "length": 184.02,
        "rotation": 42.43,
        "x": 186.06,
        "y": 121.64
      },
      {
        "name": "b_wing",
        "parent": "body",
        "length": 196.13,
        "rotation": -49.86,
        "x": 158.64,
        "y": -98.73
      },
      {
        "name": "body3",
        "parent": "body",
        "length": 96.16,
        "rotation": 57.19,
        "x": 293.54,
        "y": -5.8
      },
      {
        "name": "body4",
        "parent": "body",
        "length": 75.35,
        "rotation": -71.83,
        "x": 299.94,
        "y": -53.32
      },
      {
        "name": "eye",
        "parent": "body",
        "x": 137.1,
        "y": -79.06
      },
      {
        "name": "eb",
        "parent": "body",
        "x": 233.69,
        "y": -71.45
      }
    ],
    "slots": [
      {
        "name": "f_wing",
        "bone": "f_wing",
        "attachment": "bee_f_wing"
      },
      {
        "name": "b_wing",
        "bone": "b_wing",
        "attachment": "bee_b_wing"
      },
      {
        "name": "body",
        "bone": "body",
        "attachment": "bee_body"
      },
      {
        "name": "eb",
        "bone": "eb",
        "attachment": "bee_eb"
      },
      {
        "name": "eye",
        "bone": "eye",
        "attachment": "bee_eye"
      }
    ],
    "skins": [
      {
        "name": "default",
        "attachments": {
          "body": {
            "bee_body": {
              "type": "mesh",
              "uvs": [
                0.28731,
                0,
                0.29367,
                0,
                0.32793,
                0.00617,
                0.33982,
                0.00121,
                0.35153,
                0.0011,
                0.36398,
                0.0061,
                0.37326,
                0.02332,
                0.37289,
                0.05792,
                0.39318,
                0.06379,
                0.42928,
                0.11096,
                0.44321,
                0.08051,
                0.45046,
                0.0426,
                0.46282,
                0.02651,
                0.47426,
                0.02191,
                0.48482,
                0.02235,
                0.51904,
                0.03735,
                0.53125,
                0.03021,
                0.54956,
                0.01128,
                0.56931,
                0.00304,
                0.5946,
                0.00361,
                0.62719,
                0.01872,
                0.64292,
                0.03221,
                0.65199,
                0.04221,
                0.66141,
                0.05775,
                0.6614,
                0.08424,
                0.64752,
                0.1001,
                0.62216,
                0.11055,
                0.46039,
                0.07729,
                0.63261,
                0.16172,
                0.70656,
                0.22234,
                0.71589,
                0.24677,
                0.71938,
                0.28678,
                0.7331,
                0.32448,
                0.73616,
                0.33197,
                0.75351,
                0.36137,
                0.78313,
                0.401,
                0.79014,
                0.40827,
                0.83471,
                0.44604,
                0.86506,
                0.48215,
                0.88741,
                0.51585,
                0.91038,
                0.55761,
                0.92712,
                0.60866,
                0.93558,
                0.64965,
                0.93563,
                0.70483,
                0.92771,
                0.74984,
                0.91107,
                0.79094,
                0.88226,
                0.8392,
                0.88471,
                0.85047,
                0.99795,
                0.9846,
                0.99896,
                0.99157,
                0.79767,
                0.91431,
                0.7798,
                0.92685,
                0.7396,
                0.94897,
                0.67717,
                0.97536,
                0.61609,
                0.99105,
                0.54516,
                0.99973,
                0.48493,
                0.99917,
                0.42148,
                0.99168,
                0.37572,
                0.98138,
                0.3271,
                0.96694,
                0.24649,
                0.93296,
                0.17456,
                0.88712,
                0.1331,
                0.85137,
                0.09686,
                0.81387,
                0.06729,
                0.77511,
                0.04375,
                0.73674,
                0.02089,
                0.67961,
                0.00647,
                0.61993,
                0.00195,
                0.58959,
                0.00183,
                0.49302,
                0.01079,
                0.44451,
                0.01897,
                0.4127,
                0.03247,
                0.37402,
                0.04765,
                0.3413,
                0.07158,
                0.30079,
                0.09929,
                0.26236,
                0.13726,
                0.22279,
                0.17563,
                0.19179,
                0.21869,
                0.16334,
                0.27444,
                0.13851,
                0.34291,
                0.11581,
                0.24369,
                0.10741,
                0.22493,
                0.08176,
                0.22106,
                0.07281,
                0.21898,
                0.05848,
                0.22223,
                0.04189,
                0.23176,
                0.02544,
                0.24725,
                0.0126,
                0.26028,
                0.00606
              ],
              "triangles": [
                14,
                27,
                11,
                12,
                13,
                14,
                14,
                11,
                12,
                15,
                27,
                14,
                27,
                10,
                11,
                22,
                23,
                26,
                22,
                26,
                21,
                24,
                25,
                23,
                19,
                17,
                18,
                26,
                20,
                21,
                23,
                25,
                26,
                19,
                20,
                17,
                20,
                16,
                17,
                26,
                16,
                20,
                15,
                16,
                26,
                27,
                15,
                26,
                9,
                10,
                27,
                41,
                43,
                45,
                43,
                41,
                42,
                40,
                41,
                39,
                44,
                45,
                43,
                38,
                39,
                51,
                39,
                41,
                50,
                45,
                46,
                41,
                36,
                38,
                51,
                38,
                36,
                37,
                41,
                46,
                50,
                50,
                46,
                47,
                35,
                36,
                60,
                51,
                39,
                50,
                60,
                36,
                59,
                51,
                52,
                36,
                59,
                36,
                58,
                52,
                53,
                36,
                58,
                36,
                57,
                50,
                47,
                48,
                53,
                54,
                36,
                50,
                48,
                49,
                36,
                56,
                57,
                36,
                55,
                56,
                54,
                55,
                36,
                68,
                69,
                70,
                67,
                68,
                70,
                71,
                73,
                70,
                70,
                73,
                67,
                73,
                66,
                67,
                73,
                71,
                72,
                64,
                65,
                66,
                73,
                63,
                66,
                63,
                64,
                66,
                74,
                62,
                73,
                62,
                63,
                73,
                28,
                9,
                27,
                79,
                80,
                9,
                9,
                29,
                79,
                75,
                34,
                74,
                74,
                34,
                62,
                79,
                77,
                78,
                28,
                29,
                9,
                79,
                30,
                77,
                30,
                76,
                77,
                75,
                33,
                34,
                79,
                29,
                30,
                31,
                76,
                30,
                32,
                76,
                31,
                33,
                76,
                32,
                33,
                75,
                76,
                35,
                62,
                34,
                60,
                61,
                35,
                35,
                61,
                62,
                5,
                6,
                4,
                82,
                83,
                84,
                87,
                82,
                85,
                82,
                84,
                85,
                86,
                87,
                85,
                1,
                81,
                82,
                88,
                0,
                1,
                88,
                82,
                87,
                82,
                88,
                1,
                2,
                81,
                1,
                2,
                3,
                7,
                4,
                6,
                3,
                6,
                7,
                3,
                7,
                81,
                2,
                80,
                81,
                7,
                80,
                7,
                8,
                80,
                8,
                9
              ],
              "vertices": [
                1,
                6,
                75.23,
                -29.46,
                1,
                1,
                6,
                72.45,
                -30.94,
                1,
                1,
                6,
                55.75,
                -35.71,
                1,
                1,
                6,
                51.9,
                -41.04,
                1,
                1,
                6,
                46.79,
                -43.82,
                1,
                1,
                6,
                39.97,
                -44.13,
                1,
                1,
                6,
                31.18,
                -37.39,
                1,
                1,
                6,
                21.86,
                -19.42,
                1,
                1,
                6,
                11.36,
                -21.11,
                1,
                4,
                6,
                -17.39,
                -5.12,
                0.48937,
                2,
                288.42,
                -23.2,
                0.36576,
                3,
                -193.38,
                220.18,
                0.00038,
                7,
                -32.22,
                -1.55,
                0.14449,
                4,
                6,
                -15.15,
                -24.1,
                0.18955,
                2,
                305.59,
                -31.59,
                0.21892,
                3,
                -199.22,
                238.38,
                0.00038,
                7,
                -18.89,
                12.14,
                0.59116,
                3,
                6,
                -7.93,
                -45.37,
                0.05083,
                2,
                327.38,
                -37.05,
                0.03815,
                7,
                -6.91,
                31.14,
                0.91101,
                3,
                6,
                -8.93,
                -56.56,
                0.02823,
                2,
                336.24,
                -43.96,
                0.0128,
                7,
                2.42,
                37.41,
                0.95897,
                3,
                6,
                -12.68,
                -61.6,
                0.02156,
                2,
                338.44,
                -49.84,
                0.00694,
                7,
                8.69,
                37.67,
                0.97149,
                3,
                6,
                -17.43,
                -63.82,
                0.01717,
                2,
                337.74,
                -55.03,
                0.00431,
                7,
                13.41,
                35.38,
                0.97852,
                1,
                7,
                25.6,
                20.66,
                1,
                1,
                7,
                32.81,
                22.14,
                1,
                1,
                7,
                45.5,
                28.78,
                1,
                1,
                7,
                56.4,
                29.39,
                1,
                1,
                7,
                67.82,
                24.17,
                1,
                1,
                7,
                79.23,
                9.71,
                1,
                3,
                6,
                -89.41,
                -95.49,
                0.00001,
                2,
                325.36,
                -132.69,
                0.00001,
                7,
                83.33,
                -0.6,
                0.99998,
                3,
                6,
                -96.12,
                -92.43,
                0.00005,
                2,
                319.15,
                -136.67,
                0.00005,
                7,
                85.18,
                -7.74,
                0.9999,
                3,
                6,
                -104.51,
                -86.59,
                0.00012,
                2,
                309.69,
                -140.56,
                0.00013,
                7,
                85.92,
                -17.94,
                0.99974,
                3,
                6,
                -111.77,
                -72.89,
                0.00024,
                2,
                294.25,
                -139.24,
                0.00026,
                7,
                79.86,
                -32.2,
                0.99951,
                3,
                6,
                -110.03,
                -61.47,
                0.00032,
                2,
                285.59,
                -131.59,
                0.00035,
                7,
                69.89,
                -38.04,
                0.99932,
                3,
                6,
                -101.79,
                -50.17,
                0.00045,
                2,
                280.56,
                -118.54,
                0.00049,
                7,
                55.92,
                -38.75,
                0.99906,
                4,
                6,
                -21.79,
                -29.76,
                0.13762,
                2,
                306.75,
                -40.24,
                0.16537,
                3,
                -193.79,
                245.21,
                0.00029,
                7,
                -10.31,
                10.54,
                0.69672,
                4,
                6,
                -120.4,
                -26.16,
                0.02318,
                2,
                250.3,
                -121.17,
                0.89035,
                3,
                -96.32,
                260.58,
                0.04933,
                7,
                48.99,
                -68.33,
                0.03714,
                4,
                6,
                -169.42,
                -12.03,
                0.00273,
                2,
                211.85,
                -154.72,
                0.87396,
                3,
                -45.5,
                256.1,
                0.11213,
                7,
                68.87,
                -115.31,
                0.01118,
                4,
                6,
                -180.21,
                -1.57,
                0.00132,
                2,
                197.22,
                -158.12,
                0.85799,
                3,
                -32.91,
                247.92,
                0.13237,
                7,
                67.54,
                -130.27,
                0.00832,
                4,
                6,
                -192.71,
                18.29,
                0.00013,
                2,
                173.76,
                -157.86,
                0.80522,
                3,
                -16.83,
                230.81,
                0.19065,
                7,
                59.98,
                -152.49,
                0.004,
                3,
                2,
                151.2,
                -162.78,
                0.71563,
                3,
                2.34,
                217.96,
                0.28313,
                7,
                57.62,
                -175.46,
                0.00123,
                3,
                2,
                146.71,
                -163.92,
                0.69366,
                3,
                6.27,
                215.51,
                0.30543,
                7,
                57.3,
                -180.08,
                0.0009,
                3,
                2,
                128.84,
                -171.03,
                0.59495,
                3,
                23.78,
                207.56,
                0.4049,
                7,
                58.49,
                -199.27,
                0.00015,
                2,
                2,
                104.5,
                -183.71,
                0.44598,
                3,
                49.79,
                198.79,
                0.55402,
                2,
                2,
                99.97,
                -186.82,
                0.41559,
                3,
                55.17,
                197.67,
                0.58441,
                2,
                2,
                76.08,
                -206.97,
                0.27934,
                3,
                86.26,
                194.41,
                0.72066,
                2,
                2,
                53.76,
                -220.18,
                0.19778,
                3,
                111.25,
                187.47,
                0.80222,
                2,
                2,
                33.18,
                -229.56,
                0.13992,
                3,
                132.27,
                179.13,
                0.86008,
                2,
                2,
                7.87,
                -238.84,
                0.08721,
                3,
                156.5,
                167.31,
                0.91279,
                2,
                2,
                -22.59,
                -244.59,
                0.04532,
                3,
                181.75,
                149.33,
                0.95468,
                2,
                2,
                -46.84,
                -246.74,
                0.02377,
                3,
                200.1,
                133.33,
                0.97623,
                2,
                2,
                -79.01,
                -244.03,
                0.00736,
                3,
                220.44,
                108.27,
                0.99264,
                2,
                2,
                -104.91,
                -237.89,
                0.00157,
                3,
                233.95,
                85.33,
                0.99843,
                2,
                2,
                -128.17,
                -227.63,
                0.00004,
                3,
                242.67,
                61.45,
                0.99996,
                1,
                3,
                249.34,
                30.52,
                1,
                1,
                3,
                254.43,
                26.16,
                1,
                1,
                3,
                347.46,
                0.53,
                1,
                1,
                3,
                350.42,
                -2.32,
                1,
                1,
                3,
                244.38,
                -30.03,
                1,
                2,
                2,
                -201.88,
                -156.02,
                0.00028,
                3,
                242.11,
                -41.31,
                0.99972,
                2,
                2,
                -213.09,
                -135.06,
                0.00281,
                3,
                234.76,
                -63.92,
                0.99719,
                2,
                2,
                -225.85,
                -102.9,
                0.01386,
                3,
                220.41,
                -95.4,
                0.98614,
                2,
                2,
                -232.43,
                -71.93,
                0.03458,
                3,
                202.65,
                -121.6,
                0.96542,
                2,
                2,
                -234.51,
                -36.44,
                0.0737,
                3,
                178.5,
                -147.69,
                0.9263,
                2,
                2,
                -231.65,
                -6.71,
                0.12103,
                3,
                155.08,
                -166.23,
                0.87897,
                2,
                2,
                -224.62,
                24.28,
                0.18775,
                3,
                127.87,
                -182.64,
                0.81225,
                2,
                2,
                -216.7,
                46.39,
                0.24687,
                3,
                106.43,
                -192.24,
                0.75313,
                2,
                2,
                -206.24,
                69.7,
                0.32057,
                3,
                82.38,
                -200.85,
                0.67943,
                2,
                2,
                -183.05,
                107.85,
                0.46585,
                3,
                38.8,
                -210.57,
                0.53415,
                2,
                2,
                -153.3,
                141.13,
                0.61646,
                3,
                -5.81,
                -212.18,
                0.38354,
                2,
                2,
                -130.72,
                159.85,
                0.70992,
                3,
                -34.95,
                -208.87,
                0.29008,
                2,
                2,
                -107.34,
                175.91,
                0.79209,
                3,
                -62.72,
                -203.14,
                0.20791,
                2,
                2,
                -83.51,
                188.6,
                0.85798,
                3,
                -88.39,
                -194.74,
                0.14202,
                2,
                2,
                -60.15,
                198.33,
                0.90752,
                3,
                -111.59,
                -184.65,
                0.09248,
                2,
                2,
                -25.89,
                206.8,
                0.95772,
                3,
                -141.44,
                -165.81,
                0.04228,
                2,
                2,
                9.5,
                210.97,
                0.98711,
                3,
                -168.97,
                -143.18,
                0.01289,
                2,
                2,
                27.37,
                211.7,
                0.9946,
                3,
                -181.88,
                -130.8,
                0.0054,
                1,
                2,
                83.67,
                206.98,
                1,
                1,
                2,
                111.57,
                200.15,
                1,
                1,
                2,
                129.77,
                194.53,
                1,
                1,
                2,
                151.75,
                185.94,
                1,
                1,
                2,
                170.18,
                176.82,
                1,
                1,
                2,
                192.79,
                162.99,
                1,
                1,
                2,
                214.03,
                147.39,
                1,
                1,
                2,
                235.5,
                126.66,
                1,
                1,
                2,
                251.96,
                106.17,
                1,
                2,
                6,
                60.51,
                70.9,
                0.00026,
                2,
                266.74,
                83.47,
                0.99974,
                2,
                6,
                42.89,
                45.11,
                0.04562,
                2,
                278.86,
                54.69,
                0.95438,
                2,
                6,
                19.12,
                17.46,
                0.66962,
                2,
                289.22,
                19.73,
                0.33038,
                1,
                6,
                64.9,
                36.19,
                1,
                1,
                6,
                80.15,
                27.3,
                1,
                1,
                6,
                84.3,
                23.57,
                1,
                1,
                6,
                89.14,
                16.65,
                1,
                1,
                6,
                92.26,
                7.32,
                1,
                1,
                6,
                92.6,
                -3.4,
                1,
                1,
                6,
                89.33,
                -13.63,
                1,
                1,
                6,
                85.41,
                -20.04,
                1
              ],
              "hull": 89,
              "edges": [
                0,
                176,
                0,
                2,
                2,
                4,
                4,
                6,
                6,
                8,
                8,
                10,
                10,
                12,
                12,
                14,
                14,
                16,
                16,
                18,
                18,
                20,
                20,
                22,
                22,
                24,
                24,
                26,
                26,
                28,
                28,
                30,
                30,
                32,
                32,
                34,
                34,
                36,
                36,
                38,
                38,
                40,
                40,
                42,
                42,
                44,
                44,
                46,
                46,
                48,
                48,
                50,
                50,
                52,
                52,
                54,
                54,
                56,
                56,
                58,
                58,
                60,
                60,
                62,
                62,
                64,
                64,
                66,
                66,
                68,
                68,
                70,
                70,
                72,
                72,
                74,
                74,
                76,
                76,
                78,
                78,
                80,
                80,
                82,
                82,
                84,
                84,
                86,
                86,
                88,
                88,
                90,
                90,
                92,
                92,
                94,
                94,
                96,
                96,
                98,
                98,
                100,
                100,
                102,
                102,
                104,
                104,
                106,
                106,
                108,
                108,
                110,
                110,
                112,
                112,
                114,
                114,
                116,
                116,
                118,
                118,
                120,
                120,
                122,
                122,
                124,
                124,
                126,
                126,
                128,
                128,
                130,
                130,
                132,
                132,
                134,
                134,
                136,
                136,
                138,
                138,
                140,
                140,
                142,
                142,
                144,
                144,
                146,
                146,
                148,
                148,
                150,
                150,
                152,
                152,
                154,
                154,
                156,
                156,
                158,
                158,
                160,
                160,
                162,
                162,
                164,
                164,
                166,
                166,
                168,
                168,
                170,
                170,
                172,
                172,
                174,
                174,
                176
              ],
              "width": 496,
              "height": 585
            }
          },
          "b_wing": {
            "bee_b_wing": {
              "x": 117.5,
              "y": 1.07,
              "rotation": -45,
              "width": 189,
              "height": 190
            }
          },
          "eb": {
            "bee_eb": {
              "x": -4.89,
              "y": 9.07,
              "rotation": -94.86,
              "width": 122,
              "height": 82
            }
          },
          "eye": {
            "bee_eye": {
              "x": 3.45,
              "y": 29.21,
              "rotation": -94.86,
              "width": 314,
              "height": 268
            }
          },
          "f_wing": {
            "bee_f_wing": {
              "x": 114.01,
              "y": 2.94,
              "rotation": -137.29,
              "width": 189,
              "height": 190
            }
          }
        }
      }
    ],
    "animations": {
      "fly": {
        "bones": {
          "body2": {
            "rotate": [
              {
                "angle": -8.22
              },
              {
                "time": 0.2333,
                "angle": -2.6
              },
              {
                "time": 0.4,
                "angle": -8.22
              }
            ],
            "scale": [
              {},
              {
                "time": 0.1667,
                "x": 0.779
              },
              {
                "time": 0.4
              }
            ]
          },
          "b_wing": {
            "rotate": [
              {
                "angle": -68.91
              },
              {
                "time": 0.0667
              },
              {
                "time": 0.1333,
                "angle": -68.91
              },
              {
                "time": 0.2
              },
              {
                "time": 0.2667,
                "angle": -68.91
              },
              {
                "time": 0.3333
              },
              {
                "time": 0.4,
                "angle": -68.91
              }
            ]
          },
          "f_wing": {
            "rotate": [
              {
                "angle": 96.07
              },
              {
                "time": 0.0667,
                "angle": -5.02
              },
              {
                "time": 0.1333,
                "angle": 90.2
              },
              {
                "time": 0.2,
                "angle": -5.02
              },
              {
                "time": 0.2667,
                "angle": 90.2
              },
              {
                "time": 0.3333,
                "angle": -5.02
              },
              {
                "time": 0.4,
                "angle": 96.07
              }
            ]
          },
          "body3": {
            "rotate": [
              {},
              {
                "time": 0.2,
                "angle": 8.74
              },
              {
                "time": 0.4
              }
            ]
          },
          "body4": {
            "rotate": [
              {
                "angle": 10.96
              },
              {
                "time": 0.2,
                "angle": -9.46
              },
              {
                "time": 0.4,
                "angle": 10.96
              }
            ]
          }
        }
      },
      "Hit": {
        "bones": {
          "body2": {
            "rotate": [
              {},
              {
                "time": 0.1667,
                "angle": 15.9
              },
              {
                "time": 0.3333
              },
              {
                "time": 0.5,
                "angle": 20.21
              },
              {
                "time": 0.6667
              }
            ],
            "translate": [
              {},
              {
                "time": 0.1,
                "x": 3.32,
                "y": 39.06
              },
              {
                "time": 0.1667,
                "x": -3.53,
                "y": -41.6
              },
              {
                "time": 0.2667,
                "x": 1.99,
                "y": 23.4
              },
              {
                "time": 0.3333
              },
              {
                "time": 0.4333,
                "x": 2.7,
                "y": 31.75
              },
              {
                "time": 0.5,
                "x": -3.53,
                "y": -41.6
              },
              {
                "time": 0.6,
                "x": -1.12,
                "y": -13.15
              },
              {
                "time": 0.6667
              }
            ]
          },
          "eye": {
            "scale": [
              {},
              {
                "time": 0.1667,
                "x": 0.844
              },
              {
                "time": 0.3333
              },
              {
                "time": 0.5,
                "x": 0.844
              },
              {
                "time": 0.6667
              }
            ]
          },
          "body3": {
            "rotate": [
              {},
              {
                "time": 0.1667,
                "angle": -16.43
              },
              {
                "time": 0.3333
              },
              {
                "time": 0.5,
                "angle": -16.43
              },
              {
                "time": 0.6667
              }
            ]
          },
          "body4": {
            "rotate": [
              {},
              {
                "time": 0.1667,
                "angle": 15.87
              },
              {
                "time": 0.3333
              },
              {
                "time": 0.5,
                "angle": 15.87
              },
              {
                "time": 0.6667
              }
            ]
          },
          "eb": {
            "translate": [
              {},
              {
                "time": 0.1667,
                "x": -15.95,
                "y": 1.35
              },
              {
                "time": 0.3333
              },
              {
                "time": 0.5,
                "x": -15.95,
                "y": 1.35
              },
              {
                "time": 0.6667
              }
            ]
          },
          "f_wing": {
            "rotate": [
              {
                "angle": 22.72
              },
              {
                "time": 0.0667
              },
              {
                "time": 0.2333,
                "angle": 61.77
              },
              {
                "time": 0.4
              },
              {
                "time": 0.5667,
                "angle": 61.77
              },
              {
                "time": 0.6667,
                "angle": 22.72
              }
            ]
          },
          "b_wing": {
            "rotate": [
              {
                "angle": -19.77
              },
              {
                "time": 0.0667
              },
              {
                "time": 0.2333,
                "angle": -53.74
              },
              {
                "time": 0.4
              },
              {
                "time": 0.5667,
                "angle": -53.74
              },
              {
                "time": 0.6667,
                "angle": -19.77
              }
            ]
          }
        }
      }
    }
  },
  "_atlasText": "\nBee.png\nsize: 512, 512\nformat: RGBA8888\nfilter: Linear, Linear\nrepeat: none\nbee_b_wing\n  rotate: false\n  xy: 161, 99\n  size: 95, 95\n  orig: 95, 95\n  offset: 0, 0\n  index: -1\nbee_body\n  rotate: false\n  xy: 2, 196\n  size: 248, 293\n  orig: 248, 293\n  offset: 0, 0\n  index: -1\nbee_eb\n  rotate: false\n  xy: 2, 17\n  size: 61, 41\n  orig: 61, 41\n  offset: 0, 0\n  index: -1\nbee_eye\n  rotate: false\n  xy: 2, 60\n  size: 157, 134\n  orig: 157, 134\n  offset: 0, 0\n  index: -1\nbee_f_wing\n  rotate: false\n  xy: 161, 2\n  size: 95, 95\n  orig: 95, 95\n  offset: 0, 0\n  index: -1\n",
  "textures": [
    {
      "__uuid__": "29e5d2a5-ac0f-4f18-b66c-d6f9b50241d0"
    }
  ],
  "textureNames": [
    "Bee.png"
  ],
  "scale": 1
}