{"skeleton":{"hash":"kgcRF6EQmB8","spine":"3.8-from-4.0.64","x":-874.23,"y":-874.23,"width":1748.46,"height":1748.46,"images":"./images/","audio":"C:/Users/TRAN PHUONG/Desktop/Save Girl Part II/Save Girl Part II Origin/No change - clean/Story03/fire_work"},"bones":[{"name":"root"},{"name":"all","parent":"root"},{"name":"star_own","parent":"all"},{"name":"line01","parent":"star_own","length":459.46,"rotation":-89.73,"x":-2.42,"y":-206.31},{"name":"star","parent":"line01","x":579.95,"y":-0.38},{"name":"line_own","parent":"all"},{"name":"line02","parent":"line_own","length":414.76,"x":413.11,"y":0.67},{"name":"line03","parent":"line_own","length":135.8,"rotation":-0.62,"x":233.04,"y":2.15},{"name":"center","parent":"all"},{"name":"star_own2","parent":"all","rotation":45},{"name":"line1","parent":"star_own2","length":459.46,"rotation":-89.73,"x":-2.42,"y":-206.31},{"name":"star2","parent":"line1","x":579.95,"y":-0.38},{"name":"star_own3","parent":"all","rotation":90},{"name":"line2","parent":"star_own3","length":459.46,"rotation":-89.73,"x":-2.42,"y":-206.31},{"name":"star3","parent":"line2","x":579.95,"y":-0.38},{"name":"star_own4","parent":"all","rotation":135},{"name":"line3","parent":"star_own4","length":459.46,"rotation":-89.73,"x":-2.42,"y":-206.31},{"name":"star4","parent":"line3","x":579.95,"y":-0.38},{"name":"star_own5","parent":"all","rotation":180},{"name":"line4","parent":"star_own5","length":459.46,"rotation":-89.73,"x":-2.42,"y":-206.31},{"name":"star5","parent":"line4","x":579.95,"y":-0.38},{"name":"star_own6","parent":"all","rotation":-135},{"name":"line5","parent":"star_own6","length":459.46,"rotation":-89.73,"x":-2.42,"y":-206.31},{"name":"star6","parent":"line5","x":579.95,"y":-0.38},{"name":"star_own7","parent":"all","rotation":-90},{"name":"line6","parent":"star_own7","length":459.46,"rotation":-89.73,"x":-2.42,"y":-206.31},{"name":"star7","parent":"line6","x":579.95,"y":-0.38},{"name":"star_own8","parent":"all","rotation":-45},{"name":"line7","parent":"star_own8","length":459.46,"rotation":-89.73,"x":-2.42,"y":-206.31},{"name":"star8","parent":"line7","x":579.95,"y":-0.38},{"name":"line_own2","parent":"all","rotation":30},{"name":"line8","parent":"line_own2","length":414.76,"x":413.11,"y":0.67},{"name":"line9","parent":"line_own2","length":135.8,"rotation":-0.62,"x":233.04,"y":2.15},{"name":"line_own3","parent":"all","rotation":60},{"name":"line10","parent":"line_own3","length":414.76,"x":413.11,"y":0.67},{"name":"line11","parent":"line_own3","length":135.8,"rotation":-0.62,"x":233.04,"y":2.15},{"name":"line_own4","parent":"all","rotation":90},{"name":"line12","parent":"line_own4","length":414.76,"x":413.11,"y":0.67},{"name":"line13","parent":"line_own4","length":135.8,"rotation":-0.62,"x":233.04,"y":2.15},{"name":"line_own5","parent":"all","rotation":120},{"name":"line14","parent":"line_own5","length":414.76,"x":413.11,"y":0.67},{"name":"line15","parent":"line_own5","length":135.8,"rotation":-0.62,"x":233.04,"y":2.15},{"name":"line_own6","parent":"all","rotation":150},{"name":"line16","parent":"line_own6","length":414.76,"x":413.11,"y":0.67},{"name":"line17","parent":"line_own6","length":135.8,"rotation":-0.62,"x":233.04,"y":2.15},{"name":"line_own7","parent":"all","rotation":180},{"name":"line18","parent":"line_own7","length":414.76,"x":413.11,"y":0.67},{"name":"line19","parent":"line_own7","length":135.8,"rotation":-0.62,"x":233.04,"y":2.15},{"name":"line_own8","parent":"all","rotation":-150},{"name":"line20","parent":"line_own8","length":414.76,"x":413.11,"y":0.67},{"name":"line21","parent":"line_own8","length":135.8,"rotation":-0.62,"x":233.04,"y":2.15},{"name":"line_own9","parent":"all","rotation":-120},{"name":"line22","parent":"line_own9","length":414.76,"x":413.11,"y":0.67},{"name":"line23","parent":"line_own9","length":135.8,"rotation":-0.62,"x":233.04,"y":2.15},{"name":"line_own10","parent":"all","rotation":-90},{"name":"line24","parent":"line_own10","length":414.76,"x":413.11,"y":0.67},{"name":"line25","parent":"line_own10","length":135.8,"rotation":-0.62,"x":233.04,"y":2.15},{"name":"line_own11","parent":"all","rotation":-60},{"name":"line26","parent":"line_own11","length":414.76,"x":413.11,"y":0.67},{"name":"line27","parent":"line_own11","length":135.8,"rotation":-0.62,"x":233.04,"y":2.15},{"name":"line_own12","parent":"all","rotation":-30,"x":-4.33},{"name":"line28","parent":"line_own12","length":414.76,"x":413.11,"y":0.67},{"name":"line29","parent":"line_own12","length":135.8,"rotation":-0.62,"x":233.04,"y":2.15}],"slots":[{"name":"line03","bone":"line03","attachment":"line03"},{"name":"line9","bone":"line9","attachment":"line03"},{"name":"line11","bone":"line11","attachment":"line03"},{"name":"line13","bone":"line13","attachment":"line03"},{"name":"line15","bone":"line15","attachment":"line03"},{"name":"line17","bone":"line17","attachment":"line03"},{"name":"line19","bone":"line19","attachment":"line03"},{"name":"line21","bone":"line21","attachment":"line03"},{"name":"line23","bone":"line23","attachment":"line03"},{"name":"line25","bone":"line25","attachment":"line03"},{"name":"line27","bone":"line27","attachment":"line03"},{"name":"line29","bone":"line29","attachment":"line03"},{"name":"line02","bone":"line02","attachment":"line02"},{"name":"line8","bone":"line8","attachment":"line02"},{"name":"line10","bone":"line10","attachment":"line02"},{"name":"line12","bone":"line12","attachment":"line02"},{"name":"line14","bone":"line14","attachment":"line02"},{"name":"line16","bone":"line16","attachment":"line02"},{"name":"line18","bone":"line18","attachment":"line02"},{"name":"line20","bone":"line20","attachment":"line02"},{"name":"line22","bone":"line22","attachment":"line02"},{"name":"line24","bone":"line24","attachment":"line02"},{"name":"line26","bone":"line26","attachment":"line02"},{"name":"line28","bone":"line28","attachment":"line02"},{"name":"star","bone":"star","attachment":"star"},{"name":"star2","bone":"star2","attachment":"star"},{"name":"star3","bone":"star3","attachment":"star"},{"name":"star4","bone":"star4","attachment":"star"},{"name":"star5","bone":"star5","attachment":"star"},{"name":"star6","bone":"star6","attachment":"star"},{"name":"star7","bone":"star7","attachment":"star"},{"name":"star8","bone":"star8","attachment":"star"},{"name":"line01","bone":"line01","attachment":"line01"},{"name":"line1","bone":"line1","attachment":"line01"},{"name":"line2","bone":"line2","attachment":"line01"},{"name":"line3","bone":"line3","attachment":"line01"},{"name":"line4","bone":"line4","attachment":"line01"},{"name":"line5","bone":"line5","attachment":"line01"},{"name":"line6","bone":"line6","attachment":"line01"},{"name":"line7","bone":"line7","attachment":"line01"},{"name":"center","bone":"center","attachment":"center"}],"skins":[{"name":"default","attachments":{"center":{"center":{"x":0.12,"y":0.27,"width":349,"height":349}},"line1":{"line01":{"x":221.93,"y":1,"rotation":89.73,"width":88,"height":470}},"line01":{"line01":{"x":221.93,"y":1,"rotation":89.73,"width":88,"height":470}},"line2":{"line01":{"x":221.93,"y":1,"rotation":89.73,"width":88,"height":470}},"line02":{"line02":{"x":205.01,"y":-0.4,"width":415,"height":49}},"line3":{"line01":{"x":221.93,"y":1,"rotation":89.73,"width":88,"height":470}},"line03":{"line03":{"x":544.57,"y":4.04,"rotation":0.62,"width":164,"height":361}},"line4":{"line01":{"x":221.93,"y":1,"rotation":89.73,"width":88,"height":470}},"line5":{"line01":{"x":221.93,"y":1,"rotation":89.73,"width":88,"height":470}},"line6":{"line01":{"x":221.93,"y":1,"rotation":89.73,"width":88,"height":470}},"line7":{"line01":{"x":221.93,"y":1,"rotation":89.73,"width":88,"height":470}},"line8":{"line02":{"x":205.01,"y":-0.4,"width":415,"height":49}},"line9":{"line03":{"x":544.57,"y":4.04,"rotation":0.62,"width":164,"height":361}},"line10":{"line02":{"x":205.01,"y":-0.4,"width":415,"height":49}},"line11":{"line03":{"x":544.57,"y":4.04,"rotation":0.62,"width":164,"height":361}},"line12":{"line02":{"x":205.01,"y":-0.4,"width":415,"height":49}},"line13":{"line03":{"x":544.57,"y":4.04,"rotation":0.62,"width":164,"height":361}},"line14":{"line02":{"x":205.01,"y":-0.4,"width":415,"height":49}},"line15":{"line03":{"x":544.57,"y":4.04,"rotation":0.62,"width":164,"height":361}},"line16":{"line02":{"x":205.01,"y":-0.4,"width":415,"height":49}},"line17":{"line03":{"x":544.57,"y":4.04,"rotation":0.62,"width":164,"height":361}},"line18":{"line02":{"x":205.01,"y":-0.4,"width":415,"height":49}},"line19":{"line03":{"x":544.57,"y":4.04,"rotation":0.62,"width":164,"height":361}},"line20":{"line02":{"x":205.01,"y":-0.4,"width":415,"height":49}},"line21":{"line03":{"x":544.57,"y":4.04,"rotation":0.62,"width":164,"height":361}},"line22":{"line02":{"x":205.01,"y":-0.4,"width":415,"height":49}},"line23":{"line03":{"x":544.57,"y":4.04,"rotation":0.62,"width":164,"height":361}},"line24":{"line02":{"x":205.01,"y":-0.4,"width":415,"height":49}},"line25":{"line03":{"x":544.57,"y":4.04,"rotation":0.62,"width":164,"height":361}},"line26":{"line02":{"x":205.01,"y":-0.4,"width":415,"height":49}},"line27":{"line03":{"x":544.57,"y":4.04,"rotation":0.62,"width":164,"height":361}},"line28":{"line02":{"x":205.01,"y":-0.4,"width":415,"height":49}},"line29":{"line03":{"x":544.57,"y":4.04,"rotation":0.62,"width":164,"height":361}},"star":{"star":{"x":7.47,"y":-0.33,"rotation":89.73,"width":170,"height":161}},"star2":{"star":{"x":7.47,"y":-0.33,"rotation":89.73,"width":170,"height":161}},"star3":{"star":{"x":7.47,"y":-0.33,"rotation":89.73,"width":170,"height":161}},"star4":{"star":{"x":7.47,"y":-0.33,"rotation":89.73,"width":170,"height":161}},"star5":{"star":{"x":7.47,"y":-0.33,"rotation":89.73,"width":170,"height":161}},"star6":{"star":{"x":7.47,"y":-0.33,"rotation":89.73,"width":170,"height":161}},"star7":{"star":{"x":7.47,"y":-0.33,"rotation":89.73,"width":170,"height":161}},"star8":{"star":{"x":7.47,"y":-0.33,"rotation":89.73,"width":170,"height":161}}}}],"animations":{"animation":{"slots":{"center":{"attachment":[{"name":null}]},"line1":{"attachment":[{"name":null}]},"line01":{"attachment":[{"name":null}]},"line2":{"attachment":[{"name":null}]},"line02":{"color":[{"color":"1ca4ffff","curve":"stepped"},{"time":0.3333,"color":"1ca4ffff"},{"time":0.6667,"color":"35b6ff00"}]},"line3":{"attachment":[{"name":null}]},"line03":{"color":[{"color":"ff3737ff","curve":"stepped"},{"time":0.3333,"color":"ff3737ff"},{"time":0.6667,"color":"ff363600"}]},"line4":{"attachment":[{"name":null}]},"line5":{"attachment":[{"name":null}]},"line6":{"attachment":[{"name":null}]},"line7":{"attachment":[{"name":null}]},"line8":{"color":[{"color":"1ca4ffff","curve":"stepped"},{"time":0.3333,"color":"1ca4ffff"},{"time":0.6667,"color":"35b6ff00"}]},"line9":{"color":[{"color":"ff3737ff","curve":"stepped"},{"time":0.3333,"color":"ff3737ff"},{"time":0.6667,"color":"ff363600"}]},"line10":{"color":[{"color":"1ca4ffff","curve":"stepped"},{"time":0.3333,"color":"1ca4ffff"},{"time":0.6667,"color":"35b6ff00"}]},"line11":{"color":[{"color":"ff3737ff","curve":"stepped"},{"time":0.3333,"color":"ff3737ff"},{"time":0.6667,"color":"ff363600"}]},"line12":{"color":[{"color":"1ca4ffff","curve":"stepped"},{"time":0.3333,"color":"1ca4ffff"},{"time":0.6667,"color":"35b6ff00"}]},"line13":{"color":[{"color":"ff3737ff","curve":"stepped"},{"time":0.3333,"color":"ff3737ff"},{"time":0.6667,"color":"ff363600"}]},"line14":{"color":[{"color":"1ca4ffff","curve":"stepped"},{"time":0.3333,"color":"1ca4ffff"},{"time":0.6667,"color":"35b6ff00"}]},"line15":{"color":[{"color":"ff3737ff","curve":"stepped"},{"time":0.3333,"color":"ff3737ff"},{"time":0.6667,"color":"ff363600"}]},"line16":{"color":[{"color":"1ca4ffff","curve":"stepped"},{"time":0.3333,"color":"1ca4ffff"},{"time":0.6667,"color":"35b6ff00"}]},"line17":{"color":[{"color":"ff3737ff","curve":"stepped"},{"time":0.3333,"color":"ff3737ff"},{"time":0.6667,"color":"ff363600"}]},"line18":{"color":[{"color":"1ca4ffff","curve":"stepped"},{"time":0.3333,"color":"1ca4ffff"},{"time":0.6667,"color":"35b6ff00"}]},"line19":{"color":[{"color":"ff3737ff","curve":"stepped"},{"time":0.3333,"color":"ff3737ff"},{"time":0.6667,"color":"ff363600"}]},"line20":{"color":[{"color":"1ca4ffff","curve":"stepped"},{"time":0.3333,"color":"1ca4ffff"},{"time":0.6667,"color":"35b6ff00"}]},"line21":{"color":[{"color":"ff3737ff","curve":"stepped"},{"time":0.3333,"color":"ff3737ff"},{"time":0.6667,"color":"ff363600"}]},"line22":{"color":[{"color":"1ca4ffff","curve":"stepped"},{"time":0.3333,"color":"1ca4ffff"},{"time":0.6667,"color":"35b6ff00"}]},"line23":{"color":[{"color":"ff3737ff","curve":"stepped"},{"time":0.3333,"color":"ff3737ff"},{"time":0.6667,"color":"ff363600"}]},"line24":{"color":[{"color":"1ca4ffff","curve":"stepped"},{"time":0.3333,"color":"1ca4ffff"},{"time":0.6667,"color":"35b6ff00"}]},"line25":{"color":[{"color":"ff3737ff","curve":"stepped"},{"time":0.3333,"color":"ff3737ff"},{"time":0.6667,"color":"ff363600"}]},"line26":{"color":[{"color":"1ca4ffff","curve":"stepped"},{"time":0.3333,"color":"1ca4ffff"},{"time":0.6667,"color":"35b6ff00"}]},"line27":{"color":[{"color":"ff3737ff","curve":"stepped"},{"time":0.3333,"color":"ff3737ff"},{"time":0.6667,"color":"ff363600"}]},"line28":{"color":[{"color":"1ca4ffff","curve":"stepped"},{"time":0.3333,"color":"1ca4ffff"},{"time":0.6667,"color":"35b6ff00"}]},"line29":{"color":[{"color":"ff3737ff","curve":"stepped"},{"time":0.3333,"color":"ff3737ff"},{"time":0.6667,"color":"ff363600"}]},"star":{"attachment":[{"name":null}]},"star2":{"attachment":[{"name":null}]},"star3":{"attachment":[{"name":null}]},"star4":{"attachment":[{"name":null}]},"star5":{"attachment":[{"name":null}]},"star6":{"attachment":[{"name":null}]},"star7":{"attachment":[{"name":null}]},"star8":{"attachment":[{"name":null}]}},"bones":{"line02":{"translate":[{"time":0.1667},{"time":0.6667,"x":195.81}]},"line03":{"translate":[{"time":0.1667},{"time":0.6667,"x":282.48}]},"all":{"scale":[{"x":0,"y":0},{"time":0.1667}]},"line8":{"translate":[{"time":0.1667},{"time":0.6667,"x":195.81}]},"line9":{"translate":[{"time":0.1667},{"time":0.6667,"x":282.48}]},"line10":{"translate":[{"time":0.1667},{"time":0.6667,"x":195.81}]},"line11":{"translate":[{"time":0.1667},{"time":0.6667,"x":282.48}]},"line12":{"translate":[{"time":0.1667},{"time":0.6667,"x":195.81}]},"line13":{"translate":[{"time":0.1667},{"time":0.6667,"x":282.48}]},"line14":{"translate":[{"time":0.1667},{"time":0.6667,"x":195.81}]},"line15":{"translate":[{"time":0.1667},{"time":0.6667,"x":282.48}]},"line16":{"translate":[{"time":0.1667},{"time":0.6667,"x":195.81}]},"line17":{"translate":[{"time":0.1667},{"time":0.6667,"x":282.48}]},"line18":{"translate":[{"time":0.1667},{"time":0.6667,"x":195.81}]},"line19":{"translate":[{"time":0.1667},{"time":0.6667,"x":282.48}]},"line20":{"translate":[{"time":0.1667},{"time":0.6667,"x":195.81}]},"line21":{"translate":[{"time":0.1667},{"time":0.6667,"x":282.48}]},"line22":{"translate":[{"time":0.1667},{"time":0.6667,"x":195.81}]},"line23":{"translate":[{"time":0.1667},{"time":0.6667,"x":282.48}]},"line24":{"translate":[{"time":0.1667},{"time":0.6667,"x":195.81}]},"line25":{"translate":[{"time":0.1667},{"time":0.6667,"x":282.48}]},"line26":{"translate":[{"time":0.1667},{"time":0.6667,"x":195.81}]},"line27":{"translate":[{"time":0.1667},{"time":0.6667,"x":282.48}]},"line28":{"translate":[{"time":0.1667},{"time":0.6667,"x":195.81}]},"line29":{"translate":[{"time":0.1667},{"time":0.6667,"x":282.48}]}}},"fire_work01":{"slots":{"center":{"color":[{"color":"f0ff65ff","curve":"stepped"},{"time":0.3333,"color":"f0ff65ff"},{"time":0.5,"color":"f0ff6500"}]},"line1":{"color":[{"color":"f0ff65ff","curve":"stepped"},{"time":0.3333,"color":"f0ff65ff"},{"time":0.5,"color":"f0ff6500"}]},"line01":{"color":[{"color":"f0ff65ff","curve":"stepped"},{"time":0.3333,"color":"f0ff65ff"},{"time":0.5,"color":"f0ff6500"}]},"line2":{"color":[{"color":"f0ff65ff","curve":"stepped"},{"time":0.3333,"color":"f0ff65ff"},{"time":0.5,"color":"f0ff6500"}]},"line02":{"attachment":[{"name":null}]},"line3":{"color":[{"color":"f0ff65ff","curve":"stepped"},{"time":0.3333,"color":"f0ff65ff"},{"time":0.5,"color":"f0ff6500"}]},"line03":{"attachment":[{"name":null}]},"line4":{"color":[{"color":"f0ff65ff","curve":"stepped"},{"time":0.3333,"color":"f0ff65ff"},{"time":0.5,"color":"f0ff6500"}]},"line5":{"color":[{"color":"f0ff65ff","curve":"stepped"},{"time":0.3333,"color":"f0ff65ff"},{"time":0.5,"color":"f0ff6500"}]},"line6":{"color":[{"color":"f0ff65ff","curve":"stepped"},{"time":0.3333,"color":"f0ff65ff"},{"time":0.5,"color":"f0ff6500"}]},"line7":{"color":[{"color":"f0ff65ff","curve":"stepped"},{"time":0.3333,"color":"f0ff65ff"},{"time":0.5,"color":"f0ff6500"}]},"line8":{"attachment":[{"name":null}]},"line9":{"attachment":[{"name":null}]},"line10":{"attachment":[{"name":null}]},"line11":{"attachment":[{"name":null}]},"line12":{"attachment":[{"name":null}]},"line13":{"attachment":[{"name":null}]},"line14":{"attachment":[{"name":null}]},"line15":{"attachment":[{"name":null}]},"line16":{"attachment":[{"name":null}]},"line17":{"attachment":[{"name":null}]},"line18":{"attachment":[{"name":null}]},"line19":{"attachment":[{"name":null}]},"line20":{"attachment":[{"name":null}]},"line21":{"attachment":[{"name":null}]},"line22":{"attachment":[{"name":null}]},"line23":{"attachment":[{"name":null}]},"line24":{"attachment":[{"name":null}]},"line25":{"attachment":[{"name":null}]},"line26":{"attachment":[{"name":null}]},"line27":{"attachment":[{"name":null}]},"line28":{"attachment":[{"name":null}]},"line29":{"attachment":[{"name":null}]},"star":{"color":[{"color":"f0ff65ff","curve":"stepped"},{"time":0.3333,"color":"f0ff65ff"},{"time":0.5,"color":"f0ff6500"}]},"star2":{"color":[{"color":"f0ff65ff","curve":"stepped"},{"time":0.3333,"color":"f0ff65ff"},{"time":0.5,"color":"f0ff6500"}]},"star3":{"color":[{"color":"f0ff65ff","curve":"stepped"},{"time":0.3333,"color":"f0ff65ff"},{"time":0.5,"color":"f0ff6500"}]},"star4":{"color":[{"color":"f0ff65ff","curve":"stepped"},{"time":0.3333,"color":"f0ff65ff"},{"time":0.5,"color":"f0ff6500"}]},"star5":{"color":[{"color":"f0ff65ff","curve":"stepped"},{"time":0.3333,"color":"f0ff65ff"},{"time":0.5,"color":"f0ff6500"}]},"star6":{"color":[{"color":"f0ff65ff","curve":"stepped"},{"time":0.3333,"color":"f0ff65ff"},{"time":0.5,"color":"f0ff6500"}]},"star7":{"color":[{"color":"f0ff65ff","curve":"stepped"},{"time":0.3333,"color":"f0ff65ff"},{"time":0.5,"color":"f0ff6500"}]},"star8":{"color":[{"color":"f0ff65ff","curve":"stepped"},{"time":0.3333,"color":"f0ff65ff"},{"time":0.5,"color":"f0ff6500"}]}},"bones":{"all":{"rotate":[{"angle":-0.17}],"scale":[{"x":0,"y":0},{"time":0.1667}]},"line01":{"translate":[{"time":0.1667},{"time":0.5,"y":-233.39}]},"star":{"translate":[{"time":0.1667},{"time":0.5,"x":108.4}]},"center":{"scale":[{"time":0.1667},{"time":0.5,"x":1.5,"y":1.5}]},"line1":{"translate":[{"time":0.1667},{"time":0.5,"y":-233.39}]},"star2":{"translate":[{"time":0.1667},{"time":0.5,"x":108.4}]},"line2":{"translate":[{"time":0.1667},{"time":0.5,"y":-233.39}]},"star3":{"translate":[{"time":0.1667},{"time":0.5,"x":108.4}]},"line3":{"translate":[{"time":0.1667},{"time":0.5,"y":-233.39}]},"star4":{"translate":[{"time":0.1667},{"time":0.5,"x":108.4}]},"line4":{"translate":[{"time":0.1667},{"time":0.5,"y":-233.39}]},"star5":{"translate":[{"time":0.1667},{"time":0.5,"x":108.4}]},"line5":{"translate":[{"time":0.1667},{"time":0.5,"y":-233.39}]},"star6":{"translate":[{"time":0.1667},{"time":0.5,"x":108.4}]},"line6":{"translate":[{"time":0.1667},{"time":0.5,"y":-233.39}]},"star7":{"translate":[{"time":0.1667},{"time":0.5,"x":108.4}]},"line7":{"translate":[{"time":0.1667},{"time":0.5,"y":-233.39}]},"star8":{"translate":[{"time":0.1667},{"time":0.5,"x":108.4}]}}}}}