{
  "__type__": "cc.TextAsset",
  "_name": "Angry.atlas",
  "_objFlags": 0,
  "_native": "",
  "text": "\r\nAngry.png\r\nsize: 512, 256\r\nformat: RGBA8888\r\nfilter: Linear, Linear\r\nrepeat: none\r\nauraB_01\r\n  rotate: false\r\n  xy: 2, 9\r\n  size: 165, 233\r\n  orig: 165, 233\r\n  offset: 0, 0\r\n  index: -1\r\nauraB_02\r\n  rotate: false\r\n  xy: 324, 2\r\n  size: 148, 240\r\n  orig: 148, 240\r\n  offset: 0, 0\r\n  index: -1\r\nauraB_03\r\n  rotate: false\r\n  xy: 169, 2\r\n  size: 153, 240\r\n  orig: 153, 240\r\n  offset: 0, 0\r\n  index: -1\r\n"
}