{
  "__type__": "cc.TextAsset",
  "_name": "stick.atlas",
  "_objFlags": 0,
  "_native": "",
  "text": "\nstick.png\nsize: 2048, 512\nformat: RGBA8888\nfilter: Linear, Linear\nrepeat: none\nstickman/BaseSkin/chan_ phai\n  rotate: false\n  xy: 681, 21\n  size: 78, 155\n  orig: 78, 155\n  offset: 0, 0\n  index: -1\nstickman/BaseSkin/chan_ trai\n  rotate: false\n  xy: 611, 5\n  size: 68, 158\n  orig: 68, 158\n  offset: 0, 0\n  index: -1\nstickman/BaseSkin/dau\n  rotate: false\n  xy: 1400, 207\n  size: 79, 77\n  orig: 81, 79\n  offset: 1, 1\n  index: -1\nstickman/BaseSkin/tay_ trai\n  rotate: false\n  xy: 1055, 52\n  size: 65, 127\n  orig: 65, 127\n  offset: 0, 0\n  index: -1\nstickman/BaseSkin/tay_phai\n  rotate: false\n  xy: 982, 55\n  size: 71, 124\n  orig: 71, 124\n  offset: 0, 0\n  index: -1\nstickman/BaseSkin/than\n  rotate: false\n  xy: 1428, 29\n  size: 23, 119\n  orig: 23, 119\n  offset: 0, 0\n  index: -1\nstickman/Joker/chan_ phai\n  rotate: false\n  xy: 530, 7\n  size: 79, 156\n  orig: 79, 156\n  offset: 0, 0\n  index: -1\nstickman/Joker/chan_ trai\n  rotate: false\n  xy: 761, 17\n  size: 69, 159\n  orig: 69, 159\n  offset: 0, 0\n  index: -1\nstickman/Joker/dau\n  rotate: false\n  xy: 378, 156\n  size: 129, 132\n  orig: 138, 138\n  offset: 7, 4\n  index: -1\nstickman/Joker/tay_ trai\n  rotate: false\n  xy: 1195, 65\n  size: 66, 128\n  orig: 66, 128\n  offset: 0, 0\n  index: -1\nstickman/Joker/tay_phai\n  rotate: false\n  xy: 1974, 240\n  size: 72, 125\n  orig: 72, 125\n  offset: 0, 0\n  index: -1\nstickman/Joker/than\n  rotate: false\n  xy: 1453, 29\n  size: 23, 119\n  orig: 23, 119\n  offset: 0, 0\n  index: -1\nstickman/Songoku/chan_ phai\n  rotate: false\n  xy: 832, 29\n  size: 78, 155\n  orig: 78, 155\n  offset: 0, 0\n  index: -1\nstickman/Songoku/chan_ trai\n  rotate: false\n  xy: 912, 21\n  size: 68, 158\n  orig: 68, 158\n  offset: 0, 0\n  index: -1\nstickman/Songoku/dau\n  rotate: false\n  xy: 1398, 379\n  size: 178, 131\n  orig: 178, 133\n  offset: 0, 0\n  index: -1\nstickman/Songoku/tay_ trai\n  rotate: false\n  xy: 1263, 140\n  size: 65, 127\n  orig: 65, 127\n  offset: 0, 0\n  index: -1\nstickman/Songoku/tay_phai\n  rotate: false\n  xy: 1122, 69\n  size: 71, 124\n  orig: 71, 124\n  offset: 0, 0\n  index: -1\nstickman/Songoku/than\n  rotate: false\n  xy: 1478, 28\n  size: 23, 119\n  orig: 23, 119\n  offset: 0, 0\n  index: -1\nvfx/Slash1/Elements - Energy 020 Slash1 Ray Right noCT noRSZ_00002\n  rotate: false\n  xy: 170, 48\n  size: 53, 54\n  orig: 250, 250\n  offset: 5, 79\n  index: -1\nvfx/Slash1/Elements - Energy 020 Slash1 Ray Right noCT noRSZ_00003\n  rotate: false\n  xy: 1481, 207\n  size: 75, 77\n  orig: 250, 250\n  offset: 1, 80\n  index: -1\nvfx/Slash1/Elements - Energy 020 Slash1 Ray Right noCT noRSZ_00004\n  rotate: false\n  xy: 1122, 237\n  size: 119, 86\n  orig: 250, 250\n  offset: 1, 82\n  index: -1\nvfx/Slash1/Elements - Energy 020 Slash1 Ray Right noCT noRSZ_00005\n  rotate: false\n  xy: 1398, 286\n  size: 178, 91\n  orig: 250, 250\n  offset: 1, 82\n  index: -1\nvfx/Slash1/Elements - Energy 020 Slash1 Ray Right noCT noRSZ_00006\n  rotate: false\n  xy: 1578, 421\n  size: 218, 89\n  orig: 250, 250\n  offset: 4, 85\n  index: -1\nvfx/Slash1/Elements - Energy 020 Slash1 Ray Right noCT noRSZ_00007\n  rotate: false\n  xy: 1798, 426\n  size: 218, 84\n  orig: 250, 250\n  offset: 7, 90\n  index: -1\nvfx/Slash1/Elements - Energy 020 Slash1 Ray Right noCT noRSZ_00008\n  rotate: false\n  xy: 1578, 336\n  size: 215, 83\n  orig: 250, 250\n  offset: 12, 91\n  index: -1\nvfx/Slash1/Elements - Energy 020 Slash1 Ray Right noCT noRSZ_00009\n  rotate: false\n  xy: 1578, 251\n  size: 206, 83\n  orig: 250, 250\n  offset: 20, 90\n  index: -1\nvfx/Slash1/Elements - Energy 020 Slash1 Ray Right noCT noRSZ_00010\n  rotate: false\n  xy: 230, 45\n  size: 171, 81\n  orig: 250, 250\n  offset: 56, 88\n  index: -1\nvfx/Slash1/Elements - Energy 020 Slash1 Ray Right noCT noRSZ_00011\n  rotate: false\n  xy: 958, 240\n  size: 162, 79\n  orig: 250, 250\n  offset: 65, 87\n  index: -1\nvfx/Slash1/Elements - Energy 020 Slash1 Ray Right noCT noRSZ_00012\n  rotate: false\n  xy: 808, 245\n  size: 148, 75\n  orig: 250, 250\n  offset: 78, 86\n  index: -1\nvfx/Slash1/Elements - Energy 020 Slash1 Ray Right noCT noRSZ_00013\n  rotate: false\n  xy: 657, 237\n  size: 139, 64\n  orig: 250, 250\n  offset: 84, 86\n  index: -1\nvfx/Slash2/Elements - Energy 030 Slash Right noCT noRSZ_00000\n  rotate: false\n  xy: 509, 165\n  size: 130, 129\n  orig: 250, 250\n  offset: 17, 115\n  index: -1\nvfx/Slash2/Elements - Energy 030 Slash Right noCT noRSZ_00001\n  rotate: false\n  xy: 178, 276\n  size: 159, 234\n  orig: 250, 250\n  offset: 23, 5\n  index: -1\nvfx/Slash2/Elements - Energy 030 Slash Right noCT noRSZ_00002\n  rotate: false\n  xy: 2, 274\n  size: 174, 236\n  orig: 250, 250\n  offset: 26, 0\n  index: -1\nvfx/Slash2/Elements - Energy 030 Slash Right noCT noRSZ_00003\n  rotate: false\n  xy: 2, 41\n  size: 166, 231\n  orig: 250, 250\n  offset: 34, 0\n  index: -1\nvfx/Slash2/Elements - Energy 030 Slash Right noCT noRSZ_00004\n  rotate: false\n  xy: 339, 290\n  size: 158, 220\n  orig: 250, 250\n  offset: 43, 0\n  index: -1\nvfx/Slash2/Elements - Energy 030 Slash Right noCT noRSZ_00005\n  rotate: false\n  xy: 657, 303\n  size: 149, 207\n  orig: 250, 250\n  offset: 52, 0\n  index: -1\nvfx/Slash2/Elements - Energy 030 Slash Right noCT noRSZ_00006\n  rotate: false\n  xy: 499, 296\n  size: 156, 214\n  orig: 250, 250\n  offset: 46, 0\n  index: -1\nvfx/Slash2/Elements - Energy 030 Slash Right noCT noRSZ_00007\n  rotate: false\n  xy: 808, 322\n  size: 149, 188\n  orig: 250, 250\n  offset: 53, 0\n  index: -1\nvfx/Slash2/Elements - Energy 030 Slash Right noCT noRSZ_00008\n  rotate: false\n  xy: 959, 321\n  size: 148, 189\n  orig: 250, 250\n  offset: 54, 0\n  index: -1\nvfx/Slash2/Elements - Energy 030 Slash Right noCT noRSZ_00009\n  rotate: false\n  xy: 1109, 325\n  size: 145, 185\n  orig: 250, 250\n  offset: 56, 0\n  index: -1\nvfx/Slash2/Elements - Energy 030 Slash Right noCT noRSZ_00010\n  rotate: false\n  xy: 1256, 326\n  size: 140, 184\n  orig: 250, 250\n  offset: 59, 0\n  index: -1\nvfx/Slash2/Elements - Energy 030 Slash Right noCT noRSZ_00011\n  rotate: false\n  xy: 403, 22\n  size: 125, 132\n  orig: 250, 250\n  offset: 70, 0\n  index: -1\nvfx/Slash2/Elements - Energy 030 Slash Right noCT noRSZ_00012\n  rotate: false\n  xy: 1330, 145\n  size: 68, 122\n  orig: 250, 250\n  offset: 119, 0\n  index: -1\nvfx/Slash3/Elements - Energy 029 Slash Right noCT noRSZ_00000\n  rotate: false\n  xy: 1992, 368\n  size: 54, 56\n  orig: 250, 250\n  offset: 12, 102\n  index: -1\nvfx/Slash3/Elements - Energy 029 Slash Right noCT noRSZ_00001\n  rotate: false\n  xy: 1490, 149\n  size: 86, 56\n  orig: 250, 250\n  offset: 15, 102\n  index: -1\nvfx/Slash3/Elements - Energy 029 Slash Right noCT noRSZ_00002\n  rotate: false\n  xy: 814, 186\n  size: 137, 57\n  orig: 250, 250\n  offset: 13, 101\n  index: -1\nvfx/Slash3/Elements - Energy 029 Slash Right noCT noRSZ_00003\n  rotate: false\n  xy: 641, 178\n  size: 171, 57\n  orig: 250, 250\n  offset: 13, 101\n  index: -1\nvfx/Slash3/Elements - Energy 029 Slash Right noCT noRSZ_00004\n  rotate: false\n  xy: 1798, 367\n  size: 192, 57\n  orig: 250, 250\n  offset: 23, 100\n  index: -1\nvfx/Slash3/Elements - Energy 029 Slash Right noCT noRSZ_00005\n  rotate: false\n  xy: 1786, 248\n  size: 176, 57\n  orig: 250, 250\n  offset: 44, 100\n  index: -1\nvfx/Slash3/Elements - Energy 029 Slash Right noCT noRSZ_00006\n  rotate: false\n  xy: 1795, 307\n  size: 177, 58\n  orig: 250, 250\n  offset: 48, 99\n  index: -1\nvfx/Slash3/Elements - Energy 029 Slash Right noCT noRSZ_00007\n  rotate: false\n  xy: 953, 181\n  size: 158, 57\n  orig: 250, 250\n  offset: 69, 99\n  index: -1\nvfx/Slash3/Elements - Energy 029 Slash Right noCT noRSZ_00008\n  rotate: false\n  xy: 1256, 269\n  size: 102, 55\n  orig: 250, 250\n  offset: 128, 100\n  index: -1\nvfx/Slash3/Elements - Energy 029 Slash Right noCT noRSZ_00009\n  rotate: false\n  xy: 1400, 150\n  size: 88, 55\n  orig: 250, 250\n  offset: 146, 100\n  index: -1\nvfx/Slash3/Elements - Energy 029 Slash Right noCT noRSZ_00010\n  rotate: false\n  xy: 1343, 89\n  size: 83, 54\n  orig: 250, 250\n  offset: 151, 101\n  index: -1\nvfx/Slash3/Elements - Energy 029 Slash Right noCT noRSZ_00011\n  rotate: false\n  xy: 1578, 197\n  size: 84, 52\n  orig: 250, 250\n  offset: 152, 102\n  index: -1\nvfx/Slash3/Elements - Energy 029 Slash Right noCT noRSZ_00012\n  rotate: false\n  xy: 1664, 199\n  size: 79, 50\n  orig: 250, 250\n  offset: 157, 103\n  index: -1\nvfx/smoke right/smoke right_00000\n  rotate: false\n  xy: 339, 280\n  size: 29, 8\n  orig: 84, 84\n  offset: 8, 40\n  index: -1\nvfx/smoke right/smoke right_00001\n  rotate: false\n  xy: 50, 2\n  size: 42, 14\n  orig: 84, 84\n  offset: 9, 38\n  index: -1\nvfx/smoke right/smoke right_00002\n  rotate: false\n  xy: 97, 20\n  size: 46, 19\n  orig: 84, 84\n  offset: 11, 38\n  index: -1\nvfx/smoke right/smoke right_00003\n  rotate: false\n  xy: 982, 32\n  size: 46, 21\n  orig: 84, 84\n  offset: 13, 37\n  index: -1\nvfx/smoke right/smoke right_00004\n  rotate: false\n  xy: 50, 18\n  size: 45, 21\n  orig: 84, 84\n  offset: 15, 37\n  index: -1\nvfx/smoke right/smoke right_00005\n  rotate: false\n  xy: 1503, 125\n  size: 45, 22\n  orig: 84, 84\n  offset: 16, 37\n  index: -1\nvfx/smoke right/smoke right_00006\n  rotate: false\n  xy: 2, 16\n  size: 46, 23\n  orig: 84, 84\n  offset: 16, 36\n  index: -1\nvfx/smoke right/smoke right_00007\n  rotate: false\n  xy: 1745, 225\n  size: 39, 24\n  orig: 84, 84\n  offset: 24, 35\n  index: -1\nvfx/smoke right/smoke right_00008\n  rotate: false\n  xy: 2018, 486\n  size: 27, 24\n  orig: 84, 84\n  offset: 37, 35\n  index: -1\nvfx/smoke right/smoke right_00009\n  rotate: false\n  xy: 1360, 300\n  size: 26, 24\n  orig: 84, 84\n  offset: 38, 35\n  index: -1\nvfx/smoke right/smoke right_00010\n  rotate: false\n  xy: 1637, 173\n  size: 25, 22\n  orig: 84, 84\n  offset: 40, 35\n  index: -1\nvfx/smoke right/smoke right_00011\n  rotate: false\n  xy: 1664, 178\n  size: 24, 19\n  orig: 84, 84\n  offset: 41, 34\n  index: -1\nvfx/smoke right/smoke right_00012\n  rotate: false\n  xy: 94, 2\n  size: 9, 14\n  orig: 84, 84\n  offset: 56, 35\n  index: -1\nweapon/bow\n  rotate: false\n  xy: 230, 128\n  size: 146, 146\n  orig: 155, 155\n  offset: 0, 9\n  index: -1\nweapon/pistol\n  rotate: false\n  xy: 1578, 157\n  size: 57, 38\n  orig: 57, 38\n  offset: 0, 0\n  index: -1\nweapon/rifle\n  rotate: false\n  xy: 1113, 195\n  size: 112, 40\n  orig: 112, 40\n  offset: 0, 0\n  index: -1\nweapon/sword\n  rotate: false\n  xy: 170, 104\n  size: 58, 168\n  orig: 58, 168\n  offset: 0, 0\n  index: -1\nweapon/uzi\n  rotate: false\n  xy: 1263, 79\n  size: 78, 59\n  orig: 78, 59\n  offset: 0, 0\n  index: -1\n"
}