{
  "__type__": "cc.AnimationClip",
  "_name": "Player_UpgradeAnim",
  "_objFlags": 0,
  "_native": "",
  "_duration": 1,
  "sample": 60,
  "speed": 1,
  "wrapMode": 1,
  "curveData": {
    "paths": {
      "frame_glow": {
        "props": {
          "scale": [
            {
              "frame": 0,
              "value": {
                "__type__": "cc.Vec3",
                "x": 0.25,
                "y": 0.25,
                "z": 1
              }
            },
            {
              "frame": 0.16666666666666666,
              "value": {
                "__type__": "cc.Vec3",
                "x": 0.05,
                "y": 0.05,
                "z": 1
              }
            },
            {
              "frame": 0.5,
              "value": {
                "__type__": "cc.Vec3",
                "x": 0.25,
                "y": 0.25,
                "z": 1
              }
            },
            {
              "frame": 1,
              "value": {
                "__type__": "cc.Vec3",
                "x": 0.5,
                "y": 0.5,
                "z": 1
              }
            }
          ],
          "opacity": [
            {
              "frame": 0,
              "value": 0
            },
            {
              "frame": 0.16666666666666666,
              "value": 255
            },
            {
              "frame": 0.5,
              "value": 200
            },
            {
              "frame": 1,
              "value": 0
            }
          ],
          "position": [
            {
              "frame": 0,
              "value": [
                0,
                50,
                0
              ]
            },
            {
              "frame": 0.16666666666666666,
              "value": [
                0,
                0,
                0
              ]
            }
          ]
        }
      }
    }
  },
  "events": []
}