{
  "__type__": "cc.TextAsset",
  "_name": "stickman fighter.atlas",
  "_objFlags": 0,
  "_native": "",
  "text": "\nstickman fighter.png\nsize: 1024, 1024\nformat: RGBA8888\nfilter: Linear, Linear\nrepeat: none\nstickman/BaseSkin/than\n  rotate: false\n  xy: 951, 342\n  size: 47, 238\n  orig: 47, 238\n  offset: 0, 0\n  index: -1\nstickman/Captain/than\n  rotate: false\n  xy: 959, 53\n  size: 47, 238\n  orig: 47, 238\n  offset: 0, 0\n  index: -1\nvfx/Slash1/Elements - Energy 020 Slash1 Ray Right noCT noRSZ_00013\n  rotate: false\n  xy: 681, 7\n  size: 276, 128\n  orig: 500, 500\n  offset: 169, 172\n  index: -1\nvfx/Slash2/Elements - Energy 030 Slash Right noCT noRSZ_00001\n  rotate: false\n  xy: 351, 552\n  size: 318, 469\n  orig: 500, 500\n  offset: 46, 10\n  index: -1\nvfx/Slash2/Elements - Energy 030 Slash Right noCT noRSZ_00002\n  rotate: false\n  xy: 2, 549\n  size: 347, 472\n  orig: 500, 500\n  offset: 53, 0\n  index: -1\nvfx/Slash2/Elements - Energy 030 Slash Right noCT noRSZ_00003\n  rotate: false\n  xy: 2, 86\n  size: 333, 461\n  orig: 500, 500\n  offset: 68, 0\n  index: -1\nvfx/Slash2/Elements - Energy 030 Slash Right noCT noRSZ_00004\n  rotate: false\n  xy: 671, 582\n  size: 316, 439\n  orig: 500, 500\n  offset: 86, 0\n  index: -1\nvfx/Slash2/Elements - Energy 030 Slash Right noCT noRSZ_00005\n  rotate: false\n  xy: 650, 137\n  size: 299, 413\n  orig: 500, 500\n  offset: 103, 0\n  index: -1\nvfx/Slash2/Elements - Energy 030 Slash Right noCT noRSZ_00006\n  rotate: false\n  xy: 337, 119\n  size: 311, 428\n  orig: 500, 500\n  offset: 93, 0\n  index: -1\nvfx/Slash3/Elements - Energy 029 Slash Right noCT noRSZ_00003\n  rotate: false\n  xy: 337, 3\n  size: 342, 114\n  orig: 500, 500\n  offset: 27, 202\n  index: -1\nvfx/smoke right/smoke right_00000\n  rotate: false\n  xy: 754, 565\n  size: 56, 15\n  orig: 167, 167\n  offset: 16, 80\n  index: -1\nvfx/smoke right/smoke right_00001\n  rotate: false\n  xy: 671, 553\n  size: 81, 27\n  orig: 167, 167\n  offset: 19, 76\n  index: -1\nvfx/smoke right/smoke right_00002\n  rotate: false\n  xy: 229, 2\n  size: 90, 36\n  orig: 167, 167\n  offset: 23, 76\n  index: -1\nvfx/smoke right/smoke right_00006\n  rotate: false\n  xy: 229, 40\n  size: 89, 44\n  orig: 167, 167\n  offset: 33, 73\n  index: -1\nvfx/smoke right/smoke right_00008\n  rotate: false\n  xy: 951, 293\n  size: 52, 47\n  orig: 167, 167\n  offset: 74, 70\n  index: -1\nvfx/smoke right/smoke right_00009\n  rotate: false\n  xy: 959, 5\n  size: 51, 46\n  orig: 167, 167\n  offset: 76, 70\n  index: -1\nvfx/smoke right/smoke right_00012\n  rotate: false\n  xy: 812, 552\n  size: 16, 28\n  orig: 167, 167\n  offset: 112, 69\n  index: -1\nweapon/rifle\n  rotate: false\n  xy: 2, 3\n  size: 225, 81\n  orig: 225, 81\n  offset: 0, 0\n  index: -1\n\nstickman fighter_2.png\nsize: 1024, 1024\nformat: RGBA8888\nfilter: Linear, Linear\nrepeat: none\nstickman/BaseSkin/chan_ phai\n  rotate: false\n  xy: 709, 338\n  size: 155, 309\n  orig: 155, 309\n  offset: 0, 0\n  index: -1\nstickman/BaseSkin/chan_ trai\n  rotate: false\n  xy: 873, 701\n  size: 136, 316\n  orig: 136, 316\n  offset: 0, 0\n  index: -1\nstickman/BaseSkin/tay_phai\n  rotate: false\n  xy: 860, 80\n  size: 143, 249\n  orig: 143, 249\n  offset: 0, 0\n  index: -1\nstickman/Captain/chan_ phai\n  rotate: false\n  xy: 703, 27\n  size: 155, 309\n  orig: 155, 309\n  offset: 0, 0\n  index: -1\nstickman/Captain/chan_ trai\n  rotate: false\n  xy: 866, 331\n  size: 136, 316\n  orig: 136, 316\n  offset: 0, 0\n  index: -1\nvfx/Slash1/Elements - Energy 020 Slash1 Ray Right noCT noRSZ_00006\n  rotate: false\n  xy: 263, 60\n  size: 438, 176\n  orig: 500, 500\n  offset: 7, 171\n  index: -1\nvfx/Slash2/Elements - Energy 030 Slash Right noCT noRSZ_00000\n  rotate: false\n  xy: 2, 2\n  size: 259, 258\n  orig: 500, 500\n  offset: 35, 230\n  index: -1\nvfx/Slash2/Elements - Energy 030 Slash Right noCT noRSZ_00007\n  rotate: false\n  xy: 2, 642\n  size: 297, 375\n  orig: 500, 500\n  offset: 106, 0\n  index: -1\nvfx/Slash2/Elements - Energy 030 Slash Right noCT noRSZ_00008\n  rotate: false\n  xy: 2, 262\n  size: 294, 378\n  orig: 500, 500\n  offset: 109, 0\n  index: -1\nvfx/Slash2/Elements - Energy 030 Slash Right noCT noRSZ_00009\n  rotate: false\n  xy: 301, 647\n  size: 289, 370\n  orig: 500, 500\n  offset: 112, 0\n  index: -1\nvfx/Slash2/Elements - Energy 030 Slash Right noCT noRSZ_00010\n  rotate: false\n  xy: 592, 649\n  size: 279, 368\n  orig: 500, 500\n  offset: 118, 0\n  index: -1\nvfx/Slash3/Elements - Energy 029 Slash Right noCT noRSZ_00002\n  rotate: false\n  xy: 416, 238\n  size: 274, 114\n  orig: 500, 500\n  offset: 27, 202\n  index: -1\nvfx/smoke right/smoke right_00003\n  rotate: false\n  xy: 298, 263\n  size: 89, 39\n  orig: 167, 167\n  offset: 27, 75\n  index: -1\nvfx/smoke right/smoke right_00004\n  rotate: false\n  xy: 873, 658\n  size: 89, 41\n  orig: 167, 167\n  offset: 30, 74\n  index: -1\nvfx/smoke right/smoke right_00005\n  rotate: false\n  xy: 263, 16\n  size: 89, 42\n  orig: 167, 167\n  offset: 32, 74\n  index: -1\nvfx/smoke right/smoke right_00007\n  rotate: false\n  xy: 354, 12\n  size: 76, 46\n  orig: 167, 167\n  offset: 48, 71\n  index: -1\nvfx/smoke right/smoke right_00010\n  rotate: false\n  xy: 432, 15\n  size: 48, 43\n  orig: 167, 167\n  offset: 80, 70\n  index: -1\nvfx/smoke right/smoke right_00011\n  rotate: false\n  xy: 482, 22\n  size: 46, 36\n  orig: 167, 167\n  offset: 82, 69\n  index: -1\nweapon/bow\n  rotate: false\n  xy: 416, 354\n  size: 291, 291\n  orig: 310, 310\n  offset: 0, 19\n  index: -1\nweapon/pistol\n  rotate: false\n  xy: 860, 2\n  size: 113, 76\n  orig: 113, 76\n  offset: 0, 0\n  index: -1\nweapon/sword\n  rotate: false\n  xy: 298, 304\n  size: 116, 336\n  orig: 116, 336\n  offset: 0, 0\n  index: -1\n\nstickman fighter_3.png\nsize: 1024, 1024\nformat: RGBA8888\nfilter: Linear, Linear\nrepeat: none\nstickman/BaseSkin/dau\n  rotate: false\n  xy: 857, 870\n  size: 156, 152\n  orig: 162, 158\n  offset: 3, 3\n  index: -1\nstickman/BaseSkin/tay_ trai\n  rotate: false\n  xy: 255, 244\n  size: 131, 254\n  orig: 131, 254\n  offset: 0, 0\n  index: -1\nstickman/Captain/Khien\n  rotate: false\n  xy: 644, 79\n  size: 151, 151\n  orig: 157, 157\n  offset: 3, 3\n  index: -1\nstickman/Captain/dau\n  rotate: false\n  xy: 828, 669\n  size: 194, 184\n  orig: 200, 190\n  offset: 3, 3\n  index: -1\nstickman/Captain/tay_ trai\n  rotate: false\n  xy: 715, 367\n  size: 131, 254\n  orig: 131, 254\n  offset: 0, 0\n  index: -1\nstickman/Captain/tay_phai\n  rotate: false\n  xy: 848, 418\n  size: 143, 249\n  orig: 143, 249\n  offset: 0, 0\n  index: -1\nvfx/Slash1/Elements - Energy 020 Slash1 Ray Right noCT noRSZ_00003\n  rotate: false\n  xy: 848, 262\n  size: 150, 154\n  orig: 500, 500\n  offset: 2, 159\n  index: -1\nvfx/Slash1/Elements - Energy 020 Slash1 Ray Right noCT noRSZ_00005\n  rotate: false\n  xy: 2, 500\n  size: 356, 183\n  orig: 500, 500\n  offset: 2, 163\n  index: -1\nvfx/Slash1/Elements - Energy 020 Slash1 Ray Right noCT noRSZ_00007\n  rotate: false\n  xy: 2, 853\n  size: 437, 169\n  orig: 500, 500\n  offset: 14, 179\n  index: -1\nvfx/Slash1/Elements - Energy 020 Slash1 Ray Right noCT noRSZ_00008\n  rotate: false\n  xy: 2, 685\n  size: 429, 166\n  orig: 500, 500\n  offset: 24, 182\n  index: -1\nvfx/Slash1/Elements - Energy 020 Slash1 Ray Right noCT noRSZ_00009\n  rotate: false\n  xy: 441, 855\n  size: 414, 167\n  orig: 500, 500\n  offset: 39, 180\n  index: -1\nvfx/Slash1/Elements - Energy 020 Slash1 Ray Right noCT noRSZ_00010\n  rotate: false\n  xy: 2, 68\n  size: 341, 164\n  orig: 500, 500\n  offset: 112, 175\n  index: -1\nvfx/Slash1/Elements - Energy 020 Slash1 Ray Right noCT noRSZ_00011\n  rotate: false\n  xy: 388, 347\n  size: 325, 158\n  orig: 500, 500\n  offset: 129, 174\n  index: -1\nvfx/Slash1/Elements - Energy 020 Slash1 Ray Right noCT noRSZ_00012\n  rotate: false\n  xy: 345, 80\n  size: 297, 150\n  orig: 500, 500\n  offset: 155, 172\n  index: -1\nvfx/Slash2/Elements - Energy 030 Slash Right noCT noRSZ_00011\n  rotate: false\n  xy: 2, 234\n  size: 251, 264\n  orig: 500, 500\n  offset: 139, 0\n  index: -1\nvfx/Slash2/Elements - Energy 030 Slash Right noCT noRSZ_00012\n  rotate: false\n  xy: 797, 17\n  size: 135, 243\n  orig: 500, 500\n  offset: 238, 0\n  index: -1\nvfx/Slash3/Elements - Energy 029 Slash Right noCT noRSZ_00004\n  rotate: false\n  xy: 441, 740\n  size: 385, 113\n  orig: 500, 500\n  offset: 45, 200\n  index: -1\nvfx/Slash3/Elements - Energy 029 Slash Right noCT noRSZ_00005\n  rotate: false\n  xy: 360, 507\n  size: 350, 114\n  orig: 500, 500\n  offset: 89, 200\n  index: -1\nvfx/Slash3/Elements - Energy 029 Slash Right noCT noRSZ_00006\n  rotate: false\n  xy: 433, 623\n  size: 355, 115\n  orig: 500, 500\n  offset: 96, 199\n  index: -1\nvfx/Slash3/Elements - Energy 029 Slash Right noCT noRSZ_00007\n  rotate: false\n  xy: 388, 232\n  size: 316, 113\n  orig: 500, 500\n  offset: 139, 199\n  index: -1\n\nstickman fighter_4.png\nsize: 512, 512\nformat: RGBA8888\nfilter: Linear, Linear\nrepeat: none\nvfx/Slash1/Elements - Energy 020 Slash1 Ray Right noCT noRSZ_00002\n  rotate: false\n  xy: 368, 177\n  size: 107, 109\n  orig: 500, 500\n  offset: 10, 157\n  index: -1\nvfx/Slash1/Elements - Energy 020 Slash1 Ray Right noCT noRSZ_00004\n  rotate: false\n  xy: 2, 335\n  size: 239, 173\n  orig: 500, 500\n  offset: 1, 163\n  index: -1\nvfx/Slash3/Elements - Energy 029 Slash Right noCT noRSZ_00000\n  rotate: false\n  xy: 337, 64\n  size: 107, 111\n  orig: 500, 500\n  offset: 24, 204\n  index: -1\nvfx/Slash3/Elements - Energy 029 Slash Right noCT noRSZ_00001\n  rotate: false\n  xy: 243, 396\n  size: 173, 112\n  orig: 500, 500\n  offset: 29, 204\n  index: -1\nvfx/Slash3/Elements - Energy 029 Slash Right noCT noRSZ_00008\n  rotate: false\n  xy: 2, 222\n  size: 204, 111\n  orig: 500, 500\n  offset: 256, 200\n  index: -1\nvfx/Slash3/Elements - Energy 029 Slash Right noCT noRSZ_00009\n  rotate: false\n  xy: 2, 112\n  size: 176, 108\n  orig: 500, 500\n  offset: 292, 201\n  index: -1\nvfx/Slash3/Elements - Energy 029 Slash Right noCT noRSZ_00010\n  rotate: false\n  xy: 2, 2\n  size: 169, 108\n  orig: 500, 500\n  offset: 301, 202\n  index: -1\nvfx/Slash3/Elements - Energy 029 Slash Right noCT noRSZ_00011\n  rotate: false\n  xy: 243, 288\n  size: 168, 106\n  orig: 500, 500\n  offset: 303, 203\n  index: -1\nvfx/Slash3/Elements - Energy 029 Slash Right noCT noRSZ_00012\n  rotate: false\n  xy: 208, 187\n  size: 158, 99\n  orig: 500, 500\n  offset: 314, 207\n  index: -1\nweapon/uzi\n  rotate: false\n  xy: 180, 67\n  size: 155, 118\n  orig: 155, 118\n  offset: 0, 0\n  index: -1\n"
}