[
  {
    "__type__": "cc.Prefab",
    "_name": "LevelUpParticle",
    "_objFlags": 0,
    "_native": "",
    "data": {
      "__id__": 1
    },
    "optimizationPolicy": 0,
    "asyncLoadAssets": false,
    "readonly": false
  },
  {
    "__type__": "cc.Node",
    "_name": "LevelUpParticle",
    "_objFlags": 0,
    "_parent": null,
    "_children": [],
    "_active": true,
    "_components": [
      {
        "__id__": 2
      }
    ],
    "_prefab": {
      "__id__": 20
    },
    "_opacity": 255,
    "_color": {
      "__type__": "cc.Color",
      "r": 255,
      "g": 255,
      "b": 255,
      "a": 255
    },
    "_contentSize": {
      "__type__": "cc.Size",
      "width": 0,
      "height": 0
    },
    "_anchorPoint": {
      "__type__": "cc.Vec2",
      "x": 0.5,
      "y": 0.5
    },
    "_trs": {
      "__type__": "TypedArray",
      "ctor": "Float64Array",
      "array": [
        0,
        -10,
        0,
        0,
        0,
        0,
        1,
        1,
        1,
        1
      ]
    },
    "_eulerAngles": {
      "__type__": "cc.Vec3",
      "x": 0,
      "y": 0,
      "z": 0
    },
    "_skewX": 0,
    "_skewY": 0,
    "_is3DNode": true,
    "_groupIndex": 0,
    "groupIndex": 0,
    "_id": ""
  },
  {
    "__type__": "cc.ParticleSystem3D",
    "_name": "",
    "_objFlags": 0,
    "node": {
      "__id__": 1
    },
    "_enabled": true,
    "_materials": [
      {
        "__uuid__": "9dd98047-8398-451b-9589-bf186da4fd60"
      }
    ],
    "duration": 3,
    "_capacity": 50,
    "loop": true,
    "playOnAwake": true,
    "_prewarm": false,
    "_simulationSpace": 1,
    "simulationSpeed": 1,
    "startDelay": {
      "__id__": 3
    },
    "startLifetime": {
      "__id__": 4
    },
    "startColor": {
      "__id__": 5
    },
    "scaleSpace": 0,
    "startSize": {
      "__id__": 6
    },
    "startSpeed": {
      "__id__": 7
    },
    "startRotation": {
      "__id__": 8
    },
    "gravityModifier": {
      "__id__": 9
    },
    "rateOverTime": {
      "__id__": 10
    },
    "rateOverDistance": {
      "__id__": 11
    },
    "bursts": [],
    "_shapeModule": {
      "__id__": 12
    },
    "_textureAnimationModule": {
      "__id__": 14
    },
    "_renderMode": 0,
    "_velocityScale": 1,
    "_lengthScale": 1,
    "_mesh": null,
    "_id": ""
  },
  {
    "__type__": "cc.CurveRange",
    "mode": 0,
    "constant": 0,
    "multiplier": 1
  },
  {
    "__type__": "cc.CurveRange",
    "mode": 3,
    "constantMin": 2,
    "constantMax": 3,
    "multiplier": 1
  },
  {
    "__type__": "cc.GradientRange",
    "_mode": 0,
    "color": {
      "__type__": "cc.Color",
      "r": 255,
      "g": 255,
      "b": 255,
      "a": 255
    }
  },
  {
    "__type__": "cc.CurveRange",
    "mode": 3,
    "constantMin": 25,
    "constantMax": 40,
    "multiplier": 1
  },
  {
    "__type__": "cc.CurveRange",
    "mode": 3,
    "constantMin": 5,
    "constantMax": 10,
    "multiplier": 1
  },
  {
    "__type__": "cc.CurveRange",
    "mode": 0,
    "constant": 0,
    "multiplier": 1
  },
  {
    "__type__": "cc.CurveRange",
    "mode": 0,
    "constant": 0,
    "multiplier": 1
  },
  {
    "__type__": "cc.CurveRange",
    "mode": 0,
    "constant": 1,
    "multiplier": 1
  },
  {
    "__type__": "cc.CurveRange",
    "mode": 0,
    "constant": 0,
    "multiplier": 1
  },
  {
    "__type__": "cc.ShapeModule",
    "enable": true,
    "_shapeType": 2,
    "emitFrom": 0,
    "radius": 1,
    "radiusThickness": 10,
    "_angle": 0,
    "_arc": 6.283185307179586,
    "arcMode": 0,
    "arcSpread": 0,
    "arcSpeed": {
      "__id__": 13
    },
    "length": 5,
    "boxThickness": {
      "__type__": "cc.Vec3",
      "x": 0,
      "y": 0,
      "z": 0
    },
    "_position": {
      "__type__": "cc.Vec3",
      "x": 0,
      "y": 0,
      "z": 0
    },
    "_rotation": {
      "__type__": "cc.Vec3",
      "x": 90,
      "y": 0,
      "z": 0
    },
    "_scale": {
      "__type__": "cc.Vec3",
      "x": 1,
      "y": 1,
      "z": 1
    },
    "alignToDirection": false,
    "randomDirectionAmount": 0,
    "sphericalDirectionAmount": 0,
    "randomPositionAmount": 0
  },
  {
    "__type__": "cc.CurveRange",
    "mode": 0,
    "constant": 0,
    "multiplier": 1
  },
  {
    "__type__": "cc.TextureAnimationModule",
    "_enable": true,
    "_mode": 0,
    "_numTilesX": 3,
    "_numTilesY": 3,
    "animation": 0,
    "randomRow": false,
    "rowIndex": 0,
    "frameOverTime": {
      "__id__": 15
    },
    "startFrame": {
      "__id__": 19
    },
    "cycleCount": 1
  },
  {
    "__type__": "cc.CurveRange",
    "mode": 1,
    "curve": {
      "__id__": 16
    },
    "multiplier": 1
  },
  {
    "__type__": "cc.AnimationCurve",
    "keyFrames": [
      {
        "__id__": 17
      },
      {
        "__id__": 18
      }
    ],
    "preWrapMode": 2,
    "postWrapMode": 2
  },
  {
    "__type__": "cc.Keyframe",
    "time": 0,
    "value": 0,
    "inTangent": 1,
    "outTangent": 1
  },
  {
    "__type__": "cc.Keyframe",
    "time": 1,
    "value": 1,
    "inTangent": 1,
    "outTangent": 1
  },
  {
    "__type__": "cc.CurveRange",
    "mode": 0,
    "constant": 0,
    "multiplier": 1
  },
  {
    "__type__": "cc.PrefabInfo",
    "root": {
      "__id__": 1
    },
    "asset": {
      "__uuid__": "4259edab-387c-4238-ac04-86769eef756a"
    },
    "fileId": "",
    "sync": false
  }
]