{
  "__type__": "cc.AnimationClip",
  "_name": "Box_WeaponAnim",
  "_objFlags": 0,
  "_native": "",
  "_duration": 1.5,
  "sample": 60,
  "speed": 1,
  "wrapMode": 22,
  "curveData": {
    "props": {
      "position": [
        {
          "frame": 0,
          "value": [
            0,
            -0.205,
            0
          ]
        },
        {
          "frame": 1.5,
          "value": [
            0,
            4.721,
            0
          ]
        }
      ]
    }
  },
  "events": []
}