{
  "__type__": "cc.TextureCube",
  "content": {
    "base": "2,2,0,0,2,0",
    "rgbe": false,
    "mipmaps": [
      {
        "front": "09b14ffe-3ef0-4ccd-b5d5-0a9e54f89edb@b47c0@e9a6d",
        "back": "09b14ffe-3ef0-4ccd-b5d5-0a9e54f89edb@b47c0@40c10",
        "left": "09b14ffe-3ef0-4ccd-b5d5-0a9e54f89edb@b47c0@8fd34",
        "right": "09b14ffe-3ef0-4ccd-b5d5-0a9e54f89edb@b47c0@74afd",
        "top": "09b14ffe-3ef0-4ccd-b5d5-0a9e54f89edb@b47c0@bb97f",
        "bottom": "09b14ffe-3ef0-4ccd-b5d5-0a9e54f89edb@b47c0@7d38f"
      }
    ]
  }
}