[
  {
    "__type__": "cc.Prefab",
    "_name": "",
    "_objFlags": 0,
    "_native": "",
    "data": {
      "__id__": 1
    },
    "optimizationPolicy": 0,
    "persistent": false,
    "asyncLoadAssets": false
  },
  {
    "__type__": "cc.Node",
    "_name": "Robo_Third",
    "_objFlags": 0,
    "__editorExtras__": {},
    "_parent": null,
    "_children": [
      {
        "__id__": 2
      },
      {
        "__id__": 127
      },
      {
        "__id__": 131
      },
      {
        "__id__": 144
      },
      {
        "__id__": 158
      }
    ],
    "_active": true,
    "_components": [
      {
        "__id__": 172
      },
      {
        "__id__": 174
      },
      {
        "__id__": 176
      },
      {
        "__id__": 178
      }
    ],
    "_prefab": {
      "__id__": 180
    },
    "_lpos": {
      "__type__": "cc.Vec3",
      "x": 0,
      "y": 0,
      "z": 0
    },
    "_lrot": {
      "__type__": "cc.Quat",
      "x": 0,
      "y": 0,
      "z": 0,
      "w": 1
    },
    "_lscale": {
      "__type__": "cc.Vec3",
      "x": 1,
      "y": 1,
      "z": 1
    },
    "_layer": 8388608,
    "_euler": {
      "__type__": "cc.Vec3",
      "x": 0,
      "y": 0,
      "z": 0
    },
    "_id": ""
  },
  {
    "__type__": "cc.Node",
    "_objFlags": 0,
    "_parent": {
      "__id__": 1
    },
    "_prefab": {
      "__id__": 3
    }
  },
  {
    "__type__": "cc.PrefabInfo",
    "root": {
      "__id__": 2
    },
    "asset": {
      "__uuid__": "558d3785-6617-4cb8-82bd-5d2ae963cfe3@ff82e",
      "__expectedType__": "cc.Prefab"
    },
    "fileId": "4dEvFY4cxST45q1Kj0hjTO",
    "instance": {
      "__id__": 4
    }
  },
  {
    "__type__": "cc.PrefabInstance",
    "fileId": "f2VeKI8eRJ4JWO2A1RqZFE",
    "prefabRootNode": {
      "__id__": 1
    },
    "mountedChildren": [],
    "mountedComponents": [],
    "propertyOverrides": [
      {
        "__id__": 5
      },
      {
        "__id__": 7
      },
      {
        "__id__": 8
      },
      {
        "__id__": 9
      },
      {
        "__id__": 10
      },
      {
        "__id__": 12
      },
      {
        "__id__": 13
      },
      {
        "__id__": 15
      },
      {
        "__id__": 16
      },
      {
        "__id__": 18
      },
      {
        "__id__": 19
      },
      {
        "__id__": 21
      },
      {
        "__id__": 22
      },
      {
        "__id__": 24
      },
      {
        "__id__": 25
      },
      {
        "__id__": 27
      },
      {
        "__id__": 28
      },
      {
        "__id__": 30
      },
      {
        "__id__": 31
      },
      {
        "__id__": 33
      },
      {
        "__id__": 34
      },
      {
        "__id__": 36
      },
      {
        "__id__": 37
      },
      {
        "__id__": 38
      },
      {
        "__id__": 39
      },
      {
        "__id__": 40
      },
      {
        "__id__": 41
      },
      {
        "__id__": 42
      },
      {
        "__id__": 43
      },
      {
        "__id__": 44
      },
      {
        "__id__": 45
      },
      {
        "__id__": 46
      },
      {
        "__id__": 47
      },
      {
        "__id__": 49
      },
      {
        "__id__": 50
      },
      {
        "__id__": 51
      },
      {
        "__id__": 52
      },
      {
        "__id__": 53
      },
      {
        "__id__": 54
      },
      {
        "__id__": 55
      },
      {
        "__id__": 57
      },
      {
        "__id__": 59
      },
      {
        "__id__": 61
      },
      {
        "__id__": 63
      },
      {
        "__id__": 65
      },
      {
        "__id__": 67
      },
      {
        "__id__": 69
      },
      {
        "__id__": 71
      },
      {
        "__id__": 73
      },
      {
        "__id__": 75
      },
      {
        "__id__": 77
      },
      {
        "__id__": 79
      },
      {
        "__id__": 81
      },
      {
        "__id__": 83
      },
      {
        "__id__": 85
      },
      {
        "__id__": 87
      },
      {
        "__id__": 89
      },
      {
        "__id__": 91
      },
      {
        "__id__": 93
      },
      {
        "__id__": 95
      },
      {
        "__id__": 97
      },
      {
        "__id__": 99
      },
      {
        "__id__": 101
      },
      {
        "__id__": 103
      },
      {
        "__id__": 105
      },
      {
        "__id__": 107
      },
      {
        "__id__": 109
      },
      {
        "__id__": 111
      },
      {
        "__id__": 113
      },
      {
        "__id__": 115
      },
      {
        "__id__": 117
      },
      {
        "__id__": 119
      },
      {
        "__id__": 121
      },
      {
        "__id__": 123
      },
      {
        "__id__": 125
      }
    ],
    "removedComponents": []
  },
  {
    "__type__": "CCPropertyOverrideInfo",
    "targetInfo": {
      "__id__": 6
    },
    "propertyPath": [
      "_name"
    ],
    "value": "Robo_Base"
  },
  {
    "__type__": "cc.TargetInfo",
    "localID": [
      "4dEvFY4cxST45q1Kj0hjTO"
    ]
  },
  {
    "__type__": "CCPropertyOverrideInfo",
    "targetInfo": {
      "__id__": 6
    },
    "propertyPath": [
      "_lpos"
    ],
    "value": {
      "__type__": "cc.Vec3",
      "x": 0,
      "y": 0,
      "z": 0
    }
  },
  {
    "__type__": "CCPropertyOverrideInfo",
    "targetInfo": {
      "__id__": 6
    },
    "propertyPath": [
      "_lrot"
    ],
    "value": {
      "__type__": "cc.Quat",
      "x": 0,
      "y": 0.7071067811865475,
      "z": 0,
      "w": 0.7071067811865476
    }
  },
  {
    "__type__": "CCPropertyOverrideInfo",
    "targetInfo": {
      "__id__": 6
    },
    "propertyPath": [
      "_euler"
    ],
    "value": {
      "__type__": "cc.Vec3",
      "x": 0,
      "y": 90,
      "z": 0
    }
  },
  {
    "__type__": "CCPropertyOverrideInfo",
    "targetInfo": {
      "__id__": 11
    },
    "propertyPath": [
      "_shadowCastingMode"
    ],
    "value": 1
  },
  {
    "__type__": "cc.TargetInfo",
    "localID": [
      "b9WqwTqzZWna9iVyC9LYLG"
    ]
  },
  {
    "__type__": "CCPropertyOverrideInfo",
    "targetInfo": {
      "__id__": 11
    },
    "propertyPath": [
      "_skinningRoot"
    ],
    "value": {
      "__id__": 2
    }
  },
  {
    "__type__": "CCPropertyOverrideInfo",
    "targetInfo": {
      "__id__": 14
    },
    "propertyPath": [
      "_shadowCastingMode"
    ],
    "value": 1
  },
  {
    "__type__": "cc.TargetInfo",
    "localID": [
      "aaXggtVxNSxJQFkBdBXFFs"
    ]
  },
  {
    "__type__": "CCPropertyOverrideInfo",
    "targetInfo": {
      "__id__": 14
    },
    "propertyPath": [
      "_skinningRoot"
    ],
    "value": {
      "__id__": 2
    }
  },
  {
    "__type__": "CCPropertyOverrideInfo",
    "targetInfo": {
      "__id__": 17
    },
    "propertyPath": [
      "_shadowCastingMode"
    ],
    "value": 1
  },
  {
    "__type__": "cc.TargetInfo",
    "localID": [
      "e5OREENDRa64tgXOyo7tpU"
    ]
  },
  {
    "__type__": "CCPropertyOverrideInfo",
    "targetInfo": {
      "__id__": 17
    },
    "propertyPath": [
      "_skinningRoot"
    ],
    "value": {
      "__id__": 2
    }
  },
  {
    "__type__": "CCPropertyOverrideInfo",
    "targetInfo": {
      "__id__": 20
    },
    "propertyPath": [
      "_shadowCastingMode"
    ],
    "value": 1
  },
  {
    "__type__": "cc.TargetInfo",
    "localID": [
      "88onHxoLZRcIBNlsRq+eyj"
    ]
  },
  {
    "__type__": "CCPropertyOverrideInfo",
    "targetInfo": {
      "__id__": 20
    },
    "propertyPath": [
      "_skinningRoot"
    ],
    "value": {
      "__id__": 2
    }
  },
  {
    "__type__": "CCPropertyOverrideInfo",
    "targetInfo": {
      "__id__": 23
    },
    "propertyPath": [
      "_shadowCastingMode"
    ],
    "value": 1
  },
  {
    "__type__": "cc.TargetInfo",
    "localID": [
      "84rVwCVrdcSrpwq1UwW08q"
    ]
  },
  {
    "__type__": "CCPropertyOverrideInfo",
    "targetInfo": {
      "__id__": 23
    },
    "propertyPath": [
      "_skinningRoot"
    ],
    "value": {
      "__id__": 2
    }
  },
  {
    "__type__": "CCPropertyOverrideInfo",
    "targetInfo": {
      "__id__": 26
    },
    "propertyPath": [
      "_shadowCastingMode"
    ],
    "value": 1
  },
  {
    "__type__": "cc.TargetInfo",
    "localID": [
      "beVomb7rBUionA5jho2+oN"
    ]
  },
  {
    "__type__": "CCPropertyOverrideInfo",
    "targetInfo": {
      "__id__": 26
    },
    "propertyPath": [
      "_skinningRoot"
    ],
    "value": {
      "__id__": 2
    }
  },
  {
    "__type__": "CCPropertyOverrideInfo",
    "targetInfo": {
      "__id__": 29
    },
    "propertyPath": [
      "_shadowCastingMode"
    ],
    "value": 1
  },
  {
    "__type__": "cc.TargetInfo",
    "localID": [
      "22tmM7/T9dw51nOJ+XUmdS"
    ]
  },
  {
    "__type__": "CCPropertyOverrideInfo",
    "targetInfo": {
      "__id__": 29
    },
    "propertyPath": [
      "_skinningRoot"
    ],
    "value": {
      "__id__": 2
    }
  },
  {
    "__type__": "CCPropertyOverrideInfo",
    "targetInfo": {
      "__id__": 32
    },
    "propertyPath": [
      "_shadowCastingMode"
    ],
    "value": 1
  },
  {
    "__type__": "cc.TargetInfo",
    "localID": [
      "ebqEcaSvRRF6Ng5Tn0/pXo"
    ]
  },
  {
    "__type__": "CCPropertyOverrideInfo",
    "targetInfo": {
      "__id__": 32
    },
    "propertyPath": [
      "_skinningRoot"
    ],
    "value": {
      "__id__": 2
    }
  },
  {
    "__type__": "CCPropertyOverrideInfo",
    "targetInfo": {
      "__id__": 35
    },
    "propertyPath": [
      "_shadowCastingMode"
    ],
    "value": 1
  },
  {
    "__type__": "cc.TargetInfo",
    "localID": [
      "a5Nac0fNZVbrV8PhtSgxll"
    ]
  },
  {
    "__type__": "CCPropertyOverrideInfo",
    "targetInfo": {
      "__id__": 35
    },
    "propertyPath": [
      "_skinningRoot"
    ],
    "value": {
      "__id__": 2
    }
  },
  {
    "__type__": "CCPropertyOverrideInfo",
    "targetInfo": {
      "__id__": 6
    },
    "propertyPath": [
      "_lscale"
    ],
    "value": {
      "__type__": "cc.Vec3",
      "x": 500,
      "y": 500,
      "z": 500
    }
  },
  {
    "__type__": "CCPropertyOverrideInfo",
    "targetInfo": {
      "__id__": 11
    },
    "propertyPath": [
      "_materials",
      "0"
    ],
    "value": {
      "__uuid__": "c8fcc9d9-daf8-4e73-a6f0-e7762724a58d",
      "__expectedType__": "cc.Material"
    }
  },
  {
    "__type__": "CCPropertyOverrideInfo",
    "targetInfo": {
      "__id__": 14
    },
    "propertyPath": [
      "_materials",
      "0"
    ],
    "value": {
      "__uuid__": "c8fcc9d9-daf8-4e73-a6f0-e7762724a58d",
      "__expectedType__": "cc.Material"
    }
  },
  {
    "__type__": "CCPropertyOverrideInfo",
    "targetInfo": {
      "__id__": 17
    },
    "propertyPath": [
      "_materials",
      "0"
    ],
    "value": {
      "__uuid__": "c8fcc9d9-daf8-4e73-a6f0-e7762724a58d",
      "__expectedType__": "cc.Material"
    }
  },
  {
    "__type__": "CCPropertyOverrideInfo",
    "targetInfo": {
      "__id__": 20
    },
    "propertyPath": [
      "_materials",
      "0"
    ],
    "value": {
      "__uuid__": "c8fcc9d9-daf8-4e73-a6f0-e7762724a58d",
      "__expectedType__": "cc.Material"
    }
  },
  {
    "__type__": "CCPropertyOverrideInfo",
    "targetInfo": {
      "__id__": 23
    },
    "propertyPath": [
      "_materials",
      "0"
    ],
    "value": {
      "__uuid__": "c8fcc9d9-daf8-4e73-a6f0-e7762724a58d",
      "__expectedType__": "cc.Material"
    }
  },
  {
    "__type__": "CCPropertyOverrideInfo",
    "targetInfo": {
      "__id__": 26
    },
    "propertyPath": [
      "_materials",
      "0"
    ],
    "value": {
      "__uuid__": "c8fcc9d9-daf8-4e73-a6f0-e7762724a58d",
      "__expectedType__": "cc.Material"
    }
  },
  {
    "__type__": "CCPropertyOverrideInfo",
    "targetInfo": {
      "__id__": 29
    },
    "propertyPath": [
      "_materials",
      "0"
    ],
    "value": {
      "__uuid__": "c8fcc9d9-daf8-4e73-a6f0-e7762724a58d",
      "__expectedType__": "cc.Material"
    }
  },
  {
    "__type__": "CCPropertyOverrideInfo",
    "targetInfo": {
      "__id__": 32
    },
    "propertyPath": [
      "_materials",
      "0"
    ],
    "value": {
      "__uuid__": "c8fcc9d9-daf8-4e73-a6f0-e7762724a58d",
      "__expectedType__": "cc.Material"
    }
  },
  {
    "__type__": "CCPropertyOverrideInfo",
    "targetInfo": {
      "__id__": 35
    },
    "propertyPath": [
      "_materials",
      "0"
    ],
    "value": {
      "__uuid__": "c8fcc9d9-daf8-4e73-a6f0-e7762724a58d",
      "__expectedType__": "cc.Material"
    }
  },
  {
    "__type__": "CCPropertyOverrideInfo",
    "targetInfo": {
      "__id__": 48
    },
    "propertyPath": [
      "_clips",
      "length"
    ],
    "value": 3
  },
  {
    "__type__": "cc.TargetInfo",
    "localID": [
      "3aZIsylT9b26u4NRek8kRg"
    ]
  },
  {
    "__type__": "CCPropertyOverrideInfo",
    "targetInfo": {
      "__id__": 48
    },
    "propertyPath": [
      "_clips",
      "0"
    ],
    "value": {
      "__uuid__": "e928658a-883d-4e98-9f72-3efd8401cc57@a58ca",
      "__expectedType__": "cc.AnimationClip"
    }
  },
  {
    "__type__": "CCPropertyOverrideInfo",
    "targetInfo": {
      "__id__": 48
    },
    "propertyPath": [
      "_defaultClip"
    ],
    "value": {
      "__uuid__": "e928658a-883d-4e98-9f72-3efd8401cc57@a58ca",
      "__expectedType__": "cc.AnimationClip"
    }
  },
  {
    "__type__": "CCPropertyOverrideInfo",
    "targetInfo": {
      "__id__": 48
    },
    "propertyPath": [
      "_clips",
      "1"
    ],
    "value": {
      "__uuid__": "de201013-e73c-46fc-a196-da88e00c7f5c@b4251",
      "__expectedType__": "cc.AnimationClip"
    }
  },
  {
    "__type__": "CCPropertyOverrideInfo",
    "targetInfo": {
      "__id__": 48
    },
    "propertyPath": [
      "_clips",
      "2"
    ],
    "value": {
      "__uuid__": "9f7387d9-62cf-46ec-9c75-46e49c15bebe@37358",
      "__expectedType__": "cc.AnimationClip"
    }
  },
  {
    "__type__": "CCPropertyOverrideInfo",
    "targetInfo": {
      "__id__": 48
    },
    "propertyPath": [
      "playOnLoad"
    ],
    "value": true
  },
  {
    "__type__": "CCPropertyOverrideInfo",
    "targetInfo": {
      "__id__": 6
    },
    "propertyPath": [
      "_layer"
    ],
    "value": 8388608
  },
  {
    "__type__": "CCPropertyOverrideInfo",
    "targetInfo": {
      "__id__": 56
    },
    "propertyPath": [
      "_layer"
    ],
    "value": 8388608
  },
  {
    "__type__": "cc.TargetInfo",
    "localID": [
      "07c8SBx95etIRfgl4Ayxfp"
    ]
  },
  {
    "__type__": "CCPropertyOverrideInfo",
    "targetInfo": {
      "__id__": 58
    },
    "propertyPath": [
      "_layer"
    ],
    "value": 8388608
  },
  {
    "__type__": "cc.TargetInfo",
    "localID": [
      "54u2C3GJhZqqb/C1M9yLqO"
    ]
  },
  {
    "__type__": "CCPropertyOverrideInfo",
    "targetInfo": {
      "__id__": 60
    },
    "propertyPath": [
      "_layer"
    ],
    "value": 8388608
  },
  {
    "__type__": "cc.TargetInfo",
    "localID": [
      "448yEJbvRdx5wrKvRk6k+G"
    ]
  },
  {
    "__type__": "CCPropertyOverrideInfo",
    "targetInfo": {
      "__id__": 62
    },
    "propertyPath": [
      "_layer"
    ],
    "value": 8388608
  },
  {
    "__type__": "cc.TargetInfo",
    "localID": [
      "82NKhpZtVawIzVKN6dEBa0"
    ]
  },
  {
    "__type__": "CCPropertyOverrideInfo",
    "targetInfo": {
      "__id__": 64
    },
    "propertyPath": [
      "_layer"
    ],
    "value": 8388608
  },
  {
    "__type__": "cc.TargetInfo",
    "localID": [
      "b1iJaqh5ZSzatsekgqEc+C"
    ]
  },
  {
    "__type__": "CCPropertyOverrideInfo",
    "targetInfo": {
      "__id__": 66
    },
    "propertyPath": [
      "_layer"
    ],
    "value": 8388608
  },
  {
    "__type__": "cc.TargetInfo",
    "localID": [
      "71slHNthxQvK7NXYG3rILu"
    ]
  },
  {
    "__type__": "CCPropertyOverrideInfo",
    "targetInfo": {
      "__id__": 68
    },
    "propertyPath": [
      "_layer"
    ],
    "value": 8388608
  },
  {
    "__type__": "cc.TargetInfo",
    "localID": [
      "bagw/J+6ZblavG17X+Mj/M"
    ]
  },
  {
    "__type__": "CCPropertyOverrideInfo",
    "targetInfo": {
      "__id__": 70
    },
    "propertyPath": [
      "_layer"
    ],
    "value": 8388608
  },
  {
    "__type__": "cc.TargetInfo",
    "localID": [
      "8ewvZYdLRY3IwyZXJSkOuE"
    ]
  },
  {
    "__type__": "CCPropertyOverrideInfo",
    "targetInfo": {
      "__id__": 72
    },
    "propertyPath": [
      "_layer"
    ],
    "value": 8388608
  },
  {
    "__type__": "cc.TargetInfo",
    "localID": [
      "46X36CR21XNIb5+21oBJf2"
    ]
  },
  {
    "__type__": "CCPropertyOverrideInfo",
    "targetInfo": {
      "__id__": 74
    },
    "propertyPath": [
      "_layer"
    ],
    "value": 8388608
  },
  {
    "__type__": "cc.TargetInfo",
    "localID": [
      "b46G1jcTlYcb59fuF4kNMw"
    ]
  },
  {
    "__type__": "CCPropertyOverrideInfo",
    "targetInfo": {
      "__id__": 76
    },
    "propertyPath": [
      "_layer"
    ],
    "value": 8388608
  },
  {
    "__type__": "cc.TargetInfo",
    "localID": [
      "69n2UV4IhVHZLL8Zpa2hFj"
    ]
  },
  {
    "__type__": "CCPropertyOverrideInfo",
    "targetInfo": {
      "__id__": 78
    },
    "propertyPath": [
      "_layer"
    ],
    "value": 8388608
  },
  {
    "__type__": "cc.TargetInfo",
    "localID": [
      "24qH50a7td9KLABt3knQ6Z"
    ]
  },
  {
    "__type__": "CCPropertyOverrideInfo",
    "targetInfo": {
      "__id__": 80
    },
    "propertyPath": [
      "_layer"
    ],
    "value": 8388608
  },
  {
    "__type__": "cc.TargetInfo",
    "localID": [
      "1494dSsC5Z7KsA7Ixas+ee"
    ]
  },
  {
    "__type__": "CCPropertyOverrideInfo",
    "targetInfo": {
      "__id__": 82
    },
    "propertyPath": [
      "_layer"
    ],
    "value": 8388608
  },
  {
    "__type__": "cc.TargetInfo",
    "localID": [
      "8eF/EGPutfKYqil3+wlqsc"
    ]
  },
  {
    "__type__": "CCPropertyOverrideInfo",
    "targetInfo": {
      "__id__": 84
    },
    "propertyPath": [
      "_layer"
    ],
    "value": 8388608
  },
  {
    "__type__": "cc.TargetInfo",
    "localID": [
      "5cPhMz8ehe156fhHGLsEaf"
    ]
  },
  {
    "__type__": "CCPropertyOverrideInfo",
    "targetInfo": {
      "__id__": 86
    },
    "propertyPath": [
      "_layer"
    ],
    "value": 8388608
  },
  {
    "__type__": "cc.TargetInfo",
    "localID": [
      "6dbZ3FftNf8JQpASXH+uEk"
    ]
  },
  {
    "__type__": "CCPropertyOverrideInfo",
    "targetInfo": {
      "__id__": 88
    },
    "propertyPath": [
      "_layer"
    ],
    "value": 8388608
  },
  {
    "__type__": "cc.TargetInfo",
    "localID": [
      "78dOq096tXZ6OI20DWQ7Bo"
    ]
  },
  {
    "__type__": "CCPropertyOverrideInfo",
    "targetInfo": {
      "__id__": 90
    },
    "propertyPath": [
      "_layer"
    ],
    "value": 8388608
  },
  {
    "__type__": "cc.TargetInfo",
    "localID": [
      "01CoeeAOlah6niHpKTfaiB"
    ]
  },
  {
    "__type__": "CCPropertyOverrideInfo",
    "targetInfo": {
      "__id__": 92
    },
    "propertyPath": [
      "_layer"
    ],
    "value": 8388608
  },
  {
    "__type__": "cc.TargetInfo",
    "localID": [
      "56wv8VuA1TAonsNUO/zqJv"
    ]
  },
  {
    "__type__": "CCPropertyOverrideInfo",
    "targetInfo": {
      "__id__": 94
    },
    "propertyPath": [
      "_layer"
    ],
    "value": 8388608
  },
  {
    "__type__": "cc.TargetInfo",
    "localID": [
      "0clXb4a1hTTIpaZmCjNiiX"
    ]
  },
  {
    "__type__": "CCPropertyOverrideInfo",
    "targetInfo": {
      "__id__": 96
    },
    "propertyPath": [
      "_layer"
    ],
    "value": 8388608
  },
  {
    "__type__": "cc.TargetInfo",
    "localID": [
      "d3/teX3mpfSrIJp0dwTXxQ"
    ]
  },
  {
    "__type__": "CCPropertyOverrideInfo",
    "targetInfo": {
      "__id__": 98
    },
    "propertyPath": [
      "_layer"
    ],
    "value": 8388608
  },
  {
    "__type__": "cc.TargetInfo",
    "localID": [
      "e5PX7KJdJZs4PRr/pDKk5W"
    ]
  },
  {
    "__type__": "CCPropertyOverrideInfo",
    "targetInfo": {
      "__id__": 100
    },
    "propertyPath": [
      "_layer"
    ],
    "value": 8388608
  },
  {
    "__type__": "cc.TargetInfo",
    "localID": [
      "8ba97gEcRfv5b1u1lHKK4X"
    ]
  },
  {
    "__type__": "CCPropertyOverrideInfo",
    "targetInfo": {
      "__id__": 102
    },
    "propertyPath": [
      "_layer"
    ],
    "value": 8388608
  },
  {
    "__type__": "cc.TargetInfo",
    "localID": [
      "21BvW89udRnaN0Q/esRQ/9"
    ]
  },
  {
    "__type__": "CCPropertyOverrideInfo",
    "targetInfo": {
      "__id__": 104
    },
    "propertyPath": [
      "_layer"
    ],
    "value": 8388608
  },
  {
    "__type__": "cc.TargetInfo",
    "localID": [
      "93HlBGqp9ewabj/K5MHPsc"
    ]
  },
  {
    "__type__": "CCPropertyOverrideInfo",
    "targetInfo": {
      "__id__": 106
    },
    "propertyPath": [
      "_layer"
    ],
    "value": 8388608
  },
  {
    "__type__": "cc.TargetInfo",
    "localID": [
      "4cdgVwjdZaS7V0UOgea5KU"
    ]
  },
  {
    "__type__": "CCPropertyOverrideInfo",
    "targetInfo": {
      "__id__": 108
    },
    "propertyPath": [
      "_layer"
    ],
    "value": 8388608
  },
  {
    "__type__": "cc.TargetInfo",
    "localID": [
      "27pFVKak9cbJl7lYm3ZuvI"
    ]
  },
  {
    "__type__": "CCPropertyOverrideInfo",
    "targetInfo": {
      "__id__": 110
    },
    "propertyPath": [
      "_layer"
    ],
    "value": 8388608
  },
  {
    "__type__": "cc.TargetInfo",
    "localID": [
      "13D1ONTFtZlqnOzZBNLxie"
    ]
  },
  {
    "__type__": "CCPropertyOverrideInfo",
    "targetInfo": {
      "__id__": 112
    },
    "propertyPath": [
      "_layer"
    ],
    "value": 8388608
  },
  {
    "__type__": "cc.TargetInfo",
    "localID": [
      "56JwogeuBQZJzthCmCWH9W"
    ]
  },
  {
    "__type__": "CCPropertyOverrideInfo",
    "targetInfo": {
      "__id__": 114
    },
    "propertyPath": [
      "_layer"
    ],
    "value": 8388608
  },
  {
    "__type__": "cc.TargetInfo",
    "localID": [
      "b6tfRAt/NURKdmECLUexcE"
    ]
  },
  {
    "__type__": "CCPropertyOverrideInfo",
    "targetInfo": {
      "__id__": 116
    },
    "propertyPath": [
      "_layer"
    ],
    "value": 8388608
  },
  {
    "__type__": "cc.TargetInfo",
    "localID": [
      "29LSnCF8BS7aRlMk+aAuW6"
    ]
  },
  {
    "__type__": "CCPropertyOverrideInfo",
    "targetInfo": {
      "__id__": 118
    },
    "propertyPath": [
      "_layer"
    ],
    "value": 8388608
  },
  {
    "__type__": "cc.TargetInfo",
    "localID": [
      "7bLZyDFhRYoa6vHg7zTxna"
    ]
  },
  {
    "__type__": "CCPropertyOverrideInfo",
    "targetInfo": {
      "__id__": 120
    },
    "propertyPath": [
      "_layer"
    ],
    "value": 8388608
  },
  {
    "__type__": "cc.TargetInfo",
    "localID": [
      "b8lOpP4uFRb6/HEaybJm3j"
    ]
  },
  {
    "__type__": "CCPropertyOverrideInfo",
    "targetInfo": {
      "__id__": 122
    },
    "propertyPath": [
      "_layer"
    ],
    "value": 8388608
  },
  {
    "__type__": "cc.TargetInfo",
    "localID": [
      "b31MUoJr9RWLLW9adMq6oY"
    ]
  },
  {
    "__type__": "CCPropertyOverrideInfo",
    "targetInfo": {
      "__id__": 124
    },
    "propertyPath": [
      "_layer"
    ],
    "value": 8388608
  },
  {
    "__type__": "cc.TargetInfo",
    "localID": [
      "77d09RpNVeOqm1ysW/0PON"
    ]
  },
  {
    "__type__": "CCPropertyOverrideInfo",
    "targetInfo": {
      "__id__": 126
    },
    "propertyPath": [
      "_layer"
    ],
    "value": 8388608
  },
  {
    "__type__": "cc.TargetInfo",
    "localID": [
      "ecD9QOMk9e37bySId6XSy7"
    ]
  },
  {
    "__type__": "cc.Node",
    "_name": "Robo_Level",
    "_objFlags": 0,
    "_parent": {
      "__id__": 1
    },
    "_children": [],
    "_active": true,
    "_components": [
      {
        "__id__": 128
      }
    ],
    "_prefab": {
      "__id__": 130
    },
    "_lpos": {
      "__type__": "cc.Vec3",
      "x": 0,
      "y": 0,
      "z": 0
    },
    "_lrot": {
      "__type__": "cc.Quat",
      "x": 0,
      "y": 0,
      "z": 0,
      "w": 1
    },
    "_lscale": {
      "__type__": "cc.Vec3",
      "x": 1,
      "y": 1,
      "z": 1
    },
    "_layer": 8388608,
    "_euler": {
      "__type__": "cc.Vec3",
      "x": 0,
      "y": 0,
      "z": 0
    },
    "_id": ""
  },
  {
    "__type__": "b3c00Sf76RDnYOF4UihNcxT",
    "_name": "",
    "_objFlags": 0,
    "__editorExtras__": {},
    "node": {
      "__id__": 127
    },
    "_enabled": true,
    "__prefab": {
      "__id__": 129
    },
    "_id": ""
  },
  {
    "__type__": "cc.CompPrefabInfo",
    "fileId": "4bjf8X/rtOAYhHZhFpWcuK"
  },
  {
    "__type__": "cc.PrefabInfo",
    "root": {
      "__id__": 1
    },
    "asset": {
      "__id__": 0
    },
    "fileId": "a47n77Fg9KcaP26BcdaDMh"
  },
  {
    "__type__": "cc.Node",
    "_objFlags": 0,
    "_parent": {
      "__id__": 1
    },
    "_prefab": {
      "__id__": 132
    },
    "__editorExtras__": {}
  },
  {
    "__type__": "cc.PrefabInfo",
    "root": {
      "__id__": 131
    },
    "asset": {
      "__uuid__": "1e12472a-371a-47d6-830e-e80dd495f8cf",
      "__expectedType__": "cc.Prefab"
    },
    "fileId": "0dZngw4XVG4L0NExqeSESL",
    "instance": {
      "__id__": 133
    }
  },
  {
    "__type__": "cc.PrefabInstance",
    "fileId": "60NSY9zeVDVKFXhcVoRCRG",
    "prefabRootNode": {
      "__id__": 1
    },
    "mountedChildren": [],
    "mountedComponents": [],
    "propertyOverrides": [
      {
        "__id__": 134
      },
      {
        "__id__": 136
      },
      {
        "__id__": 137
      },
      {
        "__id__": 138
      },
      {
        "__id__": 139
      },
      {
        "__id__": 140
      },
      {
        "__id__": 141
      },
      {
        "__id__": 143
      }
    ],
    "removedComponents": []
  },
  {
    "__type__": "CCPropertyOverrideInfo",
    "targetInfo": {
      "__id__": 135
    },
    "propertyPath": [
      "_name"
    ],
    "value": "FireBall"
  },
  {
    "__type__": "cc.TargetInfo",
    "localID": [
      "0dZngw4XVG4L0NExqeSESL"
    ]
  },
  {
    "__type__": "CCPropertyOverrideInfo",
    "targetInfo": {
      "__id__": 135
    },
    "propertyPath": [
      "_lpos"
    ],
    "value": {
      "__type__": "cc.Vec3",
      "x": -0.234,
      "y": 4.928,
      "z": 1.296
    }
  },
  {
    "__type__": "CCPropertyOverrideInfo",
    "targetInfo": {
      "__id__": 135
    },
    "propertyPath": [
      "_lrot"
    ],
    "value": {
      "__type__": "cc.Quat",
      "x": 0.7071067811865475,
      "y": 0,
      "z": 0,
      "w": 0.7071067811865476
    }
  },
  {
    "__type__": "CCPropertyOverrideInfo",
    "targetInfo": {
      "__id__": 135
    },
    "propertyPath": [
      "_euler"
    ],
    "value": {
      "__type__": "cc.Vec3",
      "x": 90,
      "y": 0,
      "z": 0
    }
  },
  {
    "__type__": "CCPropertyOverrideInfo",
    "targetInfo": {
      "__id__": 135
    },
    "propertyPath": [
      "_lscale"
    ],
    "value": {
      "__type__": "cc.Vec3",
      "x": 0.5,
      "y": 0.5,
      "z": 0.5
    }
  },
  {
    "__type__": "CCPropertyOverrideInfo",
    "targetInfo": {
      "__id__": 135
    },
    "propertyPath": [
      "_active"
    ],
    "value": true
  },
  {
    "__type__": "CCPropertyOverrideInfo",
    "targetInfo": {
      "__id__": 142
    },
    "propertyPath": [
      "loop"
    ],
    "value": false
  },
  {
    "__type__": "cc.TargetInfo",
    "localID": [
      "997SBNaQNCWKIt4cMMbVIk"
    ]
  },
  {
    "__type__": "CCPropertyOverrideInfo",
    "targetInfo": {
      "__id__": 142
    },
    "propertyPath": [
      "playOnAwake"
    ],
    "value": false
  },
  {
    "__type__": "cc.Node",
    "_objFlags": 0,
    "_parent": {
      "__id__": 1
    },
    "_prefab": {
      "__id__": 145
    },
    "__editorExtras__": {}
  },
  {
    "__type__": "cc.PrefabInfo",
    "root": {
      "__id__": 144
    },
    "asset": {
      "__uuid__": "1e12472a-371a-47d6-830e-e80dd495f8cf",
      "__expectedType__": "cc.Prefab"
    },
    "fileId": "0dZngw4XVG4L0NExqeSESL",
    "instance": {
      "__id__": 146
    }
  },
  {
    "__type__": "cc.PrefabInstance",
    "fileId": "c2jzVGUG5C5Lv33akMSkO4",
    "prefabRootNode": {
      "__id__": 1
    },
    "mountedChildren": [],
    "mountedComponents": [],
    "propertyOverrides": [
      {
        "__id__": 147
      },
      {
        "__id__": 149
      },
      {
        "__id__": 150
      },
      {
        "__id__": 151
      },
      {
        "__id__": 152
      },
      {
        "__id__": 153
      },
      {
        "__id__": 154
      },
      {
        "__id__": 155
      },
      {
        "__id__": 157
      }
    ],
    "removedComponents": []
  },
  {
    "__type__": "CCPropertyOverrideInfo",
    "targetInfo": {
      "__id__": 148
    },
    "propertyPath": [
      "_name"
    ],
    "value": "FireBall-001"
  },
  {
    "__type__": "cc.TargetInfo",
    "localID": [
      "0dZngw4XVG4L0NExqeSESL"
    ]
  },
  {
    "__type__": "CCPropertyOverrideInfo",
    "targetInfo": {
      "__id__": 148
    },
    "propertyPath": [
      "_lpos"
    ],
    "value": {
      "__type__": "cc.Vec3",
      "x": 0.131,
      "y": 4.928,
      "z": -2.804
    }
  },
  {
    "__type__": "CCPropertyOverrideInfo",
    "targetInfo": {
      "__id__": 148
    },
    "propertyPath": [
      "_lrot"
    ],
    "value": {
      "__type__": "cc.Quat",
      "x": 0.7071067811865475,
      "y": 0,
      "z": 0,
      "w": 0.7071067811865476
    }
  },
  {
    "__type__": "CCPropertyOverrideInfo",
    "targetInfo": {
      "__id__": 148
    },
    "propertyPath": [
      "_euler"
    ],
    "value": {
      "__type__": "cc.Vec3",
      "x": 90,
      "y": 0,
      "z": 0
    }
  },
  {
    "__type__": "CCPropertyOverrideInfo",
    "targetInfo": {
      "__id__": 148
    },
    "propertyPath": [
      "_lscale"
    ],
    "value": {
      "__type__": "cc.Vec3",
      "x": 0.5,
      "y": 0.5,
      "z": 0.5
    }
  },
  {
    "__type__": "CCPropertyOverrideInfo",
    "targetInfo": {
      "__id__": 148
    },
    "propertyPath": [
      "_layer"
    ],
    "value": 8388608
  },
  {
    "__type__": "CCPropertyOverrideInfo",
    "targetInfo": {
      "__id__": 148
    },
    "propertyPath": [
      "_active"
    ],
    "value": true
  },
  {
    "__type__": "CCPropertyOverrideInfo",
    "targetInfo": {
      "__id__": 156
    },
    "propertyPath": [
      "loop"
    ],
    "value": false
  },
  {
    "__type__": "cc.TargetInfo",
    "localID": [
      "997SBNaQNCWKIt4cMMbVIk"
    ]
  },
  {
    "__type__": "CCPropertyOverrideInfo",
    "targetInfo": {
      "__id__": 156
    },
    "propertyPath": [
      "playOnAwake"
    ],
    "value": false
  },
  {
    "__type__": "cc.Node",
    "_objFlags": 0,
    "_parent": {
      "__id__": 1
    },
    "_prefab": {
      "__id__": 159
    },
    "__editorExtras__": {}
  },
  {
    "__type__": "cc.PrefabInfo",
    "root": {
      "__id__": 158
    },
    "asset": {
      "__uuid__": "1e12472a-371a-47d6-830e-e80dd495f8cf",
      "__expectedType__": "cc.Prefab"
    },
    "fileId": "0dZngw4XVG4L0NExqeSESL",
    "instance": {
      "__id__": 160
    }
  },
  {
    "__type__": "cc.PrefabInstance",
    "fileId": "09FzWp/71PcbFd/7qgHNZ9",
    "prefabRootNode": {
      "__id__": 1
    },
    "mountedChildren": [],
    "mountedComponents": [],
    "propertyOverrides": [
      {
        "__id__": 161
      },
      {
        "__id__": 163
      },
      {
        "__id__": 164
      },
      {
        "__id__": 165
      },
      {
        "__id__": 166
      },
      {
        "__id__": 167
      },
      {
        "__id__": 168
      },
      {
        "__id__": 169
      },
      {
        "__id__": 171
      }
    ],
    "removedComponents": []
  },
  {
    "__type__": "CCPropertyOverrideInfo",
    "targetInfo": {
      "__id__": 162
    },
    "propertyPath": [
      "_name"
    ],
    "value": "FireBall-002"
  },
  {
    "__type__": "cc.TargetInfo",
    "localID": [
      "0dZngw4XVG4L0NExqeSESL"
    ]
  },
  {
    "__type__": "CCPropertyOverrideInfo",
    "targetInfo": {
      "__id__": 162
    },
    "propertyPath": [
      "_lpos"
    ],
    "value": {
      "__type__": "cc.Vec3",
      "x": 0.232,
      "y": 13.666,
      "z": 0.211
    }
  },
  {
    "__type__": "CCPropertyOverrideInfo",
    "targetInfo": {
      "__id__": 162
    },
    "propertyPath": [
      "_lrot"
    ],
    "value": {
      "__type__": "cc.Quat",
      "x": 0.7071067811865475,
      "y": 0,
      "z": 0,
      "w": 0.7071067811865476
    }
  },
  {
    "__type__": "CCPropertyOverrideInfo",
    "targetInfo": {
      "__id__": 162
    },
    "propertyPath": [
      "_euler"
    ],
    "value": {
      "__type__": "cc.Vec3",
      "x": 90,
      "y": 0,
      "z": 0
    }
  },
  {
    "__type__": "CCPropertyOverrideInfo",
    "targetInfo": {
      "__id__": 162
    },
    "propertyPath": [
      "_lscale"
    ],
    "value": {
      "__type__": "cc.Vec3",
      "x": 0.5,
      "y": 0.5,
      "z": 0.5
    }
  },
  {
    "__type__": "CCPropertyOverrideInfo",
    "targetInfo": {
      "__id__": 162
    },
    "propertyPath": [
      "_layer"
    ],
    "value": 8388608
  },
  {
    "__type__": "CCPropertyOverrideInfo",
    "targetInfo": {
      "__id__": 162
    },
    "propertyPath": [
      "_active"
    ],
    "value": true
  },
  {
    "__type__": "CCPropertyOverrideInfo",
    "targetInfo": {
      "__id__": 170
    },
    "propertyPath": [
      "loop"
    ],
    "value": false
  },
  {
    "__type__": "cc.TargetInfo",
    "localID": [
      "997SBNaQNCWKIt4cMMbVIk"
    ]
  },
  {
    "__type__": "CCPropertyOverrideInfo",
    "targetInfo": {
      "__id__": 170
    },
    "propertyPath": [
      "playOnAwake"
    ],
    "value": false
  },
  {
    "__type__": "41676kj9UhAPKH+vCF8mz5V",
    "_name": "",
    "_objFlags": 0,
    "__editorExtras__": {},
    "node": {
      "__id__": 1
    },
    "_enabled": true,
    "__prefab": {
      "__id__": 173
    },
    "PS_Smoke": null,
    "PS_Fires": [
      null,
      null,
      null
    ],
    "_id": ""
  },
  {
    "__type__": "cc.CompPrefabInfo",
    "fileId": "9agOO9rPBMDYg+sJ6qAqHU"
  },
  {
    "__type__": "cc.BoxCollider",
    "_name": "",
    "_objFlags": 0,
    "__editorExtras__": {},
    "node": {
      "__id__": 1
    },
    "_enabled": true,
    "__prefab": {
      "__id__": 175
    },
    "_material": null,
    "_isTrigger": false,
    "_center": {
      "__type__": "cc.Vec3",
      "x": 0,
      "y": 10,
      "z": 0
    },
    "_size": {
      "__type__": "cc.Vec3",
      "x": 10,
      "y": 20,
      "z": 10
    },
    "_id": ""
  },
  {
    "__type__": "cc.CompPrefabInfo",
    "fileId": "008viHHUxAkKiBCZubntHa"
  },
  {
    "__type__": "cc.RigidBody",
    "_name": "",
    "_objFlags": 0,
    "__editorExtras__": {},
    "node": {
      "__id__": 1
    },
    "_enabled": true,
    "__prefab": {
      "__id__": 177
    },
    "_group": 4,
    "_type": 2,
    "_mass": 1,
    "_allowSleep": true,
    "_linearDamping": 0.1,
    "_angularDamping": 0.1,
    "_useGravity": true,
    "_linearFactor": {
      "__type__": "cc.Vec3",
      "x": 1,
      "y": 1,
      "z": 1
    },
    "_angularFactor": {
      "__type__": "cc.Vec3",
      "x": 1,
      "y": 1,
      "z": 1
    },
    "_id": ""
  },
  {
    "__type__": "cc.CompPrefabInfo",
    "fileId": "d9UUDKK6hFZoPzAj0IHtBL"
  },
  {
    "__type__": "9f6dctBtf5KO56cIEQ9qBrL",
    "_name": "",
    "_objFlags": 0,
    "__editorExtras__": {},
    "node": {
      "__id__": 1
    },
    "_enabled": true,
    "__prefab": {
      "__id__": 179
    },
    "rigidBody": {
      "__id__": 176
    },
    "collider": {
      "__id__": 174
    },
    "_id": ""
  },
  {
    "__type__": "cc.CompPrefabInfo",
    "fileId": "54XGODL4tNp725MyZbWnsU"
  },
  {
    "__type__": "cc.PrefabInfo",
    "root": {
      "__id__": 1
    },
    "asset": {
      "__id__": 0
    },
    "fileId": "16T2MO0/tDK7HWm/T6HFRk",
    "targetOverrides": [
      {
        "__id__": 181
      },
      {
        "__id__": 183
      },
      {
        "__id__": 185
      },
      {
        "__id__": 187
      },
      {
        "__id__": 190
      },
      {
        "__id__": 193
      },
      {
        "__id__": 196
      },
      {
        "__id__": 198
      },
      {
        "__id__": 200
      }
    ],
    "nestedPrefabInstanceRoots": [
      {
        "__id__": 2
      },
      {
        "__id__": 131
      },
      {
        "__id__": 144
      },
      {
        "__id__": 158
      }
    ]
  },
  {
    "__type__": "cc.TargetOverrideInfo",
    "source": null,
    "sourceInfo": null,
    "propertyPath": [
      "PS_Fires",
      "0"
    ],
    "target": {
      "__id__": 131
    },
    "targetInfo": {
      "__id__": 182
    }
  },
  {
    "__type__": "cc.TargetInfo",
    "localID": [
      "997SBNaQNCWKIt4cMMbVIk"
    ]
  },
  {
    "__type__": "cc.TargetOverrideInfo",
    "source": null,
    "sourceInfo": null,
    "propertyPath": [
      "PS_Fires",
      "1"
    ],
    "target": {
      "__id__": 144
    },
    "targetInfo": {
      "__id__": 184
    }
  },
  {
    "__type__": "cc.TargetInfo",
    "localID": [
      "997SBNaQNCWKIt4cMMbVIk"
    ]
  },
  {
    "__type__": "cc.TargetOverrideInfo",
    "source": null,
    "sourceInfo": null,
    "propertyPath": [
      "PS_Fires",
      "2"
    ],
    "target": {
      "__id__": 158
    },
    "targetInfo": {
      "__id__": 186
    }
  },
  {
    "__type__": "cc.TargetInfo",
    "localID": [
      "997SBNaQNCWKIt4cMMbVIk"
    ]
  },
  {
    "__type__": "cc.TargetOverrideInfo",
    "source": {
      "__id__": 131
    },
    "sourceInfo": {
      "__id__": 188
    },
    "propertyPath": [
      "_trailModule",
      "_particleSystem"
    ],
    "target": {
      "__id__": 131
    },
    "targetInfo": {
      "__id__": 189
    }
  },
  {
    "__type__": "cc.TargetInfo",
    "localID": [
      "997SBNaQNCWKIt4cMMbVIk"
    ]
  },
  {
    "__type__": "cc.TargetInfo",
    "localID": [
      "997SBNaQNCWKIt4cMMbVIk"
    ]
  },
  {
    "__type__": "cc.TargetOverrideInfo",
    "source": {
      "__id__": 144
    },
    "sourceInfo": {
      "__id__": 191
    },
    "propertyPath": [
      "_trailModule",
      "_particleSystem"
    ],
    "target": {
      "__id__": 144
    },
    "targetInfo": {
      "__id__": 192
    }
  },
  {
    "__type__": "cc.TargetInfo",
    "localID": [
      "997SBNaQNCWKIt4cMMbVIk"
    ]
  },
  {
    "__type__": "cc.TargetInfo",
    "localID": [
      "997SBNaQNCWKIt4cMMbVIk"
    ]
  },
  {
    "__type__": "cc.TargetOverrideInfo",
    "source": {
      "__id__": 158
    },
    "sourceInfo": {
      "__id__": 194
    },
    "propertyPath": [
      "_trailModule",
      "_particleSystem"
    ],
    "target": {
      "__id__": 158
    },
    "targetInfo": {
      "__id__": 195
    }
  },
  {
    "__type__": "cc.TargetInfo",
    "localID": [
      "997SBNaQNCWKIt4cMMbVIk"
    ]
  },
  {
    "__type__": "cc.TargetInfo",
    "localID": [
      "997SBNaQNCWKIt4cMMbVIk"
    ]
  },
  {
    "__type__": "cc.TargetOverrideInfo",
    "source": {
      "__id__": 172
    },
    "sourceInfo": null,
    "propertyPath": [
      "PS_Fires",
      "0"
    ],
    "target": {
      "__id__": 131
    },
    "targetInfo": {
      "__id__": 197
    }
  },
  {
    "__type__": "cc.TargetInfo",
    "localID": [
      "997SBNaQNCWKIt4cMMbVIk"
    ]
  },
  {
    "__type__": "cc.TargetOverrideInfo",
    "source": {
      "__id__": 172
    },
    "sourceInfo": null,
    "propertyPath": [
      "PS_Fires",
      "1"
    ],
    "target": {
      "__id__": 144
    },
    "targetInfo": {
      "__id__": 199
    }
  },
  {
    "__type__": "cc.TargetInfo",
    "localID": [
      "997SBNaQNCWKIt4cMMbVIk"
    ]
  },
  {
    "__type__": "cc.TargetOverrideInfo",
    "source": {
      "__id__": 172
    },
    "sourceInfo": null,
    "propertyPath": [
      "PS_Fires",
      "2"
    ],
    "target": {
      "__id__": 158
    },
    "targetInfo": {
      "__id__": 201
    }
  },
  {
    "__type__": "cc.TargetInfo",
    "localID": [
      "997SBNaQNCWKIt4cMMbVIk"
    ]
  }
]