[
  {
    "__type__": "cc.Prefab",
    "_name": "",
    "_objFlags": 0,
    "_native": "",
    "data": {
      "__id__": 1
    },
    "optimizationPolicy": 0,
    "persistent": false,
    "asyncLoadAssets": false
  },
  {
    "__type__": "cc.Node",
    "_name": "Robo_Level3",
    "_objFlags": 0,
    "__editorExtras__": {},
    "_parent": null,
    "_children": [
      {
        "__id__": 2
      },
      {
        "__id__": 54
      }
    ],
    "_active": true,
    "_components": [
      {
        "__id__": 58
      }
    ],
    "_prefab": {
      "__id__": 60
    },
    "_lpos": {
      "__type__": "cc.Vec3",
      "x": 0,
      "y": 0,
      "z": 0
    },
    "_lrot": {
      "__type__": "cc.Quat",
      "x": 0,
      "y": 0,
      "z": 0,
      "w": 1
    },
    "_lscale": {
      "__type__": "cc.Vec3",
      "x": 1,
      "y": 1,
      "z": 1
    },
    "_layer": 8388608,
    "_euler": {
      "__type__": "cc.Vec3",
      "x": 0,
      "y": 0,
      "z": 0
    },
    "_id": ""
  },
  {
    "__type__": "cc.Node",
    "_objFlags": 0,
    "_parent": {
      "__id__": 1
    },
    "_prefab": {
      "__id__": 3
    }
  },
  {
    "__type__": "cc.PrefabInfo",
    "root": {
      "__id__": 2
    },
    "asset": {
      "__uuid__": "558d3785-6617-4cb8-82bd-5d2ae963cfe3@ff82e",
      "__expectedType__": "cc.Prefab"
    },
    "fileId": "4dEvFY4cxST45q1Kj0hjTO",
    "instance": {
      "__id__": 4
    }
  },
  {
    "__type__": "cc.PrefabInstance",
    "fileId": "f2VeKI8eRJ4JWO2A1RqZFE",
    "prefabRootNode": {
      "__id__": 1
    },
    "mountedChildren": [],
    "mountedComponents": [],
    "propertyOverrides": [
      {
        "__id__": 5
      },
      {
        "__id__": 7
      },
      {
        "__id__": 8
      },
      {
        "__id__": 9
      },
      {
        "__id__": 10
      },
      {
        "__id__": 12
      },
      {
        "__id__": 13
      },
      {
        "__id__": 15
      },
      {
        "__id__": 16
      },
      {
        "__id__": 18
      },
      {
        "__id__": 19
      },
      {
        "__id__": 21
      },
      {
        "__id__": 22
      },
      {
        "__id__": 24
      },
      {
        "__id__": 25
      },
      {
        "__id__": 27
      },
      {
        "__id__": 28
      },
      {
        "__id__": 30
      },
      {
        "__id__": 31
      },
      {
        "__id__": 33
      },
      {
        "__id__": 34
      },
      {
        "__id__": 36
      },
      {
        "__id__": 37
      },
      {
        "__id__": 38
      },
      {
        "__id__": 39
      },
      {
        "__id__": 40
      },
      {
        "__id__": 41
      },
      {
        "__id__": 42
      },
      {
        "__id__": 43
      },
      {
        "__id__": 44
      },
      {
        "__id__": 45
      },
      {
        "__id__": 46
      },
      {
        "__id__": 47
      },
      {
        "__id__": 49
      },
      {
        "__id__": 50
      },
      {
        "__id__": 51
      },
      {
        "__id__": 52
      },
      {
        "__id__": 53
      }
    ],
    "removedComponents": []
  },
  {
    "__type__": "CCPropertyOverrideInfo",
    "targetInfo": {
      "__id__": 6
    },
    "propertyPath": [
      "_name"
    ],
    "value": "Robo_Base"
  },
  {
    "__type__": "cc.TargetInfo",
    "localID": [
      "4dEvFY4cxST45q1Kj0hjTO"
    ]
  },
  {
    "__type__": "CCPropertyOverrideInfo",
    "targetInfo": {
      "__id__": 6
    },
    "propertyPath": [
      "_lpos"
    ],
    "value": {
      "__type__": "cc.Vec3",
      "x": 0,
      "y": 0,
      "z": 0
    }
  },
  {
    "__type__": "CCPropertyOverrideInfo",
    "targetInfo": {
      "__id__": 6
    },
    "propertyPath": [
      "_lrot"
    ],
    "value": {
      "__type__": "cc.Quat",
      "x": 0,
      "y": 0.7071067811865475,
      "z": 0,
      "w": 0.7071067811865476
    }
  },
  {
    "__type__": "CCPropertyOverrideInfo",
    "targetInfo": {
      "__id__": 6
    },
    "propertyPath": [
      "_euler"
    ],
    "value": {
      "__type__": "cc.Vec3",
      "x": 0,
      "y": 90,
      "z": 0
    }
  },
  {
    "__type__": "CCPropertyOverrideInfo",
    "targetInfo": {
      "__id__": 11
    },
    "propertyPath": [
      "_shadowCastingMode"
    ],
    "value": 1
  },
  {
    "__type__": "cc.TargetInfo",
    "localID": [
      "b9WqwTqzZWna9iVyC9LYLG"
    ]
  },
  {
    "__type__": "CCPropertyOverrideInfo",
    "targetInfo": {
      "__id__": 11
    },
    "propertyPath": [
      "_skinningRoot"
    ],
    "value": {
      "__id__": 2
    }
  },
  {
    "__type__": "CCPropertyOverrideInfo",
    "targetInfo": {
      "__id__": 14
    },
    "propertyPath": [
      "_shadowCastingMode"
    ],
    "value": 1
  },
  {
    "__type__": "cc.TargetInfo",
    "localID": [
      "aaXggtVxNSxJQFkBdBXFFs"
    ]
  },
  {
    "__type__": "CCPropertyOverrideInfo",
    "targetInfo": {
      "__id__": 14
    },
    "propertyPath": [
      "_skinningRoot"
    ],
    "value": {
      "__id__": 2
    }
  },
  {
    "__type__": "CCPropertyOverrideInfo",
    "targetInfo": {
      "__id__": 17
    },
    "propertyPath": [
      "_shadowCastingMode"
    ],
    "value": 1
  },
  {
    "__type__": "cc.TargetInfo",
    "localID": [
      "e5OREENDRa64tgXOyo7tpU"
    ]
  },
  {
    "__type__": "CCPropertyOverrideInfo",
    "targetInfo": {
      "__id__": 17
    },
    "propertyPath": [
      "_skinningRoot"
    ],
    "value": {
      "__id__": 2
    }
  },
  {
    "__type__": "CCPropertyOverrideInfo",
    "targetInfo": {
      "__id__": 20
    },
    "propertyPath": [
      "_shadowCastingMode"
    ],
    "value": 1
  },
  {
    "__type__": "cc.TargetInfo",
    "localID": [
      "88onHxoLZRcIBNlsRq+eyj"
    ]
  },
  {
    "__type__": "CCPropertyOverrideInfo",
    "targetInfo": {
      "__id__": 20
    },
    "propertyPath": [
      "_skinningRoot"
    ],
    "value": {
      "__id__": 2
    }
  },
  {
    "__type__": "CCPropertyOverrideInfo",
    "targetInfo": {
      "__id__": 23
    },
    "propertyPath": [
      "_shadowCastingMode"
    ],
    "value": 1
  },
  {
    "__type__": "cc.TargetInfo",
    "localID": [
      "84rVwCVrdcSrpwq1UwW08q"
    ]
  },
  {
    "__type__": "CCPropertyOverrideInfo",
    "targetInfo": {
      "__id__": 23
    },
    "propertyPath": [
      "_skinningRoot"
    ],
    "value": {
      "__id__": 2
    }
  },
  {
    "__type__": "CCPropertyOverrideInfo",
    "targetInfo": {
      "__id__": 26
    },
    "propertyPath": [
      "_shadowCastingMode"
    ],
    "value": 1
  },
  {
    "__type__": "cc.TargetInfo",
    "localID": [
      "beVomb7rBUionA5jho2+oN"
    ]
  },
  {
    "__type__": "CCPropertyOverrideInfo",
    "targetInfo": {
      "__id__": 26
    },
    "propertyPath": [
      "_skinningRoot"
    ],
    "value": {
      "__id__": 2
    }
  },
  {
    "__type__": "CCPropertyOverrideInfo",
    "targetInfo": {
      "__id__": 29
    },
    "propertyPath": [
      "_shadowCastingMode"
    ],
    "value": 1
  },
  {
    "__type__": "cc.TargetInfo",
    "localID": [
      "22tmM7/T9dw51nOJ+XUmdS"
    ]
  },
  {
    "__type__": "CCPropertyOverrideInfo",
    "targetInfo": {
      "__id__": 29
    },
    "propertyPath": [
      "_skinningRoot"
    ],
    "value": {
      "__id__": 2
    }
  },
  {
    "__type__": "CCPropertyOverrideInfo",
    "targetInfo": {
      "__id__": 32
    },
    "propertyPath": [
      "_shadowCastingMode"
    ],
    "value": 1
  },
  {
    "__type__": "cc.TargetInfo",
    "localID": [
      "ebqEcaSvRRF6Ng5Tn0/pXo"
    ]
  },
  {
    "__type__": "CCPropertyOverrideInfo",
    "targetInfo": {
      "__id__": 32
    },
    "propertyPath": [
      "_skinningRoot"
    ],
    "value": {
      "__id__": 2
    }
  },
  {
    "__type__": "CCPropertyOverrideInfo",
    "targetInfo": {
      "__id__": 35
    },
    "propertyPath": [
      "_shadowCastingMode"
    ],
    "value": 1
  },
  {
    "__type__": "cc.TargetInfo",
    "localID": [
      "a5Nac0fNZVbrV8PhtSgxll"
    ]
  },
  {
    "__type__": "CCPropertyOverrideInfo",
    "targetInfo": {
      "__id__": 35
    },
    "propertyPath": [
      "_skinningRoot"
    ],
    "value": {
      "__id__": 2
    }
  },
  {
    "__type__": "CCPropertyOverrideInfo",
    "targetInfo": {
      "__id__": 6
    },
    "propertyPath": [
      "_lscale"
    ],
    "value": {
      "__type__": "cc.Vec3",
      "x": 550,
      "y": 550,
      "z": 550
    }
  },
  {
    "__type__": "CCPropertyOverrideInfo",
    "targetInfo": {
      "__id__": 11
    },
    "propertyPath": [
      "_materials",
      "0"
    ],
    "value": {
      "__uuid__": "c8fcc9d9-daf8-4e73-a6f0-e7762724a58d",
      "__expectedType__": "cc.Material"
    }
  },
  {
    "__type__": "CCPropertyOverrideInfo",
    "targetInfo": {
      "__id__": 14
    },
    "propertyPath": [
      "_materials",
      "0"
    ],
    "value": {
      "__uuid__": "c8fcc9d9-daf8-4e73-a6f0-e7762724a58d",
      "__expectedType__": "cc.Material"
    }
  },
  {
    "__type__": "CCPropertyOverrideInfo",
    "targetInfo": {
      "__id__": 17
    },
    "propertyPath": [
      "_materials",
      "0"
    ],
    "value": {
      "__uuid__": "c8fcc9d9-daf8-4e73-a6f0-e7762724a58d",
      "__expectedType__": "cc.Material"
    }
  },
  {
    "__type__": "CCPropertyOverrideInfo",
    "targetInfo": {
      "__id__": 20
    },
    "propertyPath": [
      "_materials",
      "0"
    ],
    "value": {
      "__uuid__": "c8fcc9d9-daf8-4e73-a6f0-e7762724a58d",
      "__expectedType__": "cc.Material"
    }
  },
  {
    "__type__": "CCPropertyOverrideInfo",
    "targetInfo": {
      "__id__": 23
    },
    "propertyPath": [
      "_materials",
      "0"
    ],
    "value": {
      "__uuid__": "c8fcc9d9-daf8-4e73-a6f0-e7762724a58d",
      "__expectedType__": "cc.Material"
    }
  },
  {
    "__type__": "CCPropertyOverrideInfo",
    "targetInfo": {
      "__id__": 26
    },
    "propertyPath": [
      "_materials",
      "0"
    ],
    "value": {
      "__uuid__": "c8fcc9d9-daf8-4e73-a6f0-e7762724a58d",
      "__expectedType__": "cc.Material"
    }
  },
  {
    "__type__": "CCPropertyOverrideInfo",
    "targetInfo": {
      "__id__": 29
    },
    "propertyPath": [
      "_materials",
      "0"
    ],
    "value": {
      "__uuid__": "c8fcc9d9-daf8-4e73-a6f0-e7762724a58d",
      "__expectedType__": "cc.Material"
    }
  },
  {
    "__type__": "CCPropertyOverrideInfo",
    "targetInfo": {
      "__id__": 32
    },
    "propertyPath": [
      "_materials",
      "0"
    ],
    "value": {
      "__uuid__": "c8fcc9d9-daf8-4e73-a6f0-e7762724a58d",
      "__expectedType__": "cc.Material"
    }
  },
  {
    "__type__": "CCPropertyOverrideInfo",
    "targetInfo": {
      "__id__": 35
    },
    "propertyPath": [
      "_materials",
      "0"
    ],
    "value": {
      "__uuid__": "c8fcc9d9-daf8-4e73-a6f0-e7762724a58d",
      "__expectedType__": "cc.Material"
    }
  },
  {
    "__type__": "CCPropertyOverrideInfo",
    "targetInfo": {
      "__id__": 48
    },
    "propertyPath": [
      "_clips",
      "length"
    ],
    "value": 3
  },
  {
    "__type__": "cc.TargetInfo",
    "localID": [
      "3aZIsylT9b26u4NRek8kRg"
    ]
  },
  {
    "__type__": "CCPropertyOverrideInfo",
    "targetInfo": {
      "__id__": 48
    },
    "propertyPath": [
      "_clips",
      "0"
    ],
    "value": {
      "__uuid__": "e928658a-883d-4e98-9f72-3efd8401cc57@a58ca",
      "__expectedType__": "cc.AnimationClip"
    }
  },
  {
    "__type__": "CCPropertyOverrideInfo",
    "targetInfo": {
      "__id__": 48
    },
    "propertyPath": [
      "_defaultClip"
    ],
    "value": {
      "__uuid__": "e928658a-883d-4e98-9f72-3efd8401cc57@a58ca",
      "__expectedType__": "cc.AnimationClip"
    }
  },
  {
    "__type__": "CCPropertyOverrideInfo",
    "targetInfo": {
      "__id__": 48
    },
    "propertyPath": [
      "_clips",
      "1"
    ],
    "value": {
      "__uuid__": "de201013-e73c-46fc-a196-da88e00c7f5c@b4251",
      "__expectedType__": "cc.AnimationClip"
    }
  },
  {
    "__type__": "CCPropertyOverrideInfo",
    "targetInfo": {
      "__id__": 48
    },
    "propertyPath": [
      "_clips",
      "2"
    ],
    "value": {
      "__uuid__": "9f7387d9-62cf-46ec-9c75-46e49c15bebe@37358",
      "__expectedType__": "cc.AnimationClip"
    }
  },
  {
    "__type__": "CCPropertyOverrideInfo",
    "targetInfo": {
      "__id__": 48
    },
    "propertyPath": [
      "playOnLoad"
    ],
    "value": true
  },
  {
    "__type__": "cc.Node",
    "_name": "Robo_Level",
    "_objFlags": 0,
    "_parent": {
      "__id__": 1
    },
    "_children": [],
    "_active": true,
    "_components": [
      {
        "__id__": 55
      }
    ],
    "_prefab": {
      "__id__": 57
    },
    "_lpos": {
      "__type__": "cc.Vec3",
      "x": 0,
      "y": 0,
      "z": 0
    },
    "_lrot": {
      "__type__": "cc.Quat",
      "x": 0,
      "y": 0,
      "z": 0,
      "w": 1
    },
    "_lscale": {
      "__type__": "cc.Vec3",
      "x": 1,
      "y": 1,
      "z": 1
    },
    "_layer": 33554432,
    "_euler": {
      "__type__": "cc.Vec3",
      "x": 0,
      "y": 0,
      "z": 0
    },
    "_id": ""
  },
  {
    "__type__": "b3c00Sf76RDnYOF4UihNcxT",
    "_name": "",
    "_objFlags": 0,
    "__editorExtras__": {},
    "node": {
      "__id__": 54
    },
    "_enabled": true,
    "__prefab": {
      "__id__": 56
    },
    "Robo_Level": 10,
    "_id": ""
  },
  {
    "__type__": "cc.CompPrefabInfo",
    "fileId": "4bjf8X/rtOAYhHZhFpWcuK"
  },
  {
    "__type__": "cc.PrefabInfo",
    "root": {
      "__id__": 1
    },
    "asset": {
      "__id__": 0
    },
    "fileId": "a47n77Fg9KcaP26BcdaDMh"
  },
  {
    "__type__": "41676kj9UhAPKH+vCF8mz5V",
    "_name": "",
    "_objFlags": 0,
    "__editorExtras__": {},
    "node": {
      "__id__": 1
    },
    "_enabled": true,
    "__prefab": {
      "__id__": 59
    },
    "PS_Smoke": null,
    "_id": ""
  },
  {
    "__type__": "cc.CompPrefabInfo",
    "fileId": "9agOO9rPBMDYg+sJ6qAqHU"
  },
  {
    "__type__": "cc.PrefabInfo",
    "root": {
      "__id__": 1
    },
    "asset": {
      "__id__": 0
    },
    "fileId": "16T2MO0/tDK7HWm/T6HFRk",
    "nestedPrefabInstanceRoots": [
      {
        "__id__": 2
      }
    ]
  }
]