{
  "__type__": "sp.SkeletonData",
  "_name": "Spine",
  "_objFlags": 0,
  "_native": "",
  "_skeletonJson": {
    "skeleton": {
      "hash": "9iPY1cyrfQQr5YvZAgxjNVQveBo",
      "spine": "3.8.99",
      "x": -193.48,
      "y": 82.15,
      "width": 382,
      "height": 597,
      "images": "./images/",
      "audio": "C:/Users/Admin/Desktop/Merger Toilet PA"
    },
    "bones": [
      {
        "name": "root"
      },
      {
        "name": "bone",
        "parent": "root"
      },
      {
        "name": "bone2",
        "parent": "bone"
      }
    ],
    "slots": [
      {
        "name": "Level07",
        "bone": "bone",
        "attachment": "Layer 1"
      },
      {
        "name": "Level02",
        "bone": "bone",
        "attachment": "07Idle_014_0000"
      },
      {
        "name": "ATK_Ranger",
        "bone": "bone",
        "attachment": "image_006_0019"
      },
      {
        "name": "ATK_Melee",
        "bone": "bone"
      },
      {
        "name": "melee01",
        "bone": "bone2",
        "attachment": "melee01"
      },
      {
        "name": "melee02",
        "bone": "bone2",
        "attachment": "melee02"
      },
      {
        "name": "ranger01",
        "bone": "bone2",
        "attachment": "ranger01"
      }
    ],
    "skins": [
      {
        "name": "default",
        "attachments": {
          "ATK_Melee": {
            "image_011_0026": {
              "x": -8.98,
              "y": 388.65,
              "width": 203,
              "height": 581
            },
            "image_011_0027": {
              "x": -8.48,
              "y": 387.65,
              "width": 202,
              "height": 583
            },
            "image_011_0028": {
              "x": -7.98,
              "y": 384.15,
              "width": 209,
              "height": 588
            },
            "image_011_0029": {
              "x": -7.48,
              "y": 385.15,
              "width": 214,
              "height": 586
            },
            "image_011_0030": {
              "x": -6.48,
              "y": 390.65,
              "width": 220,
              "height": 577
            },
            "image_011_0031": {
              "x": -6.48,
              "y": 398.65,
              "width": 232,
              "height": 563
            },
            "image_011_0032": {
              "x": -6.48,
              "y": 405.15,
              "width": 232,
              "height": 548
            },
            "image_011_0033": {
              "x": -5.48,
              "y": 401.15,
              "width": 228,
              "height": 554
            },
            "image_011_0034": {
              "x": -5.98,
              "y": 400.65,
              "width": 235,
              "height": 553
            },
            "image_011_0035": {
              "x": -7.98,
              "y": 407.65,
              "width": 237,
              "height": 543
            },
            "image_011_0036": {
              "x": -10.98,
              "y": 416.15,
              "width": 237,
              "height": 528
            },
            "image_011_0037": {
              "x": -7.98,
              "y": 421.65,
              "width": 235,
              "height": 515
            },
            "image_011_0038": {
              "x": -7.98,
              "y": 417.15,
              "width": 241,
              "height": 522
            },
            "image_011_0039": {
              "x": -11.48,
              "y": 417.65,
              "width": 242,
              "height": 519
            },
            "image_011_0040": {
              "x": -12.98,
              "y": 423.65,
              "width": 243,
              "height": 511
            },
            "image_011_0041": {
              "x": -12.98,
              "y": 431.65,
              "width": 249,
              "height": 497
            },
            "image_011_0042": {
              "x": -15.98,
              "y": 437.15,
              "width": 251,
              "height": 484
            },
            "image_011_0043": {
              "x": -17.98,
              "y": 432.15,
              "width": 253,
              "height": 492
            },
            "image_011_0044": {
              "x": -18.48,
              "y": 428.65,
              "width": 260,
              "height": 497
            },
            "image_011_0045": {
              "x": -19.98,
              "y": 432.15,
              "width": 261,
              "height": 494
            },
            "image_011_0046": {
              "x": -20.98,
              "y": 409.65,
              "width": 339,
              "height": 541
            },
            "image_011_0047": {
              "x": -20.98,
              "y": 400.65,
              "width": 373,
              "height": 557
            },
            "image_011_0048": {
              "x": -46.48,
              "y": 402.65,
              "width": 318,
              "height": 551
            },
            "image_011_0049": {
              "x": -64.48,
              "y": 386.65,
              "width": 348,
              "height": 581
            },
            "image_011_0050": {
              "x": -73.48,
              "y": 374.65,
              "width": 384,
              "height": 609
            },
            "image_011_0051": {
              "x": -78.48,
              "y": 364.15,
              "width": 420,
              "height": 632
            },
            "image_011_0052": {
              "x": -6.48,
              "y": 429.65,
              "width": 232,
              "height": 499
            },
            "image_011_0053": {
              "x": -5.48,
              "y": 429.15,
              "width": 228,
              "height": 498
            },
            "image_011_0054": {
              "x": -5.98,
              "y": 429.15,
              "width": 235,
              "height": 496
            },
            "image_011_0055": {
              "x": -6.48,
              "y": 430.15,
              "width": 234,
              "height": 498
            },
            "image_011_0056": {
              "x": -6.48,
              "y": 431.15,
              "width": 260,
              "height": 500
            },
            "image_011_0057": {
              "x": -11.98,
              "y": 444.15,
              "width": 315,
              "height": 524
            },
            "image_011_0058": {
              "x": -11.98,
              "y": 472.65,
              "width": 341,
              "height": 579
            },
            "image_011_0059": {
              "x": -4.98,
              "y": 483.15,
              "width": 339,
              "height": 598
            },
            "image_011_0060": {
              "x": 4.02,
              "y": 487.65,
              "width": 341,
              "height": 607
            },
            "image_011_0061": {
              "x": 8.52,
              "y": 489.15,
              "width": 346,
              "height": 608
            },
            "image_011_0062": {
              "x": 4.02,
              "y": 488.65,
              "width": 351,
              "height": 603
            },
            "image_011_0063": {
              "x": -4.48,
              "y": 477.65,
              "width": 354,
              "height": 579
            },
            "image_011_0064": {
              "x": -12.48,
              "y": 465.15,
              "width": 352,
              "height": 554
            },
            "image_011_0065": {
              "x": -15.48,
              "y": 466.65,
              "width": 346,
              "height": 557
            },
            "image_011_0066": {
              "x": -11.98,
              "y": 474.65,
              "width": 341,
              "height": 577
            },
            "image_011_0067": {
              "x": -3.98,
              "y": 483.15,
              "width": 339,
              "height": 598
            },
            "image_011_0068": {
              "x": 4.02,
              "y": 488.65,
              "width": 341,
              "height": 605
            },
            "image_011_0069": {
              "x": 8.52,
              "y": 491.65,
              "width": 346,
              "height": 603
            },
            "image_011_0070": {
              "x": 4.02,
              "y": 489.15,
              "width": 351,
              "height": 600
            },
            "image_011_0071": {
              "x": -4.48,
              "y": 479.65,
              "width": 354,
              "height": 575
            },
            "image_011_0072": {
              "x": -12.48,
              "y": 468.15,
              "width": 352,
              "height": 548
            },
            "image_011_0073": {
              "x": -15.48,
              "y": 470.15,
              "width": 346,
              "height": 550
            },
            "image_011_0074": {
              "x": -11.98,
              "y": 478.15,
              "width": 341,
              "height": 570
            },
            "image_011_0075": {
              "x": -3.98,
              "y": 484.65,
              "width": 339,
              "height": 595
            },
            "image_011_0076": {
              "x": 4.02,
              "y": 488.15,
              "width": 341,
              "height": 606
            },
            "image_011_0077": {
              "x": 8.52,
              "y": 489.15,
              "width": 346,
              "height": 608
            },
            "image_011_0078": {
              "x": 4.02,
              "y": 487.15,
              "width": 351,
              "height": 604
            },
            "image_011_0079": {
              "x": -4.48,
              "y": 476.15,
              "width": 354,
              "height": 582
            },
            "image_011_0080": {
              "x": -12.48,
              "y": 453.15,
              "width": 340,
              "height": 536
            },
            "image_011_0081": {
              "x": -13.48,
              "y": 438.15,
              "width": 316,
              "height": 506
            },
            "image_011_0082": {
              "x": -10.48,
              "y": 438.15,
              "width": 288,
              "height": 506
            },
            "image_011_0083": {
              "x": -6.48,
              "y": 437.65,
              "width": 260,
              "height": 505
            },
            "image_011_0084": {
              "x": -5.98,
              "y": 435.15,
              "width": 241,
              "height": 500
            },
            "image_011_0085": {
              "x": -6.98,
              "y": 433.15,
              "width": 225,
              "height": 496
            },
            "image_011_0086": {
              "x": -7.98,
              "y": 432.15,
              "width": 209,
              "height": 494
            },
            "image_011_0087": {
              "x": -7.98,
              "y": 432.15,
              "width": 203,
              "height": 494
            },
            "image_011_0088": {
              "x": -7.98,
              "y": 432.15,
              "width": 203,
              "height": 494
            },
            "image_011_0089": {
              "x": -7.98,
              "y": 432.15,
              "width": 203,
              "height": 494
            },
            "image_011_0090": {
              "x": -6.98,
              "y": 432.15,
              "width": 203,
              "height": 494
            },
            "image_011_0091": {
              "x": -6.98,
              "y": 432.15,
              "width": 203,
              "height": 494
            },
            "image_011_0092": {
              "x": -6.48,
              "y": 432.15,
              "width": 204,
              "height": 494
            },
            "image_011_0093": {
              "x": -6.48,
              "y": 432.15,
              "width": 204,
              "height": 494
            },
            "image_011_0094": {
              "x": -5.98,
              "y": 432.15,
              "width": 205,
              "height": 494
            },
            "image_011_0095": {
              "x": -5.98,
              "y": 432.15,
              "width": 205,
              "height": 494
            },
            "image_011_0096": {
              "x": -5.98,
              "y": 432.15,
              "width": 205,
              "height": 494
            },
            "image_011_0097": {
              "x": -5.48,
              "y": 432.15,
              "width": 206,
              "height": 494
            },
            "image_011_0098": {
              "x": -5.48,
              "y": 432.15,
              "width": 206,
              "height": 494
            },
            "image_011_0099": {
              "x": -5.48,
              "y": 432.15,
              "width": 206,
              "height": 494
            },
            "image_011_0100": {
              "x": -5.48,
              "y": 432.15,
              "width": 206,
              "height": 494
            }
          },
          "ATK_Ranger": {
            "image_006_0019": {
              "x": -7.98,
              "y": 380.65,
              "width": 203,
              "height": 597
            },
            "image_006_0020": {
              "x": -7.48,
              "y": 380.65,
              "width": 210,
              "height": 595
            },
            "image_006_0021": {
              "x": -6.98,
              "y": 380.65,
              "width": 215,
              "height": 595
            },
            "image_006_0022": {
              "x": -6.48,
              "y": 381.15,
              "width": 220,
              "height": 596
            },
            "image_006_0023": {
              "x": -6.48,
              "y": 381.65,
              "width": 232,
              "height": 597
            },
            "image_006_0024": {
              "x": -6.48,
              "y": 381.15,
              "width": 232,
              "height": 596
            },
            "image_006_0025": {
              "x": -5.48,
              "y": 380.65,
              "width": 228,
              "height": 595
            },
            "image_006_0026": {
              "x": -5.98,
              "y": 384.15,
              "width": 235,
              "height": 586
            },
            "image_006_0027": {
              "x": -8.98,
              "y": 385.65,
              "width": 239,
              "height": 587
            },
            "image_006_0028": {
              "x": -12.48,
              "y": 383.15,
              "width": 240,
              "height": 594
            },
            "image_006_0029": {
              "x": -11.98,
              "y": 382.15,
              "width": 243,
              "height": 594
            },
            "image_006_0030": {
              "x": -13.98,
              "y": 381.15,
              "width": 253,
              "height": 594
            },
            "image_006_0031": {
              "x": -18.98,
              "y": 381.15,
              "width": 257,
              "height": 592
            },
            "image_006_0032": {
              "x": -22.48,
              "y": 382.15,
              "width": 262,
              "height": 594
            },
            "image_006_0033": {
              "x": -23.98,
              "y": 382.15,
              "width": 271,
              "height": 596
            },
            "image_006_0034": {
              "x": -27.48,
              "y": 381.65,
              "width": 274,
              "height": 595
            },
            "image_006_0035": {
              "x": -30.98,
              "y": 380.65,
              "width": 279,
              "height": 595
            },
            "image_006_0036": {
              "x": -31.98,
              "y": 380.15,
              "width": 287,
              "height": 594
            },
            "image_006_0037": {
              "x": -21.48,
              "y": 382.15,
              "width": 264,
              "height": 594
            },
            "image_006_0038": {
              "x": -29.48,
              "y": 385.15,
              "width": 274,
              "height": 590
            },
            "image_006_0039": {
              "x": -28.98,
              "y": 385.15,
              "width": 277,
              "height": 588
            },
            "image_006_0040": {
              "x": -5.98,
              "y": 382.15,
              "width": 237,
              "height": 592
            },
            "image_006_0041": {
              "x": -15.98,
              "y": 376.65,
              "width": 271,
              "height": 601
            },
            "image_006_0042": {
              "x": -15.48,
              "y": 352.65,
              "width": 372,
              "height": 653
            },
            "image_006_0043": {
              "x": -15.48,
              "y": 343.65,
              "width": 410,
              "height": 673
            },
            "image_006_0044": {
              "x": -36.48,
              "y": 356.15,
              "width": 370,
              "height": 646
            },
            "image_006_0045": {
              "x": -49.48,
              "y": 346.65,
              "width": 412,
              "height": 663
            },
            "image_006_0046": {
              "x": -60.48,
              "y": 337.65,
              "width": 446,
              "height": 679
            },
            "image_006_0047": {
              "x": -65.48,
              "y": 332.15,
              "width": 482,
              "height": 694
            },
            "image_006_0048": {
              "x": -5.98,
              "y": 380.15,
              "width": 227,
              "height": 600
            },
            "image_006_0049": {
              "x": -6.48,
              "y": 381.15,
              "width": 232,
              "height": 596
            },
            "image_006_0050": {
              "x": -5.98,
              "y": 381.65,
              "width": 237,
              "height": 593
            },
            "image_006_0051": {
              "x": -5.98,
              "y": 382.15,
              "width": 231,
              "height": 590
            },
            "image_006_0052": {
              "x": -5.98,
              "y": 383.15,
              "width": 229,
              "height": 592
            },
            "image_006_0053": {
              "x": -6.48,
              "y": 383.65,
              "width": 236,
              "height": 593
            },
            "image_006_0054": {
              "x": -6.48,
              "y": 382.65,
              "width": 264,
              "height": 595
            },
            "image_006_0055": {
              "x": -11.48,
              "y": 395.15,
              "width": 314,
              "height": 622
            },
            "image_006_0056": {
              "x": -11.98,
              "y": 422.65,
              "width": 341,
              "height": 679
            },
            "image_006_0057": {
              "x": -4.98,
              "y": 431.65,
              "width": 339,
              "height": 701
            },
            "image_006_0058": {
              "x": 4.02,
              "y": 435.65,
              "width": 341,
              "height": 711
            },
            "image_006_0059": {
              "x": 8.52,
              "y": 436.65,
              "width": 346,
              "height": 713
            },
            "image_006_0060": {
              "x": 4.02,
              "y": 435.65,
              "width": 351,
              "height": 709
            },
            "image_006_0061": {
              "x": -4.48,
              "y": 425.15,
              "width": 354,
              "height": 684
            },
            "image_006_0062": {
              "x": -12.48,
              "y": 412.65,
              "width": 352,
              "height": 659
            },
            "image_006_0063": {
              "x": -15.48,
              "y": 414.15,
              "width": 346,
              "height": 662
            },
            "image_006_0064": {
              "x": -11.98,
              "y": 423.15,
              "width": 341,
              "height": 680
            },
            "image_006_0065": {
              "x": -3.98,
              "y": 432.65,
              "width": 339,
              "height": 699
            },
            "image_006_0066": {
              "x": 4.02,
              "y": 437.15,
              "width": 341,
              "height": 708
            },
            "image_006_0067": {
              "x": 8.52,
              "y": 438.15,
              "width": 346,
              "height": 710
            },
            "image_006_0068": {
              "x": 4.02,
              "y": 436.15,
              "width": 351,
              "height": 706
            },
            "image_006_0069": {
              "x": -4.48,
              "y": 425.15,
              "width": 354,
              "height": 684
            },
            "image_006_0070": {
              "x": -12.48,
              "y": 412.65,
              "width": 352,
              "height": 659
            },
            "image_006_0071": {
              "x": -15.48,
              "y": 414.15,
              "width": 346,
              "height": 662
            },
            "image_006_0072": {
              "x": -11.98,
              "y": 423.15,
              "width": 341,
              "height": 680
            },
            "image_006_0073": {
              "x": -3.98,
              "y": 432.65,
              "width": 339,
              "height": 699
            },
            "image_006_0074": {
              "x": 4.02,
              "y": 437.15,
              "width": 341,
              "height": 708
            },
            "image_006_0075": {
              "x": 8.52,
              "y": 438.15,
              "width": 346,
              "height": 710
            },
            "image_006_0076": {
              "x": 4.02,
              "y": 436.15,
              "width": 351,
              "height": 706
            },
            "image_006_0077": {
              "x": -4.48,
              "y": 425.15,
              "width": 354,
              "height": 684
            },
            "image_006_0078": {
              "x": -12.48,
              "y": 402.15,
              "width": 340,
              "height": 638
            },
            "image_006_0079": {
              "x": -13.48,
              "y": 387.15,
              "width": 316,
              "height": 608
            },
            "image_006_0080": {
              "x": -10.48,
              "y": 387.15,
              "width": 288,
              "height": 608
            },
            "image_006_0081": {
              "x": -6.48,
              "y": 386.65,
              "width": 260,
              "height": 607
            },
            "image_006_0082": {
              "x": -5.98,
              "y": 384.15,
              "width": 241,
              "height": 602
            },
            "image_006_0083": {
              "x": -6.98,
              "y": 382.15,
              "width": 225,
              "height": 598
            },
            "image_006_0084": {
              "x": -7.98,
              "y": 381.15,
              "width": 209,
              "height": 596
            },
            "image_006_0085": {
              "x": -7.98,
              "y": 381.15,
              "width": 203,
              "height": 596
            },
            "image_006_0086": {
              "x": -7.98,
              "y": 381.15,
              "width": 203,
              "height": 596
            },
            "image_006_0087": {
              "x": -7.48,
              "y": 380.65,
              "width": 210,
              "height": 595
            },
            "image_006_0088": {
              "x": -6.98,
              "y": 380.65,
              "width": 215,
              "height": 595
            },
            "image_006_0089": {
              "x": -5.98,
              "y": 381.15,
              "width": 221,
              "height": 596
            },
            "image_006_0090": {
              "x": -6.48,
              "y": 381.65,
              "width": 232,
              "height": 597
            },
            "image_006_0091": {
              "x": -6.48,
              "y": 381.15,
              "width": 232,
              "height": 596
            },
            "image_006_0092": {
              "x": -5.48,
              "y": 380.65,
              "width": 228,
              "height": 595
            },
            "image_006_0093": {
              "x": -5.98,
              "y": 380.15,
              "width": 235,
              "height": 594
            },
            "image_006_0094": {
              "x": -6.48,
              "y": 381.15,
              "width": 234,
              "height": 596
            },
            "image_006_0095": {
              "x": -5.98,
              "y": 381.65,
              "width": 227,
              "height": 597
            },
            "image_006_0096": {
              "x": -6.48,
              "y": 381.15,
              "width": 232,
              "height": 596
            },
            "image_006_0097": {
              "x": -5.98,
              "y": 380.65,
              "width": 237,
              "height": 595
            },
            "image_006_0098": {
              "x": -5.98,
              "y": 380.15,
              "width": 231,
              "height": 594
            },
            "image_006_0099": {
              "x": -5.98,
              "y": 381.15,
              "width": 229,
              "height": 596
            },
            "image_006_0100": {
              "x": -6.48,
              "y": 381.65,
              "width": 236,
              "height": 597
            }
          },
          "Level02": {
            "07Idle_014_0000": {
              "x": -2.48,
              "y": 163.65,
              "width": 78,
              "height": 163
            },
            "07Idle_014_0001": {
              "x": -2.48,
              "y": 164.15,
              "width": 78,
              "height": 164
            },
            "07Idle_014_0002": {
              "x": -2.48,
              "y": 164.65,
              "width": 78,
              "height": 163
            },
            "07Idle_014_0003": {
              "x": -2.98,
              "y": 164.65,
              "width": 77,
              "height": 163
            },
            "07Idle_014_0004": {
              "x": -2.98,
              "y": 165.15,
              "width": 77,
              "height": 162
            },
            "07Idle_014_0005": {
              "x": -2.98,
              "y": 165.65,
              "width": 77,
              "height": 163
            },
            "07Idle_014_0006": {
              "x": -2.98,
              "y": 166.15,
              "width": 77,
              "height": 162
            },
            "07Idle_014_0007": {
              "x": -2.98,
              "y": 166.15,
              "width": 77,
              "height": 162
            },
            "07Idle_014_0008": {
              "x": -2.98,
              "y": 166.65,
              "width": 77,
              "height": 163
            },
            "07Idle_014_0009": {
              "x": -2.98,
              "y": 167.15,
              "width": 77,
              "height": 162
            },
            "07Idle_014_0010": {
              "x": -2.98,
              "y": 167.15,
              "width": 77,
              "height": 162
            },
            "07Idle_014_0011": {
              "x": -2.98,
              "y": 167.65,
              "width": 77,
              "height": 163
            },
            "07Idle_014_0012": {
              "x": -2.98,
              "y": 167.15,
              "width": 77,
              "height": 164
            },
            "07Idle_014_0013": {
              "x": -2.98,
              "y": 167.15,
              "width": 77,
              "height": 164
            },
            "07Idle_014_0014": {
              "x": -2.98,
              "y": 166.15,
              "width": 77,
              "height": 164
            },
            "07Idle_014_0015": {
              "x": -2.98,
              "y": 165.65,
              "width": 77,
              "height": 163
            },
            "07Idle_014_0016": {
              "x": -2.98,
              "y": 164.65,
              "width": 77,
              "height": 163
            },
            "07Idle_014_0017": {
              "x": -2.98,
              "y": 163.65,
              "width": 77,
              "height": 163
            },
            "07Idle_014_0018": {
              "x": -2.98,
              "y": 162.65,
              "width": 77,
              "height": 163
            },
            "07Idle_014_0019": {
              "x": -2.98,
              "y": 161.65,
              "width": 77,
              "height": 163
            },
            "07Idle_014_0020": {
              "x": -2.48,
              "y": 161.15,
              "width": 78,
              "height": 162
            },
            "07Idle_014_0021": {
              "x": -1.98,
              "y": 160.15,
              "width": 79,
              "height": 162
            },
            "07Idle_014_0022": {
              "x": -1.48,
              "y": 160.15,
              "width": 80,
              "height": 162
            },
            "07Idle_014_0023": {
              "x": -1.48,
              "y": 160.15,
              "width": 80,
              "height": 162
            },
            "07Idle_014_0024": {
              "x": -1.98,
              "y": 161.15,
              "width": 79,
              "height": 162
            },
            "07Idle_014_0025": {
              "x": -2.98,
              "y": 161.65,
              "width": 77,
              "height": 163
            },
            "07Idle_014_0026": {
              "x": -2.98,
              "y": 161.65,
              "width": 77,
              "height": 163
            },
            "07Idle_014_0027": {
              "x": -2.48,
              "y": 162.15,
              "width": 78,
              "height": 164
            },
            "07Idle_014_0028": {
              "x": -2.48,
              "y": 162.65,
              "width": 78,
              "height": 163
            },
            "07Idle_014_0029": {
              "x": -2.48,
              "y": 163.15,
              "width": 78,
              "height": 164
            },
            "07Idle_014_0030": {
              "x": -2.48,
              "y": 163.65,
              "width": 78,
              "height": 163
            }
          },
          "Level07": {
            "07Idle_013_0001": {
              "x": -6.48,
              "y": 544.65,
              "width": 206,
              "height": 269
            },
            "07Idle_013_0002": {
              "x": -6.48,
              "y": 544.65,
              "width": 206,
              "height": 269
            },
            "07Idle_013_0003": {
              "x": -6.48,
              "y": 544.65,
              "width": 206,
              "height": 269
            },
            "07Idle_013_0004": {
              "x": -6.48,
              "y": 544.65,
              "width": 206,
              "height": 269
            },
            "07Idle_013_0005": {
              "x": -6.48,
              "y": 544.65,
              "width": 206,
              "height": 269
            },
            "07Idle_013_0006": {
              "x": -6.48,
              "y": 544.65,
              "width": 206,
              "height": 269
            },
            "07Idle_013_0007": {
              "x": -6.48,
              "y": 544.65,
              "width": 206,
              "height": 269
            },
            "07Idle_013_0008": {
              "x": -6.48,
              "y": 544.65,
              "width": 206,
              "height": 269
            },
            "07Idle_013_0009": {
              "x": -6.98,
              "y": 544.65,
              "width": 205,
              "height": 269
            },
            "07Idle_013_0010": {
              "x": -6.98,
              "y": 544.65,
              "width": 205,
              "height": 269
            },
            "07Idle_013_0011": {
              "x": -7.48,
              "y": 544.65,
              "width": 204,
              "height": 269
            },
            "07Idle_013_0012": {
              "x": -7.98,
              "y": 544.65,
              "width": 205,
              "height": 269
            },
            "07Idle_013_0013": {
              "x": -8.48,
              "y": 544.65,
              "width": 204,
              "height": 269
            },
            "07Idle_013_0014": {
              "x": -8.48,
              "y": 544.65,
              "width": 204,
              "height": 269
            },
            "07Idle_013_0015": {
              "x": -8.98,
              "y": 544.65,
              "width": 203,
              "height": 269
            },
            "07Idle_013_0016": {
              "x": -8.98,
              "y": 544.65,
              "width": 203,
              "height": 269
            },
            "07Idle_013_0017": {
              "x": -8.98,
              "y": 544.65,
              "width": 203,
              "height": 269
            },
            "07Idle_013_0018": {
              "x": -8.98,
              "y": 544.65,
              "width": 203,
              "height": 269
            },
            "07Idle_013_0019": {
              "x": -8.98,
              "y": 544.65,
              "width": 203,
              "height": 269
            },
            "07Idle_013_0020": {
              "x": -7.98,
              "y": 544.65,
              "width": 203,
              "height": 269
            },
            "07Idle_013_0021": {
              "x": -8.48,
              "y": 544.65,
              "width": 202,
              "height": 269
            },
            "07Idle_013_0022": {
              "x": -8.48,
              "y": 544.65,
              "width": 202,
              "height": 269
            },
            "07Idle_013_0023": {
              "x": -8.48,
              "y": 544.65,
              "width": 202,
              "height": 269
            },
            "07Idle_013_0024": {
              "x": -7.98,
              "y": 544.65,
              "width": 203,
              "height": 269
            },
            "07Idle_013_0025": {
              "x": -7.98,
              "y": 544.65,
              "width": 203,
              "height": 269
            },
            "07Idle_013_0026": {
              "x": -7.48,
              "y": 544.65,
              "width": 204,
              "height": 269
            },
            "07Idle_013_0027": {
              "x": -7.48,
              "y": 544.65,
              "width": 204,
              "height": 269
            },
            "07Idle_013_0028": {
              "x": -6.98,
              "y": 544.65,
              "width": 205,
              "height": 269
            },
            "07Idle_013_0029": {
              "x": -6.98,
              "y": 544.65,
              "width": 205,
              "height": 269
            },
            "07Idle_013_0030": {
              "x": -6.98,
              "y": 544.65,
              "width": 205,
              "height": 269
            },
            "Layer 1": {
              "x": -6.98,
              "y": 544.65,
              "width": 205,
              "height": 269
            }
          },
          "melee01": {
            "melee01": {
              "x": -1.48,
              "y": 169.15,
              "width": 380,
              "height": 134
            }
          },
          "melee02": {
            "melee02": {
              "x": 0.02,
              "y": 167.15,
              "width": 125,
              "height": 138
            }
          },
          "ranger01": {
            "ranger01": {
              "x": -3.48,
              "y": 137.65,
              "width": 380,
              "height": 111
            }
          }
        }
      }
    ],
    "animations": {
      "ATK_Melee": {
        "slots": {
          "ATK_Melee": {
            "attachment": [
              {
                "name": "image_011_0026"
              },
              {
                "time": 0.0667,
                "name": "image_011_0027"
              },
              {
                "time": 0.1,
                "name": "image_011_0028"
              },
              {
                "time": 0.1333,
                "name": "image_011_0029"
              },
              {
                "time": 0.1667,
                "name": "image_011_0030"
              },
              {
                "time": 0.2,
                "name": "image_011_0031"
              },
              {
                "time": 0.2333,
                "name": "image_011_0032"
              },
              {
                "time": 0.2667,
                "name": "image_011_0033"
              },
              {
                "time": 0.3,
                "name": "image_011_0034"
              },
              {
                "time": 0.3333,
                "name": "image_011_0035"
              },
              {
                "time": 0.3667,
                "name": "image_011_0036"
              },
              {
                "time": 0.4,
                "name": "image_011_0037"
              },
              {
                "time": 0.4333,
                "name": "image_011_0038"
              },
              {
                "time": 0.4667,
                "name": "image_011_0039"
              },
              {
                "time": 0.5,
                "name": "image_011_0040"
              },
              {
                "time": 0.5333,
                "name": "image_011_0041"
              },
              {
                "time": 0.5667,
                "name": "image_011_0042"
              },
              {
                "time": 0.6,
                "name": "image_011_0043"
              },
              {
                "time": 0.6333,
                "name": "image_011_0044"
              },
              {
                "time": 0.6667,
                "name": "image_011_0045"
              },
              {
                "time": 0.7,
                "name": "image_011_0046"
              },
              {
                "time": 0.7333,
                "name": "image_011_0047"
              },
              {
                "time": 0.7667,
                "name": "image_011_0048"
              },
              {
                "time": 0.8,
                "name": "image_011_0049"
              },
              {
                "time": 0.8333,
                "name": "image_011_0050"
              },
              {
                "time": 0.8667,
                "name": "image_011_0051"
              },
              {
                "time": 0.9,
                "name": "image_011_0052"
              },
              {
                "time": 0.9333,
                "name": "image_011_0053"
              },
              {
                "time": 0.9667,
                "name": "image_011_0054"
              },
              {
                "time": 1,
                "name": "image_011_0055"
              },
              {
                "time": 1.0333,
                "name": "image_011_0056"
              },
              {
                "time": 1.0667,
                "name": "image_011_0057"
              },
              {
                "time": 1.1,
                "name": "image_011_0058"
              },
              {
                "time": 1.1333,
                "name": "image_011_0059"
              },
              {
                "time": 1.1667,
                "name": "image_011_0060"
              },
              {
                "time": 1.2,
                "name": "image_011_0061"
              },
              {
                "time": 1.2333,
                "name": "image_011_0062"
              },
              {
                "time": 1.2667,
                "name": "image_011_0063"
              },
              {
                "time": 1.3,
                "name": "image_011_0064"
              },
              {
                "time": 1.3333,
                "name": "image_011_0065"
              },
              {
                "time": 1.3667,
                "name": "image_011_0066"
              },
              {
                "time": 1.4,
                "name": "image_011_0067"
              },
              {
                "time": 1.4333,
                "name": "image_011_0068"
              },
              {
                "time": 1.4667,
                "name": "image_011_0069"
              },
              {
                "time": 1.5,
                "name": "image_011_0070"
              },
              {
                "time": 1.5333,
                "name": "image_011_0071"
              },
              {
                "time": 1.5667,
                "name": "image_011_0072"
              },
              {
                "time": 1.6,
                "name": "image_011_0073"
              },
              {
                "time": 1.6333,
                "name": "image_011_0074"
              },
              {
                "time": 1.6667,
                "name": "image_011_0075"
              },
              {
                "time": 1.7,
                "name": "image_011_0076"
              },
              {
                "time": 1.7333,
                "name": "image_011_0077"
              },
              {
                "time": 1.7667,
                "name": "image_011_0078"
              },
              {
                "time": 1.8,
                "name": "image_011_0079"
              },
              {
                "time": 1.8333,
                "name": "image_011_0080"
              },
              {
                "time": 1.8667,
                "name": "image_011_0081"
              },
              {
                "time": 1.9,
                "name": "image_011_0082"
              },
              {
                "time": 1.9333,
                "name": "image_011_0083"
              },
              {
                "time": 1.9667,
                "name": "image_011_0084"
              },
              {
                "time": 2,
                "name": "image_011_0085"
              },
              {
                "time": 2.0333,
                "name": "image_011_0086"
              },
              {
                "time": 2.0667,
                "name": "image_011_0087"
              },
              {
                "time": 2.1,
                "name": "image_011_0088"
              },
              {
                "time": 2.1333,
                "name": "image_011_0089"
              },
              {
                "time": 2.1667,
                "name": "image_011_0090"
              },
              {
                "time": 2.2,
                "name": "image_011_0091"
              },
              {
                "time": 2.2333,
                "name": "image_011_0092"
              },
              {
                "time": 2.2667,
                "name": "image_011_0093"
              },
              {
                "time": 2.3,
                "name": "image_011_0094"
              },
              {
                "time": 2.3333,
                "name": "image_011_0095"
              },
              {
                "time": 2.3667,
                "name": "image_011_0096"
              },
              {
                "time": 2.4,
                "name": "image_011_0097"
              },
              {
                "time": 2.4333,
                "name": "image_011_0098"
              },
              {
                "time": 2.4667,
                "name": "image_011_0099"
              },
              {
                "time": 2.5,
                "name": "image_011_0100"
              }
            ]
          },
          "ATK_Ranger": {
            "attachment": [
              {
                "name": null
              }
            ]
          },
          "Level02": {
            "attachment": [
              {
                "name": null
              }
            ]
          },
          "Level07": {
            "attachment": [
              {
                "name": null
              }
            ]
          },
          "melee01": {
            "attachment": [
              {
                "name": null
              }
            ]
          },
          "melee02": {
            "attachment": [
              {
                "name": null
              }
            ]
          },
          "ranger01": {
            "attachment": [
              {
                "name": null
              }
            ]
          }
        }
      },
      "ATK_Ranger": {
        "slots": {
          "ATK_Ranger": {
            "attachment": [
              {
                "time": 0.0333,
                "name": "image_006_0020"
              },
              {
                "time": 0.0667,
                "name": "image_006_0021"
              },
              {
                "time": 0.1,
                "name": "image_006_0022"
              },
              {
                "time": 0.1333,
                "name": "image_006_0023"
              },
              {
                "time": 0.1667,
                "name": "image_006_0024"
              },
              {
                "time": 0.2,
                "name": "image_006_0025"
              },
              {
                "time": 0.2333,
                "name": "image_006_0026"
              },
              {
                "time": 0.2667,
                "name": "image_006_0027"
              },
              {
                "time": 0.3,
                "name": "image_006_0028"
              },
              {
                "time": 0.3333,
                "name": "image_006_0029"
              },
              {
                "time": 0.3667,
                "name": "image_006_0030"
              },
              {
                "time": 0.4,
                "name": "image_006_0031"
              },
              {
                "time": 0.4333,
                "name": "image_006_0032"
              },
              {
                "time": 0.4667,
                "name": "image_006_0033"
              },
              {
                "time": 0.5,
                "name": "image_006_0034"
              },
              {
                "time": 0.5333,
                "name": "image_006_0035"
              },
              {
                "time": 0.5667,
                "name": "image_006_0036"
              },
              {
                "time": 0.6,
                "name": "image_006_0037"
              },
              {
                "time": 0.6333,
                "name": "image_006_0038"
              },
              {
                "time": 0.6667,
                "name": "image_006_0039"
              },
              {
                "time": 0.7,
                "name": "image_006_0040"
              },
              {
                "time": 0.7333,
                "name": "image_006_0041"
              },
              {
                "time": 0.7667,
                "name": "image_006_0042"
              },
              {
                "time": 0.8,
                "name": "image_006_0043"
              },
              {
                "time": 0.8333,
                "name": "image_006_0044"
              },
              {
                "time": 0.8667,
                "name": "image_006_0045"
              },
              {
                "time": 0.9,
                "name": "image_006_0046"
              },
              {
                "time": 0.9333,
                "name": "image_006_0047"
              },
              {
                "time": 0.9667,
                "name": "image_006_0048"
              },
              {
                "time": 1,
                "name": "image_006_0049"
              },
              {
                "time": 1.0333,
                "name": "image_006_0050"
              },
              {
                "time": 1.0667,
                "name": "image_006_0051"
              },
              {
                "time": 1.1,
                "name": "image_006_0052"
              },
              {
                "time": 1.1333,
                "name": "image_006_0053"
              },
              {
                "time": 1.1667,
                "name": "image_006_0054"
              },
              {
                "time": 1.2,
                "name": "image_006_0055"
              },
              {
                "time": 1.2333,
                "name": "image_006_0056"
              },
              {
                "time": 1.2667,
                "name": "image_006_0057"
              },
              {
                "time": 1.3,
                "name": "image_006_0058"
              },
              {
                "time": 1.3333,
                "name": "image_006_0059"
              },
              {
                "time": 1.3667,
                "name": "image_006_0060"
              },
              {
                "time": 1.4,
                "name": "image_006_0061"
              },
              {
                "time": 1.4333,
                "name": "image_006_0062"
              },
              {
                "time": 1.4667,
                "name": "image_006_0063"
              },
              {
                "time": 1.5,
                "name": "image_006_0064"
              },
              {
                "time": 1.5333,
                "name": "image_006_0065"
              },
              {
                "time": 1.5667,
                "name": "image_006_0066"
              },
              {
                "time": 1.6,
                "name": "image_006_0067"
              },
              {
                "time": 1.6333,
                "name": "image_006_0068"
              },
              {
                "time": 1.6667,
                "name": "image_006_0069"
              },
              {
                "time": 1.7,
                "name": "image_006_0070"
              },
              {
                "time": 1.7333,
                "name": "image_006_0071"
              },
              {
                "time": 1.7667,
                "name": "image_006_0072"
              },
              {
                "time": 1.8,
                "name": "image_006_0073"
              },
              {
                "time": 1.8333,
                "name": "image_006_0074"
              },
              {
                "time": 1.8667,
                "name": "image_006_0075"
              },
              {
                "time": 1.9,
                "name": "image_006_0076"
              },
              {
                "time": 1.9333,
                "name": "image_006_0077"
              },
              {
                "time": 1.9667,
                "name": "image_006_0078"
              },
              {
                "time": 2,
                "name": "image_006_0079"
              },
              {
                "time": 2.0333,
                "name": "image_006_0080"
              },
              {
                "time": 2.0667,
                "name": "image_006_0081"
              },
              {
                "time": 2.1,
                "name": "image_006_0082"
              },
              {
                "time": 2.1333,
                "name": "image_006_0083"
              },
              {
                "time": 2.1667,
                "name": "image_006_0084"
              },
              {
                "time": 2.2,
                "name": "image_006_0085"
              },
              {
                "time": 2.2333,
                "name": "image_006_0086"
              },
              {
                "time": 2.2667,
                "name": "image_006_0087"
              },
              {
                "time": 2.3,
                "name": "image_006_0088"
              },
              {
                "time": 2.3333,
                "name": "image_006_0089"
              },
              {
                "time": 2.3667,
                "name": "image_006_0090"
              },
              {
                "time": 2.4,
                "name": "image_006_0091"
              },
              {
                "time": 2.4333,
                "name": "image_006_0092"
              },
              {
                "time": 2.4667,
                "name": "image_006_0093"
              },
              {
                "time": 2.5,
                "name": "image_006_0094"
              },
              {
                "time": 2.5333,
                "name": "image_006_0095"
              },
              {
                "time": 2.5667,
                "name": "image_006_0096"
              },
              {
                "time": 2.6,
                "name": "image_006_0097"
              },
              {
                "time": 2.6333,
                "name": "image_006_0098"
              },
              {
                "time": 2.6667,
                "name": "image_006_0099"
              },
              {
                "time": 2.7,
                "name": "image_006_0100"
              }
            ]
          },
          "Level02": {
            "attachment": [
              {
                "name": null
              }
            ]
          },
          "Level07": {
            "attachment": [
              {
                "name": null
              }
            ]
          },
          "melee01": {
            "attachment": [
              {
                "name": null
              }
            ]
          },
          "melee02": {
            "attachment": [
              {
                "name": null
              }
            ]
          },
          "ranger01": {
            "attachment": [
              {
                "name": null
              }
            ]
          }
        }
      },
      "Idle_Level01_Melee": {
        "slots": {
          "ATK_Ranger": {
            "attachment": [
              {
                "name": null
              }
            ]
          },
          "Level02": {
            "attachment": [
              {
                "name": null
              }
            ]
          },
          "Level07": {
            "attachment": [
              {
                "name": null
              },
              {
                "time": 0.3333,
                "name": null
              }
            ]
          },
          "melee02": {
            "attachment": [
              {
                "name": null
              }
            ]
          },
          "ranger01": {
            "attachment": [
              {
                "name": null
              }
            ]
          }
        }
      },
      "Idle_Level01_Ranger": {
        "slots": {
          "ATK_Ranger": {
            "attachment": [
              {
                "name": null
              }
            ]
          },
          "Level02": {
            "attachment": [
              {
                "name": null
              }
            ]
          },
          "Level07": {
            "attachment": [
              {
                "name": null
              },
              {
                "time": 0.3333,
                "name": null
              }
            ]
          },
          "melee01": {
            "attachment": [
              {
                "name": null
              }
            ]
          },
          "melee02": {
            "attachment": [
              {
                "name": null
              }
            ]
          }
        }
      },
      "Idle_Level02_Melee": {
        "slots": {
          "ATK_Ranger": {
            "attachment": [
              {
                "name": null
              }
            ]
          },
          "Level02": {
            "attachment": [
              {
                "name": null
              }
            ]
          },
          "Level07": {
            "attachment": [
              {
                "name": null
              },
              {
                "time": 0.3333,
                "name": null
              }
            ]
          },
          "melee01": {
            "attachment": [
              {
                "name": null
              }
            ]
          },
          "ranger01": {
            "attachment": [
              {
                "name": null
              }
            ]
          }
        }
      },
      "Idle_Level02_Ranger": {
        "slots": {
          "ATK_Ranger": {
            "attachment": [
              {
                "name": null
              }
            ]
          },
          "Level02": {
            "attachment": [
              {
                "name": "07Idle_014_0030"
              },
              {
                "time": 0.0333,
                "name": "07Idle_014_0001"
              },
              {
                "time": 0.0667,
                "name": "07Idle_014_0002"
              },
              {
                "time": 0.1,
                "name": "07Idle_014_0003"
              },
              {
                "time": 0.1333,
                "name": "07Idle_014_0004"
              },
              {
                "time": 0.1667,
                "name": "07Idle_014_0005"
              },
              {
                "time": 0.2,
                "name": "07Idle_014_0006"
              },
              {
                "time": 0.2333,
                "name": "07Idle_014_0007"
              },
              {
                "time": 0.2667,
                "name": "07Idle_014_0008"
              },
              {
                "time": 0.3,
                "name": "07Idle_014_0009"
              },
              {
                "time": 0.3333,
                "name": "07Idle_014_0010"
              },
              {
                "time": 0.3667,
                "name": "07Idle_014_0011"
              },
              {
                "time": 0.4,
                "name": "07Idle_014_0012"
              },
              {
                "time": 0.4333,
                "name": "07Idle_014_0013"
              },
              {
                "time": 0.4667,
                "name": "07Idle_014_0014"
              },
              {
                "time": 0.5,
                "name": "07Idle_014_0015"
              },
              {
                "time": 0.5333,
                "name": "07Idle_014_0016"
              },
              {
                "time": 0.5667,
                "name": "07Idle_014_0017"
              },
              {
                "time": 0.6,
                "name": "07Idle_014_0018"
              },
              {
                "time": 0.6333,
                "name": "07Idle_014_0019"
              },
              {
                "time": 0.6667,
                "name": "07Idle_014_0020"
              },
              {
                "time": 0.7,
                "name": "07Idle_014_0021"
              },
              {
                "time": 0.7333,
                "name": "07Idle_014_0022"
              },
              {
                "time": 0.7667,
                "name": "07Idle_014_0023"
              },
              {
                "time": 0.8,
                "name": "07Idle_014_0024"
              },
              {
                "time": 0.8333,
                "name": "07Idle_014_0025"
              },
              {
                "time": 0.8667,
                "name": "07Idle_014_0026"
              },
              {
                "time": 0.9,
                "name": "07Idle_014_0027"
              },
              {
                "time": 0.9333,
                "name": "07Idle_014_0028"
              },
              {
                "time": 0.9667,
                "name": "07Idle_014_0029"
              },
              {
                "time": 1,
                "name": "07Idle_014_0030"
              }
            ]
          },
          "Level07": {
            "attachment": [
              {
                "name": null
              }
            ]
          },
          "melee01": {
            "attachment": [
              {
                "name": null
              }
            ]
          },
          "melee02": {
            "attachment": [
              {
                "name": null
              }
            ]
          },
          "ranger01": {
            "attachment": [
              {
                "name": null
              }
            ]
          }
        }
      },
      "Idle_Level07_Ranger": {
        "slots": {
          "ATK_Ranger": {
            "attachment": [
              {
                "name": null
              }
            ]
          },
          "Level02": {
            "attachment": [
              {
                "name": null
              }
            ]
          },
          "Level07": {
            "attachment": [
              {
                "name": "07Idle_013_0030"
              },
              {
                "time": 0.0333,
                "name": "07Idle_013_0001"
              },
              {
                "time": 0.0667,
                "name": "07Idle_013_0002"
              },
              {
                "time": 0.1,
                "name": "07Idle_013_0003"
              },
              {
                "time": 0.1333,
                "name": "07Idle_013_0004"
              },
              {
                "time": 0.1667,
                "name": "07Idle_013_0005"
              },
              {
                "time": 0.2,
                "name": "07Idle_013_0006"
              },
              {
                "time": 0.2333,
                "name": "07Idle_013_0007"
              },
              {
                "time": 0.2667,
                "name": "07Idle_013_0008"
              },
              {
                "time": 0.3,
                "name": "07Idle_013_0009"
              },
              {
                "time": 0.3333,
                "name": "07Idle_013_0010"
              },
              {
                "time": 0.3667,
                "name": "07Idle_013_0011"
              },
              {
                "time": 0.4,
                "name": "07Idle_013_0012"
              },
              {
                "time": 0.4333,
                "name": "07Idle_013_0013"
              },
              {
                "time": 0.4667,
                "name": "07Idle_013_0014"
              },
              {
                "time": 0.5,
                "name": "07Idle_013_0015"
              },
              {
                "time": 0.5333,
                "name": "07Idle_013_0016"
              },
              {
                "time": 0.5667,
                "name": "07Idle_013_0017"
              },
              {
                "time": 0.6,
                "name": "07Idle_013_0018"
              },
              {
                "time": 0.6333,
                "name": "07Idle_013_0019"
              },
              {
                "time": 0.6667,
                "name": "07Idle_013_0020"
              },
              {
                "time": 0.7,
                "name": "07Idle_013_0021"
              },
              {
                "time": 0.7333,
                "name": "07Idle_013_0022"
              },
              {
                "time": 0.7667,
                "name": "07Idle_013_0023"
              },
              {
                "time": 0.8,
                "name": "07Idle_013_0024"
              },
              {
                "time": 0.8333,
                "name": "07Idle_013_0025"
              },
              {
                "time": 0.8667,
                "name": "07Idle_013_0026"
              },
              {
                "time": 0.9,
                "name": "07Idle_013_0027"
              },
              {
                "time": 0.9333,
                "name": "07Idle_013_0028"
              },
              {
                "time": 0.9667,
                "name": "07Idle_013_0029"
              },
              {
                "time": 1,
                "name": "07Idle_013_0030"
              }
            ]
          },
          "melee01": {
            "attachment": [
              {
                "name": null
              }
            ]
          },
          "melee02": {
            "attachment": [
              {
                "name": null
              }
            ]
          },
          "ranger01": {
            "attachment": [
              {
                "name": null
              }
            ]
          }
        }
      }
    }
  },
  "textures": [
    {
      "__uuid__": "a37d103e-28c3-4372-9f70-d44f6a9b03ea@6c48a",
      "__expectedType__": "cc.Texture2D"
    },
    {
      "__uuid__": "208ec9c9-819c-43f3-b8c6-529c2bfd4283@6c48a",
      "__expectedType__": "cc.Texture2D"
    }
  ],
  "textureNames": [
    "Spine.png",
    "Spine2.png"
  ],
  "scale": 1,
  "_atlasText": "\nSpine.png\nsize: 2047,2047\nformat: RGBA8888\nfilter: Linear,Linear\nrepeat: none\n07Idle_013_0001\n  rotate: false\n  xy: 1726, 1910\n  size: 103, 135\n  orig: 103, 135\n  offset: 0, 0\n  index: -1\n07Idle_013_0002\n  rotate: false\n  xy: 1831, 1910\n  size: 103, 135\n  orig: 103, 135\n  offset: 0, 0\n  index: -1\n07Idle_013_0003\n  rotate: false\n  xy: 1936, 1910\n  size: 103, 135\n  orig: 103, 135\n  offset: 0, 0\n  index: -1\n07Idle_013_0004\n  rotate: false\n  xy: 2, 1852\n  size: 103, 135\n  orig: 103, 135\n  offset: 0, 0\n  index: -1\n07Idle_013_0005\n  rotate: false\n  xy: 107, 1841\n  size: 103, 135\n  orig: 103, 135\n  offset: 0, 0\n  index: -1\n07Idle_013_0006\n  rotate: false\n  xy: 212, 1841\n  size: 103, 135\n  orig: 103, 135\n  offset: 0, 0\n  index: -1\n07Idle_013_0007\n  rotate: false\n  xy: 317, 1839\n  size: 103, 135\n  orig: 103, 135\n  offset: 0, 0\n  index: -1\n07Idle_013_0008\n  rotate: false\n  xy: 422, 1827\n  size: 103, 135\n  orig: 103, 135\n  offset: 0, 0\n  index: -1\n07Idle_013_0009\n  rotate: false\n  xy: 527, 1827\n  size: 103, 135\n  orig: 103, 135\n  offset: 0, 0\n  index: -1\n07Idle_013_0010\n  rotate: false\n  xy: 632, 1827\n  size: 103, 135\n  orig: 103, 135\n  offset: 0, 0\n  index: -1\n07Idle_013_0011\n  rotate: false\n  xy: 737, 1827\n  size: 102, 135\n  orig: 102, 135\n  offset: 0, 0\n  index: -1\n07Idle_013_0012\n  rotate: false\n  xy: 841, 1826\n  size: 103, 135\n  orig: 103, 135\n  offset: 0, 0\n  index: -1\n07Idle_013_0013\n  rotate: false\n  xy: 946, 1826\n  size: 102, 135\n  orig: 102, 135\n  offset: 0, 0\n  index: -1\n07Idle_013_0014\n  rotate: false\n  xy: 1050, 1826\n  size: 102, 135\n  orig: 102, 135\n  offset: 0, 0\n  index: -1\n07Idle_013_0015\n  rotate: false\n  xy: 1154, 1826\n  size: 102, 135\n  orig: 102, 135\n  offset: 0, 0\n  index: -1\n07Idle_013_0016\n  rotate: false\n  xy: 1258, 1826\n  size: 102, 135\n  orig: 102, 135\n  offset: 0, 0\n  index: -1\n07Idle_013_0017\n  rotate: false\n  xy: 1362, 1826\n  size: 102, 135\n  orig: 102, 135\n  offset: 0, 0\n  index: -1\n07Idle_013_0018\n  rotate: false\n  xy: 1466, 1826\n  size: 102, 135\n  orig: 102, 135\n  offset: 0, 0\n  index: -1\n07Idle_013_0019\n  rotate: false\n  xy: 1570, 1826\n  size: 102, 135\n  orig: 102, 135\n  offset: 0, 0\n  index: -1\n07Idle_013_0020\n  rotate: false\n  xy: 1674, 1773\n  size: 102, 135\n  orig: 102, 135\n  offset: 0, 0\n  index: -1\n07Idle_013_0021\n  rotate: false\n  xy: 1778, 1773\n  size: 101, 135\n  orig: 101, 135\n  offset: 0, 0\n  index: -1\n07Idle_013_0022\n  rotate: false\n  xy: 1881, 1773\n  size: 101, 135\n  orig: 101, 135\n  offset: 0, 0\n  index: -1\n07Idle_013_0023\n  rotate: false\n  xy: 2, 1715\n  size: 101, 135\n  orig: 101, 135\n  offset: 0, 0\n  index: -1\n07Idle_013_0024\n  rotate: false\n  xy: 105, 1704\n  size: 102, 135\n  orig: 102, 135\n  offset: 0, 0\n  index: -1\n07Idle_013_0025\n  rotate: false\n  xy: 209, 1704\n  size: 102, 135\n  orig: 102, 135\n  offset: 0, 0\n  index: -1\n07Idle_013_0026\n  rotate: false\n  xy: 313, 1702\n  size: 102, 135\n  orig: 102, 135\n  offset: 0, 0\n  index: -1\n07Idle_013_0027\n  rotate: false\n  xy: 417, 1690\n  size: 102, 135\n  orig: 102, 135\n  offset: 0, 0\n  index: -1\n07Idle_013_0028\n  rotate: false\n  xy: 521, 1690\n  size: 103, 135\n  orig: 103, 135\n  offset: 0, 0\n  index: -1\n07Idle_013_0029\n  rotate: false\n  xy: 626, 1690\n  size: 103, 135\n  orig: 103, 135\n  offset: 0, 0\n  index: -1\n07Idle_013_0030\n  rotate: false\n  xy: 731, 1690\n  size: 103, 135\n  orig: 103, 135\n  offset: 0, 0\n  index: -1\n07Idle_014_0000\n  rotate: false\n  xy: 865, 1963\n  size: 39, 82\n  orig: 39, 82\n  offset: 0, 0\n  index: -1\n07Idle_014_0001\n  rotate: false\n  xy: 906, 1963\n  size: 39, 82\n  orig: 39, 82\n  offset: 0, 0\n  index: -1\n07Idle_014_0002\n  rotate: false\n  xy: 947, 1963\n  size: 39, 82\n  orig: 39, 82\n  offset: 0, 0\n  index: -1\n07Idle_014_0003\n  rotate: false\n  xy: 988, 1963\n  size: 39, 82\n  orig: 39, 82\n  offset: 0, 0\n  index: -1\n07Idle_014_0004\n  rotate: false\n  xy: 451, 1964\n  size: 39, 81\n  orig: 39, 81\n  offset: 0, 0\n  index: -1\n07Idle_014_0005\n  rotate: false\n  xy: 1029, 1963\n  size: 39, 82\n  orig: 39, 82\n  offset: 0, 0\n  index: -1\n07Idle_014_0006\n  rotate: false\n  xy: 492, 1964\n  size: 39, 81\n  orig: 39, 81\n  offset: 0, 0\n  index: -1\n07Idle_014_0007\n  rotate: false\n  xy: 533, 1964\n  size: 39, 81\n  orig: 39, 81\n  offset: 0, 0\n  index: -1\n07Idle_014_0008\n  rotate: false\n  xy: 1070, 1963\n  size: 39, 82\n  orig: 39, 82\n  offset: 0, 0\n  index: -1\n07Idle_014_0009\n  rotate: false\n  xy: 574, 1964\n  size: 39, 81\n  orig: 39, 81\n  offset: 0, 0\n  index: -1\n07Idle_014_0010\n  rotate: false\n  xy: 615, 1964\n  size: 39, 81\n  orig: 39, 81\n  offset: 0, 0\n  index: -1\n07Idle_014_0011\n  rotate: false\n  xy: 1111, 1963\n  size: 39, 82\n  orig: 39, 82\n  offset: 0, 0\n  index: -1\n07Idle_014_0012\n  rotate: false\n  xy: 1152, 1963\n  size: 39, 82\n  orig: 39, 82\n  offset: 0, 0\n  index: -1\n07Idle_014_0013\n  rotate: false\n  xy: 1193, 1963\n  size: 39, 82\n  orig: 39, 82\n  offset: 0, 0\n  index: -1\n07Idle_014_0014\n  rotate: false\n  xy: 1234, 1963\n  size: 39, 82\n  orig: 39, 82\n  offset: 0, 0\n  index: -1\n07Idle_014_0015\n  rotate: false\n  xy: 1275, 1963\n  size: 39, 82\n  orig: 39, 82\n  offset: 0, 0\n  index: -1\n07Idle_014_0016\n  rotate: false\n  xy: 1316, 1963\n  size: 39, 82\n  orig: 39, 82\n  offset: 0, 0\n  index: -1\n07Idle_014_0017\n  rotate: false\n  xy: 1357, 1963\n  size: 39, 82\n  orig: 39, 82\n  offset: 0, 0\n  index: -1\n07Idle_014_0018\n  rotate: false\n  xy: 1398, 1963\n  size: 39, 82\n  orig: 39, 82\n  offset: 0, 0\n  index: -1\n07Idle_014_0019\n  rotate: false\n  xy: 1439, 1963\n  size: 39, 82\n  orig: 39, 82\n  offset: 0, 0\n  index: -1\n07Idle_014_0020\n  rotate: false\n  xy: 656, 1964\n  size: 39, 81\n  orig: 39, 81\n  offset: 0, 0\n  index: -1\n07Idle_014_0021\n  rotate: false\n  xy: 697, 1964\n  size: 40, 81\n  orig: 40, 81\n  offset: 0, 0\n  index: -1\n07Idle_014_0022\n  rotate: false\n  xy: 739, 1964\n  size: 40, 81\n  orig: 40, 81\n  offset: 0, 0\n  index: -1\n07Idle_014_0023\n  rotate: false\n  xy: 781, 1964\n  size: 40, 81\n  orig: 40, 81\n  offset: 0, 0\n  index: -1\n07Idle_014_0024\n  rotate: false\n  xy: 823, 1964\n  size: 40, 81\n  orig: 40, 81\n  offset: 0, 0\n  index: -1\n07Idle_014_0025\n  rotate: false\n  xy: 1480, 1963\n  size: 39, 82\n  orig: 39, 82\n  offset: 0, 0\n  index: -1\n07Idle_014_0026\n  rotate: false\n  xy: 1521, 1963\n  size: 39, 82\n  orig: 39, 82\n  offset: 0, 0\n  index: -1\n07Idle_014_0027\n  rotate: false\n  xy: 1562, 1963\n  size: 39, 82\n  orig: 39, 82\n  offset: 0, 0\n  index: -1\n07Idle_014_0028\n  rotate: false\n  xy: 1603, 1963\n  size: 39, 82\n  orig: 39, 82\n  offset: 0, 0\n  index: -1\n07Idle_014_0029\n  rotate: false\n  xy: 1644, 1963\n  size: 39, 82\n  orig: 39, 82\n  offset: 0, 0\n  index: -1\n07Idle_014_0030\n  rotate: false\n  xy: 1685, 1963\n  size: 39, 82\n  orig: 39, 82\n  offset: 0, 0\n  index: -1\nLayer 1\n  rotate: false\n  xy: 836, 1689\n  size: 103, 135\n  orig: 103, 135\n  offset: 0, 0\n  index: -1\nimage_006_0020\n  rotate: false\n  xy: 1254, 169\n  size: 105, 298\n  orig: 105, 298\n  offset: 0, 0\n  index: -1\nimage_006_0021\n  rotate: false\n  xy: 1361, 111\n  size: 108, 298\n  orig: 108, 298\n  offset: 0, 0\n  index: -1\nimage_006_0022\n  rotate: false\n  xy: 1471, 111\n  size: 110, 298\n  orig: 110, 298\n  offset: 0, 0\n  index: -1\nimage_006_0024\n  rotate: false\n  xy: 1583, 107\n  size: 116, 298\n  orig: 116, 298\n  offset: 0, 0\n  index: -1\nimage_006_0025\n  rotate: false\n  xy: 1701, 107\n  size: 114, 298\n  orig: 114, 298\n  offset: 0, 0\n  index: -1\nimage_006_0026\n  rotate: false\n  xy: 278, 612\n  size: 118, 293\n  orig: 118, 293\n  offset: 0, 0\n  index: -1\nimage_006_0027\n  rotate: false\n  xy: 1041, 482\n  size: 120, 294\n  orig: 120, 294\n  offset: 0, 0\n  index: -1\nimage_006_0028\n  rotate: false\n  xy: 2, 331\n  size: 117, 297\n  orig: 120, 297\n  offset: 3, 0\n  index: -1\nimage_006_0029\n  rotate: false\n  xy: 121, 326\n  size: 122, 297\n  orig: 122, 297\n  offset: 0, 0\n  index: -1\nimage_006_0030\n  rotate: false\n  xy: 245, 313\n  size: 127, 297\n  orig: 127, 297\n  offset: 0, 0\n  index: -1\nimage_006_0031\n  rotate: false\n  xy: 1656, 407\n  size: 129, 296\n  orig: 129, 296\n  offset: 0, 0\n  index: -1\nimage_006_0032\n  rotate: false\n  xy: 374, 313\n  size: 131, 297\n  orig: 131, 297\n  offset: 0, 0\n  index: -1\nimage_006_0033\n  rotate: false\n  xy: 1817, 107\n  size: 136, 298\n  orig: 136, 298\n  offset: 0, 0\n  index: -1\nimage_006_0034\n  rotate: false\n  xy: 227, 13\n  size: 137, 298\n  orig: 137, 298\n  offset: 0, 0\n  index: -1\nimage_006_0035\n  rotate: false\n  xy: 494, 6\n  size: 140, 298\n  orig: 140, 298\n  offset: 0, 0\n  index: -1\nimage_006_0036\n  rotate: false\n  xy: 507, 306\n  size: 132, 297\n  orig: 144, 297\n  offset: 12, 0\n  index: -1\nimage_006_0037\n  rotate: false\n  xy: 641, 199\n  size: 132, 297\n  orig: 132, 297\n  offset: 0, 0\n  index: -1\nimage_006_0038\n  rotate: false\n  xy: 1405, 411\n  size: 131, 295\n  orig: 137, 295\n  offset: 6, 0\n  index: -1\nimage_006_0039\n  rotate: false\n  xy: 1163, 473\n  size: 133, 294\n  orig: 139, 294\n  offset: 6, 0\n  index: -1\nimage_006_0040\n  rotate: false\n  xy: 1787, 407\n  size: 119, 296\n  orig: 119, 296\n  offset: 0, 0\n  index: -1\nimage_006_0041\n  rotate: false\n  xy: 366, 13\n  size: 126, 298\n  orig: 136, 301\n  offset: 5, 3\n  index: -1\nimage_006_0049\n  rotate: false\n  xy: 2, 31\n  size: 116, 298\n  orig: 116, 298\n  offset: 0, 0\n  index: -1\nimage_006_0050\n  rotate: false\n  xy: 775, 191\n  size: 119, 297\n  orig: 119, 297\n  offset: 0, 0\n  index: -1\nimage_006_0051\n  rotate: false\n  xy: 1538, 411\n  size: 116, 295\n  orig: 116, 295\n  offset: 0, 0\n  index: -1\nimage_006_0052\n  rotate: false\n  xy: 1908, 407\n  size: 115, 296\n  orig: 115, 296\n  offset: 0, 0\n  index: -1\nimage_006_0053\n  rotate: false\n  xy: 896, 191\n  size: 118, 297\n  orig: 118, 297\n  offset: 0, 0\n  index: -1\nimage_006_0084\n  rotate: false\n  xy: 120, 26\n  size: 105, 298\n  orig: 105, 298\n  offset: 0, 0\n  index: -1\nimage_006_0093\n  rotate: false\n  xy: 1016, 183\n  size: 118, 297\n  orig: 118, 297\n  offset: 0, 0\n  index: -1\nimage_006_0098\n  rotate: false\n  xy: 1136, 174\n  size: 116, 297\n  orig: 116, 297\n  offset: 0, 0\n  index: -1\nimage_011_0026\n  rotate: false\n  xy: 1687, 705\n  size: 102, 291\n  orig: 102, 291\n  offset: 0, 0\n  index: -1\nimage_011_0027\n  rotate: false\n  xy: 175, 625\n  size: 101, 292\n  orig: 101, 292\n  offset: 0, 0\n  index: -1\nimage_011_0028\n  rotate: false\n  xy: 1298, 469\n  size: 105, 294\n  orig: 105, 294\n  offset: 0, 0\n  index: -1\nimage_011_0029\n  rotate: false\n  xy: 577, 605\n  size: 107, 293\n  orig: 107, 293\n  offset: 0, 0\n  index: -1\nimage_011_0030\n  rotate: false\n  xy: 1396, 765\n  size: 110, 289\n  orig: 110, 289\n  offset: 0, 0\n  index: -1\nimage_011_0031\n  rotate: false\n  xy: 930, 783\n  size: 116, 282\n  orig: 116, 282\n  offset: 0, 0\n  index: -1\nimage_011_0032\n  rotate: false\n  xy: 1832, 996\n  size: 116, 274\n  orig: 116, 274\n  offset: 0, 0\n  index: -1\nimage_011_0033\n  rotate: false\n  xy: 180, 919\n  size: 114, 277\n  orig: 114, 277\n  offset: 0, 0\n  index: -1\nimage_011_0034\n  rotate: false\n  xy: 296, 907\n  size: 118, 277\n  orig: 118, 277\n  offset: 0, 0\n  index: -1\nimage_011_0035\n  rotate: false\n  xy: 1536, 999\n  size: 119, 272\n  orig: 119, 272\n  offset: 0, 0\n  index: -1\nimage_011_0036\n  rotate: false\n  xy: 1090, 1061\n  size: 114, 264\n  orig: 119, 264\n  offset: 5, 0\n  index: -1\nimage_011_0037\n  rotate: false\n  xy: 564, 1181\n  size: 118, 258\n  orig: 118, 258\n  offset: 0, 0\n  index: -1\nimage_011_0038\n  rotate: false\n  xy: 807, 1070\n  size: 121, 261\n  orig: 121, 261\n  offset: 0, 0\n  index: -1\nimage_011_0039\n  rotate: false\n  xy: 684, 1178\n  size: 121, 260\n  orig: 121, 260\n  offset: 0, 0\n  index: -1\nimage_011_0040\n  rotate: false\n  xy: 440, 1183\n  size: 122, 256\n  orig: 122, 256\n  offset: 0, 0\n  index: -1\nimage_011_0041\n  rotate: false\n  xy: 1180, 1327\n  size: 125, 249\n  orig: 125, 249\n  offset: 0, 0\n  index: -1\nimage_011_0042\n  rotate: false\n  xy: 941, 1582\n  size: 126, 242\n  orig: 126, 242\n  offset: 0, 0\n  index: -1\nimage_011_0043\n  rotate: false\n  xy: 1202, 1578\n  size: 127, 246\n  orig: 127, 246\n  offset: 0, 0\n  index: -1\nimage_011_0044\n  rotate: false\n  xy: 1307, 1326\n  size: 130, 249\n  orig: 130, 249\n  offset: 0, 0\n  index: -1\nimage_011_0045\n  rotate: false\n  xy: 1069, 1581\n  size: 131, 243\n  orig: 131, 247\n  offset: 0, 4\n  index: -1\nimage_011_0046\n  rotate: false\n  xy: 1206, 1059\n  size: 156, 265\n  orig: 170, 271\n  offset: 7, 6\n  index: -1\nimage_011_0047\n  rotate: false\n  xy: 1657, 998\n  size: 173, 272\n  orig: 187, 279\n  offset: 7, 7\n  index: -1\nimage_011_0048\n  rotate: false\n  xy: 591, 900\n  size: 159, 276\n  orig: 159, 276\n  offset: 0, 0\n  index: -1\nimage_011_0049\n  rotate: false\n  xy: 686, 498\n  size: 174, 291\n  orig: 174, 291\n  offset: 0, 0\n  index: -1\nimage_011_0052\n  rotate: false\n  xy: 1674, 1272\n  size: 116, 250\n  orig: 116, 250\n  offset: 0, 0\n  index: -1\nimage_011_0053\n  rotate: false\n  xy: 1439, 1326\n  size: 114, 249\n  orig: 114, 249\n  offset: 0, 0\n  index: -1\nimage_011_0054\n  rotate: false\n  xy: 945, 1332\n  size: 118, 248\n  orig: 118, 248\n  offset: 0, 0\n  index: -1\nimage_011_0055\n  rotate: false\n  xy: 1555, 1273\n  size: 117, 249\n  orig: 117, 249\n  offset: 0, 0\n  index: -1\nimage_011_0056\n  rotate: false\n  xy: 1792, 1272\n  size: 130, 250\n  orig: 130, 250\n  offset: 0, 0\n  index: -1\nimage_011_0057\n  rotate: false\n  xy: 930, 1067\n  size: 158, 262\n  orig: 158, 262\n  offset: 0, 0\n  index: -1\nimage_011_0058\n  rotate: false\n  xy: 2, 630\n  size: 171, 290\n  orig: 171, 290\n  offset: 0, 0\n  index: -1\nimage_011_0063\n  rotate: false\n  xy: 398, 612\n  size: 177, 290\n  orig: 177, 290\n  offset: 0, 0\n  index: -1\nimage_011_0064\n  rotate: false\n  xy: 752, 791\n  size: 176, 277\n  orig: 176, 277\n  offset: 0, 0\n  index: -1\nimage_011_0065\n  rotate: false\n  xy: 1048, 778\n  size: 173, 279\n  orig: 173, 279\n  offset: 0, 0\n  index: -1\nimage_011_0066\n  rotate: false\n  xy: 1791, 705\n  size: 171, 289\n  orig: 171, 289\n  offset: 0, 0\n  index: -1\nimage_011_0071\n  rotate: false\n  xy: 1508, 708\n  size: 177, 288\n  orig: 177, 288\n  offset: 0, 0\n  index: -1\nimage_011_0072\n  rotate: false\n  xy: 2, 922\n  size: 176, 274\n  orig: 176, 274\n  offset: 0, 0\n  index: -1\nimage_011_0073\n  rotate: false\n  xy: 416, 904\n  size: 173, 275\n  orig: 173, 275\n  offset: 0, 0\n  index: -1\nimage_011_0074\n  rotate: false\n  xy: 1223, 769\n  size: 171, 285\n  orig: 171, 285\n  offset: 0, 0\n  index: -1\nimage_011_0079\n  rotate: false\n  xy: 862, 490\n  size: 177, 291\n  orig: 177, 291\n  offset: 0, 0\n  index: -1\nimage_011_0080\n  rotate: false\n  xy: 1364, 1056\n  size: 170, 268\n  orig: 170, 268\n  offset: 0, 0\n  index: -1\nimage_011_0081\n  rotate: false\n  xy: 2, 1200\n  size: 158, 253\n  orig: 158, 253\n  offset: 0, 0\n  index: -1\nimage_011_0082\n  rotate: false\n  xy: 162, 1198\n  size: 144, 253\n  orig: 144, 253\n  offset: 0, 0\n  index: -1\nimage_011_0083\n  rotate: false\n  xy: 308, 1186\n  size: 130, 253\n  orig: 130, 253\n  offset: 0, 0\n  index: -1\nimage_011_0084\n  rotate: false\n  xy: 1924, 1272\n  size: 121, 250\n  orig: 121, 250\n  offset: 0, 0\n  index: -1\nimage_011_0085\n  rotate: false\n  xy: 1065, 1331\n  size: 113, 248\n  orig: 113, 248\n  offset: 0, 0\n  index: -1\nimage_011_0086\n  rotate: false\n  xy: 1331, 1577\n  size: 105, 247\n  orig: 105, 247\n  offset: 0, 0\n  index: -1\nimage_011_0087\n  rotate: false\n  xy: 1438, 1577\n  size: 102, 247\n  orig: 102, 247\n  offset: 0, 0\n  index: -1\nimage_011_0088\n  rotate: false\n  xy: 1542, 1577\n  size: 102, 247\n  orig: 102, 247\n  offset: 0, 0\n  index: -1\nimage_011_0089\n  rotate: false\n  xy: 1646, 1524\n  size: 102, 247\n  orig: 102, 247\n  offset: 0, 0\n  index: -1\nimage_011_0090\n  rotate: false\n  xy: 1750, 1524\n  size: 102, 247\n  orig: 102, 247\n  offset: 0, 0\n  index: -1\nimage_011_0091\n  rotate: false\n  xy: 1854, 1524\n  size: 102, 247\n  orig: 102, 247\n  offset: 0, 0\n  index: -1\nimage_011_0092\n  rotate: false\n  xy: 2, 1455\n  size: 102, 247\n  orig: 102, 247\n  offset: 0, 0\n  index: -1\nimage_011_0093\n  rotate: false\n  xy: 106, 1455\n  size: 102, 247\n  orig: 102, 247\n  offset: 0, 0\n  index: -1\nimage_011_0094\n  rotate: false\n  xy: 210, 1453\n  size: 103, 247\n  orig: 103, 247\n  offset: 0, 0\n  index: -1\nimage_011_0095\n  rotate: false\n  xy: 315, 1441\n  size: 103, 247\n  orig: 103, 247\n  offset: 0, 0\n  index: -1\nimage_011_0096\n  rotate: false\n  xy: 420, 1441\n  size: 103, 247\n  orig: 103, 247\n  offset: 0, 0\n  index: -1\nimage_011_0097\n  rotate: false\n  xy: 525, 1441\n  size: 103, 247\n  orig: 103, 247\n  offset: 0, 0\n  index: -1\nimage_011_0098\n  rotate: false\n  xy: 630, 1441\n  size: 103, 247\n  orig: 103, 247\n  offset: 0, 0\n  index: -1\nimage_011_0099\n  rotate: false\n  xy: 735, 1440\n  size: 103, 247\n  orig: 103, 247\n  offset: 0, 0\n  index: -1\nimage_011_0100\n  rotate: false\n  xy: 840, 1333\n  size: 103, 247\n  orig: 103, 247\n  offset: 0, 0\n  index: -1\nmelee01\n  rotate: false\n  xy: 194, 1978\n  size: 190, 67\n  orig: 190, 67\n  offset: 0, 0\n  index: -1\nmelee02\n  rotate: false\n  xy: 386, 1976\n  size: 63, 69\n  orig: 63, 69\n  offset: 0, 0\n  index: -1\nranger01\n  rotate: false\n  xy: 2, 1989\n  size: 190, 56\n  orig: 190, 56\n  offset: 0, 0\n  index: -1\n\nSpine2.png\nsize: 1944,1944\nformat: RGBA8888\nfilter: Linear,Linear\nrepeat: none\nimage_006_0019\n  rotate: false\n  xy: 829, 2\n  size: 102, 299\n  orig: 102, 299\n  offset: 0, 0\n  index: -1\nimage_006_0023\n  rotate: false\n  xy: 1559, 654\n  size: 116, 299\n  orig: 116, 299\n  offset: 0, 0\n  index: -1\nimage_006_0042\n  rotate: false\n  xy: 1047, 971\n  size: 172, 320\n  orig: 186, 327\n  offset: 7, 7\n  index: -1\nimage_006_0043\n  rotate: false\n  xy: 663, 1613\n  size: 191, 329\n  orig: 205, 337\n  offset: 7, 8\n  index: -1\nimage_006_0044\n  rotate: false\n  xy: 856, 1619\n  size: 185, 323\n  orig: 185, 323\n  offset: 0, 0\n  index: -1\nimage_006_0045\n  rotate: false\n  xy: 245, 1610\n  size: 205, 332\n  orig: 206, 332\n  offset: 0, 0\n  index: -1\nimage_006_0046\n  rotate: false\n  xy: 2, 1254\n  size: 223, 340\n  orig: 223, 340\n  offset: 0, 0\n  index: -1\nimage_006_0047\n  rotate: false\n  xy: 2, 1596\n  size: 241, 346\n  orig: 241, 347\n  offset: 0, 1\n  index: -1\nimage_006_0048\n  rotate: false\n  xy: 1043, 322\n  size: 114, 300\n  orig: 114, 300\n  offset: 0, 0\n  index: -1\nimage_006_0054\n  rotate: false\n  xy: 695, 3\n  size: 132, 298\n  orig: 132, 298\n  offset: 0, 0\n  index: -1\nimage_006_0055\n  rotate: false\n  xy: 1410, 1287\n  size: 157, 311\n  orig: 157, 311\n  offset: 0, 0\n  index: -1\nimage_006_0056\n  rotate: false\n  xy: 227, 1254\n  size: 171, 340\n  orig: 171, 340\n  offset: 0, 0\n  index: -1\nimage_006_0057\n  rotate: false\n  xy: 400, 1257\n  size: 170, 351\n  orig: 170, 351\n  offset: 0, 0\n  index: -1\nimage_006_0058\n  rotate: false\n  xy: 180, 896\n  size: 171, 356\n  orig: 171, 356\n  offset: 0, 0\n  index: -1\nimage_006_0059\n  rotate: false\n  xy: 2, 538\n  size: 173, 357\n  orig: 173, 357\n  offset: 0, 0\n  index: -1\nimage_006_0060\n  rotate: false\n  xy: 2, 897\n  size: 176, 355\n  orig: 176, 355\n  offset: 0, 0\n  index: -1\nimage_006_0061\n  rotate: false\n  xy: 1043, 1600\n  size: 177, 342\n  orig: 177, 342\n  offset: 0, 0\n  index: -1\nimage_006_0062\n  rotate: false\n  xy: 1232, 1268\n  size: 176, 330\n  orig: 176, 330\n  offset: 0, 0\n  index: -1\nimage_006_0063\n  rotate: false\n  xy: 1747, 1256\n  size: 173, 331\n  orig: 173, 331\n  offset: 0, 0\n  index: -1\nimage_006_0064\n  rotate: false\n  xy: 526, 915\n  size: 171, 340\n  orig: 171, 340\n  offset: 0, 0\n  index: -1\nimage_006_0065\n  rotate: false\n  xy: 572, 1261\n  size: 170, 350\n  orig: 170, 350\n  offset: 0, 0\n  index: -1\nimage_006_0066\n  rotate: false\n  xy: 177, 183\n  size: 171, 354\n  orig: 171, 354\n  offset: 0, 0\n  index: -1\nimage_006_0067\n  rotate: false\n  xy: 2, 181\n  size: 173, 355\n  orig: 173, 355\n  offset: 0, 0\n  index: -1\nimage_006_0068\n  rotate: false\n  xy: 1580, 1589\n  size: 176, 353\n  orig: 176, 353\n  offset: 0, 0\n  index: -1\nimage_006_0069\n  rotate: false\n  xy: 1222, 1600\n  size: 177, 342\n  orig: 177, 342\n  offset: 0, 0\n  index: -1\nimage_006_0070\n  rotate: false\n  xy: 1569, 1257\n  size: 176, 330\n  orig: 176, 330\n  offset: 0, 0\n  index: -1\nimage_006_0071\n  rotate: false\n  xy: 872, 928\n  size: 173, 331\n  orig: 173, 331\n  offset: 0, 0\n  index: -1\nimage_006_0072\n  rotate: false\n  xy: 699, 919\n  size: 171, 340\n  orig: 171, 340\n  offset: 0, 0\n  index: -1\nimage_006_0073\n  rotate: false\n  xy: 744, 1261\n  size: 170, 350\n  orig: 170, 350\n  offset: 0, 0\n  index: -1\nimage_006_0074\n  rotate: false\n  xy: 353, 898\n  size: 171, 354\n  orig: 171, 354\n  offset: 0, 0\n  index: -1\nimage_006_0075\n  rotate: false\n  xy: 177, 539\n  size: 173, 355\n  orig: 173, 355\n  offset: 0, 0\n  index: -1\nimage_006_0076\n  rotate: false\n  xy: 1758, 1589\n  size: 176, 353\n  orig: 176, 353\n  offset: 0, 0\n  index: -1\nimage_006_0077\n  rotate: false\n  xy: 1401, 1600\n  size: 177, 342\n  orig: 177, 342\n  offset: 0, 0\n  index: -1\nimage_006_0078\n  rotate: false\n  xy: 350, 218\n  size: 170, 319\n  orig: 170, 319\n  offset: 0, 0\n  index: -1\nimage_006_0079\n  rotate: false\n  xy: 1399, 962\n  size: 158, 304\n  orig: 158, 304\n  offset: 0, 0\n  index: -1\nimage_006_0080\n  rotate: false\n  xy: 352, 590\n  size: 144, 304\n  orig: 144, 304\n  offset: 0, 0\n  index: -1\nimage_006_0081\n  rotate: false\n  xy: 498, 592\n  size: 130, 304\n  orig: 130, 304\n  offset: 0, 0\n  index: -1\nimage_006_0082\n  rotate: false\n  xy: 916, 1316\n  size: 121, 301\n  orig: 121, 301\n  offset: 0, 0\n  index: -1\nimage_006_0083\n  rotate: false\n  xy: 1450, 52\n  size: 113, 299\n  orig: 113, 299\n  offset: 0, 0\n  index: -1\nimage_006_0085\n  rotate: false\n  xy: 1451, 362\n  size: 102, 298\n  orig: 102, 298\n  offset: 0, 0\n  index: -1\nimage_006_0086\n  rotate: false\n  xy: 1565, 53\n  size: 102, 298\n  orig: 102, 298\n  offset: 0, 0\n  index: -1\nimage_006_0087\n  rotate: false\n  xy: 1452, 662\n  size: 105, 298\n  orig: 105, 298\n  offset: 0, 0\n  index: -1\nimage_006_0088\n  rotate: false\n  xy: 933, 9\n  size: 108, 298\n  orig: 108, 298\n  offset: 0, 0\n  index: -1\nimage_006_0089\n  rotate: false\n  xy: 1669, 52\n  size: 111, 298\n  orig: 111, 298\n  offset: 0, 0\n  index: -1\nimage_006_0090\n  rotate: false\n  xy: 1555, 353\n  size: 116, 299\n  orig: 116, 299\n  offset: 0, 0\n  index: -1\nimage_006_0091\n  rotate: false\n  xy: 1677, 652\n  size: 116, 298\n  orig: 116, 298\n  offset: 0, 0\n  index: -1\nimage_006_0092\n  rotate: false\n  xy: 1043, 22\n  size: 114, 298\n  orig: 114, 298\n  offset: 0, 0\n  index: -1\nimage_006_0094\n  rotate: false\n  xy: 1331, 61\n  size: 117, 298\n  orig: 117, 298\n  offset: 0, 0\n  index: -1\nimage_006_0095\n  rotate: false\n  xy: 1790, 351\n  size: 114, 299\n  orig: 114, 299\n  offset: 0, 0\n  index: -1\nimage_006_0096\n  rotate: false\n  xy: 1795, 652\n  size: 116, 298\n  orig: 116, 298\n  offset: 0, 0\n  index: -1\nimage_006_0097\n  rotate: false\n  xy: 1331, 662\n  size: 119, 298\n  orig: 119, 298\n  offset: 0, 0\n  index: -1\nimage_006_0099\n  rotate: false\n  xy: 1673, 352\n  size: 115, 298\n  orig: 115, 298\n  offset: 0, 0\n  index: -1\nimage_006_0100\n  rotate: false\n  xy: 1331, 361\n  size: 118, 299\n  orig: 118, 299\n  offset: 0, 0\n  index: -1\nimage_011_0050\n  rotate: false\n  xy: 1039, 1293\n  size: 191, 305\n  orig: 192, 305\n  offset: 0, 0\n  index: -1\nimage_011_0051\n  rotate: false\n  xy: 452, 1626\n  size: 209, 316\n  orig: 210, 316\n  offset: 0, 0\n  index: -1\nimage_011_0059\n  rotate: false\n  xy: 1153, 663\n  size: 170, 299\n  orig: 170, 299\n  offset: 0, 0\n  index: -1\nimage_011_0060\n  rotate: false\n  xy: 522, 286\n  size: 171, 304\n  orig: 171, 304\n  offset: 0, 0\n  index: -1\nimage_011_0061\n  rotate: false\n  xy: 630, 609\n  size: 173, 304\n  orig: 173, 304\n  offset: 0, 0\n  index: -1\nimage_011_0062\n  rotate: false\n  xy: 1221, 964\n  size: 176, 302\n  orig: 176, 302\n  offset: 0, 0\n  index: -1\nimage_011_0067\n  rotate: false\n  xy: 1159, 362\n  size: 170, 299\n  orig: 170, 299\n  offset: 0, 0\n  index: -1\nimage_011_0068\n  rotate: false\n  xy: 805, 614\n  size: 171, 303\n  orig: 171, 303\n  offset: 0, 0\n  index: -1\nimage_011_0069\n  rotate: false\n  xy: 978, 624\n  size: 173, 302\n  orig: 173, 302\n  offset: 0, 0\n  index: -1\nimage_011_0070\n  rotate: false\n  xy: 1559, 955\n  size: 176, 300\n  orig: 176, 300\n  offset: 0, 0\n  index: -1\nimage_011_0075\n  rotate: false\n  xy: 1159, 62\n  size: 170, 298\n  orig: 170, 298\n  offset: 0, 0\n  index: -1\nimage_011_0076\n  rotate: false\n  xy: 870, 309\n  size: 171, 303\n  orig: 171, 303\n  offset: 0, 0\n  index: -1\nimage_011_0077\n  rotate: false\n  xy: 695, 303\n  size: 173, 304\n  orig: 173, 304\n  offset: 0, 0\n  index: -1\nimage_011_0078\n  rotate: false\n  xy: 1737, 952\n  size: 176, 302\n  orig: 176, 302\n  offset: 0, 0\n  index: -1\n"
}