{
  "__type__": "cc.Mesh",
  "_name": "",
  "_objFlags": 0,
  "_native": ".bin",
  "_struct": {
    "primitives": [
      {
        "primitiveMode": 7,
        "jointMapIndex": 0,
        "vertexBundelIndices": [
          0
        ],
        "indexView": {
          "offset": 17784,
          "length": 822,
          "count": 411,
          "stride": 2
        }
      },
      {
        "primitiveMode": 7,
        "jointMapIndex": 1,
        "vertexBundelIndices": [
          1
        ],
        "indexView": {
          "offset": 30702,
          "length": 474,
          "count": 237,
          "stride": 2
        }
      },
      {
        "primitiveMode": 7,
        "jointMapIndex": 2,
        "vertexBundelIndices": [
          2
        ],
        "indexView": {
          "offset": 35712,
          "length": 198,
          "count": 99,
          "stride": 2
        }
      },
      {
        "primitiveMode": 7,
        "jointMapIndex": 3,
        "vertexBundelIndices": [
          3
        ],
        "indexView": {
          "offset": 46278,
          "length": 384,
          "count": 192,
          "stride": 2
        }
      },
      {
        "primitiveMode": 7,
        "jointMapIndex": 4,
        "vertexBundelIndices": [
          4
        ],
        "indexView": {
          "offset": 59910,
          "length": 456,
          "count": 228,
          "stride": 2
        }
      },
      {
        "primitiveMode": 7,
        "jointMapIndex": 5,
        "vertexBundelIndices": [
          5
        ],
        "indexView": {
          "offset": 66990,
          "length": 216,
          "count": 108,
          "stride": 2
        }
      },
      {
        "primitiveMode": 7,
        "jointMapIndex": 6,
        "vertexBundelIndices": [
          6
        ],
        "indexView": {
          "offset": 72894,
          "length": 198,
          "count": 99,
          "stride": 2
        }
      },
      {
        "primitiveMode": 7,
        "jointMapIndex": 7,
        "vertexBundelIndices": [
          7
        ],
        "indexView": {
          "offset": 77700,
          "length": 186,
          "count": 93,
          "stride": 2
        }
      },
      {
        "primitiveMode": 7,
        "jointMapIndex": 8,
        "vertexBundelIndices": [
          8
        ],
        "indexView": {
          "offset": 97038,
          "length": 864,
          "count": 432,
          "stride": 2
        }
      },
      {
        "primitiveMode": 7,
        "jointMapIndex": 9,
        "vertexBundelIndices": [
          9
        ],
        "indexView": {
          "offset": 106974,
          "length": 318,
          "count": 159,
          "stride": 2
        }
      },
      {
        "primitiveMode": 7,
        "jointMapIndex": 2,
        "vertexBundelIndices": [
          10
        ],
        "indexView": {
          "offset": 111828,
          "length": 198,
          "count": 99,
          "stride": 2
        }
      },
      {
        "primitiveMode": 7,
        "jointMapIndex": 11,
        "vertexBundelIndices": [
          11
        ],
        "indexView": {
          "offset": 122394,
          "length": 384,
          "count": 192,
          "stride": 2
        }
      },
      {
        "primitiveMode": 7,
        "jointMapIndex": 12,
        "vertexBundelIndices": [
          12
        ],
        "indexView": {
          "offset": 136026,
          "length": 456,
          "count": 228,
          "stride": 2
        }
      },
      {
        "primitiveMode": 7,
        "jointMapIndex": 13,
        "vertexBundelIndices": [
          13
        ],
        "indexView": {
          "offset": 143106,
          "length": 216,
          "count": 108,
          "stride": 2
        }
      },
      {
        "primitiveMode": 7,
        "jointMapIndex": 14,
        "vertexBundelIndices": [
          14
        ],
        "indexView": {
          "offset": 149010,
          "length": 198,
          "count": 99,
          "stride": 2
        }
      },
      {
        "primitiveMode": 7,
        "jointMapIndex": 15,
        "vertexBundelIndices": [
          15
        ],
        "indexView": {
          "offset": 153096,
          "length": 120,
          "count": 60,
          "stride": 2
        }
      },
      {
        "primitiveMode": 7,
        "jointMapIndex": 10,
        "vertexBundelIndices": [
          16
        ],
        "indexView": {
          "offset": 172872,
          "length": 1380,
          "count": 690,
          "stride": 2
        }
      },
      {
        "primitiveMode": 7,
        "jointMapIndex": 10,
        "vertexBundelIndices": [
          17
        ],
        "indexView": {
          "offset": 177132,
          "length": 480,
          "count": 120,
          "stride": 4
        }
      }
    ],
    "vertexBundles": [
      {
        "view": {
          "offset": 0,
          "length": 17784,
          "count": 247,
          "stride": 72
        },
        "attributes": [
          {
            "name": "a_position",
            "format": 32,
            "isNormalized": false
          },
          {
            "name": "a_normal",
            "format": 32,
            "isNormalized": false
          },
          {
            "name": "a_texCoord",
            "format": 21,
            "isNormalized": false
          },
          {
            "name": "a_tangent",
            "format": 44,
            "isNormalized": false
          },
          {
            "name": "a_joints",
            "format": 42,
            "isNormalized": false
          },
          {
            "name": "a_weights",
            "format": 44,
            "isNormalized": false
          }
        ]
      },
      {
        "view": {
          "offset": 18606,
          "length": 12096,
          "count": 168,
          "stride": 72
        },
        "attributes": [
          {
            "name": "a_position",
            "format": 32,
            "isNormalized": false
          },
          {
            "name": "a_normal",
            "format": 32,
            "isNormalized": false
          },
          {
            "name": "a_texCoord",
            "format": 21,
            "isNormalized": false
          },
          {
            "name": "a_tangent",
            "format": 44,
            "isNormalized": false
          },
          {
            "name": "a_joints",
            "format": 42,
            "isNormalized": false
          },
          {
            "name": "a_weights",
            "format": 44,
            "isNormalized": false
          }
        ]
      },
      {
        "view": {
          "offset": 31176,
          "length": 4536,
          "count": 63,
          "stride": 72
        },
        "attributes": [
          {
            "name": "a_position",
            "format": 32,
            "isNormalized": false
          },
          {
            "name": "a_normal",
            "format": 32,
            "isNormalized": false
          },
          {
            "name": "a_texCoord",
            "format": 21,
            "isNormalized": false
          },
          {
            "name": "a_tangent",
            "format": 44,
            "isNormalized": false
          },
          {
            "name": "a_joints",
            "format": 42,
            "isNormalized": false
          },
          {
            "name": "a_weights",
            "format": 44,
            "isNormalized": false
          }
        ]
      },
      {
        "view": {
          "offset": 35910,
          "length": 10368,
          "count": 144,
          "stride": 72
        },
        "attributes": [
          {
            "name": "a_position",
            "format": 32,
            "isNormalized": false
          },
          {
            "name": "a_normal",
            "format": 32,
            "isNormalized": false
          },
          {
            "name": "a_texCoord",
            "format": 21,
            "isNormalized": false
          },
          {
            "name": "a_tangent",
            "format": 44,
            "isNormalized": false
          },
          {
            "name": "a_joints",
            "format": 42,
            "isNormalized": false
          },
          {
            "name": "a_weights",
            "format": 44,
            "isNormalized": false
          }
        ]
      },
      {
        "view": {
          "offset": 46662,
          "length": 13248,
          "count": 184,
          "stride": 72
        },
        "attributes": [
          {
            "name": "a_position",
            "format": 32,
            "isNormalized": false
          },
          {
            "name": "a_normal",
            "format": 32,
            "isNormalized": false
          },
          {
            "name": "a_texCoord",
            "format": 21,
            "isNormalized": false
          },
          {
            "name": "a_tangent",
            "format": 44,
            "isNormalized": false
          },
          {
            "name": "a_joints",
            "format": 42,
            "isNormalized": false
          },
          {
            "name": "a_weights",
            "format": 44,
            "isNormalized": false
          }
        ]
      },
      {
        "view": {
          "offset": 60366,
          "length": 6624,
          "count": 92,
          "stride": 72
        },
        "attributes": [
          {
            "name": "a_position",
            "format": 32,
            "isNormalized": false
          },
          {
            "name": "a_normal",
            "format": 32,
            "isNormalized": false
          },
          {
            "name": "a_texCoord",
            "format": 21,
            "isNormalized": false
          },
          {
            "name": "a_tangent",
            "format": 44,
            "isNormalized": false
          },
          {
            "name": "a_joints",
            "format": 42,
            "isNormalized": false
          },
          {
            "name": "a_weights",
            "format": 44,
            "isNormalized": false
          }
        ]
      },
      {
        "view": {
          "offset": 67206,
          "length": 5688,
          "count": 79,
          "stride": 72
        },
        "attributes": [
          {
            "name": "a_position",
            "format": 32,
            "isNormalized": false
          },
          {
            "name": "a_normal",
            "format": 32,
            "isNormalized": false
          },
          {
            "name": "a_texCoord",
            "format": 21,
            "isNormalized": false
          },
          {
            "name": "a_tangent",
            "format": 44,
            "isNormalized": false
          },
          {
            "name": "a_joints",
            "format": 42,
            "isNormalized": false
          },
          {
            "name": "a_weights",
            "format": 44,
            "isNormalized": false
          }
        ]
      },
      {
        "view": {
          "offset": 73092,
          "length": 4608,
          "count": 64,
          "stride": 72
        },
        "attributes": [
          {
            "name": "a_position",
            "format": 32,
            "isNormalized": false
          },
          {
            "name": "a_normal",
            "format": 32,
            "isNormalized": false
          },
          {
            "name": "a_texCoord",
            "format": 21,
            "isNormalized": false
          },
          {
            "name": "a_tangent",
            "format": 44,
            "isNormalized": false
          },
          {
            "name": "a_joints",
            "format": 42,
            "isNormalized": false
          },
          {
            "name": "a_weights",
            "format": 44,
            "isNormalized": false
          }
        ]
      },
      {
        "view": {
          "offset": 77886,
          "length": 19152,
          "count": 266,
          "stride": 72
        },
        "attributes": [
          {
            "name": "a_position",
            "format": 32,
            "isNormalized": false
          },
          {
            "name": "a_normal",
            "format": 32,
            "isNormalized": false
          },
          {
            "name": "a_texCoord",
            "format": 21,
            "isNormalized": false
          },
          {
            "name": "a_tangent",
            "format": 44,
            "isNormalized": false
          },
          {
            "name": "a_joints",
            "format": 42,
            "isNormalized": false
          },
          {
            "name": "a_weights",
            "format": 44,
            "isNormalized": false
          }
        ]
      },
      {
        "view": {
          "offset": 97902,
          "length": 9072,
          "count": 126,
          "stride": 72
        },
        "attributes": [
          {
            "name": "a_position",
            "format": 32,
            "isNormalized": false
          },
          {
            "name": "a_normal",
            "format": 32,
            "isNormalized": false
          },
          {
            "name": "a_texCoord",
            "format": 21,
            "isNormalized": false
          },
          {
            "name": "a_tangent",
            "format": 44,
            "isNormalized": false
          },
          {
            "name": "a_joints",
            "format": 42,
            "isNormalized": false
          },
          {
            "name": "a_weights",
            "format": 44,
            "isNormalized": false
          }
        ]
      },
      {
        "view": {
          "offset": 107292,
          "length": 4536,
          "count": 63,
          "stride": 72
        },
        "attributes": [
          {
            "name": "a_position",
            "format": 32,
            "isNormalized": false
          },
          {
            "name": "a_normal",
            "format": 32,
            "isNormalized": false
          },
          {
            "name": "a_texCoord",
            "format": 21,
            "isNormalized": false
          },
          {
            "name": "a_tangent",
            "format": 44,
            "isNormalized": false
          },
          {
            "name": "a_joints",
            "format": 42,
            "isNormalized": false
          },
          {
            "name": "a_weights",
            "format": 44,
            "isNormalized": false
          }
        ]
      },
      {
        "view": {
          "offset": 112026,
          "length": 10368,
          "count": 144,
          "stride": 72
        },
        "attributes": [
          {
            "name": "a_position",
            "format": 32,
            "isNormalized": false
          },
          {
            "name": "a_normal",
            "format": 32,
            "isNormalized": false
          },
          {
            "name": "a_texCoord",
            "format": 21,
            "isNormalized": false
          },
          {
            "name": "a_tangent",
            "format": 44,
            "isNormalized": false
          },
          {
            "name": "a_joints",
            "format": 42,
            "isNormalized": false
          },
          {
            "name": "a_weights",
            "format": 44,
            "isNormalized": false
          }
        ]
      },
      {
        "view": {
          "offset": 122778,
          "length": 13248,
          "count": 184,
          "stride": 72
        },
        "attributes": [
          {
            "name": "a_position",
            "format": 32,
            "isNormalized": false
          },
          {
            "name": "a_normal",
            "format": 32,
            "isNormalized": false
          },
          {
            "name": "a_texCoord",
            "format": 21,
            "isNormalized": false
          },
          {
            "name": "a_tangent",
            "format": 44,
            "isNormalized": false
          },
          {
            "name": "a_joints",
            "format": 42,
            "isNormalized": false
          },
          {
            "name": "a_weights",
            "format": 44,
            "isNormalized": false
          }
        ]
      },
      {
        "view": {
          "offset": 136482,
          "length": 6624,
          "count": 92,
          "stride": 72
        },
        "attributes": [
          {
            "name": "a_position",
            "format": 32,
            "isNormalized": false
          },
          {
            "name": "a_normal",
            "format": 32,
            "isNormalized": false
          },
          {
            "name": "a_texCoord",
            "format": 21,
            "isNormalized": false
          },
          {
            "name": "a_tangent",
            "format": 44,
            "isNormalized": false
          },
          {
            "name": "a_joints",
            "format": 42,
            "isNormalized": false
          },
          {
            "name": "a_weights",
            "format": 44,
            "isNormalized": false
          }
        ]
      },
      {
        "view": {
          "offset": 143322,
          "length": 5688,
          "count": 79,
          "stride": 72
        },
        "attributes": [
          {
            "name": "a_position",
            "format": 32,
            "isNormalized": false
          },
          {
            "name": "a_normal",
            "format": 32,
            "isNormalized": false
          },
          {
            "name": "a_texCoord",
            "format": 21,
            "isNormalized": false
          },
          {
            "name": "a_tangent",
            "format": 44,
            "isNormalized": false
          },
          {
            "name": "a_joints",
            "format": 42,
            "isNormalized": false
          },
          {
            "name": "a_weights",
            "format": 44,
            "isNormalized": false
          }
        ]
      },
      {
        "view": {
          "offset": 149208,
          "length": 3888,
          "count": 54,
          "stride": 72
        },
        "attributes": [
          {
            "name": "a_position",
            "format": 32,
            "isNormalized": false
          },
          {
            "name": "a_normal",
            "format": 32,
            "isNormalized": false
          },
          {
            "name": "a_texCoord",
            "format": 21,
            "isNormalized": false
          },
          {
            "name": "a_tangent",
            "format": 44,
            "isNormalized": false
          },
          {
            "name": "a_joints",
            "format": 42,
            "isNormalized": false
          },
          {
            "name": "a_weights",
            "format": 44,
            "isNormalized": false
          }
        ]
      },
      {
        "view": {
          "offset": 153216,
          "length": 19656,
          "count": 273,
          "stride": 72
        },
        "attributes": [
          {
            "name": "a_position",
            "format": 32,
            "isNormalized": false
          },
          {
            "name": "a_normal",
            "format": 32,
            "isNormalized": false
          },
          {
            "name": "a_texCoord",
            "format": 21,
            "isNormalized": false
          },
          {
            "name": "a_tangent",
            "format": 44,
            "isNormalized": false
          },
          {
            "name": "a_joints",
            "format": 42,
            "isNormalized": false
          },
          {
            "name": "a_weights",
            "format": 44,
            "isNormalized": false
          }
        ]
      },
      {
        "view": {
          "offset": 174252,
          "length": 2880,
          "count": 40,
          "stride": 72
        },
        "attributes": [
          {
            "name": "a_position",
            "format": 32,
            "isNormalized": false
          },
          {
            "name": "a_normal",
            "format": 32,
            "isNormalized": false
          },
          {
            "name": "a_texCoord",
            "format": 21,
            "isNormalized": false
          },
          {
            "name": "a_tangent",
            "format": 44,
            "isNormalized": false
          },
          {
            "name": "a_joints",
            "format": 42,
            "isNormalized": false
          },
          {
            "name": "a_weights",
            "format": 44,
            "isNormalized": false
          }
        ]
      }
    ],
    "minPosition": {
      "__type__": "cc.Vec3",
      "x": -1.1559942960739136,
      "y": -5.215214729309082,
      "z": -6.341081142425537
    },
    "maxPosition": {
      "__type__": "cc.Vec3",
      "x": 1.1559942960739136,
      "y": 4.961333274841309,
      "z": -0.08147289603948593
    },
    "jointMaps": [
      [
        0,
        1,
        5,
        6,
        7,
        8,
        60,
        77,
        78,
        79,
        80,
        81,
        82,
        83,
        84,
        85,
        86,
        87,
        88,
        90,
        91,
        92,
        93,
        94,
        95,
        96,
        99,
        100,
        103
      ],
      [
        0,
        1,
        2,
        3,
        4,
        5,
        6,
        7,
        8,
        9,
        10,
        11,
        14,
        15,
        18,
        19,
        37,
        38,
        39,
        40,
        41,
        60,
        90,
        92,
        93,
        94,
        95,
        99,
        100
      ],
      [
        0,
        1,
        2,
        3,
        4,
        5,
        6,
        7,
        22,
        37,
        38,
        39,
        40,
        41,
        60,
        61,
        77,
        78,
        79,
        80,
        81,
        82,
        83,
        84,
        85,
        86,
        87,
        88,
        90
      ],
      [
        0,
        5,
        6,
        7,
        9,
        10,
        11,
        14,
        15,
        18,
        19,
        38,
        39,
        40,
        41,
        45,
        49,
        53,
        60,
        77,
        81,
        82,
        83,
        84,
        85,
        86,
        87,
        88,
        90
      ],
      [
        0,
        1,
        2,
        3,
        4,
        5,
        6,
        7,
        8,
        37,
        60,
        77,
        78,
        79,
        80,
        81,
        82,
        83,
        90,
        91,
        92,
        93,
        94,
        95,
        96,
        99,
        100,
        103
      ],
      [
        0,
        6,
        7,
        8,
        9,
        10,
        11,
        14,
        15,
        18,
        19,
        37,
        38,
        39,
        40,
        41,
        53,
        80,
        81,
        82,
        83,
        84,
        85,
        86,
        87,
        88
      ],
      [
        0,
        1,
        2,
        3,
        4,
        5,
        6,
        7,
        9,
        10,
        11,
        14,
        15,
        37,
        38,
        39,
        40,
        41,
        45,
        49,
        53,
        60,
        77,
        78,
        79,
        80,
        81,
        90
      ],
      [
        0,
        5,
        6,
        7,
        10,
        11,
        37,
        38,
        40,
        41,
        53,
        60,
        61,
        77,
        78,
        79,
        80,
        81,
        82,
        83,
        84,
        85,
        86,
        87,
        88
      ],
      [
        0,
        1,
        2,
        3,
        4,
        5,
        6,
        22,
        23,
        25,
        26,
        37,
        38,
        39,
        60,
        61,
        62,
        63,
        64,
        65,
        66,
        67,
        70,
        71,
        74,
        77,
        78
      ],
      [
        0,
        3,
        4,
        5,
        6,
        22,
        23,
        24,
        25,
        26,
        29,
        30,
        33,
        34,
        37,
        38,
        39,
        40,
        41,
        63,
        64,
        65,
        66,
        67,
        70
      ],
      [
        0,
        24,
        29,
        33,
        41,
        47,
        51,
        53,
        54,
        55,
        56,
        60,
        61
      ],
      [
        0,
        5,
        6,
        22,
        24,
        25,
        26,
        29,
        30,
        33,
        34,
        38,
        39,
        40,
        41,
        43,
        49,
        53,
        60,
        61,
        77,
        81,
        82,
        83,
        84,
        85,
        86,
        87,
        88
      ],
      [
        0,
        1,
        2,
        3,
        4,
        5,
        6,
        22,
        23,
        37,
        60,
        61,
        62,
        63,
        64,
        65,
        66,
        67,
        70,
        71,
        74,
        77,
        78,
        79,
        80,
        81,
        82,
        83
      ],
      [
        0,
        6,
        22,
        23,
        24,
        25,
        26,
        29,
        30,
        33,
        34,
        37,
        38,
        39,
        40,
        41,
        53,
        80,
        81,
        82,
        83,
        84,
        85,
        86,
        87,
        88
      ],
      [
        0,
        1,
        2,
        3,
        4,
        5,
        6,
        22,
        24,
        25,
        26,
        29,
        30,
        37,
        38,
        39,
        40,
        41,
        43,
        49,
        53,
        60,
        61,
        77,
        78,
        79,
        80,
        81
      ],
      [
        0,
        5,
        6,
        7,
        8,
        9,
        14,
        18,
        22,
        23,
        25,
        26,
        37,
        38,
        40,
        41,
        53,
        60,
        62,
        63,
        85,
        86,
        87,
        88,
        90,
        91,
        92
      ]
    ]
  },
  "_hash": 329300938
}