{
  "__type__": "cc.TextAsset",
  "_name": "Blast.atlas",
  "_objFlags": 0,
  "_native": "",
  "text": "\nBlast.png\nsize: 176,176\nformat: RGBA8888\nfilter: Linear,Linear\nrepeat: none\nDeng\n  rotate: false\n  xy: 107, 146\n  size: 28, 28\n  orig: 30, 30\n  offset: 1, 1\n  index: -1\nDeng1\n  rotate: false\n  xy: 100, 91\n  size: 28, 28\n  orig: 32, 32\n  offset: 2, 2\n  index: -1\nDeng2\n  rotate: false\n  xy: 100, 61\n  size: 28, 28\n  orig: 30, 30\n  offset: 1, 1\n  index: -1\nDeng3\n  rotate: false\n  xy: 106, 31\n  size: 28, 28\n  orig: 30, 30\n  offset: 1, 1\n  index: -1\nboo0\n  rotate: false\n  xy: 58, 68\n  size: 40, 40\n  orig: 40, 40\n  offset: 0, 0\n  index: -1\nbullet\n  rotate: false\n  xy: 68, 121\n  size: 48, 13\n  orig: 50, 16\n  offset: 2, 2\n  index: -1\nfire\n  rotate: false\n  xy: 2, 2\n  size: 50, 50\n  orig: 50, 50\n  offset: 0, 0\n  index: -1\nfire_core\n  rotate: false\n  xy: 2, 54\n  size: 54, 54\n  orig: 64, 64\n  offset: 5, 5\n  index: -1\nguangq2\n  rotate: false\n  xy: 54, 2\n  size: 50, 50\n  orig: 50, 50\n  offset: 0, 0\n  index: -1\nsmoke22\n  rotate: false\n  xy: 68, 136\n  size: 37, 38\n  orig: 40, 40\n  offset: 2, 1\n  index: -1\nwave\n  rotate: false\n  xy: 2, 110\n  size: 64, 64\n  orig: 64, 64\n  offset: 0, 0\n  index: -1\n"
}