{"skeleton":{"hash":"V3ddAq1Bduo","spine":"3.8-from-4.0.61","x":-63.42,"y":0.45,"width":92,"height":162,"images":"./images/","audio":"C:/Users/Admin/Desktop/1/Zombie"},"bones":[{"name":"root"},{"name":"bone","parent":"root"}],"slots":[{"name":"atk","bone":"bone","attachment":"atk01"},{"name":"idle","bone":"bone"},{"name":"walk","bone":"bone"}],"skins":[{"name":"default","attachments":{"atk":{"atk01":{"x":-17.42,"y":81.45,"width":92,"height":162},"atk03":{"x":14.58,"y":81.95,"width":58,"height":165},"atk05":{"x":30.58,"y":78.95,"width":98,"height":159},"atk07":{"x":31.58,"y":78.95,"width":112,"height":159},"atk09":{"x":32.58,"y":73.45,"width":124,"height":148},"atk11":{"x":32.58,"y":70.95,"width":132,"height":141},"atk13":{"x":-3.42,"y":82.45,"width":58,"height":166},"atk15":{"x":-44.92,"y":59.95,"width":145,"height":119},"atk17":{"x":-45.92,"y":52.45,"width":147,"height":104},"atk19":{"x":-42.92,"y":51.45,"width":141,"height":102},"atk21":{"x":-40.92,"y":57.45,"width":137,"height":114},"atk23":{"x":-38.42,"y":62.95,"width":130,"height":127},"atk25":{"x":-33.92,"y":70.45,"width":113,"height":142},"atk27":{"x":-24.92,"y":75.45,"width":93,"height":152},"atk29":{"x":-11.92,"y":77.45,"width":83,"height":156},"atk31":{"x":-6.42,"y":78.45,"width":80,"height":156},"atk33":{"x":-5.42,"y":78.95,"width":76,"height":157},"atk35":{"x":-8.92,"y":80.45,"width":77,"height":160},"atk37":{"x":-9.92,"y":81.95,"width":75,"height":163},"atk39":{"x":-7.92,"y":82.45,"width":71,"height":164},"atk41":{"x":-3.42,"y":82.45,"width":62,"height":164},"atk43":{"x":0.58,"y":81.45,"width":56,"height":162},"atk45":{"x":1.08,"y":81.45,"width":55,"height":162}},"idle":{"idle01":{"x":-8.42,"y":81.95,"width":68,"height":163},"idle05":{"x":-9.92,"y":81.95,"width":69,"height":163},"idle09":{"x":-10.92,"y":81.95,"width":71,"height":163},"idle13":{"x":-11.92,"y":81.95,"width":73,"height":163},"idle15":{"x":-12.92,"y":81.95,"width":73,"height":163},"idle19":{"x":-13.42,"y":81.95,"width":74,"height":163},"idle23":{"x":-13.92,"y":81.95,"width":75,"height":163},"idle27":{"x":-13.92,"y":81.95,"width":75,"height":163},"idle29":{"x":-13.92,"y":81.95,"width":75,"height":163},"idle33":{"x":-13.42,"y":81.95,"width":74,"height":163},"idle37":{"x":-12.42,"y":81.95,"width":74,"height":163},"idle41":{"x":-11.42,"y":81.95,"width":72,"height":163},"idle43":{"x":-10.42,"y":82.45,"width":72,"height":164},"idle47":{"x":-9.42,"y":82.45,"width":70,"height":164},"idle51":{"x":-8.92,"y":82.45,"width":69,"height":164},"idle55":{"x":-7.42,"y":82.45,"width":68,"height":164},"idle57":{"x":-7.42,"y":82.45,"width":68,"height":164},"idle61":{"x":-6.92,"y":82.45,"width":67,"height":164},"idle65":{"x":-6.92,"y":82.45,"width":67,"height":164},"idle69":{"x":-7.42,"y":81.95,"width":66,"height":163},"idle71":{"x":-7.92,"y":81.95,"width":67,"height":163},"idle75":{"x":-7.92,"y":81.95,"width":67,"height":163},"idle79":{"x":-8.42,"y":81.95,"width":68,"height":163}},"walk":{"walk01":{"x":-19.92,"y":82.95,"width":95,"height":159},"walk03":{"x":-19.92,"y":82.95,"width":95,"height":159},"walk05":{"x":-19.42,"y":83.45,"width":96,"height":158},"walk07":{"x":-15.42,"y":85.45,"width":104,"height":154},"walk09":{"x":-13.42,"y":87.95,"width":110,"height":149},"walk11":{"x":-12.92,"y":87.95,"width":111,"height":149},"walk13":{"x":-13.92,"y":81.45,"width":111,"height":160},"walk15":{"x":-15.92,"y":79.95,"width":107,"height":163},"walk17":{"x":-18.92,"y":79.95,"width":99,"height":163},"walk19":{"x":-19.92,"y":80.95,"width":95,"height":163},"walk21":{"x":-19.92,"y":80.95,"width":95,"height":163},"walk23":{"x":-19.42,"y":80.95,"width":94,"height":163},"walk25":{"x":-15.42,"y":82.45,"width":102,"height":160},"walk27":{"x":-9.92,"y":84.95,"width":111,"height":157},"walk29":{"x":-7.42,"y":86.95,"width":116,"height":153},"walk31":{"x":-7.42,"y":86.95,"width":118,"height":151},"walk33":{"x":-11.42,"y":80.95,"width":118,"height":161},"walk35":{"x":-14.92,"y":79.95,"width":111,"height":163},"walk37":{"x":-18.92,"y":80.45,"width":101,"height":162},"walk39":{"x":-20.42,"y":81.95,"width":96,"height":161},"walk41":{"x":-19.92,"y":82.95,"width":95,"height":159}}}}],"animations":{"atk":{"slots":{"atk":{"attachment":[{"time":0.0333,"name":"atk03"},{"time":0.0667,"name":"atk05"},{"time":0.1,"name":"atk07"},{"time":0.1333,"name":"atk09"},{"time":0.1667,"name":"atk11"},{"time":0.2,"name":"atk13"},{"time":0.2333,"name":"atk15"},{"time":0.2667,"name":"atk17"},{"time":0.3,"name":"atk19"},{"time":0.3333,"name":"atk21"},{"time":0.3667,"name":"atk23"},{"time":0.4,"name":"atk25"},{"time":0.4333,"name":"atk27"},{"time":0.4667,"name":"atk29"},{"time":0.5,"name":"atk31"},{"time":0.5333,"name":"atk33"},{"time":0.5667,"name":"atk35"},{"time":0.6,"name":"atk37"},{"time":0.6333,"name":"atk39"},{"time":0.6667,"name":"atk41"},{"time":0.7,"name":"atk43"},{"time":0.7333,"name":"atk45"}]}}},"idle":{"slots":{"atk":{"attachment":[{"name":null}]},"idle":{"attachment":[{"name":"idle01"},{"time":0.0333,"name":"idle05"},{"time":0.0667,"name":"idle09"},{"time":0.1,"name":"idle13"},{"time":0.1333,"name":"idle15"},{"time":0.1667,"name":"idle19"},{"time":0.2,"name":"idle23"},{"time":0.2333,"name":"idle27"},{"time":0.2667,"name":"idle29"},{"time":0.3,"name":"idle33"},{"time":0.3333,"name":"idle37"},{"time":0.3667,"name":"idle41"},{"time":0.4,"name":"idle43"},{"time":0.4333,"name":"idle47"},{"time":0.4667,"name":"idle51"},{"time":0.5,"name":"idle55"},{"time":0.5333,"name":"idle57"},{"time":0.5667,"name":"idle61"},{"time":0.6,"name":"idle65"},{"time":0.6333,"name":"idle69"},{"time":0.6667,"name":"idle71"},{"time":0.7,"name":"idle75"},{"time":0.7333,"name":"idle79"}]}}},"walk":{"slots":{"atk":{"attachment":[{"name":null}]},"walk":{"attachment":[{"name":"walk01"},{"time":0.0333,"name":"walk03"},{"time":0.0667,"name":"walk05"},{"time":0.1,"name":"walk07"},{"time":0.1333,"name":"walk09"},{"time":0.1667,"name":"walk11"},{"time":0.2,"name":"walk13"},{"time":0.2333,"name":"walk15"},{"time":0.2667,"name":"walk17"},{"time":0.3,"name":"walk19"},{"time":0.3333,"name":"walk21"},{"time":0.3667,"name":"walk23"},{"time":0.4,"name":"walk25"},{"time":0.4333,"name":"walk27"},{"time":0.4667,"name":"walk29"},{"time":0.5,"name":"walk31"},{"time":0.5333,"name":"walk33"},{"time":0.5667,"name":"walk35"},{"time":0.6,"name":"walk37"},{"time":0.6333,"name":"walk39"},{"time":0.6667,"name":"walk41"}]}}}}}