{
  "__type__": "cc.AnimationClip",
  "_name": "Rope_BackAnim",
  "_objFlags": 0,
  "_native": "",
  "_duration": 1,
  "sample": 60,
  "speed": 1,
  "wrapMode": 1,
  "curveData": {
    "comps": {
      "RopePart": {
        "Anchor_Position": [
          {
            "frame": 0,
            "value": 1
          },
          {
            "frame": 0.5,
            "value": -1
          }
        ]
      }
    },
    "props": {
      "opacity": [
        {
          "frame": 0.6666666666666666,
          "value": 255
        },
        {
          "frame": 1,
          "value": 0
        }
      ]
    }
  },
  "events": []
}