[
  {
    "__type__": "cc.Prefab",
    "_name": "",
    "_objFlags": 0,
    "_native": "",
    "data": {
      "__id__": 1
    },
    "optimizationPolicy": 0,
    "persistent": false,
    "asyncLoadAssets": false
  },
  {
    "__type__": "cc.Node",
    "_name": "FireBall",
    "_objFlags": 0,
    "__editorExtras__": {},
    "_parent": null,
    "_children": [],
    "_active": true,
    "_components": [
      {
        "__id__": 2
      }
    ],
    "_prefab": {
      "__id__": 60
    },
    "_lpos": {
      "__type__": "cc.Vec3",
      "x": -1.488,
      "y": 0,
      "z": 1.296
    },
    "_lrot": {
      "__type__": "cc.Quat",
      "x": 0.7071067811865475,
      "y": 0,
      "z": 0,
      "w": 0.7071067811865476
    },
    "_lscale": {
      "__type__": "cc.Vec3",
      "x": 1,
      "y": 1,
      "z": 1
    },
    "_layer": 1073741824,
    "_euler": {
      "__type__": "cc.Vec3",
      "x": 90,
      "y": 0,
      "z": 0
    },
    "_id": ""
  },
  {
    "__type__": "cc.ParticleSystem",
    "_name": "",
    "_objFlags": 0,
    "__editorExtras__": {},
    "node": {
      "__id__": 1
    },
    "_enabled": true,
    "__prefab": {
      "__id__": 3
    },
    "_materials": [
      {
        "__uuid__": "1491ecb1-b549-44e6-a447-45fd67b6cc01",
        "__expectedType__": "cc.Material"
      },
      null
    ],
    "_visFlags": 0,
    "startColor": {
      "__id__": 4
    },
    "scaleSpace": 1,
    "startSize3D": false,
    "startSizeX": {
      "__id__": 5
    },
    "startSize": {
      "__id__": 5
    },
    "startSizeY": {
      "__id__": 6
    },
    "startSizeZ": {
      "__id__": 7
    },
    "startSpeed": {
      "__id__": 8
    },
    "startRotation3D": false,
    "startRotationX": {
      "__id__": 9
    },
    "startRotationY": {
      "__id__": 10
    },
    "startRotationZ": {
      "__id__": 11
    },
    "startRotation": {
      "__id__": 11
    },
    "startDelay": {
      "__id__": 12
    },
    "startLifetime": {
      "__id__": 13
    },
    "duration": 0.1,
    "loop": true,
    "simulationSpeed": 1,
    "playOnAwake": true,
    "gravityModifier": {
      "__id__": 14
    },
    "rateOverTime": {
      "__id__": 15
    },
    "rateOverDistance": {
      "__id__": 16
    },
    "bursts": [],
    "_renderCulling": false,
    "_cullingMode": 0,
    "_aabbHalfX": 0,
    "_aabbHalfY": 0,
    "_aabbHalfZ": 0,
    "_dataCulling": false,
    "enableCulling": false,
    "_colorOverLifetimeModule": {
      "__id__": 17
    },
    "_shapeModule": {
      "__id__": 25
    },
    "_sizeOvertimeModule": {
      "__id__": 27
    },
    "_velocityOvertimeModule": {
      "__id__": 32
    },
    "_forceOvertimeModule": {
      "__id__": 37
    },
    "_limitVelocityOvertimeModule": {
      "__id__": 41
    },
    "_rotationOvertimeModule": {
      "__id__": 46
    },
    "_textureAnimationModule": {
      "__id__": 50
    },
    "_trailModule": {
      "__id__": 54
    },
    "renderer": {
      "__id__": 59
    },
    "_prewarm": false,
    "_capacity": 100,
    "_simulationSpace": 0,
    "_id": ""
  },
  {
    "__type__": "cc.CompPrefabInfo",
    "fileId": "997SBNaQNCWKIt4cMMbVIk"
  },
  {
    "__type__": "cc.GradientRange",
    "_mode": 0,
    "color": {
      "__type__": "cc.Color",
      "r": 255,
      "g": 255,
      "b": 255,
      "a": 255
    }
  },
  {
    "__type__": "cc.CurveRange",
    "mode": 3,
    "constantMin": 3,
    "constantMax": 1,
    "multiplier": 1
  },
  {
    "__type__": "cc.CurveRange",
    "mode": 0,
    "constant": 0,
    "multiplier": 1
  },
  {
    "__type__": "cc.CurveRange",
    "mode": 0,
    "constant": 0,
    "multiplier": 1
  },
  {
    "__type__": "cc.CurveRange",
    "mode": 0,
    "constant": 1,
    "multiplier": 1
  },
  {
    "__type__": "cc.CurveRange",
    "mode": 0,
    "constant": 0,
    "multiplier": 1
  },
  {
    "__type__": "cc.CurveRange",
    "mode": 0,
    "constant": 0,
    "multiplier": 1
  },
  {
    "__type__": "cc.CurveRange",
    "mode": 3,
    "constantMin": 0,
    "constantMax": 4.71238898038469,
    "multiplier": 1
  },
  {
    "__type__": "cc.CurveRange",
    "mode": 0,
    "constant": 0,
    "multiplier": 1
  },
  {
    "__type__": "cc.CurveRange",
    "mode": 0,
    "constant": 0.5,
    "multiplier": 1
  },
  {
    "__type__": "cc.CurveRange",
    "mode": 0,
    "constant": 0,
    "multiplier": 1
  },
  {
    "__type__": "cc.CurveRange",
    "mode": 0,
    "constant": 100,
    "multiplier": 1
  },
  {
    "__type__": "cc.CurveRange",
    "mode": 0,
    "constant": 0,
    "multiplier": 1
  },
  {
    "__type__": "cc.ColorOvertimeModule",
    "_enable": true,
    "color": {
      "__id__": 18
    }
  },
  {
    "__type__": "cc.GradientRange",
    "_mode": 1,
    "gradient": {
      "__id__": 19
    }
  },
  {
    "__type__": "cc.Gradient",
    "colorKeys": [
      {
        "__id__": 20
      },
      {
        "__id__": 21
      },
      {
        "__id__": 22
      },
      {
        "__id__": 23
      },
      {
        "__id__": 24
      }
    ],
    "alphaKeys": [],
    "mode": 0
  },
  {
    "__type__": "cc.ColorKey",
    "color": {
      "__type__": "cc.Color",
      "r": 255,
      "g": 255,
      "b": 255,
      "a": 255
    },
    "time": 0
  },
  {
    "__type__": "cc.ColorKey",
    "color": {
      "__type__": "cc.Color",
      "r": 255,
      "g": 255,
      "b": 255,
      "a": 255
    },
    "time": 0.25892857142857145
  },
  {
    "__type__": "cc.ColorKey",
    "color": {
      "__type__": "cc.Color",
      "r": 255,
      "g": 227,
      "b": 49,
      "a": 255
    },
    "time": 0.4955357142857143
  },
  {
    "__type__": "cc.ColorKey",
    "color": {
      "__type__": "cc.Color",
      "r": 255,
      "g": 81,
      "b": 0,
      "a": 255
    },
    "time": 0.7566964285714286
  },
  {
    "__type__": "cc.ColorKey",
    "color": {
      "__type__": "cc.Color",
      "r": 135,
      "g": 4,
      "b": 0,
      "a": 255
    },
    "time": 1
  },
  {
    "__type__": "cc.ShapeModule",
    "_enable": true,
    "_shapeType": 3,
    "shapeType": 3,
    "emitFrom": 3,
    "alignToDirection": false,
    "randomDirectionAmount": 0,
    "sphericalDirectionAmount": 0,
    "randomPositionAmount": 0,
    "radius": 0.2,
    "radiusThickness": 0.2,
    "arcMode": 0,
    "arcSpread": 0,
    "arcSpeed": {
      "__id__": 26
    },
    "length": 5,
    "boxThickness": {
      "__type__": "cc.Vec3",
      "x": 0,
      "y": 0,
      "z": 0
    },
    "_position": {
      "__type__": "cc.Vec3",
      "x": 0,
      "y": 0,
      "z": 0
    },
    "_rotation": {
      "__type__": "cc.Vec3",
      "x": 0,
      "y": 0,
      "z": 0
    },
    "_scale": {
      "__type__": "cc.Vec3",
      "x": 1,
      "y": 1,
      "z": 1
    },
    "_arc": 6.283185307179586,
    "_angle": 0.4363323129985824
  },
  {
    "__type__": "cc.CurveRange",
    "mode": 0,
    "constant": 1,
    "multiplier": 1
  },
  {
    "__type__": "cc.SizeOvertimeModule",
    "_enable": false,
    "separateAxes": false,
    "size": {
      "__id__": 28
    },
    "x": {
      "__id__": 29
    },
    "y": {
      "__id__": 30
    },
    "z": {
      "__id__": 31
    }
  },
  {
    "__type__": "cc.CurveRange",
    "mode": 0,
    "constant": 0,
    "multiplier": 1
  },
  {
    "__type__": "cc.CurveRange",
    "mode": 0,
    "constant": 0,
    "multiplier": 1
  },
  {
    "__type__": "cc.CurveRange",
    "mode": 0,
    "constant": 0,
    "multiplier": 1
  },
  {
    "__type__": "cc.CurveRange",
    "mode": 0,
    "constant": 0,
    "multiplier": 1
  },
  {
    "__type__": "cc.VelocityOvertimeModule",
    "_enable": false,
    "x": {
      "__id__": 33
    },
    "y": {
      "__id__": 34
    },
    "z": {
      "__id__": 35
    },
    "speedModifier": {
      "__id__": 36
    },
    "space": 1
  },
  {
    "__type__": "cc.CurveRange",
    "mode": 0,
    "constant": 0,
    "multiplier": 1
  },
  {
    "__type__": "cc.CurveRange",
    "mode": 0,
    "constant": 0,
    "multiplier": 1
  },
  {
    "__type__": "cc.CurveRange",
    "mode": 0,
    "constant": 0,
    "multiplier": 1
  },
  {
    "__type__": "cc.CurveRange",
    "mode": 0,
    "constant": 1,
    "multiplier": 1
  },
  {
    "__type__": "cc.ForceOvertimeModule",
    "_enable": false,
    "x": {
      "__id__": 38
    },
    "y": {
      "__id__": 39
    },
    "z": {
      "__id__": 40
    },
    "space": 1
  },
  {
    "__type__": "cc.CurveRange",
    "mode": 0,
    "constant": 0,
    "multiplier": 1
  },
  {
    "__type__": "cc.CurveRange",
    "mode": 0,
    "constant": 0,
    "multiplier": 1
  },
  {
    "__type__": "cc.CurveRange",
    "mode": 0,
    "constant": 0,
    "multiplier": 1
  },
  {
    "__type__": "cc.LimitVelocityOvertimeModule",
    "_enable": false,
    "limitX": {
      "__id__": 42
    },
    "limitY": {
      "__id__": 43
    },
    "limitZ": {
      "__id__": 44
    },
    "limit": {
      "__id__": 45
    },
    "dampen": 3,
    "separateAxes": false,
    "space": 1
  },
  {
    "__type__": "cc.CurveRange",
    "mode": 0,
    "constant": 0,
    "multiplier": 1
  },
  {
    "__type__": "cc.CurveRange",
    "mode": 0,
    "constant": 0,
    "multiplier": 1
  },
  {
    "__type__": "cc.CurveRange",
    "mode": 0,
    "constant": 0,
    "multiplier": 1
  },
  {
    "__type__": "cc.CurveRange",
    "mode": 0,
    "constant": 0,
    "multiplier": 1
  },
  {
    "__type__": "cc.RotationOvertimeModule",
    "_enable": false,
    "_separateAxes": false,
    "x": {
      "__id__": 47
    },
    "y": {
      "__id__": 48
    },
    "z": {
      "__id__": 49
    }
  },
  {
    "__type__": "cc.CurveRange",
    "mode": 0,
    "constant": 0,
    "multiplier": 1
  },
  {
    "__type__": "cc.CurveRange",
    "mode": 0,
    "constant": 0,
    "multiplier": 1
  },
  {
    "__type__": "cc.CurveRange",
    "mode": 0,
    "constant": 0,
    "multiplier": 1
  },
  {
    "__type__": "cc.TextureAnimationModule",
    "_enable": true,
    "_numTilesX": 4,
    "numTilesX": 4,
    "_numTilesY": 4,
    "numTilesY": 4,
    "_mode": 0,
    "animation": 0,
    "frameOverTime": {
      "__id__": 51
    },
    "startFrame": {
      "__id__": 53
    },
    "cycleCount": 1,
    "_flipU": 0,
    "_flipV": 0,
    "_uvChannelMask": -1,
    "randomRow": false,
    "rowIndex": 0
  },
  {
    "__type__": "cc.CurveRange",
    "mode": 1,
    "spline": {
      "__id__": 52
    },
    "multiplier": 1
  },
  {
    "__type__": "cc.RealCurve",
    "_times": [
      0,
      1
    ],
    "_values": [
      {
        "__type__": "cc.RealKeyframeValue",
        "interpolationMode": 0,
        "tangentWeightMode": 0,
        "value": 0,
        "rightTangent": 1,
        "rightTangentWeight": 1,
        "leftTangent": 1,
        "leftTangentWeight": 1,
        "easingMethod": 0
      },
      {
        "__type__": "cc.RealKeyframeValue",
        "interpolationMode": 0,
        "tangentWeightMode": 0,
        "value": 1,
        "rightTangent": 1,
        "rightTangentWeight": 1,
        "leftTangent": 1,
        "leftTangentWeight": 1,
        "easingMethod": 0
      }
    ],
    "preExtrapolation": 1,
    "postExtrapolation": 1
  },
  {
    "__type__": "cc.CurveRange",
    "mode": 0,
    "constant": 0,
    "multiplier": 1
  },
  {
    "__type__": "cc.TrailModule",
    "_enable": false,
    "mode": 0,
    "lifeTime": {
      "__id__": 55
    },
    "_minParticleDistance": 0.1,
    "existWithParticles": true,
    "textureMode": 0,
    "widthFromParticle": true,
    "widthRatio": {
      "__id__": 56
    },
    "colorFromParticle": false,
    "colorOverTrail": {
      "__id__": 57
    },
    "colorOvertime": {
      "__id__": 58
    },
    "_space": 0,
    "_particleSystem": {
      "__id__": 2
    }
  },
  {
    "__type__": "cc.CurveRange",
    "mode": 0,
    "constant": 1,
    "multiplier": 1
  },
  {
    "__type__": "cc.CurveRange",
    "mode": 0,
    "constant": 0,
    "multiplier": 1
  },
  {
    "__type__": "cc.GradientRange",
    "_mode": 0,
    "color": {
      "__type__": "cc.Color",
      "r": 255,
      "g": 255,
      "b": 255,
      "a": 255
    }
  },
  {
    "__type__": "cc.GradientRange",
    "_mode": 0,
    "color": {
      "__type__": "cc.Color",
      "r": 255,
      "g": 255,
      "b": 255,
      "a": 255
    }
  },
  {
    "__type__": "cc.ParticleSystemRenderer",
    "_renderMode": 0,
    "_velocityScale": 1,
    "_lengthScale": -15,
    "_mesh": null,
    "_mainTexture": {
      "__uuid__": "24a45faf-5b18-4187-9937-9f985310e553@6c48a",
      "__expectedType__": "cc.Texture2D"
    },
    "_useGPU": false,
    "_alignSpace": 2
  },
  {
    "__type__": "cc.PrefabInfo",
    "root": {
      "__id__": 1
    },
    "asset": {
      "__id__": 0
    },
    "fileId": "0dZngw4XVG4L0NExqeSESL"
  }
]