[
  {
    "__type__": "cc.Prefab",
    "_name": "",
    "_objFlags": 0,
    "_native": "",
    "data": {
      "__id__": 1
    },
    "optimizationPolicy": 0,
    "persistent": false,
    "asyncLoadAssets": false
  },
  {
    "__type__": "cc.Node",
    "_name": "Confetti",
    "_objFlags": 0,
    "__editorExtras__": {},
    "_parent": null,
    "_children": [],
    "_active": true,
    "_components": [
      {
        "__id__": 2
      }
    ],
    "_prefab": {
      "__id__": 70
    },
    "_lpos": {
      "__type__": "cc.Vec3",
      "x": 0,
      "y": 0,
      "z": 0
    },
    "_lrot": {
      "__type__": "cc.Quat",
      "x": 0.7071067811865475,
      "y": 0,
      "z": 0,
      "w": 0.7071067811865476
    },
    "_lscale": {
      "__type__": "cc.Vec3",
      "x": 1,
      "y": 1,
      "z": 1
    },
    "_layer": 1073741824,
    "_euler": {
      "__type__": "cc.Vec3",
      "x": 90,
      "y": 0,
      "z": 0
    },
    "_id": ""
  },
  {
    "__type__": "cc.ParticleSystem",
    "_name": "",
    "_objFlags": 0,
    "node": {
      "__id__": 1
    },
    "_enabled": true,
    "__prefab": {
      "__id__": 3
    },
    "_materials": [
      {
        "__uuid__": "20a07770-f1c8-468e-83bf-f63807d2be8f",
        "__expectedType__": "cc.Material"
      }
    ],
    "_visFlags": 0,
    "startColor": {
      "__id__": 4
    },
    "scaleSpace": 1,
    "startSize3D": false,
    "startSizeX": {
      "__id__": 19
    },
    "startSize": {
      "__id__": 19
    },
    "startSizeY": {
      "__id__": 20
    },
    "startSizeZ": {
      "__id__": 21
    },
    "startSpeed": {
      "__id__": 22
    },
    "startRotation3D": false,
    "startRotationX": {
      "__id__": 24
    },
    "startRotationY": {
      "__id__": 25
    },
    "startRotationZ": {
      "__id__": 26
    },
    "startRotation": {
      "__id__": 26
    },
    "startDelay": {
      "__id__": 27
    },
    "startLifetime": {
      "__id__": 28
    },
    "duration": 0.8,
    "loop": false,
    "simulationSpeed": 1,
    "playOnAwake": false,
    "gravityModifier": {
      "__id__": 29
    },
    "rateOverTime": {
      "__id__": 31
    },
    "rateOverDistance": {
      "__id__": 32
    },
    "bursts": [],
    "_renderCulling": false,
    "_cullingMode": 0,
    "_aabbHalfX": 0,
    "_aabbHalfY": 0,
    "_aabbHalfZ": 0,
    "_dataCulling": false,
    "enableCulling": false,
    "_colorOverLifetimeModule": {
      "__id__": 33
    },
    "_shapeModule": {
      "__id__": 35
    },
    "_sizeOvertimeModule": {
      "__id__": 37
    },
    "_velocityOvertimeModule": {
      "__id__": 42
    },
    "_forceOvertimeModule": {
      "__id__": 47
    },
    "_limitVelocityOvertimeModule": {
      "__id__": 51
    },
    "_rotationOvertimeModule": {
      "__id__": 56
    },
    "_textureAnimationModule": {
      "__id__": 60
    },
    "_trailModule": {
      "__id__": 64
    },
    "renderer": {
      "__id__": 69
    },
    "_prewarm": false,
    "_capacity": 300,
    "_simulationSpace": 1,
    "_id": ""
  },
  {
    "__type__": "cc.CompPrefabInfo",
    "fileId": "22xeWdoNhAqqieYUM3LTvA"
  },
  {
    "__type__": "cc.GradientRange",
    "_mode": 4,
    "gradient": {
      "__id__": 5
    }
  },
  {
    "__type__": "cc.Gradient",
    "colorKeys": [
      {
        "__id__": 6
      },
      {
        "__id__": 7
      },
      {
        "__id__": 8
      },
      {
        "__id__": 9
      },
      {
        "__id__": 10
      },
      {
        "__id__": 11
      },
      {
        "__id__": 12
      },
      {
        "__id__": 13
      },
      {
        "__id__": 14
      },
      {
        "__id__": 15
      },
      {
        "__id__": 16
      }
    ],
    "alphaKeys": [
      {
        "__id__": 17
      },
      {
        "__id__": 18
      }
    ],
    "mode": 0
  },
  {
    "__type__": "cc.ColorKey",
    "color": {
      "__type__": "cc.Color",
      "r": 255,
      "g": 22,
      "b": 22,
      "a": 255
    },
    "time": 0
  },
  {
    "__type__": "cc.ColorKey",
    "color": {
      "__type__": "cc.Color",
      "r": 235,
      "g": 3,
      "b": 255,
      "a": 255
    },
    "time": 0.09776785714285714
  },
  {
    "__type__": "cc.ColorKey",
    "color": {
      "__type__": "cc.Color",
      "r": 51,
      "g": 0,
      "b": 255,
      "a": 255
    },
    "time": 0.19776785714285716
  },
  {
    "__type__": "cc.ColorKey",
    "color": {
      "__type__": "cc.Color",
      "r": 29,
      "g": 165,
      "b": 255,
      "a": 255
    },
    "time": 0.3
  },
  {
    "__type__": "cc.ColorKey",
    "color": {
      "__type__": "cc.Color",
      "r": 14,
      "g": 207,
      "b": 255,
      "a": 255
    },
    "time": 0.4
  },
  {
    "__type__": "cc.ColorKey",
    "color": {
      "__type__": "cc.Color",
      "r": 39,
      "g": 255,
      "b": 134,
      "a": 255
    },
    "time": 0.5
  },
  {
    "__type__": "cc.ColorKey",
    "color": {
      "__type__": "cc.Color",
      "r": 33,
      "g": 255,
      "b": 14,
      "a": 255
    },
    "time": 0.6
  },
  {
    "__type__": "cc.ColorKey",
    "color": {
      "__type__": "cc.Color",
      "r": 225,
      "g": 255,
      "b": 5,
      "a": 255
    },
    "time": 0.7
  },
  {
    "__type__": "cc.ColorKey",
    "color": {
      "__type__": "cc.Color",
      "r": 255,
      "g": 194,
      "b": 0,
      "a": 255
    },
    "time": 0.8
  },
  {
    "__type__": "cc.ColorKey",
    "color": {
      "__type__": "cc.Color",
      "r": 67,
      "g": 51,
      "b": 255,
      "a": 255
    },
    "time": 0.9
  },
  {
    "__type__": "cc.ColorKey",
    "color": {
      "__type__": "cc.Color",
      "r": 255,
      "g": 255,
      "b": 255,
      "a": 255
    },
    "time": 0.9910714285714286
  },
  {
    "__type__": "cc.AlphaKey",
    "alpha": 255,
    "time": 0
  },
  {
    "__type__": "cc.AlphaKey",
    "alpha": 255,
    "time": 0.9955357142857143
  },
  {
    "__type__": "cc.CurveRange",
    "mode": 0,
    "constant": 1,
    "multiplier": 1
  },
  {
    "__type__": "cc.CurveRange",
    "mode": 0,
    "constant": 0,
    "multiplier": 1
  },
  {
    "__type__": "cc.CurveRange",
    "mode": 0,
    "constant": 0,
    "multiplier": 1
  },
  {
    "__type__": "cc.CurveRange",
    "mode": 1,
    "spline": {
      "__id__": 23
    },
    "multiplier": 100
  },
  {
    "__type__": "cc.RealCurve",
    "_times": [
      0,
      1
    ],
    "_values": [
      {
        "__type__": "cc.RealKeyframeValue",
        "interpolationMode": 2,
        "tangentWeightMode": 0,
        "value": 1,
        "rightTangent": 0,
        "rightTangentWeight": 0,
        "leftTangent": 0,
        "leftTangentWeight": 0,
        "easingMethod": 0
      },
      {
        "__type__": "cc.RealKeyframeValue",
        "interpolationMode": 2,
        "tangentWeightMode": 0,
        "value": -0.007407407407407407,
        "rightTangent": 0,
        "rightTangentWeight": 0,
        "leftTangent": 0,
        "leftTangentWeight": 0,
        "easingMethod": 0
      }
    ],
    "preExtrapolation": 1,
    "postExtrapolation": 1
  },
  {
    "__type__": "cc.CurveRange",
    "mode": 0,
    "constant": 0,
    "multiplier": 1
  },
  {
    "__type__": "cc.CurveRange",
    "mode": 0,
    "constant": 0,
    "multiplier": 1
  },
  {
    "__type__": "cc.CurveRange",
    "mode": 0,
    "constant": 0,
    "multiplier": 1
  },
  {
    "__type__": "cc.CurveRange",
    "mode": 0,
    "constant": 0,
    "multiplier": 1
  },
  {
    "__type__": "cc.CurveRange",
    "mode": 0,
    "constant": 9,
    "multiplier": 1
  },
  {
    "__type__": "cc.CurveRange",
    "mode": 1,
    "spline": {
      "__id__": 30
    },
    "multiplier": 2
  },
  {
    "__type__": "cc.RealCurve",
    "_times": [
      0,
      1
    ],
    "_values": [
      {
        "__type__": "cc.RealKeyframeValue",
        "interpolationMode": 2,
        "tangentWeightMode": 0,
        "value": 1,
        "rightTangent": 0,
        "rightTangentWeight": 0,
        "leftTangent": 0,
        "leftTangentWeight": 0,
        "easingMethod": 0
      },
      {
        "__type__": "cc.RealKeyframeValue",
        "interpolationMode": 2,
        "tangentWeightMode": 0,
        "value": 0.5037037037037037,
        "rightTangent": 0,
        "rightTangentWeight": 0,
        "leftTangent": 0,
        "leftTangentWeight": 0,
        "easingMethod": 0
      }
    ],
    "preExtrapolation": 1,
    "postExtrapolation": 1
  },
  {
    "__type__": "cc.CurveRange",
    "mode": 0,
    "constant": 200,
    "multiplier": 1
  },
  {
    "__type__": "cc.CurveRange",
    "mode": 0,
    "constant": 0,
    "multiplier": 1
  },
  {
    "__type__": "cc.ColorOvertimeModule",
    "_enable": false,
    "color": {
      "__id__": 34
    }
  },
  {
    "__type__": "cc.GradientRange",
    "_mode": 0,
    "color": {
      "__type__": "cc.Color",
      "r": 255,
      "g": 255,
      "b": 255,
      "a": 255
    }
  },
  {
    "__type__": "cc.ShapeModule",
    "_enable": true,
    "_shapeType": 1,
    "shapeType": 1,
    "emitFrom": 0,
    "alignToDirection": false,
    "randomDirectionAmount": 0,
    "sphericalDirectionAmount": 0,
    "randomPositionAmount": 0,
    "radius": 1,
    "radiusThickness": 1,
    "arcMode": 0,
    "arcSpread": 0,
    "arcSpeed": {
      "__id__": 36
    },
    "length": 5,
    "boxThickness": {
      "__type__": "cc.Vec3",
      "x": 0,
      "y": 0,
      "z": 0
    },
    "_position": {
      "__type__": "cc.Vec3",
      "x": 0,
      "y": 0,
      "z": 0
    },
    "_rotation": {
      "__type__": "cc.Vec3",
      "x": -90,
      "y": 60,
      "z": 0
    },
    "_scale": {
      "__type__": "cc.Vec3",
      "x": 1,
      "y": 1,
      "z": 1
    },
    "_arc": 0.6632251157578453,
    "_angle": 0.4363323129985824
  },
  {
    "__type__": "cc.CurveRange",
    "mode": 0,
    "constant": 1,
    "multiplier": 1
  },
  {
    "__type__": "cc.SizeOvertimeModule",
    "_enable": false,
    "separateAxes": false,
    "size": {
      "__id__": 38
    },
    "x": {
      "__id__": 39
    },
    "y": {
      "__id__": 40
    },
    "z": {
      "__id__": 41
    }
  },
  {
    "__type__": "cc.CurveRange",
    "mode": 0,
    "constant": 0,
    "multiplier": 1
  },
  {
    "__type__": "cc.CurveRange",
    "mode": 0,
    "constant": 0,
    "multiplier": 1
  },
  {
    "__type__": "cc.CurveRange",
    "mode": 0,
    "constant": 0,
    "multiplier": 1
  },
  {
    "__type__": "cc.CurveRange",
    "mode": 0,
    "constant": 0,
    "multiplier": 1
  },
  {
    "__type__": "cc.VelocityOvertimeModule",
    "_enable": false,
    "x": {
      "__id__": 43
    },
    "y": {
      "__id__": 44
    },
    "z": {
      "__id__": 45
    },
    "speedModifier": {
      "__id__": 46
    },
    "space": 1
  },
  {
    "__type__": "cc.CurveRange",
    "mode": 0,
    "constant": 0,
    "multiplier": 1
  },
  {
    "__type__": "cc.CurveRange",
    "mode": 0,
    "constant": 0,
    "multiplier": 1
  },
  {
    "__type__": "cc.CurveRange",
    "mode": 0,
    "constant": 0,
    "multiplier": 1
  },
  {
    "__type__": "cc.CurveRange",
    "mode": 0,
    "constant": 1,
    "multiplier": 1
  },
  {
    "__type__": "cc.ForceOvertimeModule",
    "_enable": true,
    "x": {
      "__id__": 48
    },
    "y": {
      "__id__": 49
    },
    "z": {
      "__id__": 50
    },
    "space": 1
  },
  {
    "__type__": "cc.CurveRange",
    "mode": 3,
    "constantMin": 2,
    "constantMax": -2,
    "multiplier": 1
  },
  {
    "__type__": "cc.CurveRange",
    "mode": 3,
    "constantMin": 0,
    "constantMax": -3,
    "multiplier": 1
  },
  {
    "__type__": "cc.CurveRange",
    "mode": 0,
    "constant": 0,
    "multiplier": 1
  },
  {
    "__type__": "cc.LimitVelocityOvertimeModule",
    "_enable": false,
    "limitX": {
      "__id__": 52
    },
    "limitY": {
      "__id__": 53
    },
    "limitZ": {
      "__id__": 54
    },
    "limit": {
      "__id__": 55
    },
    "dampen": 3,
    "separateAxes": false,
    "space": 1
  },
  {
    "__type__": "cc.CurveRange",
    "mode": 0,
    "constant": 0,
    "multiplier": 1
  },
  {
    "__type__": "cc.CurveRange",
    "mode": 0,
    "constant": 0,
    "multiplier": 1
  },
  {
    "__type__": "cc.CurveRange",
    "mode": 0,
    "constant": 0,
    "multiplier": 1
  },
  {
    "__type__": "cc.CurveRange",
    "mode": 0,
    "constant": 0,
    "multiplier": 1
  },
  {
    "__type__": "cc.RotationOvertimeModule",
    "_enable": true,
    "_separateAxes": true,
    "x": {
      "__id__": 57
    },
    "y": {
      "__id__": 58
    },
    "z": {
      "__id__": 59
    }
  },
  {
    "__type__": "cc.CurveRange",
    "mode": 3,
    "constantMin": 12.566370614359172,
    "constantMax": 6.283185307179586,
    "multiplier": 1
  },
  {
    "__type__": "cc.CurveRange",
    "mode": 3,
    "constantMin": 12.566370614359172,
    "constantMax": 6.283185307179586,
    "multiplier": 1
  },
  {
    "__type__": "cc.CurveRange",
    "mode": 3,
    "constantMin": 12.566370614359172,
    "constantMax": 6.283185307179586,
    "multiplier": 1
  },
  {
    "__type__": "cc.TextureAnimationModule",
    "_enable": false,
    "_numTilesX": 0,
    "numTilesX": 0,
    "_numTilesY": 0,
    "numTilesY": 0,
    "_mode": 0,
    "animation": 0,
    "frameOverTime": {
      "__id__": 61
    },
    "startFrame": {
      "__id__": 63
    },
    "cycleCount": 0,
    "_flipU": 0,
    "_flipV": 0,
    "_uvChannelMask": -1,
    "randomRow": false,
    "rowIndex": 0
  },
  {
    "__type__": "cc.CurveRange",
    "mode": 1,
    "spline": {
      "__id__": 62
    },
    "multiplier": 1
  },
  {
    "__type__": "cc.RealCurve",
    "_times": [
      0,
      1
    ],
    "_values": [
      {
        "__type__": "cc.RealKeyframeValue",
        "interpolationMode": 2,
        "tangentWeightMode": 0,
        "value": 1,
        "rightTangent": 0,
        "rightTangentWeight": 0,
        "leftTangent": 0,
        "leftTangentWeight": 0,
        "easingMethod": 0
      },
      {
        "__type__": "cc.RealKeyframeValue",
        "interpolationMode": 2,
        "tangentWeightMode": 0,
        "value": 1,
        "rightTangent": 0,
        "rightTangentWeight": 0,
        "leftTangent": 0,
        "leftTangentWeight": 0,
        "easingMethod": 0
      }
    ],
    "preExtrapolation": 1,
    "postExtrapolation": 1
  },
  {
    "__type__": "cc.CurveRange",
    "mode": 0,
    "constant": 0,
    "multiplier": 1
  },
  {
    "__type__": "cc.TrailModule",
    "_enable": false,
    "mode": 0,
    "lifeTime": {
      "__id__": 65
    },
    "_minParticleDistance": 0.1,
    "existWithParticles": true,
    "textureMode": 0,
    "widthFromParticle": true,
    "widthRatio": {
      "__id__": 66
    },
    "colorFromParticle": false,
    "colorOverTrail": {
      "__id__": 67
    },
    "colorOvertime": {
      "__id__": 68
    },
    "_space": 0,
    "_particleSystem": {
      "__id__": 2
    }
  },
  {
    "__type__": "cc.CurveRange",
    "mode": 0,
    "constant": 1,
    "multiplier": 1
  },
  {
    "__type__": "cc.CurveRange",
    "mode": 0,
    "constant": 0,
    "multiplier": 1
  },
  {
    "__type__": "cc.GradientRange",
    "_mode": 0,
    "color": {
      "__type__": "cc.Color",
      "r": 255,
      "g": 255,
      "b": 255,
      "a": 255
    }
  },
  {
    "__type__": "cc.GradientRange",
    "_mode": 0,
    "color": {
      "__type__": "cc.Color",
      "r": 255,
      "g": 255,
      "b": 255,
      "a": 255
    }
  },
  {
    "__type__": "cc.ParticleSystemRenderer",
    "_renderMode": 0,
    "_velocityScale": 1,
    "_lengthScale": 1,
    "_mesh": null,
    "_mainTexture": {
      "__uuid__": "a6384a7d-7bca-4c73-bbac-7e68d7e04593@6c48a",
      "__expectedType__": "cc.Texture2D"
    },
    "_useGPU": false,
    "_alignSpace": 2
  },
  {
    "__type__": "cc.PrefabInfo",
    "root": {
      "__id__": 1
    },
    "asset": {
      "__id__": 0
    },
    "fileId": "3aZzghxYpBLqXBGFRyfx6T"
  }
]