{
  "__type__": "cc.Material",
  "_name": "",
  "_objFlags": 0,
  "_native": "",
  "_effectAsset": {
    "__uuid__": "d1346436-ac96-4271-b863-1f4fdead95b0",
    "__expectedType__": "cc.EffectAsset"
  },
  "_techIdx": 0,
  "_defines": [
    {}
  ],
  "_states": [
    {
      "rasterizerState": {},
      "depthStencilState": {},
      "blendState": {
        "targets": [
          {}
        ]
      }
    }
  ],
  "_props": [
    {
      "mainTexture": {
        "__uuid__": "c6ab8a88-986f-49f2-ab3b-8f75cc913663@6c48a",
        "__expectedType__": "cc.Texture2D"
      }
    }
  ]
}