{
  "__type__": "cc.Mesh",
  "_name": "",
  "_objFlags": 0,
  "_native": ".bin",
  "_struct": {
    "primitives": [
      {
        "primitiveMode": 7,
        "vertexBundelIndices": [
          0
        ],
        "indexView": {
          "offset": 3072,
          "length": 360,
          "count": 90,
          "stride": 4
        }
      },
      {
        "primitiveMode": 7,
        "vertexBundelIndices": [
          1
        ],
        "indexView": {
          "offset": 9576,
          "length": 768,
          "count": 192,
          "stride": 4
        }
      }
    ],
    "vertexBundles": [
      {
        "view": {
          "offset": 0,
          "length": 3072,
          "count": 64,
          "stride": 48
        },
        "attributes": [
          {
            "name": "a_position",
            "format": 32,
            "isNormalized": false
          },
          {
            "name": "a_normal",
            "format": 32,
            "isNormalized": false
          },
          {
            "name": "a_texCoord",
            "format": 21,
            "isNormalized": false
          },
          {
            "name": "a_tangent",
            "format": 44,
            "isNormalized": false
          }
        ]
      },
      {
        "view": {
          "offset": 3432,
          "length": 6144,
          "count": 128,
          "stride": 48
        },
        "attributes": [
          {
            "name": "a_position",
            "format": 32,
            "isNormalized": false
          },
          {
            "name": "a_normal",
            "format": 32,
            "isNormalized": false
          },
          {
            "name": "a_texCoord",
            "format": 21,
            "isNormalized": false
          },
          {
            "name": "a_tangent",
            "format": 44,
            "isNormalized": false
          }
        ]
      }
    ],
    "minPosition": {
      "__type__": "cc.Vec3",
      "x": 0.018425393849611282,
      "y": -0.003130981931462884,
      "z": 0.05624449625611305
    },
    "maxPosition": {
      "__type__": "cc.Vec3",
      "x": 0.06225204095244408,
      "y": 0.03196131810545921,
      "z": 0.10126908123493195
    }
  },
  "_hash": 2084010265
}