{
  "__type__": "cc.TextAsset",
  "_name": "fire_work.atlas",
  "_objFlags": 0,
  "_native": "",
  "text": "\nfire_work.png\nsize: 512, 512\nformat: RGBA8888\nfilter: Linear, Linear\nrepeat: none\ncenter\n  rotate: false\n  xy: 272, 226\n  size: 175, 175\n  orig: 175, 175\n  offset: 0, 0\n  index: -1\nline01\n  rotate: true\n  xy: 212, 403\n  size: 44, 233\n  orig: 44, 235\n  offset: 0, 1\n  index: -1\nline02\n  rotate: false\n  xy: 2, 422\n  size: 208, 25\n  orig: 208, 25\n  offset: 0, 0\n  index: -1\nline03\n  rotate: true\n  xy: 89, 319\n  size: 82, 181\n  orig: 82, 181\n  offset: 0, 0\n  index: -1\nstar\n  rotate: false\n  xy: 2, 339\n  size: 85, 81\n  orig: 85, 81\n  offset: 0, 0\n  index: -1\n"
}