{
  "log": {
    "level": 4
  },
  "common": {
    "outputName": "web-mobile",
    "mainBundleCompressionType": "merge_dep",
    "platform": "web-mobile",
    "name": "MergeDino"
  },
  "BuildTaskManager": {
    "taskMap": {
      "1706598769555": {
        "id": "1706598769555",
        "progress": 1,
        "state": "success",
        "message": "1-30-2024 14:14 Build success in 73764 ms!",
        "options": {
          "name": "MergeDino",
          "platform": "web-mobile",
          "buildPath": "project://build",
          "debug": false,
          "md5Cache": false,
          "sourceMaps": false,
          "replaceSplashScreen": false,
          "mainBundleCompressionType": "merge_dep",
          "mainBundleIsRemote": false,
          "mergeStartScene": false,
          "experimentalEraseModules": false,
          "compressTexture": true,
          "packAutoAtlas": true,
          "startScene": "e7973f3c-cbce-4a8a-9dbb-89db64b73708",
          "scenes": [
            {
              "url": "db://assets/Dino.scene",
              "uuid": "e7973f3c-cbce-4a8a-9dbb-89db64b73708",
              "inBundle": false
            }
          ],
          "outputName": "web-mobile",
          "packages": {
            "web-mobile": {
              "orientation": "auto",
              "polyfills": {
                "asyncFunctions": true
              }
            },
            "cocos-service": {
              "configID": "c00b60",
              "services": []
            },
            "super-html": null
          }
        },
        "time": "1-30-2024 14:12",
        "dirty": false
      }
    }
  }
}
