[
    1,
    0,
    0,
    [
        [
            "cc.Mesh",
            [
                "_native",
                "_hash",
                "_struct"
            ],
            1,
            11
        ]
    ],
    [
        [
            0,
            0,
            1,
            2,
            3
        ]
    ],
    [
        [
            0,
            ".bin",
            2473646468,
            [
                {
                    "primitives": [
                        {
                            "primitiveMode": 7,
                            "vertexBundelIndices": [
                                0
                            ],
                            "indexView": {
                                "offset": 3072,
                                "length": 360,
                                "count": 90,
                                "stride": 4
                            }
                        },
                        {
                            "primitiveMode": 7,
                            "vertexBundelIndices": [
                                1
                            ],
                            "indexView": {
                                "offset": 9576,
                                "length": 768,
                                "count": 192,
                                "stride": 4
                            }
                        }
                    ],
                    "vertexBundles": [
                        {
                            "view": {
                                "offset": 0,
                                "length": 3072,
                                "count": 64,
                                "stride": 48
                            },
                            "attributes": [
                                {
                                    "name": "a_position",
                                    "format": 32,
                                    "isNormalized": false
                                },
                                {
                                    "name": "a_normal",
                                    "format": 32,
                                    "isNormalized": false
                                },
                                {
                                    "name": "a_texCoord",
                                    "format": 21,
                                    "isNormalized": false
                                },
                                {
                                    "name": "a_tangent",
                                    "format": 44,
                                    "isNormalized": false
                                }
                            ]
                        },
                        {
                            "view": {
                                "offset": 3432,
                                "length": 6144,
                                "count": 128,
                                "stride": 48
                            },
                            "attributes": [
                                {
                                    "name": "a_position",
                                    "format": 32,
                                    "isNormalized": false
                                },
                                {
                                    "name": "a_normal",
                                    "format": 32,
                                    "isNormalized": false
                                },
                                {
                                    "name": "a_texCoord",
                                    "format": 21,
                                    "isNormalized": false
                                },
                                {
                                    "name": "a_tangent",
                                    "format": 44,
                                    "isNormalized": false
                                }
                            ]
                        }
                    ]
                },
                "minPosition",
                8,
                [
                    1,
                    -0.06755116581916809,
                    -0.0032968521118164062,
                    0.052908170968294144
                ],
                "maxPosition",
                8,
                [
                    1,
                    -0.01270479429513216,
                    0.039824701845645905,
                    0.1051742285490036
                ]
            ]
        ],
        -1
    ],
    0,
    0,
    [],
    [],
    []
]
