{
  "__type__": "cc.AnimationClip",
  "_name": "UI_Anim",
  "_objFlags": 0,
  "_native": "",
  "_duration": 0.8333333333333334,
  "sample": 60,
  "speed": 1,
  "wrapMode": 1,
  "curveData": {
    "paths": {
      "Buttons/Run Away": {
        "props": {
          "opacity": [
            {
              "frame": 0,
              "value": 0
            },
            {
              "frame": 0.4166666666666667,
              "value": 255
            }
          ]
        }
      },
      "Buttons/Revenge": {
        "props": {
          "opacity": [
            {
              "frame": 0.4166666666666667,
              "value": 0
            },
            {
              "frame": 0.8333333333333334,
              "value": 255
            }
          ]
        }
      }
    }
  },
  "events": []
}