{
  "__type__": "cc.TextAsset",
  "_name": "rainbow.atlas",
  "_objFlags": 0,
  "_native": "",
  "text": "\nrainbow.png\nsize: 336, 552\nformat: RGBA8888\nfilter: Linear, Linear\nrepeat: none\ndust\n  rotate: false\n  xy: 198, 220\n  size: 64, 64\n  orig: 64, 64\n  offset: 0, 0\n  index: -1\nlr\n  rotate: false\n  xy: 198, 290\n  size: 117, 117\n  orig: 117, 117\n  offset: 0, 0\n  index: -1\npoint\n  rotate: false\n  xy: 185, 22\n  size: 131, 136\n  orig: 131, 136\n  offset: 0, 0\n  index: -1\nrainbow_blur\n  rotate: false\n  xy: 6, 356\n  size: 186, 187\n  orig: 186, 187\n  offset: 0, 0\n  index: -1\nrainbow_e\n  rotate: false\n  xy: 6, 6\n  size: 173, 152\n  orig: 173, 152\n  offset: 0, 0\n  index: -1\nrainbow_twister\n  rotate: false\n  xy: 198, 413\n  size: 130, 130\n  orig: 130, 130\n  offset: 0, 0\n  index: -1\nwave01\n  rotate: false\n  xy: 6, 164\n  size: 186, 186\n  orig: 186, 186\n  offset: 0, 0\n  index: -1\n"
}