{"skeleton":{"hash":"ZK+UP/zVH84","spine":"3.8-from-4.0-from-4.1.04","x":-85.27,"y":-2.14,"width":107,"height":206,"images":"","audio":""},"bones":[{"name":"root"},{"name":"bone","parent":"root"}],"slots":[{"name":"idle","bone":"bone","attachment":"idle01"},{"name":"atk","bone":"bone","attachment":"atk01"}],"skins":[{"name":"default","attachments":{"atk":{"atk01":{"x":-31.77,"y":95.36,"width":107,"height":195},"atk03":{"x":-29.77,"y":96.36,"width":103,"height":197},"atk05":{"x":-24.27,"y":96.86,"width":92,"height":198},"atk07":{"x":-18.27,"y":96.36,"width":80,"height":197},"atk09":{"x":-12.77,"y":95.86,"width":75,"height":196},"atk11":{"x":-15.27,"y":96.86,"width":76,"height":198},"atk13":{"x":-50.77,"y":78.86,"width":145,"height":162},"atk15":{"x":-50.77,"y":60.86,"width":145,"height":126},"atk17":{"x":-48.27,"y":62.86,"width":140,"height":130},"atk19":{"x":-44.27,"y":66.86,"width":132,"height":138},"atk21":{"x":-40.77,"y":71.36,"width":125,"height":147},"atk23":{"x":-37.27,"y":75.86,"width":118,"height":156},"atk25":{"x":-33.27,"y":79.36,"width":110,"height":163},"atk27":{"x":-30.27,"y":81.36,"width":104,"height":167},"atk29":{"x":-29.27,"y":81.86,"width":102,"height":168},"atk31":{"x":-29.27,"y":81.86,"width":102,"height":168}},"idle":{"idle01":{"x":-25.27,"y":100.86,"width":94,"height":206},"idle03":{"x":-25.27,"y":101.36,"width":94,"height":207},"idle05":{"x":-24.77,"y":101.86,"width":93,"height":208},"idle07":{"x":-24.27,"y":101.86,"width":92,"height":208},"idle09":{"x":-24.27,"y":102.36,"width":92,"height":209},"idle11":{"x":-23.77,"y":102.36,"width":91,"height":209},"idle13":{"x":-23.77,"y":102.86,"width":91,"height":210},"idle15":{"x":-23.77,"y":102.86,"width":91,"height":210},"idle17":{"x":-23.77,"y":102.36,"width":91,"height":209},"idle19":{"x":-24.27,"y":102.36,"width":92,"height":209},"idle21":{"x":-25.27,"y":101.86,"width":94,"height":208},"idle23":{"x":-25.77,"y":101.86,"width":95,"height":208},"idle25":{"x":-27.77,"y":100.86,"width":99,"height":206},"idle27":{"x":-28.27,"y":99.36,"width":100,"height":203},"idle29":{"x":-28.77,"y":98.36,"width":101,"height":201},"idle31":{"x":-28.77,"y":98.86,"width":101,"height":202},"idle33":{"x":-27.77,"y":98.86,"width":99,"height":202},"idle35":{"x":-27.27,"y":99.36,"width":98,"height":203},"idle37":{"x":-26.77,"y":100.36,"width":97,"height":205},"idle39":{"x":-25.77,"y":100.36,"width":95,"height":205},"idle41":{"x":-25.77,"y":100.86,"width":95,"height":206}}}}],"animations":{"atk":{"slots":{"atk":{"attachment":[{"time":0.0667,"name":"atk03"},{"time":0.1333,"name":"atk05"},{"time":0.2,"name":"atk07"},{"time":0.2667,"name":"atk09"},{"time":0.3333,"name":"atk11"},{"time":0.4,"name":"atk13"},{"time":0.4667,"name":"atk15"},{"time":0.5333,"name":"atk17"},{"time":0.6,"name":"atk19"},{"time":0.6667,"name":"atk21"},{"time":0.7333,"name":"atk23"},{"time":0.8,"name":"atk25"},{"time":0.8667,"name":"atk27"},{"time":0.9333,"name":"atk29"},{"time":1,"name":"atk31"}]},"idle":{"attachment":[{"name":null}]}}},"idle":{"slots":{"atk":{"attachment":[{"name":null}]},"idle":{"attachment":[{"time":0.0667,"name":"idle03"},{"time":0.1333,"name":"idle05"},{"time":0.2,"name":"idle07"},{"time":0.2667,"name":"idle09"},{"time":0.3333,"name":"idle11"},{"time":0.4,"name":"idle13"},{"time":0.4667,"name":"idle15"},{"time":0.5333,"name":"idle17"},{"time":0.6,"name":"idle19"},{"time":0.6667,"name":"idle21"},{"time":0.7333,"name":"idle23"},{"time":0.8,"name":"idle25"},{"time":0.8667,"name":"idle27"},{"time":0.9333,"name":"idle29"},{"time":1,"name":"idle31"},{"time":1.0667,"name":"idle33"},{"time":1.1333,"name":"idle35"},{"time":1.2,"name":"idle37"},{"time":1.2667,"name":"idle39"},{"time":1.3333,"name":"idle41"}]}}}}}