[
  {
    "__type__": "cc.Prefab",
    "_name": "Arrow",
    "_objFlags": 0,
    "_native": "",
    "data": {
      "__id__": 1
    },
    "optimizationPolicy": 0,
    "asyncLoadAssets": false,
    "readonly": false
  },
  {
    "__type__": "cc.Node",
    "_name": "Arrow",
    "_objFlags": 0,
    "_parent": null,
    "_children": [
      {
        "__id__": 2
      }
    ],
    "_active": true,
    "_components": [
      {
        "__id__": 32
      },
      {
        "__id__": 33
      },
      {
        "__id__": 34
      }
    ],
    "_prefab": {
      "__id__": 35
    },
    "_opacity": 255,
    "_color": {
      "__type__": "cc.Color",
      "r": 255,
      "g": 255,
      "b": 255,
      "a": 255
    },
    "_contentSize": {
      "__type__": "cc.Size",
      "width": 34.1,
      "height": 9.5
    },
    "_anchorPoint": {
      "__type__": "cc.Vec2",
      "x": 0.5,
      "y": 0.5
    },
    "_trs": {
      "__type__": "TypedArray",
      "ctor": "Float64Array",
      "array": [
        241.8,
        175.7,
        0,
        0,
        0,
        0,
        1,
        1,
        1,
        1
      ]
    },
    "_eulerAngles": {
      "__type__": "cc.Vec3",
      "x": 0,
      "y": 0,
      "z": 0
    },
    "_skewX": 0,
    "_skewY": 0,
    "_is3DNode": false,
    "_groupIndex": 3,
    "groupIndex": 3,
    "_id": ""
  },
  {
    "__type__": "cc.Node",
    "_name": "ArrowStickParticle",
    "_objFlags": 0,
    "_parent": {
      "__id__": 1
    },
    "_children": [],
    "_active": true,
    "_components": [
      {
        "__id__": 3
      }
    ],
    "_prefab": {
      "__id__": 31
    },
    "_opacity": 255,
    "_color": {
      "__type__": "cc.Color",
      "r": 255,
      "g": 255,
      "b": 255,
      "a": 255
    },
    "_contentSize": {
      "__type__": "cc.Size",
      "width": 0,
      "height": 0
    },
    "_anchorPoint": {
      "__type__": "cc.Vec2",
      "x": 0.5,
      "y": 0.5
    },
    "_trs": {
      "__type__": "TypedArray",
      "ctor": "Float64Array",
      "array": [
        -9.69,
        -0.329,
        0,
        0,
        0,
        0,
        1,
        1,
        1,
        1
      ]
    },
    "_eulerAngles": {
      "__type__": "cc.Vec3",
      "x": 0,
      "y": 0,
      "z": 0
    },
    "_skewX": 0,
    "_skewY": 0,
    "_is3DNode": true,
    "_groupIndex": 0,
    "groupIndex": 0,
    "_id": ""
  },
  {
    "__type__": "cc.ParticleSystem3D",
    "_name": "",
    "_objFlags": 0,
    "node": {
      "__id__": 2
    },
    "_enabled": true,
    "_materials": [
      {
        "__uuid__": "c2feb2d1-4fc2-4b22-8ba4-2eca7f18fef2"
      }
    ],
    "duration": 3,
    "_capacity": 100,
    "loop": true,
    "playOnAwake": true,
    "_prewarm": true,
    "_simulationSpace": 0,
    "simulationSpeed": 1,
    "startDelay": {
      "__id__": 4
    },
    "startLifetime": {
      "__id__": 5
    },
    "startColor": {
      "__id__": 6
    },
    "scaleSpace": 1,
    "startSize": {
      "__id__": 7
    },
    "startSpeed": {
      "__id__": 8
    },
    "startRotation": {
      "__id__": 9
    },
    "gravityModifier": {
      "__id__": 10
    },
    "rateOverTime": {
      "__id__": 11
    },
    "rateOverDistance": {
      "__id__": 12
    },
    "bursts": [],
    "_shapeModule": {
      "__id__": 13
    },
    "_colorOverLifetimeModule": {
      "__id__": 15
    },
    "_sizeOvertimeModule": {
      "__id__": 17
    },
    "_textureAnimationModule": {
      "__id__": 25
    },
    "_renderMode": 0,
    "_velocityScale": 1,
    "_lengthScale": 1,
    "_mesh": null,
    "_id": ""
  },
  {
    "__type__": "cc.CurveRange",
    "mode": 0,
    "constant": 0,
    "multiplier": 1
  },
  {
    "__type__": "cc.CurveRange",
    "mode": 0,
    "constant": 0.5,
    "multiplier": 1
  },
  {
    "__type__": "cc.GradientRange",
    "_mode": 0,
    "color": {
      "__type__": "cc.Color",
      "r": 255,
      "g": 255,
      "b": 255,
      "a": 255
    }
  },
  {
    "__type__": "cc.CurveRange",
    "mode": 3,
    "constantMin": 5,
    "constantMax": 15,
    "multiplier": 1
  },
  {
    "__type__": "cc.CurveRange",
    "mode": 0,
    "constant": 0,
    "multiplier": 1
  },
  {
    "__type__": "cc.CurveRange",
    "mode": 0,
    "constant": 0,
    "multiplier": 1
  },
  {
    "__type__": "cc.CurveRange",
    "mode": 0,
    "constant": -0.3,
    "multiplier": 1
  },
  {
    "__type__": "cc.CurveRange",
    "mode": 0,
    "constant": 0,
    "multiplier": 1
  },
  {
    "__type__": "cc.CurveRange",
    "mode": 0,
    "constant": 0.1,
    "multiplier": 1
  },
  {
    "__type__": "cc.ShapeModule",
    "enable": true,
    "_shapeType": 2,
    "emitFrom": 0,
    "radius": 1,
    "radiusThickness": 2,
    "_angle": 0,
    "_arc": 6.283185307179586,
    "arcMode": 0,
    "arcSpread": 0,
    "arcSpeed": {
      "__id__": 14
    },
    "length": 5,
    "boxThickness": {
      "__type__": "cc.Vec3",
      "x": 0,
      "y": 0,
      "z": 0
    },
    "_position": {
      "__type__": "cc.Vec3",
      "x": 0,
      "y": 0,
      "z": 0
    },
    "_rotation": {
      "__type__": "cc.Vec3",
      "x": 0,
      "y": -90,
      "z": 0
    },
    "_scale": {
      "__type__": "cc.Vec3",
      "x": 1,
      "y": 1,
      "z": 1
    },
    "alignToDirection": false,
    "randomDirectionAmount": 0,
    "sphericalDirectionAmount": 0,
    "randomPositionAmount": 0
  },
  {
    "__type__": "cc.CurveRange",
    "mode": 0,
    "constant": 0,
    "multiplier": 1
  },
  {
    "__type__": "cc.ColorOvertimeModule",
    "enable": true,
    "color": {
      "__id__": 16
    }
  },
  {
    "__type__": "cc.GradientRange",
    "_mode": 2,
    "colorMin": {
      "__type__": "cc.Color",
      "r": 255,
      "g": 255,
      "b": 255,
      "a": 255
    },
    "colorMax": {
      "__type__": "cc.Color",
      "r": 55,
      "g": 29,
      "b": 0,
      "a": 255
    }
  },
  {
    "__type__": "cc.SizeOvertimeModule",
    "enable": true,
    "separateAxes": false,
    "size": {
      "__id__": 18
    },
    "x": {
      "__id__": 22
    },
    "y": {
      "__id__": 23
    },
    "z": {
      "__id__": 24
    }
  },
  {
    "__type__": "cc.CurveRange",
    "mode": 1,
    "curve": {
      "__id__": 19
    },
    "multiplier": 1
  },
  {
    "__type__": "cc.AnimationCurve",
    "keyFrames": [
      {
        "__id__": 20
      },
      {
        "__id__": 21
      }
    ],
    "preWrapMode": 4,
    "postWrapMode": 4
  },
  {
    "__type__": "cc.Keyframe",
    "time": 0,
    "value": 1,
    "inTangent": -1,
    "outTangent": -1
  },
  {
    "__type__": "cc.Keyframe",
    "time": 1,
    "value": 0,
    "inTangent": -1,
    "outTangent": -1
  },
  {
    "__type__": "cc.CurveRange",
    "mode": 0,
    "constant": 0,
    "multiplier": 1
  },
  {
    "__type__": "cc.CurveRange",
    "mode": 0,
    "constant": 0,
    "multiplier": 1
  },
  {
    "__type__": "cc.CurveRange",
    "mode": 0,
    "constant": 0,
    "multiplier": 1
  },
  {
    "__type__": "cc.TextureAnimationModule",
    "_enable": true,
    "_mode": 0,
    "_numTilesX": 3,
    "_numTilesY": 3,
    "animation": 0,
    "randomRow": false,
    "rowIndex": 0,
    "frameOverTime": {
      "__id__": 26
    },
    "startFrame": {
      "__id__": 30
    },
    "cycleCount": 1
  },
  {
    "__type__": "cc.CurveRange",
    "mode": 1,
    "curve": {
      "__id__": 27
    },
    "multiplier": 1
  },
  {
    "__type__": "cc.AnimationCurve",
    "keyFrames": [
      {
        "__id__": 28
      },
      {
        "__id__": 29
      }
    ],
    "preWrapMode": 4,
    "postWrapMode": 4
  },
  {
    "__type__": "cc.Keyframe",
    "time": 0,
    "value": 0,
    "inTangent": 1,
    "outTangent": 1
  },
  {
    "__type__": "cc.Keyframe",
    "time": 1,
    "value": 1,
    "inTangent": 1,
    "outTangent": 1
  },
  {
    "__type__": "cc.CurveRange",
    "mode": 0,
    "constant": 0,
    "multiplier": 1
  },
  {
    "__type__": "cc.PrefabInfo",
    "root": {
      "__id__": 2
    },
    "asset": {
      "__uuid__": "55b8916e-12d3-42a7-9451-47eb61718160"
    },
    "fileId": "2arNa+hm1DoppcNxl4xhF1",
    "sync": false
  },
  {
    "__type__": "cc.Sprite",
    "_name": "",
    "_objFlags": 0,
    "node": {
      "__id__": 1
    },
    "_enabled": true,
    "_materials": [
      {
        "__uuid__": "eca5d2f2-8ef6-41c2-bbe6-f9c79d09c432"
      }
    ],
    "_srcBlendFactor": 770,
    "_dstBlendFactor": 771,
    "_spriteFrame": {
      "__uuid__": "41639ef6-f3ac-44de-b486-558b9cf5c34f"
    },
    "_type": 0,
    "_sizeMode": 0,
    "_fillType": 0,
    "_fillCenter": {
      "__type__": "cc.Vec2",
      "x": 0,
      "y": 0
    },
    "_fillStart": 0,
    "_fillRange": 0,
    "_isTrimmedMode": true,
    "_atlas": null,
    "_id": ""
  },
  {
    "__type__": "cc.BoxCollider",
    "_name": "",
    "_objFlags": 0,
    "node": {
      "__id__": 1
    },
    "_enabled": true,
    "tag": 0,
    "_offset": {
      "__type__": "cc.Vec2",
      "x": 0,
      "y": 0
    },
    "_size": {
      "__type__": "cc.Size",
      "width": 30,
      "height": 6
    },
    "_id": ""
  },
  {
    "__type__": "505761rl/pJ/o3Grk5BfFAd",
    "_name": "",
    "_objFlags": 0,
    "node": {
      "__id__": 1
    },
    "_enabled": true,
    "_id": ""
  },
  {
    "__type__": "cc.PrefabInfo",
    "root": {
      "__id__": 1
    },
    "asset": {
      "__uuid__": "bbd9e8d7-fdd9-4758-96b5-93ff2dfc7c0c"
    },
    "fileId": "",
    "sync": false
  }
]